Código;Nome;E-mail;Telefone;Cidade;UF;Data Cadastro;Origem;Aceita Marketing
1;Bruno Ferreira;bruno.ferreira@icloud.com;(41) 98178-7912;São Paulo;SP;13/01/2026;;
2;Priscila Costa;priscila.costa2000@outlook.com;(27) 98451-8359;Serra;ES;16/09/2026;Facebook;N
3;Mateus Zanotti;mateus.zanotti55@gmail.com;(27) 99960-6514;Vila Velha;ES;04/01/2026;;S
4;Aline Pimentel;aline.pimentel@hotmail.com;(27) 98255-7201;Guarapari;ES;14/07/2026;Meta Ads;Não
5;CAIO CARVALHO;caio.carvalho1986@gmail.com;;Vitória;ES;31/05/2026;Facebook;S
6;Gustavo Rodrigues;gustavo.rodrigues59@gmail.com;(27) 98727-4432;Serra;ES;10/02/2026;Instagram;
7;Camila Barbosa;camila.barbosa@hotmail.com;(27) 98552-4598;Serra;ES;06/02/2026;;
8;Maria Nascimento;maria.nascimento@gmail.com;;Linhares;ES;29/01/2026;Google Shopping;Não
9;Renata Lima;renata.lima@outlook.com;(27) 98538-8019;Guarapari;ES;13/09/2026;instagram;Sim
10;Larissa Rocha;larissa.rocha@gmail.com;;VITÓRIA;ES;24/07/2026;;N
11;Bruna Araújo;bruna.araujo1994@gmail.com;(27) 99762-1188;Guarapari;ES;05/08/2026;Instagram;Não
12;Diego Merçon;diego.mercon2004@gmail.com;(27) 98601-8123;Vitória;ES;28/02/2026;Google Shopping;S
13;Thiago Rocha;thiago.rocha1985@gmail.com;(27) 98611-9317;Cachoeiro de Itapemirim;ES;02/01/2026;;
14;Camila Barbosa;camila.barbosa1980@gmail.com;(27) 98039-2832;Cariacica;ES;20/03/2026;;Sim
15;Mariana Moreira;mariana.moreira1982@hotmail.com;(31) 99557-9727;Salvador;BA;07/06/2026;Site;
16;Mateus Rodrigues;mateus.rodrigues68@gmail.com;(27) 99546-4295;Guarapari;ES;07/03/2026;;Não
17;Eduardo Gomes;eduardo.gomes@gmail.com;(27) 98131-6539;Vila Velha;ES;24/07/2026;Influenciadora;Sim
18;Ana Oliveira;ana.oliveira@gmail.com;(27) 99854-1514;Vitória;ES;28/04/2026;Facebook;Sim
19;Letícia Simões;leticia.simoes1986@gmail.com;(41) 99180-8744;São Paulo;SP;06/02/2026;site;sim
20;Felipe Souza;felipe.souza13@gmail.com;(27) 98841-8651;Serra;ES;31/08/2026;IG;S
21;Gabriel Santos;gabriel.santos52@gmail.com;(27) 98392-4116;Vila Velha;ES;28/01/2026;;Sim
22;Letícia Gomes;leticia.gomes32@outlook.com;(27) 98103-9856;VITÓRIA;ES;13/03/2026;;S
23;Mateus Ribeiro;mateus.ribeiro@hotmail.com;(27) 98337-7209;Vitória;ES;17/02/2026;;Sim
24;Renata Almeida;renata.almeida2002@outlook.com;(71) 98996-3536;Belo Horizonte;MG;19/07/2026;instagram;Sim
25;Fábio Dalla Bernardina;fabio.dallabernardina1981@gmail.com;(27) 98102-8811;Vitória;ES;22/04/2026;instagram;N
26;Débora Oliveira;debora.oliveira1982@gmail.com;(21) 98826-2964;Belo Horizonte;MG;29/09/2026;;N
27;Maria Pimentel;maria.pimentel1993@yahoo.com.br;;Linhares;ES;07/05/2026;indicacao;sim
28;Carlos Ferreira;carlos.ferreira@icloud.com;;Cachoeiro de Itapemirim;ES;15/04/2026;;sim
29;Thaís Moreira;thais.moreira1982@gmail.com;(27) 98543-3170;Cariacica;ES;07/02/2026;Meta Ads;Não
30;Eduardo Almeida;eduardo.almeida1994@gmail.com;(27) 99652-9666;Colatina;ES;05/02/2026;;Não
31;Gabriel Lima;gabriel.lima@outlook.com;(27) 98557-5616;VITÓRIA;ES;03/06/2026;;sim
32;Letícia Rocha;leticia.rocha@gmail.com;(27) 98867-5533;Cachoeiro de Itapemirim;ES;25/06/2026;;S
33;Thiago Pereira;thiago.pereira1994@hotmail.com;(27) 98019-2832;Guarapari;ES;20/06/2026;Facebook;
34;Larissa Ribeiro;larissa.ribeiro17@gmail.com;(31) 99840-6862;Curitiba;PR;09/07/2026;Facebook;Não
35;Eduardo Merçon;eduardo.mercon1993@gmail.com;(27) 99770-3662;Vila Velha;ES;08/05/2026;Meta Ads;Não
36;João Pereira;joao.pereira95@icloud.com;(21) 98546-3608;São Paulo;SP;01/04/2026;;sim
37;Renata Carvalho;renata.carvalho@gmail.com;(27) 99351-4164;Vitória;ES;20/01/2026;Instagram;N
38;Thiago Carvalho;thiago.carvalho83@icloud.com;(41) 98678-1452;Salvador;BA;23/05/2026;Google;Sim
39;Letícia Santos;leticia.santos14@gmail.com;;São Paulo;SP;14/05/2026;instagram;N
40;Carolina Silva;carolina.silva2005@icloud.com;(71) 99509-4228;São Paulo;SP;08/04/2026;;N
41;Carlos Pimentel;carlos.pimentel@gmail.com;(27) 98633-7691;Cariacica;ES;05/02/2026;;Sim
42;Fernanda Ribeiro;fernanda.ribeiro1992@gmail.com;(27) 99165-5930;Colatina;ES;01/06/2026;Facebook;Sim
43;Fernanda Ribeiro;fernanda.ribeiro1999@gmail.com;;Cariacica;ES;01/01/2026;;Sim
44;Camila Simões;camila.simoes1989@icloud.com;(27) 99268-6491;Cachoeiro de Itapemirim;ES;19/09/2026;;Sim
45;Bruno Costa;bruno.costa@gmail.com;(27) 99251-2193;CARIACICA;ES;01/05/2026;instagram;N
46;Gustavo Martins;gustavo.martins@icloud.com;(31) 99828-2746;Rio de Janeiro;RJ;10/04/2026;Google Ads;S
47;Débora Gomes;debora.gomes@gmail.com;;Cariacica;ES;23/04/2026;Instagram;Não
48;Leonardo Pimentel;leonardo.pimentel93@outlook.com;(27) 99837-3607;Cariacica;ES;12/06/2026;;Não
49;Mariana Loureiro;mariana.loureiro2004@hotmail.com;(27) 98489-5499;CACHOEIRO DE ITAPEMIRIM;ES;01/09/2026;influencer;
50;Patrícia Nascimento;patricia.nascimento@gmail.com;(27) 98784-3503;Vila Velha;ES;27/05/2026;Google Ads;N
51;Carolina Santos;carolina.santos27@hotmail.com;(41) 99937-1320;Campinas;SP;19/06/2026;Influenciadora;S
52;Aline Almeida;aline.almeida97@outlook.com;(71) 99118-4613;São Paulo;SP;14/07/2026;Google;Sim
53;Ana Araújo;ana.araujo2001@hotmail.com;(21) 99721-8657;São Paulo;SP;20/05/2026;google ads;
54;Fábio Moreira;fabio.moreira@icloud.com;(27) 98277-8564;Serra;ES;14/01/2026;;Sim
55;Fernanda Gomes;fernanda.gomes42@gmail.com;(19) 98516-2341;Campinas;SP;14/05/2026;IG;Sim
56;Eduardo Ferreira;eduardo.ferreira1982@gmail.com;;Campinas;SP;27/01/2026;Google Ads;N
57;Juliana Simões;juliana.simoes@hotmail.com;(11) 99570-7043;Rio de Janeiro;RJ;11/01/2026;instagram;
58;Gabriela Souza;gabriela.souza75@yahoo.com.br;(19) 98812-4249;Belo Horizonte;MG;28/02/2026;Instagram;S
59;Gabriela Simões;gabriela.simoes@yahoo.com.br;(31) 98711-9728;Curitiba;PR;05/05/2026;Instagram;
60;Patrícia Silva;patricia.silva54@gmail.com;(27) 99967-6934;Serra;ES;09/07/2026;;Sim
61;Vinícius Pereira;vinicius.pereira1996@gmail.com;;Colatina;ES;24/08/2026;Google;
62;Luíza Rodrigues;luiza.rodrigues@gmail.com;;Cariacica;ES;27/08/2026;;
63;Juliana Nascimento;juliana.nascimento@gmail.com;(11) 98697-5581;Curitiba;PR;14/07/2026;Google;sim
64;Débora Costa;debora.costa1987@hotmail.com;(27) 99137-4937;Cariacica;ES;22/05/2026;site;sim
65;Ana Oliveira;ana.oliveira38@gmail.com;(27) 99359-7046;Vila Velha;ES;09/09/2026;;
66;Priscila Nascimento;priscila.nascimento46@gmail.com;(27) 98514-4777;Vila Velha;ES;29/09/2026;Google Ads;
67;Priscila Merçon;priscila.mercon@gmail.com;(19) 98566-9595;São Paulo;SP;09/04/2026;;S
68;André Ferreira;andre.ferreira47@gmail.com;(41) 98259-5494;Rio de Janeiro;RJ;21/02/2026;Google;Sim
69;Gabriel Silva;gabriel.silva74@hotmail.com;(27) 98697-4020;Cariacica;ES;06/03/2026;IG;Não
70;Rodrigo Souza;rodrigo.souza9@gmail.com;(27) 99289-1878;Linhares;ES;10/05/2026;indicacao;Não
71;Mariana Souza;mariana.souza72@yahoo.com.br;(27) 99619-4697;Colatina;ES;05/06/2026;Instagram;S
72;Renata Almeida;renata.almeida76@yahoo.com.br;;Colatina;ES;14/07/2026;;S
73;Thiago Simões;thiago.simoes@gmail.com;(27) 98153-3564;Guarapari;ES;17/04/2026;;sim
74;Rodrigo Almeida;rodrigo.almeida5@gmail.com;(19) 98145-4824;Rio de Janeiro;RJ;19/08/2026;Meta Ads;
75;Priscila Ferreira;priscila.ferreira83@gmail.com;(27) 98122-3718;Vitória;ES;12/04/2026;Site;S
76;Renata Zanotti;renata.zanotti39@gmail.com;(27) 99105-9090;Cariacica;ES;28/05/2026;Instagram;sim
77;Carlos Pimentel;carlos.pimentel790@yahoo.com.br;(27) 99947-1339;Linhares;ES;21/01/2026;;sim
78;CAMILA MARTINS;camila.martins67@gmail.com;(27) 99198-8141;Vila Velha;ES;18/05/2026;;sim
79;Rodrigo Carvalho;rodrigo.carvalho53@icloud.com;(27) 99756-3634;Vitória;ES;09/09/2026;;Sim
80;Bruna Merçon;bruna.mercon71@gmail.com;(27) 98516-6296;Serra;ES;11/09/2026;;Sim
81;JOÃO SIMÕES;joao.simoes70@gmail.com;;Vila Velha;ES;26/07/2026;Facebook;Sim
82;Pedro Costa;pedro.costa@gmail.com;;Cariacica;ES;13/09/2026;Google Shopping;Sim
83;André Barbosa;andre.barbosa2@gmail.com;(27) 99723-2858;Vila Velha;ES;03/05/2026;;N
84;Rafael Martins;rafael.martins1989@gmail.com;(27) 99709-8905;Serra;ES;02/03/2026;Google Ads;N
85;Larissa Araújo;larissa.araujo1999@gmail.com;(27) 98565-7798;Vitória;ES;05/05/2026;indicacao;N
86;Ana Almeida;ana.almeida1989@yahoo.com.br;(19) 99772-3434;Belo Horizonte;MG;17/09/2026;Facebook;Não
87;Priscila Merçon;priscila.mercon70@gmail.com;(27) 99428-4912;Vila Velha;ES;05/09/2026;Google;S
88;Vinícius Santos;vinicius.santos41@hotmail.com;(27) 99359-3492;Serra;ES;30/04/2026;;Sim
89;Luíza Nascimento;luiza.nascimento@outlook.com;(27) 98031-3361;Cariacica;ES;19/01/2026;google ads;N
90;Letícia Nascimento;leticia.nascimento80@icloud.com;;Vitória;ES;21/03/2026;Google Ads;Sim
91;Rodrigo Barbosa;rodrigo.barbosa@gmail.com;(27) 99401-5708;Cachoeiro de Itapemirim;ES;14/07/2026;site;
92;BEATRIZ MERÇON;beatriz.mercon@hotmail.com;;Vila Velha;ES;16/02/2026;Indicação;Sim
93;Maria Almeida;maria.almeida46@gmail.com;(27) 99087-7751;Vila Velha;ES;24/01/2026;;S
94;Júlia Pimentel;julia.pimentel1999@gmail.com;(27) 99869-3344;Cariacica;ES;03/04/2026;google ads;sim
95;Ana Gomes;ana.gomes2001@gmail.com;(27) 98904-6661;Vitória;ES;11/05/2026;IG;Sim
96;Vinícius Zanotti;vinicius.zanotti33@gmail.com;(27) 99747-8916;Serra;ES;03/06/2026;;sim
97;Luíza Almeida;luiza.almeida@icloud.com;(27) 98562-1132;Serra;ES;15/07/2026;instagram;Sim
98;Rodrigo Almeida;rodrigo.almeida30@gmail.com;(27) 98389-5106;Cachoeiro de Itapemirim;ES;26/01/2026;;N
99;Pedro Almeida;pedro.almeida1981@gmail.com;(21) 98184-5835;São Paulo;SP;12/03/2026;Google;sim
100;Larissa Barbosa;larissa.barbosa1996@gmail.com;(21) 98526-8894;Salvador;BA;01/08/2026;;N
101;Carlos Souza;carlos.souza@gmail.com;(71) 99381-7511;Belo Horizonte;MG;01/06/2026;indicacao;N
102;Bruna Silva;bruna.silva@hotmail.com;(27) 99377-5295;Serra;ES;07/07/2026;;Sim
103;Mariana Martins;mariana.martins1999@gmail.com;(27) 98453-2035;Colatina;ES;10/07/2026;Google;sim
104;André Loureiro;andre.loureiro@gmail.com;(27) 98623-9071;VITÓRIA;ES;26/08/2026;Google Shopping;Sim
105;Rafael Araújo;rafael.araujo1991@outlook.com;(27) 99202-3531;Serra;ES;01/05/2026;instagram;
106;Caio Ribeiro;caio.ribeiro1981@gmail.com;(27) 98908-8285;Vila Velha;ES;20/02/2026;;
107;Aline Barbosa;aline.barbosa@hotmail.com;(27) 98388-3001;Vila Velha;ES;05/07/2026;;Não
108;Fernanda Loureiro;fernanda.loureiro@gmail.com;(11) 98498-3063;Curitiba;PR;21/08/2026;Indicacao amigo;sim
109;Priscila Costa;priscila.costa@gmail.com;(21) 99615-1046;Campinas;SP;16/04/2026;;
110;Camila Souza;camila.souza@gmail.com;(27) 99617-4898;Serra;ES;16/03/2026;instagram;Sim
111;MARIA LIMA;maria.lima1993@gmail.com;(31) 98975-8344;São Paulo;SP;09/01/2026;Google;sim
112;Renata Rocha;renata.rocha@icloud.com;(27) 98617-8504;Cariacica;ES;20/09/2026;influencer;sim
113;Juliana Araújo;juliana.araujo@hotmail.com;(19) 98150-2323;Rio de Janeiro;RJ;16/01/2026;;Sim
114;Letícia Pimentel;leticia.pimentel1998@gmail.com;(27) 99223-9692;Serra;ES;17/03/2026;Facebook;N
115;BEATRIZ ZANOTTI;beatriz.zanotti2000@outlook.com;(21) 98880-8398;São Paulo;SP;16/09/2026;instagram;S
116;Renata Araújo;renata.araujo@gmail.com;(27) 98640-5176;Serra;ES;31/07/2026;Google;Sim
117;Rodrigo Oliveira;rodrigo.oliveira@gmail.com;(27) 98197-7105;Serra;ES;20/03/2026;Meta Ads;Não
118;Vinícius Carvalho;vinicius.carvalho86@gmail.com;(27) 99229-6119;Vila Velha;ES;18/06/2026;Instagram;S
119;Juliana Ferreira;juliana.ferreira1991@gmail.com;(27) 99561-5564;Vitória;ES;17/09/2026;;S
120;Caio Pimentel;caio.pimentel2000@gmail.com;(27) 99902-5381;Colatina;ES;08/08/2026;Google;
121;André Nascimento;andre.nascimento@gmail.com;(27) 99346-7566;Linhares;ES;20/05/2026;;Não
122;Carolina Gomes;carolina.gomes44@gmail.com;(11) 99590-2391;São Paulo;SP;29/09/2026;;Sim
123;Thaís Santos;thais.santos87@hotmail.com;(19) 98994-8242;Belo Horizonte;MG;21/03/2026;Site;Não
124;Gabriel Carvalho;gabriel.carvalho56@icloud.com;(41) 98996-9633;Belo Horizonte;MG;21/04/2026;;N
125;Thaís Santos;thais.santos1@gmail.com;(21) 99565-5186;Campinas;SP;24/01/2026;Google;Não
126;Bruna Barbosa;bruna.barbosa1987@outlook.com;(71) 99651-6802;Salvador;BA;09/08/2026;Facebook;
127;Carlos Moreira;carlos.moreira55@icloud.com;(27) 98592-2887;Serra;ES;24/08/2026;;S
128;Thaís Gomes;thais.gomes@hotmail.com;;Vitória;ES;16/06/2026;google;Não
129;Gabriela Dalla Bernardina;gabriela.dallabernardina44@gmail.com;(27) 99045-2868;Vitória;ES;26/09/2026;;N
130;Eduardo Carvalho;eduardo.carvalho2006@gmail.com;(27) 98210-3399;Vila Velha;ES;10/04/2026;;
131;Lucas Pereira;lucas.pereira99@hotmail.com;(41) 99556-8354;Campinas;SP;30/03/2026;IG;Não
132;Carlos Lima;carlos.lima57@hotmail.com;(27) 98620-5500;Cachoeiro de Itapemirim;ES;15/06/2026;Google;Sim
133;Gabriela Gomes;gabriela.gomes@gmail.com;;Salvador;BA;30/06/2026;Google Ads;sim
134;Luíza Barbosa;luiza.barbosa95@yahoo.com.br;(27) 98385-6267;Cachoeiro de Itapemirim;ES;17/09/2026;Google;N
135;Maria Gomes;maria.gomes14@gmail.com;(27) 99323-3827;Cariacica;ES;14/09/2026;;N
136;Marcelo Rocha;marcelo.rocha79@gmail.com;(27) 98793-7697;Vila Velha;ES;13/08/2026;instagram;S
137;Lucas Nascimento;lucas.nascimento1997@hotmail.com;(27) 98516-3463;Vila Velha;ES;27/01/2026;Influenciadora;N
138;André Loureiro;andre.loureiro90@gmail.com;(27) 99451-2388;Colatina;ES;14/03/2026;Facebook;S
139;Carlos Lima;carlos.lima2002@icloud.com;(27) 98191-7937;Cariacica;ES;12/07/2026;Facebook;sim
140;Camila Costa;camila.costa44@gmail.com;(27) 98281-3538;Vila Velha;ES;10/01/2026;Google;Sim
141;Patrícia Merçon;patricia.mercon1984@hotmail.com;(27) 98332-3962;Vitória;ES;27/09/2026;Instagram;S
142;Aline Simões;aline.simoes93@yahoo.com.br;(27) 99540-8355;Vila Velha;ES;26/03/2026;Influenciadora;S
143;Juliana Costa;juliana.costa2001@hotmail.com;(27) 99575-5616;Cariacica;ES;03/05/2026;instagram;Não
144;Camila Costa;camila.costa78@gmail.com;(27) 98984-7081;Cachoeiro de Itapemirim;ES;15/09/2026;Influenciadora;sim
145;Marcelo Souza;marcelo.souza@gmail.com;(27) 99854-9410;Cariacica;ES;22/02/2026;google ads;Não
146;Mariana Gomes;mariana.gomes45@gmail.com;(27) 99028-7126;Serra;ES;12/08/2026;IG;sim
147;Rafael Lima;rafael.lima5@gmail.com;(71) 98960-8349;Campinas;SP;20/02/2026;instagram;N
148;Fernanda Lima;fernanda.lima2003@outlook.com;(27) 98227-5720;Serra;ES;10/02/2026;;S
149;Caio Gomes;caio.gomes9@yahoo.com.br;(27) 98033-9443;Guarapari;ES;03/08/2026;Facebook;S
150;Ana Pimentel;ana.pimentel1987@hotmail.com;(27) 99360-2402;Vila Velha;ES;15/03/2026;;sim
151;Débora Barbosa;debora.barbosa2005@outlook.com;(27) 98799-8702;Vitória;ES;04/07/2026;google ads;
152;Thiago Dalla Bernardina;thiago.dallabernardina@gmail.com;(27) 99501-2698;VILA VELHA;ES;18/07/2026;;Sim
153;Aline Barbosa;aline.barbosa2006@gmail.com;(71) 98951-8840;Salvador;BA;20/06/2026;;N
154;Renata Santos;renata.santos@gmail.com;(27) 98646-6080;Vitória;ES;11/03/2026;;
155;Fernanda Almeida;fernanda.almeida@icloud.com;(27) 98559-3039;Serra;ES;31/08/2026;google ads;Não
156;Leonardo Araújo;leonardo.araujo44@hotmail.com;(27) 99892-9507;Serra;ES;12/08/2026;;N
157;Thaís Pereira;thais.pereira70@gmail.com;(27) 98671-5843;Vitória;ES;12/02/2026;;
158;RENATA CARVALHO;renata.carvalho1981@gmail.com;(27) 98890-5498;Colatina;ES;07/08/2026;Facebook;N
159;Bruna Carvalho;bruna.carvalho2005@icloud.com;(27) 99951-1510;Vila Velha;ES;30/01/2026;Google;S
160;Júlia Ferreira;julia.ferreira83@hotmail.com;(27) 98066-3513;Linhares;ES;13/08/2026;instagram;
161;Júlia Moreira;julia.moreira18@hotmail.com;(27) 99330-5566;Serra;ES;09/07/2026;Google Shopping;N
162;Bruna Barbosa;bruna.barbosa16@hotmail.com;(27) 99253-5678;Vila Velha;ES;06/04/2026;Meta Ads;N
163;Larissa Oliveira;larissa.oliveira1985@hotmail.com;(27) 99659-6236;Vitória;ES;09/09/2026;Google;S
164;Gabriela Almeida;gabriela.almeida2002@icloud.com;(27) 99625-6922;Vila Velha;ES;03/02/2026;Google;N
165;Rafael Ferreira;rafael.ferreira64@outlook.com;(27) 98755-8657;Linhares;ES;04/03/2026;google ads;N
166;Gabriela Araújo;gabriela.araujo92@outlook.com;;Serra;ES;08/03/2026;influencer;S
167;Leonardo Gomes;leonardo.gomes88@gmail.com;(41) 99310-3981;SALVADOR;BA;12/06/2026;Influenciadora;S
168;Gabriela Pereira;gabriela.pereira1990@gmail.com;(27) 99940-9501;Serra;ES;29/01/2026;influencer;Não
169;Priscila Rodrigues;priscila.rodrigues17@yahoo.com.br;(27) 98191-9234;Guarapari;ES;10/02/2026;;
170;Thaís Dalla Bernardina;thais.dallabernardina1990@gmail.com;(31) 98166-1744;Salvador;BA;20/03/2026;;Sim
171;Fábio Ribeiro;fabio.ribeiro@hotmail.com;(27) 99117-5745;Cachoeiro de Itapemirim;ES;16/05/2026;;sim
172;Bruna Almeida;bruna.almeida1982@gmail.com;(27) 98900-7809;Vila Velha;ES;04/06/2026;Google Shopping;N
173;Larissa Nascimento;larissa.nascimento1990@gmail.com;;Serra;ES;15/04/2026;;sim
174;RENATA SOUZA;renata.souza@gmail.com;(27) 98103-5754;Vitória;ES;24/02/2026;Google Ads;sim
175;Camila Nascimento;camila.nascimento74@gmail.com;(21) 99020-9433;Campinas;SP;03/08/2026;Indicacao amigo;N
176;JÚLIA ARAÚJO;julia.araujo@gmail.com;(27) 98722-1797;Linhares;ES;07/06/2026;google;sim
177;Juliana Almeida;juliana.almeida@hotmail.com;(27) 99807-5333;Vitória;ES;11/09/2026;Meta Ads;S
178;Bruna Santos;bruna.santos@gmail.com;(27) 98591-2204;Guarapari;ES;26/07/2026;Influenciadora;N
179;Thiago Pimentel;thiago.pimentel@gmail.com;(27) 98806-7114;Vitória;ES;19/08/2026;;sim
180;Aline Merçon;aline.mercon1986@outlook.com;(27) 99024-1659;Serra;ES;23/06/2026;;Não
181;Marcelo Gomes;marcelo.gomes1999@gmail.com;(27) 99907-6218;Serra;ES;12/03/2026;;Não
182;Débora Rocha;debora.rocha1995@yahoo.com.br;(27) 98972-1272;VILA VELHA;ES;03/06/2026;IG;
183;Fábio Almeida;fabio.almeida2002@gmail.com;(27) 98971-5350;Colatina;ES;26/02/2026;;Sim
184;Fábio Martins;fabio.martins1996@yahoo.com.br;(19) 98302-4968;Campinas;SP;27/04/2026;indicacao;S
185;Larissa Ribeiro;larissa.ribeiro89@outlook.com;(41) 99885-8726;Campinas;SP;14/08/2026;Facebook;sim
186;Marcelo Costa;marcelo.costa1990@hotmail.com;(27) 98771-6140;Cariacica;ES;01/02/2026;Site;sim
187;CARLOS BARBOSA;carlos.barbosa2001@icloud.com;(27) 99645-5331;Cachoeiro de Itapemirim;ES;24/08/2026;;S
188;Thiago Barbosa;thiago.barbosa39@gmail.com;(21) 99413-9011;Rio de Janeiro;RJ;09/04/2026;;S
189;Letícia Almeida;leticia.almeida1998@outlook.com;(27) 99834-7464;Serra;ES;28/06/2026;Instagram;Não
190;Lucas Carvalho;lucas.carvalho57@hotmail.com;(27) 98413-9824;Vila Velha;ES;28/05/2026;Instagram;sim
191;Thaís Dalla Bernardina;thais.dallabernardina@gmail.com;(41) 98462-4814;Belo Horizonte;MG;20/05/2026;Facebook;sim
192;Juliana Souza;juliana.souza@gmail.com;(27) 99902-3587;Guarapari;ES;31/07/2026;Instagram;N
193;Fernanda Merçon;fernanda.mercon37@icloud.com;(27) 99859-2465;Vitória;ES;01/09/2026;Google;
194;Maria Pereira;maria.pereira@gmail.com;(19) 99613-9116;Salvador;BA;29/04/2026;;S
195;João Almeida;joao.almeida@gmail.com;;Vila Velha;ES;29/05/2026;instagram;Não
196;LEONARDO RODRIGUES;leonardo.rodrigues@gmail.com;(27) 99497-8518;Vila Velha;ES;10/03/2026;Google;N
197;Patrícia Almeida;patricia.almeida@gmail.com;(27) 99753-7643;Colatina;ES;06/04/2026;Google Shopping;Sim
198;Bruna Simões;bruna.simoes@hotmail.com;(27) 99916-5064;Serra;ES;21/09/2026;;sim
199;Letícia Nascimento;leticia.nascimento1998@yahoo.com.br;(27) 98535-6890;Vitória;ES;16/07/2026;Instagram;sim
200;LEONARDO ALMEIDA;leonardo.almeida1992@outlook.com;(11) 99413-2923;Rio de Janeiro;RJ;01/02/2026;Google;N
201;Mariana Ferreira;mariana.ferreira@hotmail.com;(41) 98765-7813;São Paulo;SP;01/06/2026;Google Shopping;Não
202;Felipe Merçon;felipe.mercon2001@gmail.com;(27) 98914-9653;Cariacica;ES;30/08/2026;Instagram;S
203;Priscila Rocha;priscila.rocha1998@gmail.com;(27) 98671-9525;Vila Velha;ES;09/02/2026;Instagram;Sim
204;Rodrigo Oliveira;rodrigo.oliveira@hotmail.com;;VITÓRIA;ES;16/04/2026;Google;sim
205;Gabriela Dalla Bernardina;gabriela.dallabernardina3@gmail.com;(21) 99184-2196;São Paulo;SP;30/01/2026;;Sim
206;DIEGO SANTOS;diego.santos@gmail.com;(27) 98368-3218;Serra;ES;26/06/2026;instagram;
207;Bruna Gomes;bruna.gomes@icloud.com;;Belo Horizonte;MG;04/08/2026;Instagram;
208;Mariana Silva;mariana.silva97@hotmail.com;(71) 99115-7948;Belo Horizonte;MG;21/07/2026;instagram;Sim
209;Aline Lima;aline.lima1986@gmail.com;(27) 99657-7868;Vitória;ES;28/04/2026;Google Ads;N
210;JÚLIA SOUZA;julia.souza77@yahoo.com.br;(71) 99786-1797;Belo Horizonte;MG;09/01/2026;Google;N
211;Maria Lima;maria.lima@yahoo.com.br;(27) 99182-6253;Serra;ES;30/04/2026;IG;S
212;Carolina Almeida;carolina.almeida1981@yahoo.com.br;(21) 99282-7999;São Paulo;SP;15/03/2026;;Sim
213;Gustavo Rocha;gustavo.rocha41@hotmail.com;(27) 98614-7167;VITÓRIA;ES;25/01/2026;google ads;Não
214;Mariana Almeida;mariana.almeida91@gmail.com;(27) 98845-7824;Guarapari;ES;31/08/2026;Instagram;sim
215;Letícia Costa;leticia.costa@hotmail.com;(27) 98189-9775;Serra;ES;10/03/2026;Google;Sim
216;Bruna Simões;bruna.simoes@gmail.com;(27) 99647-4555;Vila Velha;ES;08/04/2026;;
217;Ana Costa;ana.costa@hotmail.com;(27) 99424-4350;Vila Velha;ES;20/06/2026;Google Ads;Não
218;Gabriela Araújo;gabriela.araujo1997@gmail.com;(27) 98535-6892;Vila Velha;ES;03/05/2026;;sim
219;Juliana Merçon;juliana.mercon41@gmail.com;(27) 98093-4625;Serra;ES;12/09/2026;Google;sim
220;Fernanda Nascimento;fernanda.nascimento1992@gmail.com;(27) 99127-6530;Cariacica;ES;02/08/2026;;Sim
221;Rodrigo Gomes;rodrigo.gomes22@gmail.com;(27) 99475-9954;Vitória;ES;08/09/2026;;
222;Júlia Simões;julia.simoes@hotmail.com;(27) 99725-4791;Vitória;ES;31/01/2026;Google;Não
223;Maria Pimentel;maria.pimentel2001@hotmail.com;(19) 98032-1108;Belo Horizonte;MG;16/09/2026;;sim
224;Débora Dalla Bernardina;debora.dallabernardina36@gmail.com;(27) 99665-8054;Cariacica;ES;30/07/2026;google ads;N
225;Beatriz Rocha;beatriz.rocha@yahoo.com.br;(27) 98516-6807;Cariacica;ES;02/04/2026;;sim
226;Bruna Gomes;bruna.gomes1987@gmail.com;(27) 99400-2320;Vila Velha;ES;23/07/2026;Facebook;N
227;Bruna Araújo;bruna.araujo@icloud.com;(27) 99439-3807;Vitória;ES;17/01/2026;Google Shopping;N
228;Carlos Moreira;carlos.moreira@gmail.com;;Vila Velha;ES;11/08/2026;Facebook;S
229;Priscila Moreira;priscila.moreira@gmail.com;(27) 99969-4394;Vitória;ES;08/02/2026;Instagram;Sim
230;André Pereira;andre.pereira1987@hotmail.com;(41) 98679-7288;Belo Horizonte;MG;23/07/2026;;S
231;Lucas Rocha;lucas.rocha@gmail.com;(27) 98475-2245;SERRA;ES;13/03/2026;Influenciadora;Não
232;Carlos Silva;carlos.silva82@hotmail.com;(27) 98728-7150;Vila Velha;ES;23/07/2026;Meta Ads;Não
233;Thaís Almeida;thais.almeida@gmail.com;(27) 98315-7225;Vila Velha;ES;14/07/2026;Google;Sim
234;Beatriz Oliveira;beatriz.oliveira1@gmail.com;(11) 98209-3170;CAMPINAS;SP;20/03/2026;influencer;Não
235;Priscila Rocha;priscila.rocha@gmail.com;(27) 99135-2524;Serra;ES;09/08/2026;IG;sim
236;João Almeida;joao.almeida@outlook.com;(27) 99171-9537;Vila Velha;ES;16/06/2026;;sim
237;Letícia Almeida;leticia.almeida@gmail.com;(27) 98890-5521;Vila Velha;ES;14/07/2026;;
238;Eduardo Rodrigues;eduardo.rodrigues2003@hotmail.com;(27) 99262-4203;Colatina;ES;05/09/2026;Google Ads;N
239;Bruna Nascimento;bruna.nascimento80@hotmail.com;(27) 98881-3230;Serra;ES;11/03/2026;Google Ads;Não
240;CAMILA ARAÚJO;camila.araujo1989@icloud.com;(27) 99981-4971;Cariacica;ES;13/04/2026;Facebook;sim
241;Gustavo Carvalho;gustavo.carvalho@yahoo.com.br;(27) 98368-1440;Guarapari;ES;24/05/2026;;Sim
242;Felipe Gomes;felipe.gomes2006@gmail.com;(19) 99378-9180;Salvador;BA;25/08/2026;;
243;Larissa Zanotti;larissa.zanotti55@gmail.com;;Cariacica;ES;05/06/2026;IG;S
244;Vinícius Barbosa;vinicius.barbosa5@outlook.com;;Colatina;ES;17/09/2026;Google;
245;Eduardo Pereira;eduardo.pereira@yahoo.com.br;(27) 99387-7547;Cachoeiro de Itapemirim;ES;08/05/2026;Meta Ads;Sim
246;Vinícius Souza;vinicius.souza2@gmail.com;;Cariacica;ES;19/06/2026;Indicação;Sim
247;Bruna Gomes;bruna.gomes2001@outlook.com;(27) 98706-1402;Vitória;ES;24/04/2026;Google;N
248;Júlia Souza;julia.souza94@gmail.com;(27) 98932-4389;Serra;ES;01/06/2026;Google;S
249;Renata Dalla Bernardina;renata.dallabernardina90@gmail.com;(27) 98091-2885;VILA VELHA;ES;28/06/2026;Google;N
250;Mateus Dalla Bernardina;mateus.dallabernardina@outlook.com;(27) 98677-7985;Vila Velha;ES;25/06/2026;instagram;N
251;Mateus Pereira;mateus.pereira82@hotmail.com;(27) 99510-4232;Vitória;ES;29/04/2026;indicacao;Sim
252;Fernanda Costa;fernanda.costa2004@gmail.com;(27) 98208-9796;Linhares;ES;08/08/2026;Google Ads;Sim
253;Beatriz Rodrigues;beatriz.rodrigues1995@icloud.com;(27) 99222-7367;Serra;ES;16/06/2026;instagram;Não
254;Renata Pimentel;renata.pimentel2006@gmail.com;(27) 99208-2388;Colatina;ES;28/02/2026;Google Shopping;S
255;Gabriela Souza;gabriela.souza1991@gmail.com;(27) 98795-7852;Cariacica;ES;10/06/2026;Google Shopping;Sim
256;Juliana Loureiro;juliana.loureiro2002@gmail.com;(27) 98341-9022;Guarapari;ES;16/07/2026;Google Ads;Não
257;Renata Pimentel;renata.pimentel@hotmail.com;(27) 98399-7290;Vitória;ES;06/04/2026;Instagram;Não
258;Vinícius Simões;vinicius.simoes1993@hotmail.com;(27) 98342-2354;Cariacica;ES;16/09/2026;Indicacao amigo;Não
259;Letícia Ferreira;leticia.ferreira@hotmail.com;(27) 99520-9115;Linhares;ES;23/04/2026;google ads;sim
260;Letícia Merçon;leticia.mercon70@outlook.com;(31) 99556-8231;Salvador;BA;27/02/2026;;S
261;Mariana Almeida;mariana.almeida5@gmail.com;(31) 98899-2923;Salvador;BA;06/08/2026;google ads;sim
262;Luíza Zanotti;luiza.zanotti2002@icloud.com;(27) 98339-3281;Serra;ES;02/05/2026;;N
263;Fábio Carvalho;fabio.carvalho1988@outlook.com;(27) 98662-5794;Vila Velha;ES;16/04/2026;Instagram;Não
264;Marcelo Simões;marcelo.simoes13@gmail.com;(27) 99775-3078;Vila Velha;ES;17/05/2026;instagram;
265;Gustavo Martins;gustavo.martins1998@gmail.com;(27) 98848-7146;Cachoeiro de Itapemirim;ES;14/06/2026;;Sim
266;Letícia Zanotti;leticia.zanotti48@gmail.com;(27) 98005-2526;Linhares;ES;17/02/2026;;S
267;Eduardo Oliveira;eduardo.oliveira@hotmail.com;(21) 99013-5399;Salvador;BA;23/08/2026;;Sim
268;Luíza Lima;luiza.lima73@icloud.com;(31) 98094-2631;Campinas;SP;26/05/2026;Facebook;Sim
269;Camila Gomes;camila.gomes59@gmail.com;;Rio de Janeiro;RJ;24/08/2026;Google Shopping;Sim
270;Aline Rodrigues;aline.rodrigues1991@icloud.com;;Vila Velha;ES;21/05/2026;;N
271;Júlia Zanotti;julia.zanotti@hotmail.com;(27) 98271-4705;Vitória;ES;30/04/2026;Google Shopping;
272;Patrícia Souza;patricia.souza@hotmail.com;(27) 98468-7276;Vitória;ES;16/08/2026;Google Ads;
273;Rafael Araújo;rafael.araujo1984@icloud.com;;Vitória;ES;08/07/2026;Instagram;N
274;Fernanda Loureiro;fernanda.loureiro96@yahoo.com.br;(19) 99761-4559;Belo Horizonte;MG;26/03/2026;Google Ads;
275;Carolina Nascimento;carolina.nascimento18@icloud.com;(27) 98508-5668;Vitória;ES;16/07/2026;IG;N
276;André Costa;andre.costa1999@gmail.com;(19) 98605-1894;São Paulo;SP;14/01/2026;Influenciadora;Sim
277;Beatriz Ferreira;beatriz.ferreira2000@gmail.com;;Cariacica;ES;03/05/2026;influencer;sim
278;Luíza Ribeiro;luiza.ribeiro1997@gmail.com;(19) 99954-2195;Campinas;SP;12/06/2026;indicacao;sim
279;Maria Araújo;maria.araujo1989@outlook.com;(19) 98867-7590;Campinas;SP;21/04/2026;Instagram;Sim
280;Fernanda Lima;fernanda.lima69@yahoo.com.br;;Cachoeiro de Itapemirim;ES;08/06/2026;Facebook;Sim
281;Bruno Santos;bruno.santos32@gmail.com;(27) 99253-1901;Cariacica;ES;12/08/2026;Facebook;Sim
282;Larissa Zanotti;larissa.zanotti2@gmail.com;(27) 99059-5247;Cariacica;ES;31/03/2026;Instagram;Não
283;Gabriel Merçon;gabriel.mercon4@gmail.com;(27) 98130-5308;Cariacica;ES;06/03/2026;Meta Ads;sim
284;Juliana Moreira;juliana.moreira@gmail.com;;CAMPINAS;SP;19/09/2026;;sim
285;Ana Ferreira;ana.ferreira6@hotmail.com;(27) 98366-1579;Vitória;ES;18/09/2026;instagram;sim
286;Mariana Ribeiro;mariana.ribeiro93@gmail.com;(27) 98763-2956;LINHARES;ES;03/08/2026;;Não
287;Débora Santos;debora.santos52@gmail.com;(11) 98670-2415;Campinas;SP;27/01/2026;;Sim
288;Gabriela Moreira;gabriela.moreira2003@gmail.com;(27) 98754-9083;Cariacica;ES;05/01/2026;;Sim
289;Diego Merçon;diego.mercon@hotmail.com;(27) 98477-9872;Vitória;ES;11/04/2026;indicacao;Não
290;João Merçon;joao.mercon1992@gmail.com;(27) 98420-9680;Vitória;ES;05/01/2026;;
291;MARIA LIMA;maria.lima@gmail.com;(27) 99837-9515;VILA VELHA;ES;03/08/2026;indicacao;sim
292;Júlia Moreira;julia.moreira@icloud.com;(19) 98153-2020;Salvador;BA;10/07/2026;Google;Sim
293;Letícia Nascimento;leticia.nascimento2002@gmail.com;(27) 98927-5455;SERRA;ES;08/03/2026;Google;S
294;Luíza Souza;luiza.souza@hotmail.com;(27) 98643-7660;Cariacica;ES;14/04/2026;Meta Ads;sim
295;Felipe Gomes;felipe.gomes40@gmail.com;(27) 98322-5984;Vitória;ES;03/07/2026;instagram;
296;Mariana Carvalho;mariana.carvalho@icloud.com;;Vila Velha;ES;17/06/2026;;
297;Diego Dalla Bernardina;diego.dallabernardina@hotmail.com;(27) 99646-3290;Vitória;ES;27/07/2026;Instagram;sim
298;Rafael Costa;rafael.costa1991@icloud.com;(27) 98172-5240;Cachoeiro de Itapemirim;ES;01/02/2026;Instagram;Sim
299;Júlia Costa;julia.costa@gmail.com;(11) 98250-1699;Salvador;BA;08/02/2026;Site;Sim
300;Luíza Ribeiro;luiza.ribeiro93@gmail.com;(27) 99399-7990;Serra;ES;26/01/2026;;S
301;Thiago Rodrigues;thiago.rodrigues@yahoo.com.br;(27) 99263-5026;Colatina;ES;20/04/2026;;S
302;Priscila Martins;priscila.martins8@hotmail.com;(27) 98858-4267;Vitória;ES;13/09/2026;Google Shopping;S
303;Priscila Silva;priscila.silva2005@gmail.com;(27) 99115-8940;Cariacica;ES;27/09/2026;;
304;Letícia Pereira;leticia.pereira1990@gmail.com;(27) 99834-5602;Vitória;ES;15/09/2026;;S
305;Luíza Ferreira;luiza.ferreira@icloud.com;(27) 98545-9743;Vila Velha;ES;30/08/2026;Meta Ads;S
306;Fábio Araújo;fabio.araujo@gmail.com;(27) 99213-6210;Vila Velha;ES;29/01/2026;influencer;S
307;João Zanotti;joao.zanotti1991@yahoo.com.br;(27) 99153-4084;Vitória;ES;03/07/2026;;N
308;Camila Martins;camila.martins@gmail.com;(27) 98448-1326;Colatina;ES;10/09/2026;Influenciadora;Não
309;THAÍS COSTA;thais.costa1990@gmail.com;(11) 98121-1359;Curitiba;PR;01/01/2026;Google Ads;
310;Eduardo Oliveira;eduardo.oliveira2002@hotmail.com;(27) 98206-6514;Linhares;ES;14/03/2026;instagram;N
311;Vinícius Loureiro;vinicius.loureiro63@gmail.com;;Rio de Janeiro;RJ;11/03/2026;Instagram;sim
312;Ana Zanotti;ana.zanotti1992@gmail.com;(27) 99233-6213;Vila Velha;ES;31/05/2026;instagram;N
313;Gabriel Martins;gabriel.martins1990@gmail.com;(27) 98710-6234;Vila Velha;ES;24/04/2026;Site;Não
314;Carlos Gomes;carlos.gomes@gmail.com;(31) 98717-5205;Rio de Janeiro;RJ;15/02/2026;Instagram;S
315;Mateus Ribeiro;mateus.ribeiro64@outlook.com;(27) 98207-8855;SERRA;ES;13/08/2026;influencer;Sim
316;Júlia Santos;julia.santos38@gmail.com;(27) 98151-6600;Vitória;ES;26/04/2026;Instagram;N
317;Júlia Barbosa;julia.barbosa1990@yahoo.com.br;(27) 99442-1507;Cariacica;ES;12/07/2026;;Não
318;Carolina Pereira;carolina.pereira7@gmail.com;(27) 98838-9849;Vila Velha;ES;26/03/2026;google;sim
319;Beatriz Santos;beatriz.santos1998@hotmail.com;(27) 98111-6911;Vitória;ES;25/05/2026;instagram;S
320;Ana Costa;ana.costa22@gmail.com;(27) 99728-2892;Cariacica;ES;03/09/2026;Instagram;
321;Letícia Oliveira;leticia.oliveira83@gmail.com;(27) 99813-7249;SERRA;ES;23/07/2026;Meta Ads;Sim
322;Renata Gomes;renata.gomes34@yahoo.com.br;(27) 98309-2584;Vitória;ES;17/08/2026;;Não
323;Vinícius Merçon;vinicius.mercon1987@gmail.com;(19) 99676-9561;Salvador;BA;26/06/2026;instagram;N
324;Mariana Martins;mariana.martins39@gmail.com;(27) 99169-9467;Cariacica;ES;01/09/2026;;
325;Camila Costa;camila.costa@hotmail.com;(27) 99399-8133;Vitória;ES;18/08/2026;Instagram;Não
326;Júlia Oliveira;julia.oliveira50@outlook.com;;Serra;ES;17/03/2026;Instagram;
327;Caio Moreira;caio.moreira67@gmail.com;(27) 98306-3428;Serra;ES;07/01/2026;;N
328;Fábio Merçon;fabio.mercon13@outlook.com;(27) 99797-7732;Serra;ES;21/02/2026;Google;N
329;Juliana Santos;juliana.santos23@gmail.com;(27) 99246-7581;Colatina;ES;06/09/2026;Facebook;
330;Pedro Dalla Bernardina;pedro.dallabernardina61@gmail.com;;Serra;ES;19/06/2026;IG;sim
331;Gabriel Ferreira;gabriel.ferreira1989@hotmail.com;(11) 98551-7828;Campinas;SP;09/09/2026;Facebook;S
332;Fernanda Ribeiro;fernanda.ribeiro1995@gmail.com;(31) 99055-3604;Salvador;BA;15/02/2026;;Sim
333;Débora Moreira;debora.moreira@gmail.com;(31) 98510-1541;Salvador;BA;17/09/2026;IG;
334;Thiago Carvalho;thiago.carvalho60@icloud.com;(27) 99395-1500;Vitória;ES;04/07/2026;Google Ads;Sim
335;Camila Martins;camila.martins76@gmail.com;(27) 99715-5237;Vila Velha;ES;08/09/2026;IG;sim
336;Luíza Merçon;luiza.mercon1987@gmail.com;(21) 98551-7709;Belo Horizonte;MG;17/07/2026;;Sim
337;Larissa Loureiro;larissa.loureiro@gmail.com;(27) 99245-6004;Vila Velha;ES;05/01/2026;google ads;N
338;Bruna Carvalho;bruna.carvalho@hotmail.com;(27) 99386-9530;Vila Velha;ES;21/05/2026;influencer;sim
339;Ana Rocha;ana.rocha85@outlook.com;(27) 99216-5631;Cachoeiro de Itapemirim;ES;23/07/2026;;Não
340;Carlos Rodrigues;carlos.rodrigues2000@icloud.com;(27) 98385-3456;Vila Velha;ES;22/06/2026;IG;Não
341;Caio Araújo;caio.araujo1990@gmail.com;(31) 99342-9148;São Paulo;SP;04/05/2026;Google Ads;Não
342;Gustavo Araújo;gustavo.araujo1981@yahoo.com.br;(21) 98702-4643;Salvador;BA;13/05/2026;Indicação;
343;Eduardo Rocha;eduardo.rocha1985@outlook.com;(27) 98601-2599;Vila Velha;ES;01/09/2026;Google Shopping;N
344;Diego Merçon;diego.mercon24@icloud.com;(27) 98455-6820;Vitória;ES;13/05/2026;Google;
345;Patrícia Carvalho;patricia.carvalho34@hotmail.com;(27) 98963-1879;Vitória;ES;07/06/2026;Instagram;S
346;Fernanda Rocha;fernanda.rocha16@outlook.com;(27) 98846-1885;Vila Velha;ES;06/02/2026;site;S
347;Fernanda Nascimento;fernanda.nascimento53@gmail.com;(27) 99766-3954;Serra;ES;19/03/2026;;sim
348;Camila Nascimento;camila.nascimento@hotmail.com;(27) 98428-3762;Vila Velha;ES;07/09/2026;Influenciadora;Não
349;Júlia Lima;julia.lima1993@hotmail.com;(27) 98878-8821;Serra;ES;23/03/2026;google ads;Não
350;Aline Silva;aline.silva2004@gmail.com;(27) 99385-1067;Vitória;ES;20/01/2026;google;
351;Aline Almeida;aline.almeida17@outlook.com;(27) 98626-3736;Linhares;ES;08/05/2026;;
352;Débora Pimentel;debora.pimentel68@icloud.com;(27) 98701-9031;Vitória;ES;29/05/2026;Meta Ads;
353;Bruna Silva;bruna.silva1987@gmail.com;(27) 99503-1359;Vila Velha;ES;07/04/2026;Facebook;
354;Maria Araújo;maria.araujo1988@yahoo.com.br;(27) 99216-1785;Vitória;ES;28/03/2026;Google Ads;sim
355;Beatriz Ribeiro;beatriz.ribeiro@outlook.com;(27) 98971-3508;Vila Velha;ES;11/01/2026;Google;S
356;Thaís Zanotti;thais.zanotti@outlook.com;;São Paulo;SP;21/02/2026;Instagram;sim
357;Marcelo Costa;marcelo.costa46@gmail.com;;Vila Velha;ES;13/04/2026;Instagram;N
358;Rodrigo Nascimento;rodrigo.nascimento@icloud.com;(27) 99857-2809;Vitória;ES;17/04/2026;google ads;S
359;Júlia Merçon;julia.mercon1982@gmail.com;(27) 99319-4787;Vila Velha;ES;10/09/2026;Influenciadora;Sim
360;Maria Souza;maria.souza23@gmail.com;;Curitiba;PR;01/06/2026;google;Não
361;João Lima;joao.lima@gmail.com;(27) 99831-8171;Serra;ES;18/02/2026;;N
362;Lucas Carvalho;lucas.carvalho@hotmail.com;(27) 99970-8479;Serra;ES;18/05/2026;Indicacao amigo;sim
363;Rodrigo Ribeiro;rodrigo.ribeiro@gmail.com;(27) 99425-1960;Vitória;ES;17/07/2026;Facebook;N
364;Luíza Martins;luiza.martins73@gmail.com;(27) 98777-6875;Colatina;ES;23/03/2026;;N
365;Juliana Souza;juliana.souza367@icloud.com;(27) 98025-9598;Serra;ES;08/03/2026;Google;
366;Carlos Rocha;carlos.rocha2002@yahoo.com.br;(27) 98886-5072;Vitória;ES;25/04/2026;;sim
367;Priscila Pimentel;priscila.pimentel1980@gmail.com;;Cariacica;ES;17/07/2026;Google;
368;Juliana Nascimento;juliana.nascimento31@gmail.com;(27) 98456-7203;CARIACICA;ES;26/03/2026;Google;Sim
369;Renata Moreira;renata.moreira58@hotmail.com;(27) 98243-9148;Serra;ES;01/05/2026;Google;
370;Priscila Silva;priscila.silva2005@yahoo.com.br;(27) 98623-9328;Cachoeiro de Itapemirim;ES;31/07/2026;Instagram;Não
371;Eduardo Santos;eduardo.santos29@outlook.com;(41) 99228-8751;Campinas;SP;22/08/2026;Google;S
372;Gabriel Souza;gabriel.souza@gmail.com;(27) 98727-5783;Serra;ES;06/07/2026;Instagram;sim
373;Pedro Pereira;pedro.pereira1984@hotmail.com;(27) 98520-4209;Vitória;ES;11/07/2026;Google;N
374;Fernanda Zanotti;fernanda.zanotti44@gmail.com;(27) 99715-3018;Cachoeiro de Itapemirim;ES;21/07/2026;Instagram;
375;Luíza Rocha;luiza.rocha@outlook.com;;São Paulo;SP;19/08/2026;influencer;Sim
376;Mateus Zanotti;mateus.zanotti1985@gmail.com;(27) 98793-6273;Vitória;ES;05/09/2026;Influenciadora;S
377;Thaís Zanotti;thais.zanotti98@hotmail.com;(27) 99987-5819;Serra;ES;16/07/2026;;sim
378;Thaís Zanotti;thais.zanotti96@outlook.com;(27) 99457-4560;Serra;ES;10/03/2026;google;Sim
379;Rafael Zanotti;rafael.zanotti1985@outlook.com;(71) 98660-2890;Rio de Janeiro;RJ;29/05/2026;IG;S
380;Carolina Simões;carolina.simoes2006@gmail.com;;Serra;ES;03/09/2026;Influenciadora;Sim
381;Maria Simões;maria.simoes8@gmail.com;(27) 99399-5105;Vila Velha;ES;13/01/2026;;Não
382;Priscila Santos;priscila.santos46@gmail.com;(27) 99777-4675;Colatina;ES;01/02/2026;Meta Ads;S
383;Gabriela Zanotti;gabriela.zanotti86@hotmail.com;(27) 99959-6122;Serra;ES;19/07/2026;Influenciadora;N
384;Letícia Costa;leticia.costa80@gmail.com;(27) 99443-7025;Cachoeiro de Itapemirim;ES;28/01/2026;;N
385;Felipe Almeida;felipe.almeida1985@gmail.com;(27) 99971-3847;Vila Velha;ES;11/04/2026;;
386;Letícia Lima;leticia.lima21@gmail.com;(27) 98955-3536;Serra;ES;08/08/2026;Instagram;Sim
387;Thaís Simões;thais.simoes1995@outlook.com;(27) 98149-6207;Serra;ES;15/06/2026;Facebook;N
388;Débora Pereira;debora.pereira1997@hotmail.com;(27) 98715-4624;Vitória;ES;05/04/2026;Google Ads;sim
389;Gabriela Costa;gabriela.costa1999@hotmail.com;(27) 99686-1144;Guarapari;ES;19/06/2026;;S
390;Thaís Pimentel;thais.pimentel1981@gmail.com;(27) 99875-2857;Serra;ES;27/06/2026;;Sim
391;Débora Merçon;debora.mercon1996@hotmail.com;(27) 98089-5856;Cariacica;ES;25/05/2026;Google Ads;
392;Júlia Souza;julia.souza2004@outlook.com;(27) 99283-2072;Vitória;ES;09/04/2026;Google;sim
393;Vinícius Souza;vinicius.souza1997@hotmail.com;;Cachoeiro de Itapemirim;ES;20/04/2026;;Sim
394;Júlia Santos;julia.santos23@outlook.com;(27) 99177-4729;Vitória;ES;19/06/2026;;sim
395;BRUNA RIBEIRO;bruna.ribeiro41@icloud.com;(27) 99095-1096;Vitória;ES;28/07/2026;;
396;Fábio Santos;fabio.santos90@outlook.com;(27) 98593-5937;Vitória;ES;02/02/2026;Google Shopping;Sim
397;Leonardo Araújo;leonardo.araujo2006@gmail.com;(27) 98320-9740;Cariacica;ES;25/05/2026;;
398;Diego Almeida;diego.almeida82@icloud.com;;Curitiba;PR;20/07/2026;IG;
399;PRISCILA LIMA;priscila.lima@yahoo.com.br;(27) 98807-9800;Colatina;ES;06/01/2026;indicacao;
400;Aline Costa;aline.costa2000@gmail.com;(27) 98376-4617;Vila Velha;ES;13/02/2026;google ads;
401;Camila Simões;camila.simoes1981@hotmail.com;(27) 99125-2198;Cachoeiro de Itapemirim;ES;10/05/2026;Google;S
402;Rodrigo Nascimento;rodrigo.nascimento1984@icloud.com;(27) 98204-5671;Vila Velha;ES;12/04/2026;Facebook;S
403;Renata Nascimento;renata.nascimento79@yahoo.com.br;(27) 99158-6971;Vitória;ES;10/04/2026;Google Shopping;Sim
404;Patrícia Ferreira;patricia.ferreira2002@icloud.com;(27) 98566-6889;Serra;ES;08/08/2026;Influenciadora;
405;Leonardo Gomes;leonardo.gomes46@hotmail.com;(27) 98222-3879;Guarapari;ES;19/06/2026;Facebook;Sim
406;Rafael Barbosa;rafael.barbosa1988@icloud.com;(27) 99489-2235;Vitória;ES;11/02/2026;Google Shopping;N
407;Fábio Moreira;fabio.moreira2004@gmail.com;(27) 99129-5269;Vitória;ES;17/09/2026;site;
408;RAFAEL CARVALHO;rafael.carvalho1987@gmail.com;(27) 98951-9210;Vitória;ES;30/08/2026;;S
409;Ana Simões;ana.simoes2005@icloud.com;(27) 99550-9423;Vila Velha;ES;23/07/2026;google ads;
410;Aline Santos;aline.santos29@gmail.com;(27) 98541-7052;Vitória;ES;16/03/2026;Meta Ads;Sim
411;Aline Araújo;aline.araujo@gmail.com;(27) 98663-2691;Cachoeiro de Itapemirim;ES;16/04/2026;Instagram;sim
412;Thiago Dalla Bernardina;thiago.dallabernardina1998@yahoo.com.br;;Vila Velha;ES;24/09/2026;Instagram;
413;Bruna Ferreira;bruna.ferreira67@gmail.com;(27) 99623-8898;Cariacica;ES;09/02/2026;;Não
414;Larissa Gomes;larissa.gomes@outlook.com;(27) 98575-4465;Cachoeiro de Itapemirim;ES;04/01/2026;Site;sim
415;PATRÍCIA DALLA BERNARDINA;patricia.dallabernardina1995@hotmail.com;(27) 98431-3641;Cariacica;ES;02/03/2026;Meta Ads;S
416;Maria Lima;maria.lima744@outlook.com;(27) 99824-3406;Vitória;ES;30/07/2026;Google Shopping;
417;MARCELO ARAÚJO;marcelo.araujo1998@gmail.com;(71) 99355-5644;São Paulo;SP;13/05/2026;Facebook;
418;Juliana Martins;juliana.martins22@yahoo.com.br;(27) 99627-3979;Vitória;ES;21/04/2026;;S
419;Patrícia Gomes;patricia.gomes@gmail.com;(27) 98789-3166;Serra;ES;19/09/2026;Google;Sim
420;Débora Simões;debora.simoes@yahoo.com.br;(27) 98363-8796;Vitória;ES;14/04/2026;;S
421;Diego Rocha;diego.rocha@hotmail.com;(21) 99847-9835;Belo Horizonte;MG;20/01/2026;site;
422;Aline Santos;aline.santos90@gmail.com;(19) 99617-7246;Curitiba;PR;09/08/2026;Instagram;sim
423;Letícia Martins;leticia.martins@gmail.com;(27) 99795-9908;Colatina;ES;20/02/2026;Meta Ads;
424;Ana Moreira;ana.moreira1983@gmail.com;(27) 99340-4365;Serra;ES;07/04/2026;google;S
425;Beatriz Lima;beatriz.lima2000@gmail.com;(27) 99750-9783;Vila Velha;ES;11/06/2026;Google;N
426;Bruna Merçon;bruna.mercon1993@outlook.com;;Cariacica;ES;07/07/2026;Google Ads;
427;Gabriela Moreira;gabriela.moreira2004@hotmail.com;(21) 99751-2951;São Paulo;SP;05/09/2026;Google Ads;N
428;Mateus Souza;mateus.souza28@gmail.com;(41) 99257-1852;Curitiba;PR;17/08/2026;Instagram;S
429;Rodrigo Pimentel;rodrigo.pimentel@gmail.com;(27) 98759-2311;Vila Velha;ES;03/01/2026;Meta Ads;sim
430;Gustavo Pimentel;gustavo.pimentel84@yahoo.com.br;(27) 99936-3871;Vitória;ES;16/07/2026;Google Shopping;sim
431;Débora Almeida;debora.almeida1981@outlook.com;(27) 99430-4795;Cariacica;ES;13/08/2026;Google Shopping;N
432;Ana Pereira;ana.pereira12@gmail.com;;Belo Horizonte;MG;19/01/2026;;S
433;Diego Almeida;diego.almeida2006@yahoo.com.br;(27) 98711-5530;Serra;ES;05/02/2026;Google;N
434;Bruna Moreira;bruna.moreira@hotmail.com;(27) 98218-2185;CARIACICA;ES;10/04/2026;Instagram;N
435;MARCELO RODRIGUES;marcelo.rodrigues2006@gmail.com;(19) 99978-7178;Rio de Janeiro;RJ;24/06/2026;;Não
436;Leonardo Simões;leonardo.simoes@hotmail.com;(27) 98528-2106;Vitória;ES;05/05/2026;google ads;sim
437;Bruno Nascimento;bruno.nascimento1991@outlook.com;(27) 99435-5314;Vitória;ES;23/04/2026;google;S
438;Camila Martins;camila.martins@yahoo.com.br;;Vila Velha;ES;25/06/2026;Instagram;S
439;Mariana Rodrigues;mariana.rodrigues@gmail.com;(41) 98729-3555;Salvador;BA;13/04/2026;Google Ads;Sim
440;Rodrigo Pimentel;rodrigo.pimentel2004@gmail.com;(27) 98760-6167;Cariacica;ES;03/03/2026;Influenciadora;Sim
441;Débora Rodrigues;debora.rodrigues1987@gmail.com;(27) 99076-7933;Vitória;ES;21/05/2026;Google;Não
442;BRUNA SIMÕES;bruna.simoes@outlook.com;(27) 98646-1137;Cariacica;ES;17/01/2026;Google Ads;Sim
443;Beatriz Nascimento;beatriz.nascimento47@gmail.com;(27) 98538-4885;Guarapari;ES;18/04/2026;Meta Ads;Sim
444;JULIANA RIBEIRO;juliana.ribeiro1993@gmail.com;(27) 99749-7563;Serra;ES;25/06/2026;Instagram;S
445;Luíza Simões;luiza.simoes@gmail.com;(21) 99137-8081;Curitiba;PR;03/04/2026;Facebook;S
446;Larissa Martins;larissa.martins2@hotmail.com;;Vitória;ES;11/04/2026;;Sim
447;André Rodrigues;andre.rodrigues@hotmail.com;(27) 99414-3676;Vitória;ES;11/06/2026;Google;sim
448;Beatriz Gomes;beatriz.gomes96@gmail.com;(27) 99147-5222;Serra;ES;11/05/2026;;sim
449;Thaís Costa;thais.costa1998@icloud.com;(27) 98357-5663;GUARAPARI;ES;30/07/2026;Facebook;N
450;Renata Oliveira;renata.oliveira49@hotmail.com;(27) 99959-3373;Cachoeiro de Itapemirim;ES;19/09/2026;;Não
451;Thaís Moreira;thais.moreira@gmail.com;(27) 98467-6136;Serra;ES;22/06/2026;site;N
452;Caio Loureiro;caio.loureiro51@gmail.com;;São Paulo;SP;30/05/2026;Meta Ads;
453;Rafael Dalla Bernardina;rafael.dallabernardina31@gmail.com;(27) 98341-7505;Vila Velha;ES;05/04/2026;;Sim
454;Maria Silva;maria.silva1992@gmail.com;(27) 98537-3544;Vitória;ES;02/02/2026;;Não
455;Mariana Dalla Bernardina;mariana.dallabernardina1994@gmail.com;(27) 99078-3795;Vitória;ES;19/07/2026;instagram;N
456;Carlos Martins;carlos.martins60@outlook.com;(27) 98276-9835;Cariacica;ES;02/07/2026;Meta Ads;Sim
457;Fábio Ribeiro;fabio.ribeiro2000@outlook.com;(27) 99861-6688;Vila Velha;ES;22/08/2026;Meta Ads;
458;Leonardo Almeida;leonardo.almeida47@gmail.com;(27) 98021-1001;Vila Velha;ES;27/04/2026;google ads;sim
459;Juliana Barbosa;juliana.barbosa2@hotmail.com;(27) 98018-8052;Vila Velha;ES;11/03/2026;;
460;Diego Carvalho;diego.carvalho1993@hotmail.com;(27) 98511-3675;Serra;ES;29/04/2026;Instagram;
461;Bruno Rodrigues;bruno.rodrigues1993@gmail.com;(27) 99565-5454;Cariacica;ES;19/07/2026;Instagram;S
462;Vinícius Costa;vinicius.costa@gmail.com;(27) 99304-8460;Vitória;ES;30/09/2026;Facebook;S
463;Rodrigo Costa;rodrigo.costa@gmail.com;(27) 98045-4046;Guarapari;ES;20/05/2026;Google;Sim
464;Renata Dalla Bernardina;renata.dallabernardina@gmail.com;;Vitória;ES;25/05/2026;Indicação;sim
465;Rodrigo Carvalho;rodrigo.carvalho@gmail.com;(27) 99727-3393;Vitória;ES;09/06/2026;Instagram;
466;Juliana Pereira;juliana.pereira25@hotmail.com;(31) 98249-5078;Salvador;BA;20/07/2026;Instagram;N
467;Maria Costa;maria.costa@outlook.com;(21) 98968-7375;Belo Horizonte;MG;15/08/2026;google;N
468;Mateus Loureiro;mateus.loureiro1981@outlook.com;(27) 98250-5150;Cariacica;ES;09/06/2026;Google;sim
469;Maria Simões;maria.simoes@icloud.com;(27) 98664-1246;Serra;ES;02/06/2026;google ads;Sim
470;Bruna Ferreira;bruna.ferreira1981@hotmail.com;(41) 98317-7084;Rio de Janeiro;RJ;22/05/2026;Instagram;Não
471;Júlia Simões;julia.simoes1990@gmail.com;(27) 98728-3521;Vitória;ES;08/05/2026;Influenciadora;N
472;Priscila Loureiro;priscila.loureiro97@gmail.com;(27) 99411-7189;Vitória;ES;30/04/2026;;Não
473;Maria Martins;maria.martins1994@gmail.com;;Guarapari;ES;10/03/2026;;Sim
474;Patrícia Dalla Bernardina;patricia.dallabernardina1988@outlook.com;(27) 98141-9702;Vila Velha;ES;06/04/2026;Instagram;
475;Diego Carvalho;diego.carvalho1980@outlook.com;(27) 99502-4039;Serra;ES;01/06/2026;;N
476;Bruno Nascimento;bruno.nascimento1982@outlook.com;(19) 98388-9586;Salvador;BA;06/07/2026;;sim
477;Patrícia Ribeiro;patricia.ribeiro@gmail.com;(27) 99349-2092;Cariacica;ES;20/03/2026;;
478;Maria Moreira;maria.moreira83@icloud.com;(27) 99076-5193;Cariacica;ES;06/09/2026;instagram;N
479;Júlia Silva;julia.silva27@gmail.com;(27) 99640-1994;Cariacica;ES;24/04/2026;Instagram;Sim
480;Pedro Pimentel;pedro.pimentel@gmail.com;(11) 98159-4537;Salvador;BA;01/08/2026;Facebook;
481;Mariana Barbosa;mariana.barbosa@outlook.com;(21) 99167-3931;Belo Horizonte;MG;19/02/2026;;Não
482;Fábio Carvalho;fabio.carvalho1994@icloud.com;(27) 99808-2705;SERRA;ES;01/08/2026;google ads;
483;Débora Nascimento;debora.nascimento1985@yahoo.com.br;(27) 99911-6772;Cariacica;ES;03/04/2026;IG;Sim
484;Vinícius Merçon;vinicius.mercon1993@gmail.com;(27) 98492-9939;Colatina;ES;16/06/2026;;
485;Renata Gomes;renata.gomes1980@gmail.com;;Vila Velha;ES;11/05/2026;Meta Ads;sim
486;Mariana Costa;mariana.costa1980@gmail.com;(27) 99047-3534;Guarapari;ES;04/06/2026;;
487;Larissa Rodrigues;larissa.rodrigues@gmail.com;(27) 99661-5920;Vila Velha;ES;24/08/2026;Facebook;Não
488;FERNANDA DALLA BERNARDINA;fernanda.dallabernardina10@hotmail.com;(27) 98999-2562;Vila Velha;ES;24/07/2026;;S
489;Luíza Araújo;luiza.araujo@gmail.com;(27) 99801-8115;Serra;ES;03/06/2026;Google Ads;N
490;Bruno Dalla Bernardina;bruno.dallabernardina@icloud.com;(71) 98783-1886;Campinas;SP;03/03/2026;google;
491;LUÍZA LIMA;luiza.lima1996@gmail.com;(27) 98103-7436;Vitória;ES;22/01/2026;Meta Ads;N
492;Carolina Almeida;carolina.almeida@gmail.com;(27) 98974-1807;Vitória;ES;16/09/2026;Indicacao amigo;Não
493;Débora Ribeiro;debora.ribeiro@hotmail.com;;Guarapari;ES;15/05/2026;;sim
494;Débora Ferreira;debora.ferreira32@hotmail.com;(27) 99402-2467;Serra;ES;11/04/2026;Google;Sim
495;Aline Costa;aline.costa1991@icloud.com;(27) 99576-5994;Vitória;ES;31/07/2026;IG;sim
496;Renata Pimentel;renata.pimentel@gmail.com;(27) 99403-7124;Vila Velha;ES;29/06/2026;instagram;N
497;João Nascimento;joao.nascimento@gmail.com;;Cariacica;ES;17/03/2026;instagram;sim
498;Débora Merçon;debora.mercon34@yahoo.com.br;(21) 99423-1301;São Paulo;SP;19/04/2026;Facebook;
499;Camila Santos;camila.santos1986@yahoo.com.br;(27) 98108-8617;Vila Velha;ES;27/09/2026;Instagram;S
500;Letícia Simões;leticia.simoes@gmail.com;(27) 99776-7332;Vila Velha;ES;05/01/2026;;Não
501;Beatriz Nascimento;beatriz.nascimento1999@gmail.com;(27) 98407-9202;Vila Velha;ES;14/07/2026;IG;sim
502;Débora Almeida;debora.almeida43@gmail.com;(27) 98710-6765;Vitória;ES;12/01/2026;;Não
503;Débora Rodrigues;debora.rodrigues8@hotmail.com;(31) 99933-5590;Salvador;BA;04/06/2026;Meta Ads;N
504;Rafael Oliveira;rafael.oliveira1992@icloud.com;;Colatina;ES;24/06/2026;Meta Ads;
505;Gabriela Pimentel;gabriela.pimentel1994@gmail.com;(27) 99336-3270;Vila Velha;ES;20/03/2026;Google Ads;S
506;André Zanotti;andre.zanotti@hotmail.com;(21) 99343-3589;Campinas;SP;14/04/2026;google ads;S
507;Gabriel Pereira;gabriel.pereira@gmail.com;(11) 99802-7783;Campinas;SP;30/09/2026;Instagram;Não
508;Letícia Lima;leticia.lima@gmail.com;(27) 99561-5372;Vitória;ES;05/06/2026;;Sim
509;Mariana Simões;mariana.simoes@hotmail.com;(27) 99028-8680;Vitória;ES;29/04/2026;;
510;Bruna Martins;bruna.martins@gmail.com;(27) 98066-7694;Vila Velha;ES;11/07/2026;Influenciadora;Não
511;Bruno Dalla Bernardina;bruno.dallabernardina@gmail.com;(27) 99898-8197;Vila Velha;ES;08/01/2026;;N
512;Leonardo Ferreira;leonardo.ferreira@yahoo.com.br;(19) 99474-6126;São Paulo;SP;08/09/2026;Google;sim
513;Pedro Rocha;pedro.rocha14@gmail.com;(27) 99062-9812;Vila Velha;ES;26/09/2026;;N
514;Débora Merçon;debora.mercon@gmail.com;(27) 98815-5989;Cariacica;ES;21/01/2026;;Sim
515;Carolina Almeida;carolina.almeida1981@outlook.com;(27) 98949-8400;Vitória;ES;27/05/2026;influencer;Não
516;Luíza Zanotti;luiza.zanotti70@hotmail.com;(27) 98923-1408;Serra;ES;14/09/2026;;Sim
517;Lucas Rodrigues;lucas.rodrigues2002@gmail.com;(71) 98253-2494;RIO DE JANEIRO;RJ;14/04/2026;IG;
518;Lucas Rocha;lucas.rocha1992@outlook.com;;COLATINA;ES;19/08/2026;instagram;sim
519;Camila Nascimento;camila.nascimento@gmail.com;(27) 98366-1840;Vitória;ES;14/07/2026;Facebook;Não
520;LEONARDO ALMEIDA;leonardo.almeida@gmail.com;;Vila Velha;ES;08/06/2026;;N
521;Diego Silva;diego.silva@gmail.com;(27) 99350-8794;Linhares;ES;12/09/2026;;Sim
522;Thaís Silva;thais.silva32@yahoo.com.br;(27) 99141-4401;Cachoeiro de Itapemirim;ES;15/08/2026;;N
523;Maria Simões;maria.simoes2006@gmail.com;(27) 99884-2436;Serra;ES;28/06/2026;IG;Não
524;Mateus Simões;mateus.simoes1999@yahoo.com.br;(27) 99612-3906;Linhares;ES;02/08/2026;instagram;Sim
525;Lucas Merçon;lucas.mercon39@hotmail.com;;Salvador;BA;04/07/2026;indicacao;
526;Larissa Souza;larissa.souza89@outlook.com;(27) 99074-4438;Serra;ES;03/02/2026;;Não
527;Débora Oliveira;debora.oliveira2003@yahoo.com.br;(71) 98588-7996;Curitiba;PR;30/01/2026;Google;
528;Luíza Pimentel;luiza.pimentel1984@yahoo.com.br;(27) 99064-9154;Cariacica;ES;12/06/2026;Google Shopping;N
529;BRUNO ZANOTTI;bruno.zanotti@gmail.com;(27) 98952-2932;Vitória;ES;03/04/2026;Google Ads;Sim
530;Vinícius Ribeiro;vinicius.ribeiro6@outlook.com;(71) 98434-1185;Curitiba;PR;17/04/2026;influencer;
531;Júlia Almeida;julia.almeida1996@gmail.com;(31) 98233-6460;Campinas;SP;25/05/2026;;S
532;Felipe Nascimento;felipe.nascimento44@hotmail.com;(31) 99322-3224;Curitiba;PR;15/01/2026;Facebook;sim
533;Diego Nascimento;diego.nascimento60@gmail.com;(41) 98613-6169;Salvador;BA;24/08/2026;google ads;
534;Patrícia Carvalho;patricia.carvalho9@gmail.com;(27) 98768-9753;Serra;ES;10/01/2026;Google Ads;
535;Beatriz Merçon;beatriz.mercon40@gmail.com;;Vila Velha;ES;19/07/2026;Google;Sim
536;Gabriela Costa;gabriela.costa@gmail.com;(27) 99607-1612;Serra;ES;02/05/2026;;S
537;Rafael Costa;rafael.costa1995@outlook.com;(27) 99588-6363;Vila Velha;ES;13/01/2026;Influenciadora;Sim
538;Rafael Costa;rafael.costa93@hotmail.com;(41) 98237-1067;Rio de Janeiro;RJ;20/02/2026;Facebook;sim
539;Caio Oliveira;caio.oliveira@gmail.com;(27) 99569-6119;Cariacica;ES;23/01/2026;Meta Ads;N
540;Felipe Nascimento;felipe.nascimento26@gmail.com;(27) 98653-8227;Guarapari;ES;09/06/2026;IG;sim
541;Letícia Souza;leticia.souza1999@outlook.com;(27) 98423-9888;Vitória;ES;20/05/2026;Google Shopping;Não
542;Gabriela Moreira;gabriela.moreira@gmail.com;(27) 99827-6549;Colatina;ES;13/06/2026;Meta Ads;S
543;JULIANA SIMÕES;juliana.simoes7@gmail.com;(27) 98873-7421;Vitória;ES;26/01/2026;Google Ads;N
544;Gabriela Nascimento;gabriela.nascimento2002@outlook.com;(27) 99994-8629;Vitória;ES;17/08/2026;Facebook;Não
545;Leonardo Souza;leonardo.souza1989@icloud.com;(19) 98963-4796;Rio de Janeiro;RJ;17/02/2026;Google Ads;Sim
546;Caio Rodrigues;caio.rodrigues@icloud.com;(27) 99615-6320;Serra;ES;15/03/2026;indicacao;
547;Beatriz Carvalho;beatriz.carvalho@gmail.com;(11) 99237-3087;Campinas;SP;16/01/2026;Google Ads;Sim
548;Gabriel Nascimento;gabriel.nascimento@gmail.com;(27) 98944-7566;Guarapari;ES;27/07/2026;google ads;Sim
549;DIEGO PEREIRA;diego.pereira@gmail.com;(27) 99666-8063;Vila Velha;ES;03/05/2026;;sim
550;Patrícia Barbosa;patricia.barbosa@icloud.com;(31) 99514-8972;Belo Horizonte;MG;11/08/2026;;Sim
551;Beatriz Gomes;beatriz.gomes23@gmail.com;(27) 98222-7208;Colatina;ES;26/08/2026;Instagram;
552;Larissa Moreira;larissa.moreira@gmail.com;(21) 98927-9704;Belo Horizonte;MG;01/02/2026;Facebook;Sim
553;Patrícia Almeida;patricia.almeida2005@gmail.com;(27) 99470-6640;Serra;ES;17/08/2026;Instagram;
554;Débora Araújo;debora.araujo@gmail.com;(27) 99982-1870;Guarapari;ES;05/01/2026;;Sim
555;Gabriela Silva;gabriela.silva1993@yahoo.com.br;(27) 99280-6212;Serra;ES;03/07/2026;Meta Ads;sim
556;Priscila Costa;priscila.costa85@gmail.com;(27) 99137-7301;Vila Velha;ES;27/07/2026;;Não
557;Rafael Almeida;rafael.almeida@gmail.com;(27) 99327-1257;Vitória;ES;04/07/2026;;sim
558;Rafael Oliveira;rafael.oliveira18@hotmail.com;(71) 99237-7974;Curitiba;PR;07/09/2026;instagram;
559;Priscila Gomes;priscila.gomes@gmail.com;(27) 99238-1121;Serra;ES;21/08/2026;Google Shopping;
560;Thiago Ribeiro;thiago.ribeiro70@gmail.com;(27) 99163-8917;VITÓRIA;ES;02/05/2026;Google Ads;S
561;Thiago Gomes;thiago.gomes1982@yahoo.com.br;(27) 98502-8740;Vitória;ES;27/09/2026;;
562;Diego Moreira;diego.moreira@gmail.com;(27) 99594-1176;Guarapari;ES;09/02/2026;;
563;Fábio Dalla Bernardina;fabio.dallabernardina43@gmail.com;(27) 98343-1578;Vila Velha;ES;20/09/2026;Google;sim
564;Fábio Rodrigues;fabio.rodrigues8@yahoo.com.br;(27) 99173-1845;Vila Velha;ES;05/06/2026;Google Shopping;Não
565;Caio Silva;caio.silva@gmail.com;(27) 98157-5552;Cariacica;ES;30/05/2026;Google Shopping;Não
566;Letícia Silva;leticia.silva1983@gmail.com;(27) 99513-3476;Linhares;ES;24/05/2026;Facebook;sim
567;Thiago Zanotti;thiago.zanotti@outlook.com;(27) 98702-2382;Vitória;ES;09/07/2026;Google;Sim
568;Vinícius Merçon;vinicius.mercon1987@hotmail.com;(71) 98342-4454;SÃO PAULO;SP;20/03/2026;Indicacao amigo;
569;Letícia Merçon;leticia.mercon@hotmail.com;(27) 98975-5937;Serra;ES;26/06/2026;Google;N
570;Bruna Martins;bruna.martins1984@hotmail.com;(27) 98591-8353;Vitória;ES;30/09/2026;;
571;Pedro Souza;pedro.souza69@hotmail.com;(27) 99880-5466;Colatina;ES;11/06/2026;google;
572;Thiago Loureiro;thiago.loureiro75@icloud.com;(21) 99503-4193;São Paulo;SP;17/05/2026;;sim
573;Ana Simões;ana.simoes@gmail.com;(27) 98200-9605;Serra;ES;03/04/2026;Google Ads;S
574;Gabriela Rodrigues;gabriela.rodrigues@yahoo.com.br;;Vitória;ES;17/08/2026;Meta Ads;Sim
575;Gabriel Oliveira;gabriel.oliveira78@icloud.com;(71) 99159-4027;Campinas;SP;04/03/2026;;sim
576;Renata Simões;renata.simoes10@gmail.com;(19) 99417-6298;Campinas;SP;05/04/2026;site;Não
577;Thiago Rodrigues;thiago.rodrigues@hotmail.com;(27) 99249-7432;Vila Velha;ES;20/06/2026;Instagram;N
578;Priscila Merçon;priscila.mercon1986@icloud.com;(27) 99869-8234;Vitória;ES;09/09/2026;instagram;
579;João Martins;joao.martins2000@gmail.com;(27) 99361-7397;Vitória;ES;09/05/2026;;S
580;Fábio Silva;fabio.silva66@hotmail.com;(27) 98827-2148;Serra;ES;18/06/2026;IG;sim
581;Juliana Souza;juliana.souza73@gmail.com;(11) 98820-1904;Belo Horizonte;MG;02/01/2026;Google Ads;S
582;Patrícia Oliveira;patricia.oliveira59@icloud.com;(27) 98361-1644;Vila Velha;ES;16/02/2026;;Sim
583;BRUNA SOUZA;bruna.souza81@hotmail.com;;Vitória;ES;08/04/2026;Indicacao amigo;Não
584;Juliana Araújo;juliana.araujo2005@icloud.com;(27) 99023-9748;Vila Velha;ES;13/01/2026;Instagram;sim
585;João Santos;joao.santos44@gmail.com;(27) 98242-4468;Serra;ES;19/08/2026;indicacao;S
586;Priscila Lima;priscila.lima@gmail.com;(27) 99506-3319;Vitória;ES;25/09/2026;;S
587;Thaís Santos;thais.santos2002@gmail.com;(27) 98352-1818;Vitória;ES;10/01/2026;;Sim
588;Camila Moreira;camila.moreira@gmail.com;;Cariacica;ES;19/02/2026;;N
589;Bruna Nascimento;bruna.nascimento2001@outlook.com;(27) 98658-4493;Vitória;ES;14/04/2026;Meta Ads;N
590;Aline Barbosa;aline.barbosa@yahoo.com.br;(27) 98273-2637;Vitória;ES;01/08/2026;influencer;Sim
591;João Martins;joao.martins@gmail.com;(27) 99447-5648;Vitória;ES;12/07/2026;Instagram;
592;Felipe Lima;felipe.lima1988@hotmail.com;(27) 98489-3859;Serra;ES;01/09/2026;Google;Sim
593;Juliana Pimentel;juliana.pimentel12@gmail.com;(27) 98009-4860;Serra;ES;20/01/2026;Google Shopping;sim
594;Caio Carvalho;caio.carvalho1997@gmail.com;(27) 99577-4409;Cariacica;ES;29/09/2026;instagram;Sim
595;Larissa Simões;larissa.simoes@gmail.com;(31) 98110-6966;Belo Horizonte;MG;10/04/2026;Meta Ads;Não
596;Thaís Merçon;thais.mercon@gmail.com;(27) 98360-3589;Guarapari;ES;11/08/2026;IG;sim
597;Júlia Ferreira;julia.ferreira1994@yahoo.com.br;(27) 98858-4256;Serra;ES;06/09/2026;;S
598;Beatriz Nascimento;beatriz.nascimento@hotmail.com;(27) 98769-4615;Vila Velha;ES;16/06/2026;;Não
599;Carolina Lima;carolina.lima28@gmail.com;(27) 98764-3234;Serra;ES;06/09/2026;IG;N
600;Thiago Costa;thiago.costa@yahoo.com.br;(27) 98574-3236;Vitória;ES;10/04/2026;google;S
601;Camila Merçon;camila.mercon44@yahoo.com.br;(27) 99616-3784;Vila Velha;ES;27/08/2026;Facebook;Sim
602;Débora Martins;debora.martins28@hotmail.com;(27) 98029-8014;Vila Velha;ES;28/04/2026;;S
603;Carolina Moreira;carolina.moreira@yahoo.com.br;(27) 98855-1724;Vitória;ES;07/05/2026;Influenciadora;
604;Marcelo Santos;marcelo.santos55@hotmail.com;(71) 99682-2605;Curitiba;PR;29/08/2026;instagram;
605;Ana Zanotti;ana.zanotti@gmail.com;;Serra;ES;04/05/2026;google;Sim
606;Gabriela Pereira;gabriela.pereira1994@yahoo.com.br;(27) 99999-8452;Vitória;ES;16/02/2026;Google;Não
607;Gustavo Pereira;gustavo.pereira48@icloud.com;(27) 99762-2158;Vitória;ES;12/03/2026;google;sim
608;Gabriela Ribeiro;gabriela.ribeiro1988@yahoo.com.br;(27) 99178-4393;Guarapari;ES;20/06/2026;google;sim
609;Maria Rocha;maria.rocha@gmail.com;(27) 98748-8624;Serra;ES;11/02/2026;Instagram;
610;Priscila Zanotti;priscila.zanotti1997@gmail.com;(27) 98685-4909;Vitória;ES;07/07/2026;Google;Sim
611;Fábio Zanotti;fabio.zanotti2004@gmail.com;(27) 98722-5380;Serra;ES;02/09/2026;google ads;S
612;Júlia Carvalho;julia.carvalho45@outlook.com;(27) 99698-3010;Cariacica;ES;05/08/2026;;S
613;Diego Almeida;diego.almeida58@icloud.com;(31) 98385-8501;RIO DE JANEIRO;RJ;30/09/2026;Google Ads;S
614;André Oliveira;andre.oliveira14@gmail.com;(21) 99016-3465;RIO DE JANEIRO;RJ;20/07/2026;IG;S
615;João Almeida;joao.almeida2001@gmail.com;(27) 98710-7883;Cariacica;ES;24/09/2026;;
616;Júlia Silva;julia.silva2006@icloud.com;(27) 98843-6616;Serra;ES;11/01/2026;google;
617;Débora Barbosa;debora.barbosa57@yahoo.com.br;(27) 99839-6021;Vitória;ES;17/06/2026;Google;Não
618;Aline Almeida;aline.almeida@gmail.com;(27) 98933-3725;Vila Velha;ES;14/05/2026;instagram;S
619;André Pereira;andre.pereira2006@icloud.com;(21) 98330-4897;Curitiba;PR;24/03/2026;Google Shopping;Não
620;Renata Rodrigues;renata.rodrigues@outlook.com;(31) 99363-6192;Rio de Janeiro;RJ;12/06/2026;instagram;
621;Priscila Pereira;priscila.pereira@gmail.com;(27) 99906-9182;Serra;ES;17/03/2026;Indicação;N
622;Rafael Silva;rafael.silva1997@gmail.com;(27) 99444-5842;Cachoeiro de Itapemirim;ES;23/08/2026;Instagram;N
623;Fábio Simões;fabio.simoes2005@hotmail.com;(27) 99411-2840;Serra;ES;29/05/2026;;Não
624;Mariana Gomes;mariana.gomes46@gmail.com;(27) 99313-4197;Colatina;ES;25/07/2026;Influenciadora;
625;Thiago Costa;thiago.costa1982@hotmail.com;(71) 99961-2431;BELO HORIZONTE;MG;24/04/2026;Google;N
626;Patrícia Pimentel;patricia.pimentel@icloud.com;(27) 98814-3423;Serra;ES;21/07/2026;Indicacao amigo;
627;Aline Silva;aline.silva37@gmail.com;(27) 99790-2435;Cariacica;ES;07/08/2026;;S
628;Vinícius Gomes;vinicius.gomes1985@hotmail.com;(19) 98285-2410;SÃO PAULO;SP;16/08/2026;instagram;
629;Débora Nascimento;debora.nascimento9@gmail.com;(27) 98838-5478;Vitória;ES;05/06/2026;;sim
630;RAFAEL COSTA;rafael.costa24@gmail.com;(27) 99004-1691;Guarapari;ES;25/08/2026;;N
631;André Martins;andre.martins72@gmail.com;(27) 99620-1040;Vitória;ES;04/06/2026;;Sim
632;RODRIGO SOUZA;rodrigo.souza84@hotmail.com;(27) 99007-5009;Vila Velha;ES;03/06/2026;Instagram;sim
633;Júlia Pimentel;julia.pimentel1991@hotmail.com;(27) 98893-5225;Linhares;ES;22/05/2026;Facebook;Não
634;Gabriel Carvalho;gabriel.carvalho2003@gmail.com;;Vila Velha;ES;01/09/2026;Google Shopping;Sim
635;Rafael Carvalho;rafael.carvalho21@gmail.com;(27) 99303-6832;Serra;ES;25/08/2026;instagram;Não
636;Júlia Rocha;julia.rocha2004@gmail.com;(31) 99226-3738;Campinas;SP;30/05/2026;instagram;Não
637;André Rodrigues;andre.rodrigues2002@gmail.com;(27) 99094-6761;Vitória;ES;11/06/2026;;Sim
638;Juliana Ribeiro;juliana.ribeiro@gmail.com;(27) 99030-4622;Vitória;ES;25/05/2026;Influenciadora;S
639;Diego Zanotti;diego.zanotti@hotmail.com;(27) 99876-2251;Cariacica;ES;27/09/2026;;S
640;Gabriela Zanotti;gabriela.zanotti47@yahoo.com.br;(27) 99563-6604;Cariacica;ES;09/03/2026;instagram;sim
641;Beatriz Ferreira;beatriz.ferreira@gmail.com;(27) 98256-4438;Vila Velha;ES;05/06/2026;Instagram;S
642;Pedro Costa;pedro.costa1981@outlook.com;;Linhares;ES;05/09/2026;Facebook;Não
643;Gabriela Simões;gabriela.simoes@gmail.com;(27) 98420-4277;Colatina;ES;10/05/2026;IG;sim
644;Larissa Dalla Bernardina;larissa.dallabernardina36@gmail.com;;Vila Velha;ES;29/06/2026;Instagram;N
645;Júlia Souza;julia.souza@outlook.com;(27) 99465-4138;Vila Velha;ES;04/05/2026;Influenciadora;
646;Diego Silva;diego.silva@outlook.com;(19) 98750-4033;Rio de Janeiro;RJ;29/03/2026;indicacao;Sim
647;Aline Araújo;aline.araujo1986@gmail.com;(27) 98231-6149;Serra;ES;24/02/2026;Google Ads;S
648;André Barbosa;andre.barbosa@gmail.com;(27) 98236-7304;Cariacica;ES;11/09/2026;;N
649;Leonardo Ferreira;leonardo.ferreira71@hotmail.com;(27) 99754-2140;Vila Velha;ES;09/06/2026;Facebook;
650;Eduardo Pereira;eduardo.pereira2@icloud.com;(27) 98811-8177;Vitória;ES;01/09/2026;Site;sim
651;Bruna Araújo;bruna.araujo@gmail.com;(27) 98744-4261;Vitória;ES;13/02/2026;google ads;Sim
652;CAROLINA DALLA BERNARDINA;carolina.dallabernardina1988@yahoo.com.br;(27) 98559-7557;Linhares;ES;26/07/2026;Facebook;sim
653;Marcelo Rodrigues;marcelo.rodrigues19@gmail.com;(27) 98513-9017;Vitória;ES;27/07/2026;;Não
654;Maria Oliveira;maria.oliveira@gmail.com;(27) 99238-6356;Serra;ES;10/03/2026;Google Ads;
655;Marcelo Merçon;marcelo.mercon64@gmail.com;(27) 99355-9157;Vila Velha;ES;19/02/2026;;Sim
656;Priscila Barbosa;priscila.barbosa@hotmail.com;(27) 98785-8374;Vitória;ES;14/05/2026;google ads;Não
657;Maria Santos;maria.santos1997@gmail.com;(21) 99006-8056;Rio de Janeiro;RJ;12/07/2026;Facebook;sim
658;Beatriz Moreira;beatriz.moreira1995@outlook.com;(41) 99171-8697;Belo Horizonte;MG;19/07/2026;instagram;
659;Bruna Rodrigues;bruna.rodrigues64@yahoo.com.br;(11) 99569-5660;Belo Horizonte;MG;22/03/2026;google;Não
660;Larissa Carvalho;larissa.carvalho2005@yahoo.com.br;(27) 99567-6591;Vitória;ES;15/01/2026;Facebook;S
661;Aline Ribeiro;aline.ribeiro1981@gmail.com;(27) 98480-6113;Vila Velha;ES;08/08/2026;;sim
662;Gabriel Nascimento;gabriel.nascimento1980@gmail.com;(27) 98943-7921;Vitória;ES;03/02/2026;;
663;Juliana Moreira;juliana.moreira3@yahoo.com.br;;Serra;ES;04/08/2026;;Não
664;Juliana Rocha;juliana.rocha98@gmail.com;(27) 98613-6952;Colatina;ES;21/02/2026;Influenciadora;S
665;Júlia Barbosa;julia.barbosa28@gmail.com;(27) 99174-7586;Vila Velha;ES;14/04/2026;indicacao;Sim
666;Luíza Nascimento;luiza.nascimento1982@outlook.com;(27) 98874-4436;Cariacica;ES;17/02/2026;;Não
667;André Rocha;andre.rocha1993@outlook.com;(27) 98409-7788;Serra;ES;09/02/2026;Meta Ads;Não
668;Priscila Pereira;priscila.pereira2000@outlook.com;;Vila Velha;ES;21/09/2026;Google;sim
669;Priscila Pimentel;priscila.pimentel1993@icloud.com;(27) 99069-4287;Vitória;ES;28/08/2026;Instagram;Não
670;Gabriela Ribeiro;gabriela.ribeiro@icloud.com;(27) 99732-7757;Vila Velha;ES;17/03/2026;;sim
671;Thiago Simões;thiago.simoes77@gmail.com;;Vitória;ES;27/05/2026;instagram;
672;Priscila Ribeiro;priscila.ribeiro@gmail.com;(27) 98558-3235;Vila Velha;ES;08/06/2026;;sim
673;Mateus Loureiro;mateus.loureiro6@gmail.com;(27) 99760-2375;VITÓRIA;ES;23/05/2026;instagram;Não
674;Vinícius Carvalho;vinicius.carvalho@hotmail.com;(71) 99725-3302;Salvador;BA;02/06/2026;Facebook;Não
675;Marcelo Simões;marcelo.simoes2004@gmail.com;(27) 99811-2478;Cariacica;ES;14/09/2026;Instagram;sim
676;Luíza Dalla Bernardina;luiza.dallabernardina2005@gmail.com;(27) 98446-3363;Serra;ES;04/03/2026;Instagram;N
677;Leonardo Ribeiro;leonardo.ribeiro@hotmail.com;;Guarapari;ES;20/04/2026;Meta Ads;Sim
678;Mariana Rodrigues;mariana.rodrigues19@gmail.com;(11) 98043-1570;Salvador;BA;05/08/2026;Facebook;Não
679;Bruno Rodrigues;bruno.rodrigues71@icloud.com;(11) 99849-2999;Rio de Janeiro;RJ;28/01/2026;Site;sim
680;Gustavo Silva;gustavo.silva51@gmail.com;(21) 98609-4446;Salvador;BA;02/05/2026;Google;
681;Carlos Merçon;carlos.mercon@gmail.com;(27) 99685-9055;Vitória;ES;24/03/2026;;Não
682;Carlos Zanotti;carlos.zanotti@gmail.com;(11) 99036-2087;Rio de Janeiro;RJ;31/07/2026;google;sim
683;Ana Merçon;ana.mercon2000@gmail.com;(27) 98908-3229;Cachoeiro de Itapemirim;ES;17/06/2026;;S
684;CARLOS MOREIRA;carlos.moreira628@icloud.com;(21) 99734-7722;Campinas;SP;13/04/2026;Facebook;S
685;Larissa Rodrigues;larissa.rodrigues2001@gmail.com;(11) 98406-2382;Curitiba;PR;13/06/2026;influencer;N
686;Bruna Moreira;bruna.moreira@outlook.com;(27) 99253-4747;CACHOEIRO DE ITAPEMIRIM;ES;04/04/2026;google;S
687;Camila Santos;camila.santos52@yahoo.com.br;(27) 98305-2459;Vila Velha;ES;25/08/2026;Google;N
688;Gabriel Silva;gabriel.silva92@hotmail.com;(71) 99012-2941;Salvador;BA;29/03/2026;Indicacao amigo;N
689;Letícia Almeida;leticia.almeida96@gmail.com;(27) 99753-4385;Serra;ES;15/04/2026;instagram;N
690;Felipe Ribeiro;felipe.ribeiro@gmail.com;(27) 99999-5289;Vila Velha;ES;25/05/2026;Google;Não
691;Eduardo Moreira;eduardo.moreira88@gmail.com;(27) 98960-3182;Vitória;ES;19/08/2026;Instagram;S
692;Gustavo Zanotti;gustavo.zanotti2003@gmail.com;(27) 98195-1962;Vitória;ES;23/07/2026;Site;Sim
693;Aline Pimentel;aline.pimentel2005@gmail.com;(27) 98519-9266;Vitória;ES;01/05/2026;Facebook;S
694;Eduardo Lima;eduardo.lima1981@gmail.com;(27) 98347-9253;Vila Velha;ES;04/06/2026;Google Shopping;Sim
695;Rafael Oliveira;rafael.oliveira2002@hotmail.com;(27) 98533-2914;Vitória;ES;23/06/2026;google ads;Não
696;LETÍCIA DALLA BERNARDINA;leticia.dallabernardina47@gmail.com;(27) 99698-5321;Colatina;ES;07/03/2026;Facebook;sim
697;Carlos Dalla Bernardina;carlos.dallabernardina@outlook.com;(71) 99634-8208;Belo Horizonte;MG;12/08/2026;Google;N
698;Letícia Pereira;leticia.pereira91@gmail.com;(27) 98083-8233;Cariacica;ES;04/04/2026;;
699;Beatriz Dalla Bernardina;beatriz.dallabernardina19@gmail.com;(27) 99778-5654;Vila Velha;ES;06/09/2026;Instagram;N
700;Fábio Simões;fabio.simoes1986@gmail.com;(27) 99570-3958;Cariacica;ES;28/03/2026;Facebook;
701;Juliana Simões;juliana.simoes@gmail.com;;Belo Horizonte;MG;09/02/2026;;Não
702;Rafael Silva;rafael.silva1994@icloud.com;(27) 98929-5412;Cariacica;ES;24/02/2026;Instagram;S
703;Maria Loureiro;maria.loureiro80@yahoo.com.br;(27) 98432-1797;Vitória;ES;03/01/2026;google ads;Sim
704;Maria Dalla Bernardina;maria.dallabernardina1997@hotmail.com;(27) 98816-5180;Vitória;ES;25/05/2026;Influenciadora;
705;Fernanda Pereira;fernanda.pereira50@gmail.com;(27) 99541-3525;Cachoeiro de Itapemirim;ES;24/07/2026;Meta Ads;Sim
706;ANDRÉ SIMÕES;andre.simoes78@icloud.com;(27) 99704-7020;Vitória;ES;09/09/2026;Meta Ads;N
707;Bruna Martins;bruna.martins1998@hotmail.com;(27) 99549-7922;Vitória;ES;08/09/2026;google ads;sim
708;Carolina Oliveira;carolina.oliveira6@hotmail.com;(21) 99326-3540;Belo Horizonte;MG;06/04/2026;Influenciadora;Sim
709;Marcelo Oliveira;marcelo.oliveira38@gmail.com;(19) 98615-3434;Curitiba;PR;27/09/2026;;N
710;Marcelo Ribeiro;marcelo.ribeiro@outlook.com;(27) 99878-1738;Vitória;ES;03/06/2026;indicacao;N
711;Beatriz Gomes;beatriz.gomes2003@gmail.com;(27) 98521-2339;Serra;ES;19/09/2026;google ads;sim
712;Camila Araújo;camila.araujo6@gmail.com;(27) 99202-8454;Serra;ES;25/08/2026;Instagram;S
713;Thiago Nascimento;thiago.nascimento@gmail.com;(41) 98531-2742;São Paulo;SP;19/08/2026;influencer;
714;Beatriz Silva;beatriz.silva22@hotmail.com;(19) 99779-8974;Rio de Janeiro;RJ;10/01/2026;google;sim
715;Gustavo Almeida;gustavo.almeida@gmail.com;(27) 98229-1260;Vila Velha;ES;04/07/2026;Meta Ads;Sim
716;Felipe Martins;felipe.martins1984@gmail.com;(27) 99724-9824;Serra;ES;07/04/2026;;
717;Rafael Martins;rafael.martins@gmail.com;(27) 99513-8295;Vitória;ES;04/06/2026;Instagram;S
718;Renata Moreira;renata.moreira32@yahoo.com.br;(19) 98104-6469;Salvador;BA;30/08/2026;indicacao;sim
719;Rodrigo Dalla Bernardina;rodrigo.dallabernardina1999@outlook.com;(27) 98075-8987;Vila Velha;ES;10/08/2026;Meta Ads;
720;Thaís Simões;thais.simoes1987@gmail.com;(27) 98038-7914;Cariacica;ES;20/09/2026;;Não
721;CAROLINA MARTINS;carolina.martins1995@icloud.com;(27) 98918-8147;Serra;ES;02/02/2026;;sim
722;Rodrigo Carvalho;rodrigo.carvalho1987@gmail.com;(27) 99861-6556;Linhares;ES;28/05/2026;;sim
723;Gabriela Dalla Bernardina;gabriela.dallabernardina92@icloud.com;(27) 99504-6902;Cachoeiro de Itapemirim;ES;28/08/2026;;
724;Júlia Simões;julia.simoes@gmail.com;(27) 99240-9063;Vila Velha;ES;24/03/2026;;N
725;Rodrigo Almeida;rodrigo.almeida1986@gmail.com;(27) 98734-5273;Vitória;ES;01/08/2026;Meta Ads;
726;Débora Santos;debora.santos9@gmail.com;(27) 98464-2977;Colatina;ES;23/03/2026;Facebook;S
727;Patrícia Carvalho;patricia.carvalho1981@gmail.com;(27) 99747-9444;Vitória;ES;07/09/2026;;S
728;Leonardo Gomes;leonardo.gomes@yahoo.com.br;(27) 99601-2669;Colatina;ES;23/02/2026;Google Shopping;Não
729;Eduardo Pereira;eduardo.pereira1989@hotmail.com;;Campinas;SP;27/03/2026;;sim
730;Larissa Souza;larissa.souza26@gmail.com;(27) 99709-8760;Vila Velha;ES;06/07/2026;Instagram;N
731;Letícia Carvalho;leticia.carvalho92@gmail.com;(27) 99361-5021;Cachoeiro de Itapemirim;ES;16/09/2026;Instagram;
732;Mariana Lima;mariana.lima55@hotmail.com;;CARIACICA;ES;29/09/2026;Instagram;sim
733;Ana Zanotti;ana.zanotti422@hotmail.com;;Campinas;SP;15/08/2026;indicacao;S
734;Rafael Moreira;rafael.moreira2000@icloud.com;(27) 99992-5845;Cariacica;ES;19/01/2026;Google;S
735;CARLOS CARVALHO;carlos.carvalho2@outlook.com;(27) 99885-3406;Colatina;ES;05/06/2026;Google Ads;sim
736;Diego Pimentel;diego.pimentel80@gmail.com;(71) 98828-4232;Curitiba;PR;17/08/2026;Instagram;N
737;Patrícia Araújo;patricia.araujo2003@gmail.com;(27) 99107-5651;Cariacica;ES;13/02/2026;Site;S
738;Débora Nascimento;debora.nascimento@gmail.com;;Vitória;ES;19/09/2026;instagram;S
739;ANDRÉ DALLA BERNARDINA;andre.dallabernardina@gmail.com;(11) 98531-9314;Salvador;BA;04/05/2026;google ads;Sim
740;Gabriel Gomes;gabriel.gomes1998@gmail.com;(27) 98694-4868;Cariacica;ES;25/01/2026;Meta Ads;N
741;Gabriela Simões;gabriela.simoes1998@gmail.com;(19) 99064-5057;Rio de Janeiro;RJ;30/04/2026;;N
742;Aline Gomes;aline.gomes1984@hotmail.com;(19) 98167-2511;Salvador;BA;22/09/2026;Meta Ads;Sim
743;Débora Araújo;debora.araujo1997@hotmail.com;(27) 99196-9172;Vila Velha;ES;17/08/2026;Instagram;N
744;RODRIGO DALLA BERNARDINA;rodrigo.dallabernardina@gmail.com;;Cariacica;ES;14/08/2026;Google Shopping;sim
745;Débora Souza;debora.souza89@hotmail.com;(27) 99528-3569;Vitória;ES;08/03/2026;Instagram;N
746;Gabriel Pimentel;gabriel.pimentel@gmail.com;(27) 98593-1659;Linhares;ES;09/07/2026;indicacao;S
747;Aline Almeida;aline.almeida245@yahoo.com.br;(27) 98099-5999;Serra;ES;02/03/2026;Google Ads;S
748;Juliana Silva;juliana.silva16@gmail.com;(27) 98855-8883;Vitória;ES;21/04/2026;;
749;Gustavo Martins;gustavo.martins2006@gmail.com;(21) 99033-8551;Campinas;SP;20/08/2026;Google;Não
750;Patrícia Oliveira;patricia.oliveira2001@hotmail.com;(27) 98476-7478;Serra;ES;18/08/2026;;S
751;Leonardo Dalla Bernardina;leonardo.dallabernardina@gmail.com;(31) 99171-6060;Rio de Janeiro;RJ;24/01/2026;Facebook;S
752;Lucas Costa;lucas.costa1997@gmail.com;;Linhares;ES;05/03/2026;;Não
753;Gabriel Simões;gabriel.simoes@gmail.com;(21) 98502-8278;Curitiba;PR;15/09/2026;;S
754;Maria Martins;maria.martins3@gmail.com;(27) 98049-9649;Serra;ES;14/06/2026;instagram;Sim
755;Beatriz Barbosa;beatriz.barbosa@gmail.com;(27) 99573-2468;Vila Velha;ES;12/05/2026;;
756;Pedro Pimentel;pedro.pimentel405@hotmail.com;;Vitória;ES;28/07/2026;Meta Ads;sim
757;BEATRIZ SANTOS;beatriz.santos1987@yahoo.com.br;(27) 99009-9333;Vila Velha;ES;15/06/2026;google;N
758;Thiago Santos;thiago.santos1994@hotmail.com;(27) 98991-1473;Vitória;ES;17/07/2026;;Sim
759;João Rodrigues;joao.rodrigues1998@gmail.com;;Vila Velha;ES;30/04/2026;google;N
760;Débora Costa;debora.costa1991@gmail.com;(21) 99100-7942;Curitiba;PR;28/07/2026;Meta Ads;N
761;Renata Pimentel;renata.pimentel161@hotmail.com;(27) 99224-5110;Vila Velha;ES;20/08/2026;Indicação;
762;Felipe Moreira;felipe.moreira@gmail.com;(41) 99153-2145;São Paulo;SP;14/07/2026;;sim
763;RAFAEL DALLA BERNARDINA;rafael.dallabernardina72@gmail.com;(27) 99033-6215;Colatina;ES;22/07/2026;Meta Ads;
764;LEONARDO RODRIGUES;leonardo.rodrigues32@gmail.com;(27) 98941-6381;Vila Velha;ES;25/06/2026;site;N
765;Juliana Silva;juliana.silva@hotmail.com;(27) 99833-9011;Guarapari;ES;10/03/2026;IG;S
766;Lucas Barbosa;lucas.barbosa2006@hotmail.com;(31) 98722-7166;Belo Horizonte;MG;11/02/2026;;S
767;Ana Souza;ana.souza@hotmail.com;(27) 98453-1324;Vitória;ES;03/07/2026;Instagram;Não
768;Thaís Loureiro;thais.loureiro2005@gmail.com;(27) 99011-6947;Vila Velha;ES;03/07/2026;;
769;Caio Costa;caio.costa1986@hotmail.com;(27) 99781-5544;Vitória;ES;10/09/2026;IG;sim
770;Fernanda Simões;fernanda.simoes1998@icloud.com;(27) 99157-3875;Colatina;ES;10/09/2026;Google;Não
771;Luíza Ferreira;luiza.ferreira67@gmail.com;(31) 99986-9731;Belo Horizonte;MG;07/03/2026;Meta Ads;S
772;Carolina Loureiro;carolina.loureiro@gmail.com;(27) 99729-7666;Serra;ES;21/08/2026;;Não
773;Aline Rocha;aline.rocha1981@gmail.com;(27) 98569-7882;Vitória;ES;23/09/2026;Instagram;
774;Fernanda Nascimento;fernanda.nascimento@gmail.com;(19) 99961-2219;Rio de Janeiro;RJ;11/06/2026;google ads;N
775;Gabriela Oliveira;gabriela.oliveira@gmail.com;(27) 98884-1393;Cariacica;ES;11/04/2026;Google;Sim
776;Bruno Souza;bruno.souza61@gmail.com;(11) 99064-4878;Salvador;BA;21/06/2026;Google;Sim
777;Leonardo Moreira;leonardo.moreira@gmail.com;(27) 98641-2065;Serra;ES;13/08/2026;indicacao;sim
778;Gabriela Pimentel;gabriela.pimentel@gmail.com;(31) 99145-1855;Belo Horizonte;MG;01/02/2026;Instagram;S
779;Thaís Merçon;thais.mercon1987@icloud.com;(27) 98021-8428;Colatina;ES;15/07/2026;Facebook;Sim
780;Caio Souza;caio.souza2000@gmail.com;(27) 99059-6377;Cariacica;ES;08/08/2026;Google Ads;S
781;Thaís Zanotti;thais.zanotti@yahoo.com.br;(27) 99305-9337;Vitória;ES;25/02/2026;Google;N
782;Thaís Gomes;thais.gomes@gmail.com;(27) 98261-6106;Vitória;ES;04/08/2026;Meta Ads;Não
783;Eduardo Almeida;eduardo.almeida@gmail.com;(27) 98632-6618;Cariacica;ES;20/09/2026;;sim
784;Diego Santos;diego.santos755@gmail.com;(31) 98699-4102;Curitiba;PR;17/09/2026;Instagram;sim
785;Patrícia Moreira;patricia.moreira1990@gmail.com;(27) 98673-3658;Serra;ES;28/08/2026;Google;
786;Leonardo Pimentel;leonardo.pimentel28@gmail.com;(71) 98769-4363;Curitiba;PR;02/01/2026;Facebook;Não
787;Júlia Carvalho;julia.carvalho@gmail.com;(27) 98901-4185;Vila Velha;ES;04/01/2026;google;
788;Ana Costa;ana.costa@gmail.com;(27) 99472-3855;Vila Velha;ES;04/07/2026;;
789;Ana Pereira;ana.pereira@icloud.com;;Vitória;ES;06/05/2026;Meta Ads;S
790;Mariana Carvalho;mariana.carvalho@outlook.com;;Curitiba;PR;18/04/2026;Meta Ads;
791;LARISSA COSTA;larissa.costa25@gmail.com;(27) 99227-8037;Serra;ES;03/02/2026;;Sim
792;Caio Moreira;caio.moreira25@gmail.com;(27) 98506-1872;Serra;ES;06/05/2026;Indicação;S
793;MARCELO MOREIRA;marcelo.moreira1986@gmail.com;(19) 99619-2062;Curitiba;PR;24/05/2026;Google;Não
794;Marcelo Carvalho;marcelo.carvalho64@gmail.com;(27) 99459-7125;Serra;ES;18/07/2026;Meta Ads;N
795;Rodrigo Martins;rodrigo.martins35@icloud.com;;Curitiba;PR;05/09/2026;;Não
796;Mariana Araújo;mariana.araujo28@hotmail.com;(27) 98321-7129;Linhares;ES;14/04/2026;Instagram;S
797;Luíza Santos;luiza.santos1996@gmail.com;(27) 98923-8660;Serra;ES;23/09/2026;;
798;Carlos Rodrigues;carlos.rodrigues@hotmail.com;(27) 98543-2243;Vila Velha;ES;08/07/2026;;
799;Débora Rocha;debora.rocha@gmail.com;(27) 98201-2942;Vila Velha;ES;12/02/2026;Facebook;
800;Patrícia Rodrigues;patricia.rodrigues2003@gmail.com;(27) 99445-3258;Vila Velha;ES;20/06/2026;Facebook;Não
801;Gabriela Almeida;gabriela.almeida45@hotmail.com;(41) 99551-1194;Salvador;BA;14/05/2026;;N
802;Rafael Araújo;rafael.araujo1987@gmail.com;(27) 98478-9451;Cariacica;ES;20/09/2026;;
803;Leonardo Nascimento;leonardo.nascimento@hotmail.com;(71) 98855-4433;Campinas;SP;28/08/2026;google ads;
804;Luíza Lima;luiza.lima@hotmail.com;(71) 99708-6810;Curitiba;PR;16/01/2026;google;S
805;Bruna Merçon;bruna.mercon89@gmail.com;(27) 98047-1527;LINHARES;ES;03/08/2026;;
806;Carlos Moreira;carlos.moreira2005@yahoo.com.br;(27) 99775-7404;Linhares;ES;20/03/2026;;
807;LUCAS BARBOSA;lucas.barbosa50@gmail.com;;Serra;ES;15/04/2026;indicacao;sim
808;Beatriz Simões;beatriz.simoes@yahoo.com.br;(27) 98054-4058;Cariacica;ES;05/06/2026;Google;Sim
809;Mariana Almeida;mariana.almeida@hotmail.com;(27) 98754-9495;Vitória;ES;17/07/2026;Instagram;N
810;Vinícius Araújo;vinicius.araujo@outlook.com;(27) 98979-2126;Serra;ES;17/06/2026;instagram;Não
811;Fernanda Almeida;fernanda.almeida2006@icloud.com;(27) 98325-6084;Cariacica;ES;16/04/2026;Google;
812;Leonardo Rodrigues;leonardo.rodrigues@hotmail.com;(27) 99688-7541;Vitória;ES;15/09/2026;Google Ads;Sim
813;LUÍZA MARTINS;luiza.martins1994@gmail.com;(31) 98589-8476;São Paulo;SP;07/05/2026;Google;N
814;Camila Ribeiro;camila.ribeiro1985@hotmail.com;(27) 98787-4005;Cariacica;ES;02/06/2026;Facebook;Não
815;Maria Ferreira;maria.ferreira1988@outlook.com;(27) 99365-2093;Vila Velha;ES;18/02/2026;Google Shopping;
816;Vinícius Merçon;vinicius.mercon71@gmail.com;(31) 99033-6341;Campinas;SP;22/04/2026;Google Shopping;sim
817;Débora Santos;debora.santos@icloud.com;(71) 99535-8567;RIO DE JANEIRO;RJ;26/03/2026;;S
818;Gustavo Santos;gustavo.santos@gmail.com;(27) 99372-8606;Serra;ES;24/07/2026;;Não
819;Mariana Zanotti;mariana.zanotti57@gmail.com;(21) 98349-1295;Salvador;BA;04/02/2026;Google Ads;N
820;Priscila Dalla Bernardina;priscila.dallabernardina@icloud.com;(31) 99387-5476;Campinas;SP;01/04/2026;Google;sim
821;Maria Simões;maria.simoes69@gmail.com;(71) 99661-9566;Salvador;BA;03/07/2026;Instagram;sim
822;Gabriela Gomes;gabriela.gomes890@hotmail.com;;Campinas;SP;22/02/2026;Google Shopping;Sim
823;ANA RIBEIRO;ana.ribeiro4@gmail.com;(71) 98129-4613;Belo Horizonte;MG;03/05/2026;;Sim
824;Mateus Dalla Bernardina;mateus.dallabernardina22@outlook.com;(27) 99670-6359;Vitória;ES;19/02/2026;indicacao;Sim
825;Diego Araújo;diego.araujo@gmail.com;(27) 98730-6298;Vitória;ES;08/04/2026;Meta Ads;S
826;João Araújo;joao.araujo@gmail.com;(11) 99331-7045;Belo Horizonte;MG;25/07/2026;Meta Ads;sim
827;Thaís Martins;thais.martins2002@yahoo.com.br;(27) 98515-2552;Vila Velha;ES;22/04/2026;Facebook;N
828;RAFAEL NASCIMENTO;rafael.nascimento2000@gmail.com;(19) 98138-6490;Belo Horizonte;MG;18/07/2026;;N
829;Mariana Rocha;mariana.rocha@gmail.com;(27) 99262-3032;Vitória;ES;18/08/2026;Meta Ads;Não
830;Caio Oliveira;caio.oliveira8@hotmail.com;(27) 98413-3484;Vila Velha;ES;08/08/2026;Instagram;sim
831;Thaís Gomes;thais.gomes425@icloud.com;(31) 99066-7797;Curitiba;PR;20/01/2026;Facebook;S
832;Bruno Dalla Bernardina;bruno.dallabernardina652@gmail.com;(21) 99641-4644;Belo Horizonte;MG;28/05/2026;Google Shopping;sim
833;Camila Gomes;camila.gomes@hotmail.com;(27) 99953-4153;Vitória;ES;15/07/2026;;Não
834;Camila Moreira;camila.moreira619@gmail.com;(27) 99484-8652;Serra;ES;14/03/2026;;sim
835;Camila Pimentel;camila.pimentel32@yahoo.com.br;(27) 99981-4299;Cariacica;ES;12/04/2026;Instagram;
836;Aline Araújo;aline.araujo49@hotmail.com;(27) 99034-8101;Serra;ES;04/09/2026;Meta Ads;Não
837;Bruna Ribeiro;bruna.ribeiro11@yahoo.com.br;(27) 98312-3878;Guarapari;ES;04/09/2026;Influenciadora;sim
838;Gabriela Araújo;gabriela.araujo72@gmail.com;;Serra;ES;26/08/2026;Meta Ads;Sim
839;Débora Dalla Bernardina;debora.dallabernardina93@hotmail.com;(27) 99925-7465;Serra;ES;08/04/2026;instagram;N
840;Gabriela Loureiro;gabriela.loureiro76@gmail.com;(27) 98788-3660;Vitória;ES;11/07/2026;indicacao;Não
841;Eduardo Rocha;eduardo.rocha1995@gmail.com;(31) 99333-7313;Rio de Janeiro;RJ;12/08/2026;Meta Ads;Não
842;Maria Carvalho;maria.carvalho2002@gmail.com;(71) 99321-3422;Rio de Janeiro;RJ;07/05/2026;;N
843;Rafael Rodrigues;rafael.rodrigues1999@icloud.com;(21) 98025-2912;Salvador;BA;22/08/2026;Instagram;N
844;Luíza Oliveira;luiza.oliveira67@gmail.com;(19) 98517-5951;Salvador;BA;16/07/2026;;S
845;Gustavo Moreira;gustavo.moreira40@gmail.com;(27) 99302-6642;Vitória;ES;30/09/2026;;S
846;Gustavo Zanotti;gustavo.zanotti@hotmail.com;;Vitória;ES;18/05/2026;influencer;Não
847;Gabriela Dalla Bernardina;gabriela.dallabernardina@gmail.com;(27) 99441-3200;Vila Velha;ES;02/08/2026;Influenciadora;N
848;Beatriz Gomes;beatriz.gomes@gmail.com;(27) 98120-3993;Vila Velha;ES;04/04/2026;Facebook;Não
849;Carolina Gomes;carolina.gomes@icloud.com;(27) 98163-5802;Vila Velha;ES;09/04/2026;;Não
850;Mariana Martins;mariana.martins@gmail.com;(27) 98544-1118;Vitória;ES;25/06/2026;Instagram;
851;Débora Silva;debora.silva1999@gmail.com;(27) 98969-6521;Cariacica;ES;22/01/2026;Google;S
852;PATRÍCIA NASCIMENTO;patricia.nascimento1991@hotmail.com;(27) 99250-1937;Serra;ES;22/06/2026;Google;
853;JOÃO GOMES;joao.gomes1992@gmail.com;(27) 99232-3013;Vitória;ES;19/06/2026;Indicação;N
854;Bruno Carvalho;bruno.carvalho1999@icloud.com;(27) 99054-7768;Cariacica;ES;24/05/2026;Site;
855;Carlos Silva;carlos.silva@gmail.com;(19) 98478-8938;Belo Horizonte;MG;02/01/2026;;S
856;Juliana Simões;juliana.simoes1983@hotmail.com;(27) 99243-4196;VILA VELHA;ES;11/02/2026;Google Ads;Não
857;Marcelo Santos;marcelo.santos@gmail.com;;Salvador;BA;24/09/2026;Influenciadora;N
858;Rodrigo Simões;rodrigo.simoes@gmail.com;(27) 99542-2465;Vila Velha;ES;17/08/2026;Meta Ads;N
859;Thiago Ferreira;thiago.ferreira1988@hotmail.com;(31) 99362-3224;Belo Horizonte;MG;17/06/2026;Facebook;
860;Patrícia Ferreira;patricia.ferreira2004@gmail.com;(27) 98702-7176;Cachoeiro de Itapemirim;ES;09/09/2026;;N
861;Diego Ribeiro;diego.ribeiro30@gmail.com;(27) 98179-2824;Vila Velha;ES;15/07/2026;Google;sim
862;Gabriel Moreira;gabriel.moreira48@hotmail.com;;Linhares;ES;07/04/2026;IG;Sim
863;Vinícius Nascimento;vinicius.nascimento1991@gmail.com;(27) 99359-4639;Cariacica;ES;08/04/2026;Meta Ads;Sim
864;Gabriela Ferreira;gabriela.ferreira64@gmail.com;(27) 98580-3389;Colatina;ES;24/08/2026;;N
865;Beatriz Rodrigues;beatriz.rodrigues91@icloud.com;(21) 99013-5775;Salvador;BA;08/06/2026;;Sim
866;Patrícia Lima;patricia.lima1986@gmail.com;;Rio de Janeiro;RJ;12/07/2026;Influenciadora;
867;Camila Silva;camila.silva71@hotmail.com;(19) 98713-7412;Belo Horizonte;MG;20/07/2026;;sim
868;André Zanotti;andre.zanotti2002@hotmail.com;(27) 98268-6298;Vitória;ES;28/09/2026;;
869;Leonardo Loureiro;leonardo.loureiro@hotmail.com;(19) 98596-3372;Rio de Janeiro;RJ;28/01/2026;;Sim
870;João Carvalho;joao.carvalho@icloud.com;(21) 98771-7997;Curitiba;PR;11/04/2026;instagram;
871;Gabriel Carvalho;gabriel.carvalho@gmail.com;;CARIACICA;ES;28/03/2026;Google Shopping;sim
872;Gustavo Ferreira;gustavo.ferreira@hotmail.com;(27) 98619-3826;Cariacica;ES;18/03/2026;Google Ads;
873;LUCAS MERÇON;lucas.mercon2006@hotmail.com;(27) 99295-8292;Vila Velha;ES;12/07/2026;Google Shopping;Sim
874;Beatriz Martins;beatriz.martins2001@gmail.com;(27) 99201-8856;Vitória;ES;03/03/2026;Meta Ads;sim
875;Juliana Loureiro;juliana.loureiro90@yahoo.com.br;(27) 98203-6328;Vitória;ES;18/02/2026;IG;sim
876;Ana Araújo;ana.araujo2006@outlook.com;(27) 98130-9501;Cariacica;ES;05/04/2026;Instagram;
877;Beatriz Pereira;beatriz.pereira@gmail.com;(27) 98915-6149;Guarapari;ES;05/03/2026;;S
878;Pedro Oliveira;pedro.oliveira16@gmail.com;(27) 98351-7931;Guarapari;ES;12/05/2026;instagram;sim
879;Maria Rocha;maria.rocha2001@hotmail.com;(27) 99181-9035;Vitória;ES;01/01/2026;indicacao;Sim
880;Eduardo Pimentel;eduardo.pimentel@gmail.com;(31) 98485-1601;Belo Horizonte;MG;25/09/2026;Google;
881;Felipe Lima;felipe.lima@yahoo.com.br;(27) 98568-3105;Serra;ES;03/06/2026;Facebook;
882;Letícia Rodrigues;leticia.rodrigues@hotmail.com;(27) 98170-5164;Cariacica;ES;05/08/2026;Instagram;N
883;Júlia Loureiro;julia.loureiro1988@icloud.com;(27) 99463-7097;Vila Velha;ES;15/03/2026;Google;sim
884;Carolina Lima;carolina.lima41@hotmail.com;(27) 99974-5055;VITÓRIA;ES;19/09/2026;google ads;Não
885;Júlia Carvalho;julia.carvalho43@gmail.com;(21) 98560-1161;Curitiba;PR;28/07/2026;IG;S
886;BEATRIZ SOUZA;beatriz.souza1996@gmail.com;(27) 99682-9021;Linhares;ES;24/04/2026;;N
887;André Barbosa;andre.barbosa274@gmail.com;(19) 98370-6655;Campinas;SP;28/06/2026;Meta Ads;sim
888;Bruna Martins;bruna.martins76@gmail.com;(41) 99460-3547;Belo Horizonte;MG;30/09/2026;;sim
889;Letícia Santos;leticia.santos93@gmail.com;(41) 98856-8500;Belo Horizonte;MG;15/03/2026;Google Shopping;S
890;Marcelo Almeida;marcelo.almeida1993@gmail.com;(27) 99301-2424;Vila Velha;ES;01/07/2026;Facebook;sim
891;Lucas Loureiro;lucas.loureiro1982@gmail.com;(27) 98338-1940;Vitória;ES;28/07/2026;Indicação;S
892;Juliana Silva;juliana.silva2001@gmail.com;(27) 99019-9437;Cariacica;ES;27/05/2026;;S
893;Gustavo Silva;gustavo.silva1986@gmail.com;(19) 99438-9754;Rio de Janeiro;RJ;30/09/2026;Google Shopping;S
894;Marcelo Simões;marcelo.simoes1981@hotmail.com;(27) 99381-9577;Vila Velha;ES;06/05/2026;Influenciadora;Sim
895;Larissa Rocha;larissa.rocha46@hotmail.com;(27) 98349-7115;Serra;ES;31/03/2026;Site;S
896;Bruno Barbosa;bruno.barbosa99@gmail.com;;Cariacica;ES;23/06/2026;Indicacao amigo;Sim
897;Gabriela Loureiro;gabriela.loureiro@hotmail.com;(27) 99737-8999;Colatina;ES;21/07/2026;instagram;Não
898;Aline Souza;aline.souza1991@gmail.com;(27) 98726-1145;Serra;ES;04/01/2026;Instagram;
899;Débora Rocha;debora.rocha@hotmail.com;(27) 98318-5098;Vitória;ES;09/09/2026;;N
900;Aline Ribeiro;aline.ribeiro24@gmail.com;(27) 99344-8198;Cariacica;ES;22/07/2026;Instagram;S
901;João Carvalho;joao.carvalho@gmail.com;(27) 98082-3190;Vila Velha;ES;01/07/2026;Facebook;Sim
902;Mateus Simões;mateus.simoes1995@gmail.com;;Vitória;ES;19/06/2026;Google Ads;sim
903;Bruna Rocha;bruna.rocha93@gmail.com;(27) 99961-2767;Vitória;ES;07/03/2026;Google Ads;N
904;Mariana Santos;mariana.santos87@hotmail.com;(27) 99510-1131;Colatina;ES;14/09/2026;;sim
905;Júlia Merçon;julia.mercon1987@gmail.com;(41) 98382-5087;São Paulo;SP;29/05/2026;google;S
906;Bruno Simões;bruno.simoes55@gmail.com;(71) 99028-3968;Rio de Janeiro;RJ;28/02/2026;Meta Ads;S
907;Rafael Ribeiro;rafael.ribeiro@gmail.com;(27) 98778-7673;Vitória;ES;21/05/2026;Instagram;N
908;Carolina Martins;carolina.martins8@icloud.com;(27) 98623-2803;Vitória;ES;29/04/2026;Google Ads;
909;Vinícius Ferreira;vinicius.ferreira@gmail.com;(27) 98106-6269;Vitória;ES;24/05/2026;Facebook;sim
910;Thaís Souza;thais.souza56@hotmail.com;(27) 98684-5986;SERRA;ES;30/08/2026;IG;sim
911;Rafael Nascimento;rafael.nascimento47@yahoo.com.br;(27) 99238-7088;Cariacica;ES;07/01/2026;Meta Ads;N
912;Bruna Oliveira;bruna.oliveira1984@yahoo.com.br;;Vitória;ES;22/05/2026;Meta Ads;S
913;Lucas Barbosa;lucas.barbosa80@hotmail.com;(21) 99092-3517;CAMPINAS;SP;17/08/2026;Instagram;N
914;LETÍCIA MERÇON;leticia.mercon72@hotmail.com;(27) 99469-2923;Cachoeiro de Itapemirim;ES;09/04/2026;Facebook;
915;Débora Rocha;debora.rocha1985@gmail.com;(21) 98593-1744;Rio de Janeiro;RJ;04/02/2026;site;
916;Felipe Dalla Bernardina;felipe.dallabernardina1995@outlook.com;(27) 99989-2228;Cariacica;ES;01/02/2026;indicacao;N
917;Bruna Araújo;bruna.araujo103@gmail.com;(27) 98446-1145;Linhares;ES;18/09/2026;Facebook;sim
918;Débora Rodrigues;debora.rodrigues39@gmail.com;(27) 98243-3803;Guarapari;ES;20/09/2026;site;Não
919;Larissa Rodrigues;larissa.rodrigues@icloud.com;(27) 99686-4440;Vila Velha;ES;02/05/2026;Meta Ads;sim
920;Caio Carvalho;caio.carvalho1982@outlook.com;(27) 99478-3189;Vila Velha;ES;01/01/2026;;N
921;Maria Loureiro;maria.loureiro2@gmail.com;(11) 98361-5194;São Paulo;SP;31/05/2026;Google Ads;sim
922;Gustavo Loureiro;gustavo.loureiro2000@yahoo.com.br;(27) 98422-8244;Guarapari;ES;24/02/2026;Indicacao amigo;S
923;Bruna Lima;bruna.lima1987@hotmail.com;(27) 98303-8848;Serra;ES;18/05/2026;instagram;Não
924;Camila Costa;camila.costa1995@gmail.com;(27) 98577-1344;Cachoeiro de Itapemirim;ES;03/04/2026;IG;Sim
925;Caio Costa;caio.costa@hotmail.com;(27) 98931-7594;Vila Velha;ES;01/04/2026;Meta Ads;Não
926;Ana Pimentel;ana.pimentel13@gmail.com;(27) 99692-1222;Vitória;ES;27/09/2026;Instagram;Não
927;Beatriz Barbosa;beatriz.barbosa95@gmail.com;(27) 98285-8871;Vila Velha;ES;07/01/2026;;N
928;André Nascimento;andre.nascimento656@gmail.com;(27) 99113-3016;Cachoeiro de Itapemirim;ES;16/08/2026;;N
929;Carolina Lima;carolina.lima@gmail.com;(27) 98789-3414;Serra;ES;01/06/2026;IG;
930;Bruna Simões;bruna.simoes273@gmail.com;(27) 98208-5617;Vila Velha;ES;27/05/2026;;
931;Júlia Santos;julia.santos@hotmail.com;(27) 98685-3971;Cariacica;ES;20/06/2026;Instagram;N
932;André Pimentel;andre.pimentel@gmail.com;(27) 99355-7047;Cariacica;ES;18/03/2026;Google;Sim
933;Rafael Merçon;rafael.mercon84@gmail.com;(27) 98914-8838;Serra;ES;09/02/2026;indicacao;Não
934;Patrícia Lima;patricia.lima24@gmail.com;(27) 99012-7944;Serra;ES;23/05/2026;Instagram;N
935;Patrícia Lima;patricia.lima84@hotmail.com;(27) 99018-9826;Guarapari;ES;31/07/2026;Google Ads;Não
936;Mariana Araújo;mariana.araujo1998@hotmail.com;(27) 99183-4593;Cariacica;ES;30/09/2026;Google;S
937;Fernanda Silva;fernanda.silva47@gmail.com;;Vitória;ES;01/05/2026;Instagram;Não
938;Larissa Barbosa;larissa.barbosa@gmail.com;(27) 99529-3257;Vitória;ES;13/03/2026;;N
939;Maria Zanotti;maria.zanotti2001@gmail.com;(27) 99715-3591;Cariacica;ES;14/01/2026;;N
940;Mariana Oliveira;mariana.oliveira2@gmail.com;(21) 98962-3295;Campinas;SP;07/07/2026;Instagram;N
941;PATRÍCIA GOMES;patricia.gomes213@gmail.com;(27) 99804-1526;Vitória;ES;03/06/2026;;S
942;Ana Araújo;ana.araujo55@outlook.com;(11) 99882-9222;Rio de Janeiro;RJ;30/03/2026;Google;Não
943;Camila Rodrigues;camila.rodrigues12@gmail.com;(21) 98820-1917;São Paulo;SP;27/04/2026;;Sim
944;Diego Pimentel;diego.pimentel2006@hotmail.com;(27) 98641-7637;Cariacica;ES;05/04/2026;Meta Ads;
945;Felipe Rodrigues;felipe.rodrigues@gmail.com;(27) 99594-6496;Colatina;ES;10/07/2026;;N
946;Beatriz Oliveira;beatriz.oliveira@gmail.com;(27) 99129-4305;Vila Velha;ES;25/05/2026;instagram;sim
947;Júlia Moreira;julia.moreira1981@hotmail.com;(27) 98098-6154;Vitória;ES;17/01/2026;;sim
948;Aline Merçon;aline.mercon1992@gmail.com;(27) 99539-7400;Serra;ES;08/06/2026;;Sim
949;Carolina Dalla Bernardina;carolina.dallabernardina1983@gmail.com;(27) 99202-7260;Vitória;ES;08/03/2026;;Não
950;Larissa Simões;larissa.simoes1982@gmail.com;;RIO DE JANEIRO;RJ;20/01/2026;Google Ads;Sim
951;Débora Rocha;debora.rocha1999@outlook.com;(11) 98916-3149;Campinas;SP;14/03/2026;;Sim
952;Vinícius Santos;vinicius.santos2004@hotmail.com;(27) 98427-2228;Vila Velha;ES;04/07/2026;;
953;Ana Lima;ana.lima1989@gmail.com;(27) 98192-8451;Cariacica;ES;12/09/2026;Indicação;Sim
954;Letícia Moreira;leticia.moreira@gmail.com;(27) 99455-8548;Vila Velha;ES;01/06/2026;Instagram;Sim
955;Leonardo Loureiro;leonardo.loureiro1983@hotmail.com;(27) 98744-5696;Vitória;ES;31/08/2026;instagram;Sim
956;Débora Pimentel;debora.pimentel@icloud.com;(27) 99036-8374;Serra;ES;08/03/2026;;N
957;Bruno Zanotti;bruno.zanotti397@hotmail.com;;Vila Velha;ES;22/01/2026;;
958;Renata Simões;renata.simoes12@hotmail.com;(27) 99095-8616;Cachoeiro de Itapemirim;ES;25/04/2026;;Não
959;Gustavo Merçon;gustavo.mercon56@gmail.com;(27) 98649-6610;Vitória;ES;03/04/2026;;
960;Juliana Souza;juliana.souza@outlook.com;(27) 99942-8699;Vitória;ES;06/09/2026;;sim
961;Maria Pimentel;maria.pimentel49@hotmail.com;(27) 98437-1886;Cariacica;ES;20/04/2026;Instagram;N
962;Thiago Rodrigues;thiago.rodrigues@gmail.com;(27) 98560-7636;Vitória;ES;12/01/2026;Facebook;sim
963;Marcelo Costa;marcelo.costa@gmail.com;(27) 99832-8021;Vitória;ES;20/08/2026;instagram;
964;Aline Ribeiro;aline.ribeiro1995@gmail.com;(19) 98726-7375;Rio de Janeiro;RJ;02/06/2026;;Não
965;Luíza Pimentel;luiza.pimentel1990@gmail.com;(27) 98308-8514;Vitória;ES;12/04/2026;Instagram;sim
966;Gabriel Simões;gabriel.simoes1988@gmail.com;;Cariacica;ES;13/09/2026;;
967;Fernanda Ribeiro;fernanda.ribeiro@yahoo.com.br;(27) 98442-6703;Serra;ES;19/02/2026;Google Shopping;S
968;Fábio Silva;fabio.silva48@gmail.com;;Vila Velha;ES;08/04/2026;instagram;N
969;Leonardo Ribeiro;leonardo.ribeiro53@outlook.com;(27) 99071-6502;Serra;ES;05/03/2026;;sim
970;Aline Pereira;aline.pereira@outlook.com;(27) 98781-5669;Serra;ES;01/04/2026;IG;Não
971;Caio Souza;caio.souza@gmail.com;(27) 98033-7738;Cachoeiro de Itapemirim;ES;12/08/2026;Site;Sim
972;Maria Simões;maria.simoes@gmail.com;(19) 99129-7243;Campinas;SP;21/02/2026;instagram;Não
973;Eduardo Gomes;eduardo.gomes2006@hotmail.com;(27) 99924-7138;Vitória;ES;29/08/2026;Meta Ads;Sim
974;Letícia Almeida;leticia.almeida524@gmail.com;(27) 98053-3512;Vitória;ES;17/09/2026;Influenciadora;Sim
975;Caio Nascimento;caio.nascimento1985@hotmail.com;(27) 99138-7412;Vila Velha;ES;23/09/2026;Instagram;N
976;Fábio Ribeiro;fabio.ribeiro17@gmail.com;(27) 99851-6212;Serra;ES;21/07/2026;Meta Ads;
977;Larissa Rocha;larissa.rocha2000@hotmail.com;;Salvador;BA;12/08/2026;google ads;
978;Júlia Silva;julia.silva1980@yahoo.com.br;(27) 98056-9907;Vitória;ES;23/03/2026;Instagram;
979;Ana Dalla Bernardina;ana.dallabernardina94@icloud.com;(27) 99592-6867;Cachoeiro de Itapemirim;ES;10/02/2026;Site;sim
980;Priscila Ferreira;priscila.ferreira93@gmail.com;(31) 98563-2359;Belo Horizonte;MG;24/04/2026;Instagram;
981;Fábio Souza;fabio.souza1994@gmail.com;(27) 98290-5627;Vitória;ES;12/01/2026;Indicacao amigo;
982;Juliana Carvalho;juliana.carvalho@hotmail.com;(31) 98847-2205;Curitiba;PR;03/04/2026;Instagram;sim
983;Carolina Araújo;carolina.araujo41@gmail.com;(27) 98611-1166;Vila Velha;ES;09/02/2026;;
984;Patrícia Carvalho;patricia.carvalho1999@outlook.com;(27) 98324-9548;Vitória;ES;17/01/2026;;N
985;Larissa Costa;larissa.costa@gmail.com;(27) 98283-4600;Serra;ES;23/09/2026;;Sim
986;Júlia Carvalho;julia.carvalho1997@gmail.com;(27) 99526-9123;Cariacica;ES;04/09/2026;Meta Ads;N
987;Thiago Pereira;thiago.pereira2001@gmail.com;(27) 98210-6105;Serra;ES;24/07/2026;;sim
988;Rodrigo Ribeiro;rodrigo.ribeiro1993@gmail.com;(11) 99275-2762;Salvador;BA;16/04/2026;instagram;Não
989;Aline Carvalho;aline.carvalho@hotmail.com;(27) 99821-1553;Vila Velha;ES;08/08/2026;;N
990;Gabriela Pimentel;gabriela.pimentel83@hotmail.com;(27) 98234-3947;Vitória;ES;10/05/2026;;
991;EDUARDO FERREIRA;eduardo.ferreira1986@gmail.com;(27) 98297-6151;Serra;ES;08/08/2026;;Sim
992;Carlos Costa;carlos.costa60@gmail.com;(27) 98135-7317;Guarapari;ES;13/06/2026;Instagram;N
993;Beatriz Barbosa;beatriz.barbosa2002@icloud.com;(27) 99175-7909;Vitória;ES;19/04/2026;instagram;Não
994;Patrícia Costa;patricia.costa26@hotmail.com;(27) 98562-7901;Vitória;ES;11/08/2026;Google Shopping;S
995;PATRÍCIA MOREIRA;patricia.moreira1987@gmail.com;(27) 98036-1076;Vila Velha;ES;20/08/2026;IG;Não
996;Bruna Santos;bruna.santos760@gmail.com;(27) 98962-2558;Vitória;ES;26/05/2026;;N
997;Thiago Nascimento;thiago.nascimento97@gmail.com;(27) 99586-6131;Guarapari;ES;01/08/2026;;Sim
998;Renata Martins;renata.martins83@yahoo.com.br;(27) 98059-4670;Vitória;ES;25/01/2026;;sim
999;Vinícius Ferreira;vinicius.ferreira935@outlook.com;(27) 99913-1860;Vitória;ES;15/06/2026;;S
1000;Patrícia Zanotti;patricia.zanotti79@gmail.com;(21) 99894-3257;Rio de Janeiro;RJ;05/06/2026;Meta Ads;Não
1001;Larissa Merçon;larissa.mercon1993@hotmail.com;(31) 99068-9644;Belo Horizonte;MG;03/03/2026;Google Ads;Não
1002;Thiago Nascimento;thiago.nascimento99@gmail.com;(27) 98540-5853;Vitória;ES;02/09/2026;IG;N
1003;Mariana Simões;mariana.simoes@gmail.com;(27) 99990-9103;Vitória;ES;30/06/2026;Instagram;Sim
1004;Bruna Costa;bruna.costa63@gmail.com;(41) 99559-9644;Salvador;BA;07/01/2026;Instagram;Não
1005;André Zanotti;andre.zanotti@outlook.com;(27) 99872-3130;Vitória;ES;10/06/2026;;Sim
1006;Renata Pimentel;renata.pimentel66@gmail.com;(27) 98569-7931;Vitória;ES;06/07/2026;;
1007;Fábio Loureiro;fabio.loureiro14@gmail.com;(31) 98492-1271;São Paulo;SP;07/06/2026;instagram;N
1008;Juliana Simões;juliana.simoes68@gmail.com;(27) 99898-2377;Vitória;ES;06/04/2026;;
1009;Débora Ribeiro;debora.ribeiro379@gmail.com;(27) 98100-7267;Vitória;ES;19/04/2026;Facebook;N
1010;Fernanda Araújo;fernanda.araujo23@outlook.com;(27) 99010-9497;Colatina;ES;05/08/2026;;Sim
1011;Gabriel Ferreira;gabriel.ferreira@yahoo.com.br;(27) 98488-2078;Vila Velha;ES;26/01/2026;;Sim
1012;Thaís Zanotti;thais.zanotti92@hotmail.com;(27) 98450-5395;Vitória;ES;22/05/2026;Google Ads;sim
1013;Eduardo Loureiro;eduardo.loureiro2002@gmail.com;(31) 98193-4032;São Paulo;SP;29/03/2026;google ads;sim
1014;Bruno Pereira;bruno.pereira@gmail.com;(27) 98680-8458;Vila Velha;ES;02/09/2026;Google Ads;
1015;Ana Pereira;ana.pereira878@gmail.com;(27) 98721-8763;Colatina;ES;07/01/2026;;N
1016;Rodrigo Souza;rodrigo.souza@yahoo.com.br;(11) 99710-4740;Belo Horizonte;MG;08/09/2026;;
1017;Gabriel Souza;gabriel.souza2005@gmail.com;(27) 99004-6747;Cariacica;ES;27/03/2026;Google Ads;
1018;Thiago Carvalho;thiago.carvalho59@gmail.com;(11) 99825-9484;Rio de Janeiro;RJ;12/05/2026;indicacao;
1019;Débora Dalla Bernardina;debora.dallabernardina@hotmail.com;(27) 99350-3320;Vila Velha;ES;05/09/2026;influencer;S
1020;Carolina Carvalho;carolina.carvalho@gmail.com;(27) 99308-2768;Serra;ES;16/01/2026;Meta Ads;N
1021;Marcelo Pereira;marcelo.pereira34@gmail.com;(27) 99206-7836;Serra;ES;19/08/2026;Indicacao amigo;N
1022;Maria Moreira;maria.moreira67@yahoo.com.br;(27) 98887-8455;Vitória;ES;22/05/2026;Indicacao amigo;Não
1023;Ana Martins;ana.martins88@icloud.com;(27) 99071-5747;Vitória;ES;27/06/2026;Google Ads;
1024;Gabriela Oliveira;gabriela.oliveira38@gmail.com;(27) 98579-3022;Vila Velha;ES;25/03/2026;Google;
1025;ALINE SIMÕES;aline.simoes1@gmail.com;(27) 99799-5641;Serra;ES;06/06/2026;Facebook;S
1026;Diego Lima;diego.lima12@gmail.com;;São Paulo;SP;15/09/2026;Influenciadora;sim
1027;Bruna Ribeiro;bruna.ribeiro52@gmail.com;(27) 98636-3839;Colatina;ES;01/07/2026;;Sim
1028;Rafael Simões;rafael.simoes99@gmail.com;(27) 99135-4268;Serra;ES;15/06/2026;Google;S
1029;Renata Barbosa;renata.barbosa24@gmail.com;(27) 99078-8240;Vitória;ES;13/02/2026;Facebook;sim
1030;Eduardo Gomes;eduardo.gomes46@hotmail.com;(27) 98944-1453;Serra;ES;15/09/2026;;N
1031;Vinícius Oliveira;vinicius.oliveira1984@gmail.com;(21) 99188-9391;CURITIBA;PR;14/01/2026;;
1032;Bruna Lima;bruna.lima@hotmail.com;(41) 98942-1890;Curitiba;PR;31/05/2026;;Não
1033;Gabriel Nascimento;gabriel.nascimento77@yahoo.com.br;(27) 99414-6428;Cariacica;ES;19/05/2026;instagram;S
1034;Marcelo Dalla Bernardina;marcelo.dallabernardina1981@gmail.com;(27) 98295-9115;Cariacica;ES;04/03/2026;;N
1035;João Martins;joao.martins168@gmail.com;(27) 99236-2983;Vitória;ES;09/06/2026;Instagram;S
1036;Juliana Silva;juliana.silva65@gmail.com;(27) 98614-7628;VITÓRIA;ES;07/05/2026;Google;Sim
1037;Diego Rodrigues;diego.rodrigues79@icloud.com;(27) 98252-8083;Colatina;ES;05/04/2026;;Não
1038;Priscila Costa;priscila.costa61@gmail.com;(31) 99964-9076;Belo Horizonte;MG;04/05/2026;IG;sim
1039;BEATRIZ GOMES;beatriz.gomes54@gmail.com;(27) 98580-8488;Vitória;ES;21/05/2026;Instagram;sim
1040;Gabriela Santos;gabriela.santos2000@yahoo.com.br;(27) 98087-6811;Cariacica;ES;19/07/2026;instagram;sim
1041;Leonardo Rodrigues;leonardo.rodrigues2@outlook.com;(27) 98431-6715;Cariacica;ES;28/08/2026;Indicacao amigo;Sim
1042;Júlia Pereira;julia.pereira84@icloud.com;;São Paulo;SP;26/09/2026;;Não
1043;Lucas Loureiro;lucas.loureiro62@yahoo.com.br;(21) 99179-9306;Belo Horizonte;MG;05/06/2026;;sim
1044;Patrícia Moreira;patricia.moreira1991@yahoo.com.br;(19) 98138-1736;Salvador;BA;27/09/2026;influencer;
1045;Mariana Merçon;mariana.mercon@gmail.com;(27) 99491-7292;Vila Velha;ES;01/09/2026;IG;S
1046;Pedro Pimentel;pedro.pimentel552@gmail.com;(27) 99292-1482;Colatina;ES;04/08/2026;Influenciadora;sim
1047;Renata Araújo;renata.araujo2000@outlook.com;(27) 98400-5136;Vila Velha;ES;14/06/2026;Google;
1048;Camila Ribeiro;camila.ribeiro@gmail.com;(27) 98049-2576;Linhares;ES;27/05/2026;Google;sim
1049;Carolina Moreira;carolina.moreira70@gmail.com;;Belo Horizonte;MG;13/03/2026;Meta Ads;Sim
1050;Juliana Rocha;juliana.rocha1991@outlook.com;(27) 99641-2100;Vitória;ES;17/04/2026;Google;Não
1051;Fábio Oliveira;fabio.oliveira2005@gmail.com;(27) 98241-9170;Vitória;ES;12/07/2026;google;
1052;Gabriela Rodrigues;gabriela.rodrigues50@gmail.com;(27) 99982-5719;Vila Velha;ES;19/06/2026;Meta Ads;
1053;Caio Rocha;caio.rocha1992@gmail.com;;Guarapari;ES;04/05/2026;Meta Ads;Sim
1054;Pedro Nascimento;pedro.nascimento@gmail.com;(31) 98285-4346;Campinas;SP;15/05/2026;Google;
1055;Pedro Ferreira;pedro.ferreira1982@yahoo.com.br;(31) 98708-2159;RIO DE JANEIRO;RJ;18/06/2026;Google Ads;S
1056;Rodrigo Lima;rodrigo.lima@gmail.com;;Vitória;ES;11/02/2026;;
1057;Gabriela Ferreira;gabriela.ferreira@gmail.com;(27) 99245-7215;Guarapari;ES;29/06/2026;instagram;
1058;Maria Araújo;maria.araujo1992@gmail.com;(27) 99436-7993;Serra;ES;10/01/2026;Google Shopping;S
1059;Thaís Carvalho;thais.carvalho46@hotmail.com;(27) 98487-4801;Vitória;ES;01/03/2026;Google Ads;N
1060;Mariana Santos;mariana.santos@hotmail.com;(27) 98578-1716;Vila Velha;ES;24/01/2026;Instagram;S
1061;Rafael Pimentel;rafael.pimentel1995@gmail.com;(31) 98156-5099;Belo Horizonte;MG;06/05/2026;Instagram;
1062;Aline Ferreira;aline.ferreira57@gmail.com;(41) 98599-5001;Campinas;SP;16/04/2026;indicacao;N
1063;PRISCILA ROCHA;priscila.rocha14@hotmail.com;(41) 98995-5583;Rio de Janeiro;RJ;17/05/2026;Google Ads;N
1064;Gabriela Dalla Bernardina;gabriela.dallabernardina842@gmail.com;(27) 98481-8213;Vitória;ES;12/03/2026;;
1065;João Martins;joao.martins5@yahoo.com.br;(27) 98615-2384;Serra;ES;21/08/2026;;Sim
1066;Bruna Araújo;bruna.araujo488@gmail.com;(19) 99090-1856;Belo Horizonte;MG;16/07/2026;Meta Ads;Não
1067;Aline Silva;aline.silva78@gmail.com;(41) 98443-1448;Curitiba;PR;17/01/2026;Google;Sim
1068;Pedro Souza;pedro.souza1992@icloud.com;(27) 99758-9761;Vila Velha;ES;11/08/2026;;
1069;Bruna Gomes;bruna.gomes@gmail.com;(27) 99637-5495;Vila Velha;ES;23/09/2026;Google Ads;S
1070;André Nascimento;andre.nascimento@yahoo.com.br;(27) 98740-5403;Vila Velha;ES;08/05/2026;Meta Ads;Sim
1071;Luíza Simões;luiza.simoes42@gmail.com;(27) 98947-1282;Cariacica;ES;07/01/2026;Google Shopping;
1072;Aline Martins;aline.martins@hotmail.com;(27) 99186-2303;Vitória;ES;27/08/2026;google;
1073;Leonardo Pereira;leonardo.pereira34@gmail.com;(27) 98260-4726;Cariacica;ES;10/06/2026;;N
1074;Pedro Ferreira;pedro.ferreira@gmail.com;(41) 99762-8214;Belo Horizonte;MG;17/03/2026;Google;
1075;Mariana Santos;mariana.santos92@gmail.com;(11) 99106-1732;Belo Horizonte;MG;22/01/2026;Google Ads;Não
1076;Débora Gomes;debora.gomes308@gmail.com;;Linhares;ES;29/06/2026;Google Shopping;Não
1077;Rafael Silva;rafael.silva42@gmail.com;(27) 99837-7139;Serra;ES;07/08/2026;instagram;Sim
1078;Mateus Carvalho;mateus.carvalho@yahoo.com.br;(27) 98217-4464;Vitória;ES;31/05/2026;Google;
1079;Marcelo Moreira;marcelo.moreira@hotmail.com;(41) 98066-3458;Salvador;BA;19/09/2026;Instagram;
1080;Bruno Moreira;bruno.moreira1998@outlook.com;(19) 99103-2986;São Paulo;SP;10/02/2026;;
1081;Caio Martins;caio.martins1996@hotmail.com;(27) 98551-4195;Serra;ES;28/09/2026;;Não
1082;Carlos Ferreira;carlos.ferreira@hotmail.com;(27) 99532-2890;Serra;ES;31/05/2026;Instagram;N
1083;Vinícius Carvalho;vinicius.carvalho1991@outlook.com;(27) 99873-6935;Vitória;ES;16/08/2026;Google;Sim
1084;Carolina Ferreira;carolina.ferreira@outlook.com;(27) 99590-7678;Vila Velha;ES;28/04/2026;Google;Sim
1085;Gabriela Nascimento;gabriela.nascimento@hotmail.com;(27) 99034-3431;Serra;ES;12/03/2026;Google;N
1086;Leonardo Silva;leonardo.silva22@gmail.com;(41) 99456-8698;Campinas;SP;12/04/2026;google ads;sim
1087;João Zanotti;joao.zanotti@outlook.com;(27) 99881-7358;Cariacica;ES;06/03/2026;influencer;sim
1088;Priscila Ferreira;priscila.ferreira@gmail.com;(11) 99211-2765;Salvador;BA;01/07/2026;;
1089;ALINE GOMES;aline.gomes53@hotmail.com;(27) 99551-8816;Vila Velha;ES;24/01/2026;indicacao;Não
1090;Fábio Rocha;fabio.rocha@yahoo.com.br;(27) 98757-8430;Linhares;ES;04/04/2026;;Não
1091;Luíza Rodrigues;luiza.rodrigues605@gmail.com;(27) 99155-9481;Vitória;ES;13/08/2026;Facebook;N
1092;Vinícius Almeida;vinicius.almeida42@gmail.com;(27) 98085-4451;Vitória;ES;18/09/2026;Site;Não
1093;Thaís Nascimento;thais.nascimento13@gmail.com;(27) 98589-5486;Vitória;ES;23/05/2026;Google Ads;N
1094;André Rodrigues;andre.rodrigues@gmail.com;(11) 98288-2572;Belo Horizonte;MG;25/04/2026;Google;N
1095;João Pimentel;joao.pimentel1997@gmail.com;(27) 99000-1422;Vitória;ES;18/09/2026;Instagram;N
1096;Fábio Ribeiro;fabio.ribeiro1994@gmail.com;(19) 98604-2795;Salvador;BA;25/05/2026;Meta Ads;sim
1097;Júlia Lima;julia.lima2003@gmail.com;(27) 99645-2295;Serra;ES;10/08/2026;Influenciadora;Sim
1098;Carlos Pereira;carlos.pereira65@hotmail.com;(27) 99506-9402;Cachoeiro de Itapemirim;ES;24/04/2026;;sim
1099;Carlos Santos;carlos.santos1983@outlook.com;(27) 98389-1583;SERRA;ES;07/02/2026;Google;S
1100;Luíza Araújo;luiza.araujo581@gmail.com;(27) 99666-4065;Cariacica;ES;05/01/2026;Indicacao amigo;N
1101;Júlia Rocha;julia.rocha@gmail.com;(27) 98137-9039;Serra;ES;25/05/2026;Instagram;sim
1102;Pedro Ribeiro;pedro.ribeiro1988@hotmail.com;(27) 99195-4845;Cachoeiro de Itapemirim;ES;17/04/2026;Google;Não
1103;Camila Almeida;camila.almeida1989@hotmail.com;(27) 99631-7425;Cariacica;ES;05/09/2026;;Não
1104;Mariana Souza;mariana.souza97@hotmail.com;(27) 98666-5053;Cariacica;ES;04/09/2026;Google Ads;Sim
1105;Patrícia Simões;patricia.simoes1991@hotmail.com;(21) 99584-8925;Rio de Janeiro;RJ;01/03/2026;Google Shopping;
1106;Mariana Silva;mariana.silva1988@gmail.com;(19) 98124-6295;Curitiba;PR;08/09/2026;site;N
1107;Renata Ribeiro;renata.ribeiro@gmail.com;(27) 99491-4587;Cariacica;ES;12/06/2026;Instagram;N
1108;Carolina Ferreira;carolina.ferreira1985@gmail.com;(71) 98225-6401;Campinas;SP;24/01/2026;Meta Ads;sim
1109;Bruna Oliveira;bruna.oliveira91@outlook.com;(27) 99341-1806;Vitória;ES;11/01/2026;Facebook;
1110;Camila Barbosa;camila.barbosa@gmail.com;(21) 99865-7125;Curitiba;PR;05/07/2026;;
1111;Mariana Silva;mariana.silva1980@gmail.com;(27) 98814-8944;Cariacica;ES;21/04/2026;Meta Ads;S
1112;Mariana Loureiro;mariana.loureiro@gmail.com;(27) 99535-3025;Vila Velha;ES;25/05/2026;Meta Ads;sim
1113;Rafael Dalla Bernardina;rafael.dallabernardina@gmail.com;(27) 99478-7805;Cariacica;ES;13/07/2026;Influenciadora;Não
1114;Thaís Almeida;thais.almeida1993@gmail.com;(27) 98561-8518;Vila Velha;ES;20/07/2026;Meta Ads;Sim
1115;FÁBIO MARTINS;fabio.martins49@gmail.com;(27) 99980-7657;Vila Velha;ES;16/05/2026;IG;S
1116;Priscila Rocha;priscila.rocha@hotmail.com;(19) 99948-7106;São Paulo;SP;05/09/2026;google ads;sim
1117;Juliana Moreira;juliana.moreira14@gmail.com;;Vitória;ES;29/04/2026;;Sim
1118;Júlia Lima;julia.lima52@outlook.com;(41) 99557-4808;São Paulo;SP;08/09/2026;instagram;sim
1119;Gabriela Dalla Bernardina;gabriela.dallabernardina429@yahoo.com.br;(27) 98832-1091;Colatina;ES;10/09/2026;instagram;
1120;Rodrigo Barbosa;rodrigo.barbosa1990@gmail.com;(27) 98944-8913;Serra;ES;18/04/2026;Meta Ads;Sim
1121;Vinícius Zanotti;vinicius.zanotti@gmail.com;(27) 99064-2990;Vila Velha;ES;11/02/2026;Google Ads;Sim
1122;Gabriel Santos;gabriel.santos@icloud.com;(41) 98997-3291;Curitiba;PR;13/08/2026;Meta Ads;
1123;Gabriela Souza;gabriela.souza1989@icloud.com;(27) 99070-6281;Vila Velha;ES;03/08/2026;;
1124;Camila Lima;camila.lima1996@gmail.com;(41) 99949-7082;Curitiba;PR;10/07/2026;Google Shopping;S
1125;Fernanda Nascimento;fernanda.nascimento636@hotmail.com;(27) 98650-7820;Vitória;ES;09/05/2026;Google;N
1126;Ana Almeida;ana.almeida@gmail.com;;Guarapari;ES;29/08/2026;;Não
1127;Júlia Carvalho;julia.carvalho743@gmail.com;(27) 98562-5656;Vila Velha;ES;28/08/2026;;
1128;Gabriela Carvalho;gabriela.carvalho80@gmail.com;(27) 99108-4319;Guarapari;ES;07/08/2026;Instagram;N
1129;Letícia Moreira;leticia.moreira1984@yahoo.com.br;(27) 99568-7274;Cachoeiro de Itapemirim;ES;21/04/2026;Meta Ads;S
1130;Caio Simões;caio.simoes@gmail.com;(21) 98443-2496;Curitiba;PR;22/05/2026;Meta Ads;
1131;Juliana Silva;juliana.silva@gmail.com;(27) 99653-8203;Cariacica;ES;17/03/2026;;Sim
1132;Débora Merçon;debora.mercon1987@hotmail.com;(27) 99584-7316;Serra;ES;30/08/2026;;S
1133;Débora Nascimento;debora.nascimento1982@gmail.com;(27) 99936-5550;Vila Velha;ES;01/07/2026;Instagram;Não
1134;Juliana Zanotti;juliana.zanotti@outlook.com;(27) 99335-6704;Serra;ES;12/08/2026;Instagram;S
1135;Eduardo Dalla Bernardina;eduardo.dallabernardina1986@outlook.com;(27) 98783-7130;Vila Velha;ES;07/07/2026;;sim
1136;Ana Moreira;ana.moreira@gmail.com;;VILA VELHA;ES;04/07/2026;instagram;N
1137;Rodrigo Araújo;rodrigo.araujo2002@gmail.com;(27) 99280-1937;Vila Velha;ES;18/01/2026;Google;sim
1138;Rodrigo Pimentel;rodrigo.pimentel81@gmail.com;(27) 99535-9938;Cariacica;ES;16/01/2026;Indicacao amigo;Sim
1139;Larissa Oliveira;larissa.oliveira@gmail.com;(27) 99305-2021;Cariacica;ES;20/03/2026;Influenciadora;S
1140;Felipe Loureiro;felipe.loureiro@gmail.com;(71) 99737-6185;Salvador;BA;23/05/2026;Facebook;N
1141;Fábio Dalla Bernardina;fabio.dallabernardina@icloud.com;(27) 98852-2007;Serra;ES;28/03/2026;;sim
1142;Letícia Oliveira;leticia.oliveira@gmail.com;(27) 98406-9281;Colatina;ES;14/09/2026;;Não
1143;Priscila Carvalho;priscila.carvalho16@yahoo.com.br;(71) 98176-8585;Salvador;BA;02/01/2026;Google Ads;Não
1144;Felipe Loureiro;felipe.loureiro415@icloud.com;(27) 99930-4130;Cachoeiro de Itapemirim;ES;11/01/2026;;N
1145;Mateus Rodrigues;mateus.rodrigues18@hotmail.com;(27) 99710-4084;Vila Velha;ES;14/07/2026;Influenciadora;Não
1146;Gabriela Rodrigues;gabriela.rodrigues90@gmail.com;(27) 98727-6957;Cariacica;ES;13/04/2026;IG;sim
1147;Camila Santos;camila.santos@outlook.com;(27) 98431-8108;Linhares;ES;25/09/2026;Facebook;S
1148;Débora Barbosa;debora.barbosa96@gmail.com;(27) 99583-4452;Cariacica;ES;28/05/2026;;N
1149;Beatriz Rocha;beatriz.rocha@hotmail.com;(27) 98956-6291;Vitória;ES;28/08/2026;Facebook;S
1150;Pedro Nascimento;pedro.nascimento1983@gmail.com;(27) 98325-7904;Vitória;ES;13/07/2026;Meta Ads;sim
1151;Gabriel Pereira;gabriel.pereira@hotmail.com;(27) 98381-1356;Guarapari;ES;22/06/2026;Google Ads;sim
1152;Carolina Dalla Bernardina;carolina.dallabernardina@gmail.com;(11) 99230-6535;São Paulo;SP;22/08/2026;Google Ads;sim
1153;Mariana Merçon;mariana.mercon65@hotmail.com;(11) 99953-7565;Campinas;SP;25/07/2026;Google Ads;N
1154;Gabriela Pimentel;gabriela.pimentel@yahoo.com.br;(21) 98266-6458;Campinas;SP;25/03/2026;Google Ads;sim
1155;Larissa Carvalho;larissa.carvalho@hotmail.com;(27) 99348-3416;Vitória;ES;28/01/2026;;S
1156;Mariana Lima;mariana.lima88@gmail.com;(27) 98326-6647;Cariacica;ES;15/04/2026;;sim
1157;Rodrigo Simões;rodrigo.simoes49@gmail.com;(31) 98793-3105;Campinas;SP;21/07/2026;Facebook;
1158;Patrícia Almeida;patricia.almeida87@yahoo.com.br;(27) 99093-2174;Serra;ES;10/03/2026;Meta Ads;Não
1159;Thaís Pereira;thais.pereira99@gmail.com;(27) 99026-1026;Serra;ES;14/01/2026;Facebook;Não
1160;Bruno Lima;bruno.lima@gmail.com;(27) 98891-2521;Vila Velha;ES;23/07/2026;Google Shopping;S
1161;Gabriela Almeida;gabriela.almeida50@gmail.com;(27) 99963-7909;Vila Velha;ES;03/04/2026;Meta Ads;
1162;Gabriel Gomes;gabriel.gomes1991@gmail.com;(27) 99766-7626;Cachoeiro de Itapemirim;ES;23/07/2026;;
1163;João Martins;joao.martins84@hotmail.com;(31) 98620-7962;Campinas;SP;16/07/2026;Instagram;sim
1164;Leonardo Rocha;leonardo.rocha48@gmail.com;(27) 99990-6977;Guarapari;ES;01/03/2026;Meta Ads;sim
1165;Diego Merçon;diego.mercon@gmail.com;(27) 98690-5224;Vitória;ES;02/04/2026;Meta Ads;
1166;Renata Almeida;renata.almeida6@hotmail.com;(27) 98102-7050;Serra;ES;21/08/2026;Meta Ads;Não
1167;João Barbosa;joao.barbosa35@gmail.com;(27) 98035-8319;Serra;ES;22/06/2026;IG;S
1168;Aline Dalla Bernardina;aline.dallabernardina1997@hotmail.com;(27) 98358-2377;Vila Velha;ES;19/01/2026;Instagram;N
1169;Rodrigo Ribeiro;rodrigo.ribeiro36@yahoo.com.br;(27) 99881-9577;Vila Velha;ES;06/03/2026;Google Ads;Não
1170;Aline Santos;aline.santos1999@icloud.com;(31) 98782-9398;CURITIBA;PR;21/01/2026;Google;
1171;Gabriela Ribeiro;gabriela.ribeiro@gmail.com;(71) 99521-2298;São Paulo;SP;10/02/2026;indicacao;Não
1172;Felipe Moreira;felipe.moreira1989@outlook.com;;Guarapari;ES;10/08/2026;influencer;
1173;Juliana Costa;juliana.costa98@gmail.com;(27) 99027-1749;Vila Velha;ES;26/01/2026;Google Shopping;N
1174;Thiago Silva;thiago.silva@hotmail.com;(21) 98562-5375;Belo Horizonte;MG;03/04/2026;Google;Sim
1175;Mariana Silva;mariana.silva@gmail.com;(27) 98589-8547;Colatina;ES;12/06/2026;Google;
1176;Juliana Barbosa;juliana.barbosa2@gmail.com;(27) 99684-8280;Serra;ES;18/06/2026;;S
1177;Camila Simões;camila.simoes50@gmail.com;;Belo Horizonte;MG;13/09/2026;IG;
1178;Débora Carvalho;debora.carvalho39@hotmail.com;(19) 98060-3554;Belo Horizonte;MG;26/06/2026;Google;Sim
1179;Fábio Ribeiro;fabio.ribeiro@gmail.com;(27) 99523-9040;Guarapari;ES;27/03/2026;;Sim
1180;Rafael Araújo;rafael.araujo@hotmail.com;(27) 98432-2812;Vila Velha;ES;12/07/2026;indicacao;N
1181;Gustavo Barbosa;gustavo.barbosa@hotmail.com;(27) 98571-6233;Colatina;ES;02/04/2026;Google Ads;
1182;Carlos Rocha;carlos.rocha69@gmail.com;(27) 99013-8600;Serra;ES;24/02/2026;;sim
1183;Camila Araújo;camila.araujo1980@gmail.com;;Campinas;SP;19/08/2026;Facebook;S
1184;Carolina Ribeiro;carolina.ribeiro1986@gmail.com;(27) 98459-3270;Colatina;ES;20/02/2026;Google;Sim
1185;Caio Moreira;caio.moreira@gmail.com;(27) 98511-3727;Colatina;ES;15/09/2026;Google;S
1186;EDUARDO SILVA;eduardo.silva1999@hotmail.com;(27) 99047-4162;GUARAPARI;ES;30/08/2026;;sim
1187;Mariana Pereira;mariana.pereira@gmail.com;(27) 98600-2061;Vitória;ES;24/03/2026;;Sim
1188;Renata Ferreira;renata.ferreira88@gmail.com;(21) 99992-8559;CURITIBA;PR;16/04/2026;;Sim
1189;Carlos Pereira;carlos.pereira1994@gmail.com;(27) 99533-1529;Vitória;ES;26/02/2026;;Sim
1190;Rodrigo Araújo;rodrigo.araujo10@gmail.com;(41) 98247-9751;Rio de Janeiro;RJ;28/07/2026;Google;sim
1191;Maria Almeida;maria.almeida2006@gmail.com;(27) 98818-9381;Serra;ES;13/08/2026;Influenciadora;N
1192;Beatriz Souza;beatriz.souza1988@gmail.com;(21) 98750-7764;São Paulo;SP;14/08/2026;Google;Não
1193;Rodrigo Costa;rodrigo.costa34@icloud.com;(31) 98938-9053;Rio de Janeiro;RJ;14/03/2026;;Sim
1194;Renata Nascimento;renata.nascimento58@yahoo.com.br;;Vila Velha;ES;14/05/2026;;S
1195;Gabriela Almeida;gabriela.almeida1985@icloud.com;(27) 98973-8206;Vila Velha;ES;09/07/2026;Instagram;sim
1196;Rafael Lima;rafael.lima78@gmail.com;(27) 98466-1458;Cachoeiro de Itapemirim;ES;21/03/2026;;S
1197;Ana Rodrigues;ana.rodrigues2003@outlook.com;(27) 98976-3791;Serra;ES;05/06/2026;site;sim
1198;DÉBORA NASCIMENTO;debora.nascimento67@hotmail.com;(27) 98346-9605;Cachoeiro de Itapemirim;ES;21/03/2026;Indicação;sim
1199;João Simões;joao.simoes@gmail.com;(27) 98459-3459;Vila Velha;ES;05/09/2026;Google;
1200;Renata Moreira;renata.moreira1980@outlook.com;(27) 99518-4318;Vila Velha;ES;03/03/2026;Facebook;N
1201;Beatriz Nascimento;beatriz.nascimento65@outlook.com;(27) 99733-9810;Guarapari;ES;17/01/2026;;sim
1202;Débora Ferreira;debora.ferreira1988@gmail.com;(71) 99756-5015;Rio de Janeiro;RJ;29/01/2026;Google;
1203;Thaís Rodrigues;thais.rodrigues@gmail.com;(31) 99855-3171;São Paulo;SP;22/08/2026;Meta Ads;sim
1204;Mariana Moreira;mariana.moreira98@hotmail.com;(27) 99099-1836;Vitória;ES;01/02/2026;Google Ads;Sim
1205;Beatriz Gomes;beatriz.gomes655@yahoo.com.br;(27) 99225-8982;Vila Velha;ES;07/02/2026;Instagram;N
1206;Fernanda Moreira;fernanda.moreira82@gmail.com;(27) 99545-7671;Vila Velha;ES;27/02/2026;IG;
1207;Carlos Rocha;carlos.rocha62@icloud.com;(27) 98541-9719;Vila Velha;ES;10/09/2026;;Não
1208;Marcelo Almeida;marcelo.almeida@gmail.com;(27) 98013-6229;Cariacica;ES;21/05/2026;instagram;Sim
1209;Camila Pereira;camila.pereira9@icloud.com;(27) 98193-8261;Vila Velha;ES;18/09/2026;;Não
1210;Beatriz Merçon;beatriz.mercon30@outlook.com;;Vila Velha;ES;04/04/2026;Facebook;Não
1211;Felipe Moreira;felipe.moreira87@gmail.com;(27) 99569-7491;Vila Velha;ES;03/06/2026;Google;S
1212;Débora Martins;debora.martins84@gmail.com;;Vila Velha;ES;22/03/2026;Influenciadora;Sim
1213;Gabriela Nascimento;gabriela.nascimento1991@gmail.com;(27) 98630-7968;CARIACICA;ES;05/06/2026;Google;
1214;Bruna Santos;bruna.santos1991@gmail.com;(27) 99570-5492;Cariacica;ES;02/08/2026;google ads;N
1215;Letícia Almeida;leticia.almeida48@hotmail.com;(19) 98667-4267;Curitiba;PR;14/04/2026;Facebook;
1216;Letícia Souza;leticia.souza@gmail.com;(19) 99928-8698;São Paulo;SP;15/09/2026;Instagram;
1217;Gustavo Zanotti;gustavo.zanotti@gmail.com;;Colatina;ES;24/01/2026;;S
1218;Aline Gomes;aline.gomes37@gmail.com;(31) 98664-7779;São Paulo;SP;29/01/2026;Meta Ads;Não
1219;Renata Ferreira;renata.ferreira1998@icloud.com;;Vila Velha;ES;13/04/2026;Influenciadora;Sim
1220;Carlos Carvalho;carlos.carvalho1994@gmail.com;(27) 98657-8673;Vila Velha;ES;04/02/2026;;Não
1221;Letícia Rodrigues;leticia.rodrigues@gmail.com;;Vitória;ES;05/07/2026;Facebook;S
1222;Marcelo Santos;marcelo.santos@yahoo.com.br;(27) 98065-9261;Serra;ES;07/09/2026;google;
1223;Rodrigo Almeida;rodrigo.almeida1990@gmail.com;(31) 99157-2509;São Paulo;SP;17/06/2026;;Não
1224;Débora Oliveira;debora.oliveira1994@icloud.com;(27) 99539-2197;Vila Velha;ES;27/02/2026;Indicacao amigo;
1225;Leonardo Gomes;leonardo.gomes1984@gmail.com;(27) 98372-6567;Vitória;ES;09/08/2026;;Não
1226;Gustavo Moreira;gustavo.moreira1980@hotmail.com;(27) 98017-4690;Vitória;ES;10/08/2026;Google;Não
1227;MARIANA MOREIRA;mariana.moreira87@outlook.com;(27) 99338-4282;Cariacica;ES;19/03/2026;;Não
1228;Fábio Lima;fabio.lima@gmail.com;(27) 98371-2653;Vila Velha;ES;01/07/2026;Influenciadora;Não
1229;Júlia Nascimento;julia.nascimento1987@gmail.com;(27) 98620-3675;Vila Velha;ES;21/01/2026;instagram;sim
1230;Fernanda Merçon;fernanda.mercon@hotmail.com;(27) 99708-7145;VITÓRIA;ES;19/05/2026;Google;
1231;Renata Gomes;renata.gomes@hotmail.com;(27) 99668-3042;Linhares;ES;17/04/2026;Facebook;S
1232;Fernanda Souza;fernanda.souza2003@gmail.com;(11) 98850-4129;São Paulo;SP;22/09/2026;IG;S
1233;Letícia Rocha;leticia.rocha489@hotmail.com;(27) 99969-2639;Serra;ES;16/02/2026;Instagram;N
1234;Vinícius Loureiro;vinicius.loureiro1987@gmail.com;(27) 99318-7384;Cachoeiro de Itapemirim;ES;08/06/2026;;N
1235;Thiago Dalla Bernardina;thiago.dallabernardina967@gmail.com;(27) 99156-1151;Vila Velha;ES;09/01/2026;site;Sim
1236;Pedro Pimentel;pedro.pimentel2003@gmail.com;(27) 99264-7797;Serra;ES;29/08/2026;instagram;Não
1237;Débora Lima;debora.lima2005@gmail.com;(27) 99800-2792;Serra;ES;03/08/2026;influencer;S
1238;Aline Rodrigues;aline.rodrigues@gmail.com;(27) 98058-8708;Serra;ES;06/06/2026;;N
1239;Bruna Merçon;bruna.mercon2003@gmail.com;(27) 98205-1244;Vila Velha;ES;15/03/2026;Facebook;sim
1240;Júlia Souza;julia.souza61@outlook.com;(27) 98275-1011;Cariacica;ES;25/04/2026;Facebook;S
1241;Thiago Lima;thiago.lima2001@gmail.com;(27) 99368-2579;Colatina;ES;29/08/2026;;Sim
1242;Débora Lima;debora.lima1987@gmail.com;(31) 99468-7616;São Paulo;SP;11/04/2026;Google;Sim
1243;Gabriela Nascimento;gabriela.nascimento1994@yahoo.com.br;(27) 99058-5370;Cariacica;ES;09/05/2026;IG;Não
1244;Fábio Dalla Bernardina;fabio.dallabernardina5@icloud.com;(27) 99626-4242;Vitória;ES;11/07/2026;Instagram;N
1245;Maria Ferreira;maria.ferreira21@gmail.com;(27) 98984-8927;Linhares;ES;08/01/2026;indicacao;N
1246;Fábio Araújo;fabio.araujo58@yahoo.com.br;(27) 99117-8206;Vila Velha;ES;07/04/2026;;Sim
1247;Marcelo Nascimento;marcelo.nascimento44@gmail.com;(19) 99581-9993;Curitiba;PR;24/05/2026;Facebook;S
1248;Carlos Merçon;carlos.mercon536@icloud.com;(27) 99975-9901;Vitória;ES;19/02/2026;;Não
1249;Gabriel Souza;gabriel.souza71@gmail.com;(27) 98628-8414;Serra;ES;27/04/2026;instagram;N
1250;Marcelo Pereira;marcelo.pereira2006@gmail.com;(27) 99720-4634;Vitória;ES;12/02/2026;Google Ads;Não
1251;Eduardo Rocha;eduardo.rocha@yahoo.com.br;;Cariacica;ES;12/04/2026;;Sim
1252;Débora Pereira;debora.pereira@icloud.com;(27) 99300-4707;Vila Velha;ES;05/07/2026;Instagram;
1253;Thaís Ribeiro;thais.ribeiro@hotmail.com;(27) 98798-9548;Vila Velha;ES;19/03/2026;site;N
1254;Larissa Dalla Bernardina;larissa.dallabernardina@gmail.com;;Rio de Janeiro;RJ;01/09/2026;indicacao;N
1255;Juliana Pereira;juliana.pereira@hotmail.com;(21) 99323-7865;Curitiba;PR;30/07/2026;Facebook;S
1256;Aline Oliveira;aline.oliveira@hotmail.com;(27) 99486-3487;Vitória;ES;10/04/2026;google;Não
1257;João Loureiro;joao.loureiro16@outlook.com;(27) 99580-8718;Vitória;ES;14/03/2026;Facebook;Sim
1258;Beatriz Barbosa;beatriz.barbosa96@gmail.com;(27) 99802-6593;Vitória;ES;13/08/2026;instagram;N
1259;Letícia Souza;leticia.souza81@yahoo.com.br;(27) 99794-8983;Vila Velha;ES;21/01/2026;Google;Sim
1260;Júlia Dalla Bernardina;julia.dallabernardina78@gmail.com;(19) 99713-8085;Belo Horizonte;MG;26/04/2026;influencer;Sim
1261;Thiago Dalla Bernardina;thiago.dallabernardina94@icloud.com;(27) 98673-7875;Cariacica;ES;23/02/2026;Google;Não
1262;Lucas Silva;lucas.silva13@gmail.com;(27) 99013-4627;Linhares;ES;09/05/2026;Google;N
1263;Juliana Barbosa;juliana.barbosa2006@hotmail.com;(27) 99062-7268;Colatina;ES;17/05/2026;;S
1264;Luíza Simões;luiza.simoes91@hotmail.com;(71) 98081-6690;Rio de Janeiro;RJ;02/03/2026;Meta Ads;
1265;Fábio Rocha;fabio.rocha1992@hotmail.com;(31) 98442-3961;Belo Horizonte;MG;14/08/2026;Google;
1266;Carolina Silva;carolina.silva94@gmail.com;(71) 98704-6773;Salvador;BA;18/06/2026;Facebook;S
1267;Maria Nascimento;maria.nascimento2002@gmail.com;;Campinas;SP;08/05/2026;;sim
1268;Mateus Martins;mateus.martins12@yahoo.com.br;(27) 99515-4728;Guarapari;ES;25/07/2026;Google;N
1269;Júlia Loureiro;julia.loureiro1990@hotmail.com;(27) 98381-7270;Cachoeiro de Itapemirim;ES;06/06/2026;Instagram;N
1270;Renata Carvalho;renata.carvalho116@gmail.com;(27) 99191-6087;VILA VELHA;ES;06/09/2026;Instagram;S
1271;Diego Pereira;diego.pereira1999@gmail.com;(27) 98191-2483;Vila Velha;ES;01/06/2026;;sim
1272;Rafael Zanotti;rafael.zanotti44@hotmail.com;(27) 99886-7311;Vitória;ES;27/07/2026;Influenciadora;Não
1273;Júlia Nascimento;julia.nascimento@gmail.com;(27) 98317-5485;GUARAPARI;ES;31/05/2026;IG;Não
1274;Bruno Ferreira;bruno.ferreira1994@gmail.com;(27) 98025-5862;Vitória;ES;25/04/2026;Facebook;S
1275;Renata Ribeiro;renata.ribeiro1997@gmail.com;(27) 98381-9496;Serra;ES;11/01/2026;Facebook;
1276;Eduardo Rodrigues;eduardo.rodrigues56@gmail.com;(27) 99106-6850;Serra;ES;18/07/2026;;Não
1277;Fábio Lima;fabio.lima2005@hotmail.com;(27) 98642-2717;Guarapari;ES;07/05/2026;Facebook;N
1278;Diego Ferreira;diego.ferreira1988@gmail.com;(27) 99267-8174;Cariacica;ES;27/04/2026;Instagram;S
1279;Camila Silva;camila.silva1994@icloud.com;(27) 99834-6695;Vitória;ES;12/08/2026;Google;S
1280;ALINE OLIVEIRA;aline.oliveira1988@gmail.com;(31) 99461-9041;São Paulo;SP;17/03/2026;Google;Sim
1281;Felipe Simões;felipe.simoes1989@icloud.com;(27) 98676-4810;Vila Velha;ES;10/03/2026;Google;sim
1282;Rafael Merçon;rafael.mercon2001@gmail.com;(27) 99988-1867;Vitória;ES;18/09/2026;google ads;S
1283;Júlia Pimentel;julia.pimentel9@gmail.com;(21) 98509-3938;São Paulo;SP;03/07/2026;;N
1284;Beatriz Nascimento;beatriz.nascimento12@yahoo.com.br;(71) 98793-7677;Rio de Janeiro;RJ;16/01/2026;Instagram;
1285;PATRÍCIA PEREIRA;patricia.pereira13@gmail.com;(19) 99800-5128;Rio de Janeiro;RJ;31/08/2026;google;
1286;Fernanda Ferreira;fernanda.ferreira2000@gmail.com;;Serra;ES;05/04/2026;Google Ads;sim
1287;Pedro Barbosa;pedro.barbosa8@gmail.com;(27) 98003-9669;Vila Velha;ES;11/01/2026;;Não
1288;Ana Moreira;ana.moreira293@icloud.com;;Colatina;ES;17/06/2026;;Não
1289;Larissa Pimentel;larissa.pimentel@hotmail.com;(21) 99039-3438;Rio de Janeiro;RJ;26/06/2026;Google;
1290;Maria Barbosa;maria.barbosa16@gmail.com;(27) 98714-3955;Vitória;ES;16/08/2026;influencer;N
1291;Rodrigo Costa;rodrigo.costa1984@gmail.com;(27) 99901-9978;Cariacica;ES;27/03/2026;Google;S
1292;Diego Oliveira;diego.oliveira44@gmail.com;(27) 99966-9040;Vila Velha;ES;18/08/2026;Instagram;S
1293;Maria Martins;maria.martins2002@gmail.com;;Cariacica;ES;26/07/2026;instagram;Sim
1294;Priscila Loureiro;priscila.loureiro26@gmail.com;(27) 99563-4244;Cariacica;ES;30/09/2026;;Não
1295;Bruna Oliveira;bruna.oliveira63@gmail.com;(27) 99149-8931;Serra;ES;07/08/2026;Facebook;
1296;Gabriela Merçon;gabriela.mercon@outlook.com;(31) 98385-2461;Salvador;BA;06/06/2026;;N
1297;Pedro Barbosa;pedro.barbosa4@hotmail.com;(27) 98720-9810;Vila Velha;ES;30/03/2026;Facebook;S
1298;Marcelo Pereira;marcelo.pereira1991@gmail.com;(27) 98202-8491;Vila Velha;ES;11/08/2026;Facebook;S
1299;Lucas Zanotti;lucas.zanotti@yahoo.com.br;(27) 99255-1255;Cachoeiro de Itapemirim;ES;24/04/2026;;N
1300;Beatriz Almeida;beatriz.almeida1987@gmail.com;(27) 98798-4741;Vila Velha;ES;15/07/2026;instagram;
1301;Larissa Pimentel;larissa.pimentel1999@gmail.com;;Serra;ES;25/07/2026;Instagram;N
1302;Ana Ribeiro;ana.ribeiro53@gmail.com;(19) 98519-1170;Salvador;BA;20/05/2026;;sim
1303;Renata Lima;renata.lima@gmail.com;(27) 98234-2888;Cachoeiro de Itapemirim;ES;22/07/2026;Google Shopping;N
1304;Priscila Nascimento;priscila.nascimento22@icloud.com;(71) 98815-5666;Rio de Janeiro;RJ;08/09/2026;Facebook;S
1305;Thiago Souza;thiago.souza98@gmail.com;(27) 99136-9158;Vitória;ES;26/05/2026;Google;Não
1306;Rodrigo Martins;rodrigo.martins@gmail.com;;Salvador;BA;23/09/2026;instagram;
1307;Larissa Gomes;larissa.gomes@icloud.com;(27) 99570-4096;Cariacica;ES;09/07/2026;;Sim
1308;Ana Lima;ana.lima@gmail.com;(27) 98410-1924;Cariacica;ES;12/06/2026;Instagram;Não
1309;Marcelo Oliveira;marcelo.oliveira1985@gmail.com;(27) 99347-8190;Serra;ES;20/03/2026;google;
1310;Mariana Pimentel;mariana.pimentel1989@gmail.com;(27) 99120-6202;Vitória;ES;14/08/2026;IG;Sim
1311;Patrícia Carvalho;patricia.carvalho@icloud.com;(27) 98012-7245;Vila Velha;ES;09/01/2026;instagram;N
1312;Gabriel Ferreira;gabriel.ferreira658@gmail.com;(27) 99328-8805;Vitória;ES;30/01/2026;IG;N
1313;Thaís Araújo;thais.araujo@icloud.com;;Cariacica;ES;17/07/2026;;sim
1314;Larissa Gomes;larissa.gomes@gmail.com;(27) 99304-3856;Vila Velha;ES;21/08/2026;Facebook;
1315;Mateus Carvalho;mateus.carvalho95@gmail.com;;Vitória;ES;18/07/2026;Indicacao amigo;Não
1316;Rafael Loureiro;rafael.loureiro46@hotmail.com;(27) 98943-8410;Serra;ES;27/04/2026;;Sim
1317;Patrícia Nascimento;patricia.nascimento@outlook.com;(27) 98503-4554;Vila Velha;ES;18/07/2026;Google;S
1318;Caio Carvalho;caio.carvalho60@gmail.com;(27) 98628-4498;Cachoeiro de Itapemirim;ES;10/04/2026;Influenciadora;Sim
1319;Renata Almeida;renata.almeida@gmail.com;(27) 98691-3567;Vila Velha;ES;29/08/2026;Google Ads;Sim
1320;Renata Silva;renata.silva89@yahoo.com.br;(21) 98559-3553;Belo Horizonte;MG;22/09/2026;Google Shopping;Não
1321;Patrícia Gomes;patricia.gomes@hotmail.com;(27) 99250-9693;Serra;ES;12/04/2026;;S
1322;Lucas Silva;lucas.silva2@gmail.com;(27) 99907-6844;Serra;ES;19/01/2026;;S
1323;Júlia Carvalho;julia.carvalho1990@hotmail.com;(27) 98693-3870;Cariacica;ES;19/03/2026;Facebook;
1324;Larissa Pereira;larissa.pereira1983@yahoo.com.br;(27) 98324-8693;Serra;ES;21/02/2026;Instagram;Não
1325;Bruno Souza;bruno.souza85@gmail.com;(31) 98277-7241;Campinas;SP;24/05/2026;Google Shopping;sim
1326;Ana Moreira;ana.moreira89@hotmail.com;(27) 99171-3979;Linhares;ES;02/09/2026;Google;S
1327;Fábio Carvalho;fabio.carvalho44@gmail.com;(27) 98276-5916;Vila Velha;ES;11/01/2026;Google;sim
1328;Fernanda Loureiro;fernanda.loureiro1989@gmail.com;(27) 99234-9105;Serra;ES;18/03/2026;Google;N
1329;Eduardo Rodrigues;eduardo.rodrigues25@outlook.com;(27) 99002-6219;Vitória;ES;02/08/2026;Facebook;sim
1330;André Rodrigues;andre.rodrigues58@gmail.com;(27) 99535-8505;Vila Velha;ES;27/01/2026;Site;Não
1331;Larissa Pimentel;larissa.pimentel2003@gmail.com;(27) 98779-4270;Vila Velha;ES;20/06/2026;;sim
1332;Letícia Zanotti;leticia.zanotti49@outlook.com;(19) 98833-6605;Curitiba;PR;14/07/2026;;Sim
1333;Diego Costa;diego.costa63@gmail.com;;Cariacica;ES;27/06/2026;Facebook;S
1334;Gabriel Silva;gabriel.silva@gmail.com;(27) 98362-7117;Vitória;ES;13/06/2026;Instagram;Não
1335;Lucas Silva;lucas.silva1980@gmail.com;(27) 98144-3559;Colatina;ES;02/05/2026;Facebook;S
1336;Carlos Simões;carlos.simoes@gmail.com;(21) 98408-2329;Rio de Janeiro;RJ;24/08/2026;Google Ads;sim
1337;Júlia Araújo;julia.araujo2000@gmail.com;(27) 99674-4232;Cariacica;ES;30/04/2026;Meta Ads;Sim
1338;Camila Martins;camila.martins2003@yahoo.com.br;(27) 98906-4029;Vitória;ES;11/09/2026;;
1339;Fernanda Rodrigues;fernanda.rodrigues1997@gmail.com;(31) 99439-2241;Rio de Janeiro;RJ;10/02/2026;Google;Não
1340;Bruno Pereira;bruno.pereira2000@gmail.com;(27) 98844-9301;Colatina;ES;14/06/2026;IG;N
1341;Aline Dalla Bernardina;aline.dallabernardina@icloud.com;(11) 98576-3642;Belo Horizonte;MG;22/04/2026;Google Shopping;Sim
1342;Lucas Simões;lucas.simoes98@gmail.com;(71) 98180-6216;São Paulo;SP;31/01/2026;IG;Não
1343;Caio Simões;caio.simoes9@gmail.com;(27) 98733-8871;Cariacica;ES;05/07/2026;;sim
1344;Carlos Barbosa;carlos.barbosa@yahoo.com.br;(27) 98087-6781;Vila Velha;ES;03/06/2026;Facebook;N
1345;Bruna Gomes;bruna.gomes855@hotmail.com;(27) 99944-1401;Serra;ES;25/08/2026;Google Ads;S
1346;Larissa Araújo;larissa.araujo47@icloud.com;(27) 98309-4013;Vila Velha;ES;12/06/2026;;S
1347;Bruna Pereira;bruna.pereira2006@gmail.com;(27) 98389-8971;Vila Velha;ES;12/04/2026;Meta Ads;Não
1348;Camila Martins;camila.martins86@gmail.com;(27) 99951-6296;Vitória;ES;13/09/2026;Google Shopping;Não
1349;Débora Martins;debora.martins28@gmail.com;(27) 99293-3598;Vila Velha;ES;29/05/2026;Instagram;
1350;Vinícius Pimentel;vinicius.pimentel@outlook.com;(27) 98698-7117;Vila Velha;ES;09/06/2026;;N
1351;Renata Carvalho;renata.carvalho804@gmail.com;;Serra;ES;31/08/2026;;Sim
1352;Patrícia Zanotti;patricia.zanotti25@icloud.com;(27) 99988-4750;Linhares;ES;24/06/2026;;
1353;Bruno Martins;bruno.martins@gmail.com;(27) 99803-2566;Cariacica;ES;02/05/2026;influencer;
1354;Lucas Rocha;lucas.rocha1994@gmail.com;(27) 98920-7382;Vitória;ES;17/03/2026;Google Ads;sim
1355;Eduardo Merçon;eduardo.mercon@gmail.com;(27) 98006-6361;Cachoeiro de Itapemirim;ES;22/05/2026;;sim
1356;Letícia Nascimento;leticia.nascimento1990@outlook.com;(27) 99687-4083;Vila Velha;ES;05/09/2026;Instagram;
1357;Maria Dalla Bernardina;maria.dallabernardina1996@gmail.com;(27) 99619-7160;Vila Velha;ES;03/03/2026;Indicação;
1358;FERNANDA LIMA;fernanda.lima@icloud.com;(27) 99561-7904;CACHOEIRO DE ITAPEMIRIM;ES;06/01/2026;Google;Sim
1359;Rafael Gomes;rafael.gomes1992@gmail.com;(27) 98909-6146;Colatina;ES;27/08/2026;Instagram;Não
1360;Fernanda Zanotti;fernanda.zanotti78@gmail.com;;Linhares;ES;21/05/2026;IG;S
1361;Patrícia Barbosa;patricia.barbosa@gmail.com;(71) 98768-1417;Salvador;BA;05/03/2026;Indicação;Não
1362;Patrícia Pimentel;patricia.pimentel1981@gmail.com;(27) 99158-1645;Serra;ES;15/06/2026;Google;S
1363;Rafael Martins;rafael.martins204@outlook.com;(27) 99925-4850;Vila Velha;ES;29/01/2026;;Sim
1364;Carlos Oliveira;carlos.oliveira@hotmail.com;(27) 99116-2018;Serra;ES;04/07/2026;;S
1365;Diego Oliveira;diego.oliveira@gmail.com;(11) 98465-4920;Campinas;SP;22/07/2026;Google;Não
1366;Maria Ferreira;maria.ferreira@gmail.com;(27) 98654-6291;Cariacica;ES;26/04/2026;;Sim
1367;Gabriela Martins;gabriela.martins2001@hotmail.com;(27) 98139-1657;Guarapari;ES;22/07/2026;google;N
1368;Júlia Moreira;julia.moreira@hotmail.com;(27) 98311-9785;Vila Velha;ES;09/09/2026;;
1369;Aline Rocha;aline.rocha@yahoo.com.br;;Vila Velha;ES;25/05/2026;Meta Ads;sim
1370;Gabriela Gomes;gabriela.gomes1994@icloud.com;(41) 99576-7646;Belo Horizonte;MG;14/05/2026;;S
1371;Felipe Merçon;felipe.mercon2003@gmail.com;(71) 99380-4511;Salvador;BA;24/02/2026;IG;sim
1372;Maria Loureiro;maria.loureiro1987@gmail.com;(27) 99046-1390;Vila Velha;ES;05/06/2026;;Sim
1373;Carlos Costa;carlos.costa64@gmail.com;(27) 98800-3707;Cariacica;ES;21/04/2026;;
1374;Gabriela Simões;gabriela.simoes1982@gmail.com;(27) 99746-1511;Vitória;ES;03/09/2026;Site;
1375;João Almeida;joao.almeida1992@yahoo.com.br;(27) 98199-1877;Vila Velha;ES;06/01/2026;Google;Sim
1376;Eduardo Oliveira;eduardo.oliveira1993@gmail.com;(27) 99577-1573;Vila Velha;ES;08/04/2026;;sim
1377;Renata Costa;renata.costa2000@icloud.com;(31) 99802-8807;Curitiba;PR;04/06/2026;Site;
1378;Luíza Zanotti;luiza.zanotti72@gmail.com;(41) 98982-2036;Rio de Janeiro;RJ;01/05/2026;;Sim
1379;João Santos;joao.santos64@hotmail.com;;Vila Velha;ES;23/07/2026;Instagram;Não
1380;Thiago Zanotti;thiago.zanotti37@gmail.com;(11) 98049-5455;Curitiba;PR;23/01/2026;google ads;
1381;Renata Silva;renata.silva1981@hotmail.com;(27) 99949-9004;Guarapari;ES;07/04/2026;indicacao;S
1382;Diego Pereira;diego.pereira48@outlook.com;(27) 98298-6254;Guarapari;ES;22/08/2026;;S
1383;Luíza Araújo;luiza.araujo48@gmail.com;(27) 99667-9102;Vitória;ES;27/06/2026;influencer;S
1384;Carolina Oliveira;carolina.oliveira@gmail.com;(27) 99321-8644;Serra;ES;28/07/2026;Google Shopping;S
1385;Carlos Rocha;carlos.rocha1984@gmail.com;(27) 99295-3612;Guarapari;ES;26/03/2026;;N
1386;Felipe Zanotti;felipe.zanotti51@gmail.com;(27) 99114-1687;Cariacica;ES;13/03/2026;Site;Sim
1387;Priscila Simões;priscila.simoes@icloud.com;(11) 99001-2915;Rio de Janeiro;RJ;03/01/2026;Google Ads;S
1388;BRUNA ROCHA;bruna.rocha85@gmail.com;(27) 98719-7684;Linhares;ES;11/07/2026;Instagram;
1389;Renata Lima;renata.lima912@outlook.com;(31) 99014-3365;Curitiba;PR;24/02/2026;Google Shopping;N
1390;Bruna Almeida;bruna.almeida1997@gmail.com;(21) 98048-1265;Salvador;BA;06/06/2026;Google;
1391;Vinícius Carvalho;vinicius.carvalho@yahoo.com.br;(27) 98702-7352;Vila Velha;ES;20/08/2026;Facebook;sim
1392;Luíza Martins;luiza.martins1999@gmail.com;(19) 98064-9191;Belo Horizonte;MG;05/06/2026;Instagram;sim
1393;Juliana Araújo;juliana.araujo805@yahoo.com.br;(27) 99803-6751;Colatina;ES;16/01/2026;Meta Ads;
1394;Gustavo Santos;gustavo.santos@hotmail.com;(27) 99113-2508;Vila Velha;ES;09/09/2026;Indicação;N
1395;Juliana Santos;juliana.santos1989@hotmail.com;(27) 99256-7727;Vila Velha;ES;22/06/2026;Instagram;Não
1396;Débora Pereira;debora.pereira1988@yahoo.com.br;(27) 99641-9776;Serra;ES;15/01/2026;;Não
1397;Beatriz Zanotti;beatriz.zanotti@hotmail.com;(27) 99748-3666;Vila Velha;ES;25/01/2026;;Não
1398;Larissa Oliveira;larissa.oliveira26@gmail.com;(27) 98793-3893;Vitória;ES;19/06/2026;Instagram;N
1399;Luíza Martins;luiza.martins30@gmail.com;(27) 98336-3280;Vitória;ES;25/04/2026;Influenciadora;sim
1400;Vinícius Silva;vinicius.silva1996@gmail.com;(27) 99113-2742;Cachoeiro de Itapemirim;ES;07/07/2026;;Sim
1401;Priscila Zanotti;priscila.zanotti@gmail.com;(27) 99797-6859;Vila Velha;ES;18/01/2026;Google Ads;Não
1402;Rafael Souza;rafael.souza@yahoo.com.br;(27) 99361-4219;Vila Velha;ES;17/09/2026;google;sim
1403;Juliana Oliveira;juliana.oliveira1985@hotmail.com;(27) 99146-1651;VITÓRIA;ES;11/07/2026;Google;S
1404;Maria Rocha;maria.rocha1983@icloud.com;(27) 99199-9692;Vila Velha;ES;20/07/2026;IG;Sim
1405;Felipe Costa;felipe.costa85@hotmail.com;(27) 98202-3824;Vila Velha;ES;05/05/2026;Facebook;Sim
1406;Larissa Rocha;larissa.rocha@hotmail.com;(27) 98148-3698;Cariacica;ES;06/02/2026;google;Não
1407;Eduardo Ferreira;eduardo.ferreira@hotmail.com;(27) 99783-6250;Vitória;ES;31/07/2026;Facebook;S
1408;Thaís Ferreira;thais.ferreira96@yahoo.com.br;(41) 99820-7660;Curitiba;PR;11/07/2026;Influenciadora;sim
1409;Débora Almeida;debora.almeida@hotmail.com;(27) 98063-7837;Colatina;ES;22/03/2026;;Não
1410;Pedro Carvalho;pedro.carvalho36@hotmail.com;(27) 99652-6594;Cachoeiro de Itapemirim;ES;13/02/2026;;Não
1411;Rodrigo Rocha;rodrigo.rocha1992@yahoo.com.br;(41) 99891-3248;Rio de Janeiro;RJ;17/06/2026;Meta Ads;N
1412;Carlos Barbosa;carlos.barbosa1999@gmail.com;(27) 99288-5394;Vila Velha;ES;16/02/2026;;
1413;Mariana Nascimento;mariana.nascimento1987@gmail.com;(27) 99991-6019;Serra;ES;28/05/2026;Indicacao amigo;Sim
1414;Carolina Rodrigues;carolina.rodrigues34@icloud.com;(21) 99573-3281;Belo Horizonte;MG;21/06/2026;;S
1415;Aline Zanotti;aline.zanotti70@gmail.com;;Curitiba;PR;01/06/2026;influencer;Não
1416;Felipe Pimentel;felipe.pimentel82@gmail.com;(27) 99658-9142;Cachoeiro de Itapemirim;ES;30/05/2026;Meta Ads;Sim
1417;Letícia Moreira;leticia.moreira59@gmail.com;(27) 99241-2180;Vila Velha;ES;20/07/2026;Instagram;S
1418;Gustavo Silva;gustavo.silva9@hotmail.com;;Cariacica;ES;12/07/2026;instagram;S
1419;Maria Ribeiro;maria.ribeiro1995@gmail.com;(27) 98895-7338;Cariacica;ES;04/08/2026;;S
1420;Aline Merçon;aline.mercon@gmail.com;(27) 99123-9769;Vitória;ES;13/03/2026;Instagram;Sim
1421;Felipe Santos;felipe.santos@gmail.com;(27) 98691-5541;Vitória;ES;19/02/2026;;Não
1422;Thaís Pimentel;thais.pimentel74@outlook.com;(27) 99721-4872;Serra;ES;04/05/2026;instagram;
1423;Mateus Araújo;mateus.araujo1997@gmail.com;(27) 98186-5419;Vila Velha;ES;12/06/2026;instagram;
1424;Renata Pimentel;renata.pimentel209@gmail.com;(27) 99374-6054;Vila Velha;ES;28/07/2026;;
1425;Mariana Souza;mariana.souza1993@hotmail.com;(27) 98307-7299;Cariacica;ES;17/07/2026;Google Ads;N
1426;Letícia Costa;leticia.costa87@outlook.com;(27) 98659-1339;Serra;ES;14/07/2026;;Não
1427;Caio Costa;caio.costa1984@gmail.com;(27) 99714-7187;Colatina;ES;18/07/2026;Google Ads;sim
1428;Patrícia Carvalho;patricia.carvalho@gmail.com;(27) 98777-8695;Vila Velha;ES;26/07/2026;Facebook;Sim
1429;LUCAS GOMES;lucas.gomes@hotmail.com;;Linhares;ES;05/05/2026;indicacao;N
1430;Renata Ribeiro;renata.ribeiro12@gmail.com;(27) 98551-7006;Vila Velha;ES;09/09/2026;Google Ads;
1431;Camila Ferreira;camila.ferreira2000@yahoo.com.br;(27) 99659-4206;Cariacica;ES;14/05/2026;Site;
1432;Mariana Oliveira;mariana.oliveira@yahoo.com.br;(41) 98102-5102;Rio de Janeiro;RJ;15/07/2026;Google;Não
1433;Gabriela Lima;gabriela.lima@gmail.com;(27) 98638-3730;Serra;ES;11/05/2026;instagram;Não
1434;CAIO SANTOS;caio.santos2000@gmail.com;(27) 99122-8704;Vila Velha;ES;29/04/2026;Google;S
1435;Fernanda Pimentel;fernanda.pimentel@gmail.com;(27) 99673-3928;Vila Velha;ES;27/03/2026;indicacao;N
1436;Aline Dalla Bernardina;aline.dallabernardina1984@gmail.com;(27) 99611-1143;Vila Velha;ES;25/08/2026;Google;
1437;Marcelo Silva;marcelo.silva@hotmail.com;(27) 98342-1792;Vitória;ES;29/03/2026;;S
1438;Thaís Carvalho;thais.carvalho74@hotmail.com;(27) 98931-3869;Vila Velha;ES;09/03/2026;Google Ads;Sim
1439;Thaís Merçon;thais.mercon6@gmail.com;(27) 98588-8549;Vitória;ES;08/05/2026;;sim
1440;Gustavo Barbosa;gustavo.barbosa70@outlook.com;(27) 99970-9514;Cariacica;ES;08/09/2026;Google Ads;
1441;Marcelo Ribeiro;marcelo.ribeiro22@gmail.com;(31) 98423-2202;Curitiba;PR;27/07/2026;Meta Ads;sim
1442;Gabriel Pimentel;gabriel.pimentel53@gmail.com;(27) 98048-6153;SERRA;ES;08/07/2026;Google Ads;N
1443;Larissa Gomes;larissa.gomes2005@gmail.com;(27) 99625-5947;Cachoeiro de Itapemirim;ES;09/01/2026;;S
1444;Mariana Gomes;mariana.gomes33@hotmail.com;(19) 98760-4353;Rio de Janeiro;RJ;14/03/2026;;sim
1445;Bruno Lima;bruno.lima82@gmail.com;(27) 98717-8620;Vitória;ES;01/08/2026;Google;sim
1446;Gabriela Carvalho;gabriela.carvalho66@gmail.com;(27) 98138-6775;Cariacica;ES;10/08/2026;Site;N
1447;Mateus Silva;mateus.silva1984@outlook.com;;Vila Velha;ES;08/06/2026;;Sim
1448;Renata Araújo;renata.araujo2005@hotmail.com;(27) 99273-6350;Serra;ES;24/09/2026;Google Ads;
1449;Renata Merçon;renata.mercon1993@gmail.com;(41) 99492-9289;Belo Horizonte;MG;27/01/2026;;
1450;Renata Dalla Bernardina;renata.dallabernardina93@gmail.com;;Vitória;ES;20/03/2026;;N
1451;Mariana Santos;mariana.santos@gmail.com;;Vila Velha;ES;16/07/2026;Instagram;N
1452;Luíza Rodrigues;luiza.rodrigues979@gmail.com;(27) 99489-8907;Vila Velha;ES;19/03/2026;google;Não
1453;Camila Simões;camila.simoes@icloud.com;(27) 99662-6615;Cariacica;ES;23/04/2026;influencer;
1454;Thiago Moreira;thiago.moreira1997@gmail.com;(27) 99361-6349;Cachoeiro de Itapemirim;ES;10/07/2026;Google;Não
1455;Caio Merçon;caio.mercon@hotmail.com;(27) 98557-6376;Cariacica;ES;24/09/2026;Google Ads;
1456;Bruna Santos;bruna.santos76@gmail.com;(21) 99136-4663;Salvador;BA;03/06/2026;Indicacao amigo;Não
1457;Bruno Gomes;bruno.gomes1983@outlook.com;(27) 98743-7760;Cariacica;ES;23/04/2026;Site;Sim
1458;Gabriela Oliveira;gabriela.oliveira1985@hotmail.com;(31) 99587-6143;Belo Horizonte;MG;03/08/2026;influencer;S
1459;Carolina Lima;carolina.lima479@gmail.com;(27) 98482-8971;Vila Velha;ES;30/01/2026;;Sim
1460;Gustavo Moreira;gustavo.moreira28@gmail.com;;Vila Velha;ES;09/09/2026;site;N
1461;Júlia Souza;julia.souza1982@gmail.com;(27) 99106-8021;Vitória;ES;17/06/2026;;Não
1462;Rafael Santos;rafael.santos@gmail.com;(27) 98596-7009;Vitória;ES;17/02/2026;;N
1463;Lucas Santos;lucas.santos22@gmail.com;;Vitória;ES;02/07/2026;Google Shopping;
1464;Felipe Pereira;felipe.pereira51@gmail.com;;Vila Velha;ES;01/01/2026;;Não
1465;Thaís Almeida;thais.almeida18@yahoo.com.br;(27) 98322-9435;Vila Velha;ES;27/09/2026;Google;
1466;Pedro Araújo;pedro.araujo@hotmail.com;(19) 98734-9337;Curitiba;PR;25/04/2026;IG;N
1467;Mariana Almeida;mariana.almeida@gmail.com;(27) 98304-3543;Cariacica;ES;25/07/2026;Meta Ads;N
1468;Júlia Almeida;julia.almeida1990@gmail.com;(27) 98489-8890;Linhares;ES;18/08/2026;IG;S
1469;Diego Dalla Bernardina;diego.dallabernardina1989@gmail.com;(27) 99343-1554;Cariacica;ES;04/03/2026;Google Ads;sim
1470;Júlia Santos;julia.santos5@hotmail.com;(27) 99664-9152;Vila Velha;ES;20/07/2026;Instagram;Não
1471;Carlos Gomes;carlos.gomes18@hotmail.com;(11) 99962-4014;Belo Horizonte;MG;23/07/2026;;sim
1472;JULIANA NASCIMENTO;juliana.nascimento625@yahoo.com.br;;Cariacica;ES;26/03/2026;Meta Ads;N
1473;Ana Loureiro;ana.loureiro47@yahoo.com.br;(27) 98690-1044;Serra;ES;03/04/2026;;S
1474;LARISSA NASCIMENTO;larissa.nascimento2001@outlook.com;(27) 99087-7401;Vila Velha;ES;14/09/2026;IG;
1475;Maria Gomes;maria.gomes1998@gmail.com;(27) 99547-8478;Guarapari;ES;11/04/2026;Google;Sim
1476;Luíza Loureiro;luiza.loureiro9@hotmail.com;(27) 99171-4783;Colatina;ES;20/06/2026;instagram;sim
1477;Gabriela Loureiro;gabriela.loureiro@icloud.com;(27) 98520-7468;Linhares;ES;25/04/2026;Site;S
1478;Mariana Gomes;mariana.gomes@hotmail.com;(27) 99963-2246;Vitória;ES;29/09/2026;Instagram;
1479;Priscila Ribeiro;priscila.ribeiro1996@icloud.com;;Curitiba;PR;21/05/2026;Instagram;S
1480;Priscila Almeida;priscila.almeida15@outlook.com;(11) 98362-9930;São Paulo;SP;20/04/2026;Google Ads;
1481;Lucas Nascimento;lucas.nascimento83@gmail.com;(27) 98265-5230;Vitória;ES;08/01/2026;;N
1482;Vinícius Pereira;vinicius.pereira1986@gmail.com;(27) 98199-5731;Serra;ES;30/05/2026;instagram;N
1483;Larissa Souza;larissa.souza@gmail.com;(27) 98232-8393;Vila Velha;ES;05/02/2026;Instagram;sim
1484;Diego Gomes;diego.gomes66@icloud.com;(27) 98569-2364;Colatina;ES;14/09/2026;Facebook;
1485;Bruna Costa;bruna.costa1988@gmail.com;(27) 99647-2415;COLATINA;ES;17/02/2026;Meta Ads;Não
1486;Camila Rocha;camila.rocha@hotmail.com;(71) 98719-1488;Campinas;SP;25/03/2026;Indicação;sim
1487;Vinícius Souza;vinicius.souza66@gmail.com;(27) 98389-8920;Vila Velha;ES;19/07/2026;;
1488;Rodrigo Barbosa;rodrigo.barbosa99@gmail.com;(27) 98755-4262;Cachoeiro de Itapemirim;ES;04/02/2026;Instagram;
1489;Ana Moreira;ana.moreira1980@gmail.com;(27) 98693-7808;Cachoeiro de Itapemirim;ES;19/01/2026;;N
1490;Lucas Lima;lucas.lima1999@outlook.com;(31) 99214-3224;Campinas;SP;04/01/2026;Instagram;S
1491;MARIA LOUREIRO;maria.loureiro41@outlook.com;(19) 98600-1637;Salvador;BA;24/06/2026;Google;Sim
1492;Rafael Zanotti;rafael.zanotti34@gmail.com;(27) 98696-7750;VILA VELHA;ES;29/01/2026;;Não
1493;Juliana Almeida;juliana.almeida95@gmail.com;(27) 98583-6369;Vitória;ES;29/09/2026;;Sim
1494;Caio Pimentel;caio.pimentel@gmail.com;(27) 99572-6468;Vila Velha;ES;17/02/2026;Facebook;Não
1495;Fernanda Moreira;fernanda.moreira@gmail.com;(27) 99723-9868;Vila Velha;ES;05/03/2026;Meta Ads;sim
1496;Diego Moreira;diego.moreira89@outlook.com;(11) 98205-7613;Belo Horizonte;MG;10/02/2026;;
1497;Patrícia Rodrigues;patricia.rodrigues@gmail.com;(27) 99943-1065;Vitória;ES;04/08/2026;Influenciadora;
1498;Aline Araújo;aline.araujo70@gmail.com;(27) 99924-5056;Linhares;ES;02/09/2026;instagram;Não
1499;Fernanda Dalla Bernardina;fernanda.dallabernardina@icloud.com;(27) 98488-7683;Cariacica;ES;23/02/2026;instagram;sim
1500;Fábio Dalla Bernardina;fabio.dallabernardina1995@gmail.com;;Vitória;ES;25/09/2026;IG;Não
1501;Débora Almeida;debora.almeida45@yahoo.com.br;(27) 99865-5713;Serra;ES;18/07/2026;;S
1502;Thaís Martins;thais.martins1@yahoo.com.br;(27) 99529-5144;Vila Velha;ES;05/03/2026;IG;sim
1503;Fábio Souza;fabio.souza@gmail.com;(27) 98511-1762;Vila Velha;ES;05/04/2026;Google;S
1504;Fernanda Rodrigues;fernanda.rodrigues@icloud.com;(27) 99468-2814;Vila Velha;ES;22/07/2026;influencer;Sim
1505;Larissa Lima;larissa.lima@gmail.com;;Serra;ES;24/06/2026;;sim
1506;Fernanda Loureiro;fernanda.loureiro19@gmail.com;(27) 99781-4977;Vila Velha;ES;21/05/2026;Google Shopping;Sim
1507;Letícia Silva;leticia.silva@gmail.com;(31) 99532-8516;Curitiba;PR;21/05/2026;;
1508;Gabriela Lima;gabriela.lima@hotmail.com;;Campinas;SP;15/04/2026;google ads;Sim
1509;Mariana Gomes;mariana.gomes26@hotmail.com;(27) 98552-3628;Serra;ES;21/08/2026;;S
1510;João Merçon;joao.mercon31@hotmail.com;(27) 99942-9350;Vila Velha;ES;13/08/2026;google ads;S
1511;Aline Rocha;aline.rocha@gmail.com;(41) 99637-6082;Belo Horizonte;MG;16/03/2026;;
1512;Mariana Merçon;mariana.mercon1997@yahoo.com.br;(41) 99887-3997;Curitiba;PR;25/05/2026;influencer;S
1513;Ana Nascimento;ana.nascimento2002@hotmail.com;;Linhares;ES;28/09/2026;;Não
1514;Gabriela Dalla Bernardina;gabriela.dallabernardina98@gmail.com;(27) 98408-7585;Linhares;ES;06/04/2026;Google;Não
1515;Juliana Pimentel;juliana.pimentel26@gmail.com;(27) 98730-8723;Serra;ES;02/07/2026;;
1516;Mariana Ribeiro;mariana.ribeiro1980@gmail.com;(27) 99157-3244;Vitória;ES;30/09/2026;Influenciadora;
1517;Júlia Souza;julia.souza88@gmail.com;(27) 99511-4514;Vila Velha;ES;31/07/2026;Facebook;sim
1518;Letícia Loureiro;leticia.loureiro@gmail.com;(27) 99891-4878;SERRA;ES;06/01/2026;Facebook;Não
1519;Caio Barbosa;caio.barbosa@gmail.com;(27) 99411-5539;Cariacica;ES;17/02/2026;Google Shopping;S
1520;Rodrigo Costa;rodrigo.costa615@yahoo.com.br;(27) 99894-5549;Vila Velha;ES;04/01/2026;Google Ads;
1521;Leonardo Barbosa;leonardo.barbosa@gmail.com;(27) 99170-1349;Cachoeiro de Itapemirim;ES;28/06/2026;;Não
1522;Camila Ferreira;camila.ferreira1981@gmail.com;(27) 99694-4425;Vila Velha;ES;09/04/2026;Google Shopping;N
1523;RENATA FERREIRA;renata.ferreira@gmail.com;(71) 98418-7007;São Paulo;SP;01/06/2026;IG;S
1524;Vinícius Lima;vinicius.lima@hotmail.com;(27) 98015-3807;Serra;ES;03/06/2026;Google;sim
1525;CAROLINA SOUZA;carolina.souza@gmail.com;(27) 98314-7800;Vitória;ES;30/09/2026;;sim
1526;Mateus Rodrigues;mateus.rodrigues1996@outlook.com;(41) 99945-6407;BELO HORIZONTE;MG;28/04/2026;IG;S
1527;Caio Barbosa;caio.barbosa@hotmail.com;(27) 98352-8292;Serra;ES;22/03/2026;Site;N
1528;Ana Costa;ana.costa52@outlook.com;(27) 99899-2491;Cariacica;ES;14/05/2026;IG;Não
1529;Rafael Santos;rafael.santos2003@outlook.com;(27) 99147-8853;Vitória;ES;01/03/2026;Google;sim
1530;Camila Barbosa;camila.barbosa151@outlook.com;(27) 99113-2215;Colatina;ES;11/03/2026;;sim
1531;Camila Santos;camila.santos@gmail.com;(21) 99431-2464;Curitiba;PR;20/06/2026;Facebook;Sim
1532;Priscila Oliveira;priscila.oliveira95@hotmail.com;(27) 99395-5527;Vila Velha;ES;15/08/2026;Google;S
1533;Ana Merçon;ana.mercon2004@gmail.com;(71) 98062-2370;Curitiba;PR;22/06/2026;Indicacao amigo;N
1534;Fernanda Martins;fernanda.martins1994@icloud.com;(27) 98117-1423;Serra;ES;11/02/2026;Instagram;
1535;Beatriz Rocha;beatriz.rocha83@gmail.com;(27) 98174-9941;Vila Velha;ES;30/06/2026;;N
1536;Débora Merçon;debora.mercon613@yahoo.com.br;(31) 98643-7216;Curitiba;PR;02/09/2026;;
1537;Ana Santos;ana.santos@icloud.com;(27) 99814-5024;Vila Velha;ES;17/09/2026;Google;Não
1538;Débora Rodrigues;debora.rodrigues68@hotmail.com;(27) 98251-4863;Linhares;ES;24/06/2026;Facebook;
1539;Patrícia Carvalho;patricia.carvalho85@gmail.com;(21) 99607-7149;Salvador;BA;18/05/2026;Google;sim
1540;FERNANDA FERREIRA;fernanda.ferreira1999@outlook.com;(27) 99265-6817;Cariacica;ES;21/01/2026;Influenciadora;Sim
1541;Marcelo Pereira;marcelo.pereira@gmail.com;(31) 99900-3005;CURITIBA;PR;09/01/2026;;Sim
1542;Gabriel Barbosa;gabriel.barbosa@gmail.com;(27) 99501-5237;Cachoeiro de Itapemirim;ES;10/05/2026;;
1543;Juliana Martins;juliana.martins@hotmail.com;(21) 99082-2051;Rio de Janeiro;RJ;01/04/2026;;N
1544;Júlia Lima;julia.lima1992@icloud.com;(27) 99486-3799;Vila Velha;ES;05/05/2026;google;Não
1545;CAMILA SILVA;camila.silva1993@gmail.com;(27) 99479-9656;Serra;ES;07/06/2026;google ads;sim
1546;Letícia Oliveira;leticia.oliveira60@gmail.com;(27) 98798-3566;CACHOEIRO DE ITAPEMIRIM;ES;23/02/2026;google;sim
1547;Pedro Pereira;pedro.pereira@icloud.com;(27) 98696-9904;Serra;ES;11/07/2026;Facebook;S
1548;Ana Simões;ana.simoes11@gmail.com;(27) 99622-5584;Serra;ES;31/05/2026;Google Shopping;Não
1549;Débora Rocha;debora.rocha477@gmail.com;(27) 99428-9207;Guarapari;ES;20/09/2026;Site;N
1550;Larissa Gomes;larissa.gomes2006@gmail.com;(71) 98696-1615;Belo Horizonte;MG;22/05/2026;google ads;S
1551;Fernanda Costa;fernanda.costa27@gmail.com;(41) 98527-6162;Salvador;BA;30/01/2026;Meta Ads;S
1552;Mariana Lima;mariana.lima@yahoo.com.br;;Cariacica;ES;04/03/2026;;N
1553;Júlia Loureiro;julia.loureiro87@gmail.com;(27) 98829-6292;VITÓRIA;ES;12/04/2026;Instagram;
1554;Pedro Dalla Bernardina;pedro.dallabernardina1982@outlook.com;(27) 99553-6364;Cariacica;ES;21/01/2026;Indicação;Não
1555;Débora Ribeiro;debora.ribeiro2003@gmail.com;(27) 99866-4028;Vitória;ES;18/02/2026;indicacao;
1556;Beatriz Nascimento;beatriz.nascimento1983@gmail.com;(41) 99072-1214;Salvador;BA;14/01/2026;instagram;sim
1557;Juliana Rodrigues;juliana.rodrigues1989@gmail.com;(19) 99877-1050;São Paulo;SP;13/07/2026;;
1558;Thaís Carvalho;thais.carvalho@gmail.com;(27) 98145-3018;Colatina;ES;20/04/2026;site;Sim
1559;Gabriela Ferreira;gabriela.ferreira1992@hotmail.com;(27) 99716-1432;Serra;ES;27/05/2026;;N
1560;Camila Costa;camila.costa1999@gmail.com;(27) 98491-8393;Vitória;ES;28/07/2026;Google;S
1561;Júlia Rodrigues;julia.rodrigues2002@gmail.com;(27) 99064-9783;Vitória;ES;22/06/2026;Meta Ads;sim
1562;João Merçon;joao.mercon44@hotmail.com;(27) 98891-1759;Serra;ES;22/01/2026;google;sim
1563;LARISSA RIBEIRO;larissa.ribeiro@gmail.com;;Cariacica;ES;19/02/2026;google ads;sim
1564;Lucas Merçon;lucas.mercon@icloud.com;(27) 98148-6249;Cariacica;ES;23/07/2026;;Sim
1565;Camila Merçon;camila.mercon28@gmail.com;;Vitória;ES;19/04/2026;;N
1566;Beatriz Martins;beatriz.martins81@outlook.com;;Cachoeiro de Itapemirim;ES;04/04/2026;Google;S
1567;André Dalla Bernardina;andre.dallabernardina667@gmail.com;(41) 98916-4179;Curitiba;PR;26/09/2026;;S
1568;Priscila Dalla Bernardina;priscila.dallabernardina68@gmail.com;(27) 98478-7132;Vila Velha;ES;02/05/2026;;sim
1569;Aline Gomes;aline.gomes@yahoo.com.br;(31) 99039-7033;Salvador;BA;05/03/2026;Google Shopping;Não
1570;André Moreira;andre.moreira1980@hotmail.com;(27) 99193-3713;Vila Velha;ES;03/02/2026;indicacao;Não
1571;Fábio Araújo;fabio.araujo1989@icloud.com;(27) 99555-8474;Colatina;ES;04/08/2026;;Sim
1572;Priscila Carvalho;priscila.carvalho1992@yahoo.com.br;(27) 98300-6412;Vila Velha;ES;25/09/2026;;S
1573;Débora Almeida;debora.almeida@gmail.com;(27) 98221-4030;Vila Velha;ES;31/05/2026;;Não
1574;Larissa Merçon;larissa.mercon1992@outlook.com;(27) 98835-1376;Vitória;ES;25/04/2026;;Não
1575;Beatriz Gomes;beatriz.gomes@icloud.com;(27) 98356-4537;Cariacica;ES;31/08/2026;indicacao;Não
1576;Mariana Nascimento;mariana.nascimento2001@gmail.com;(27) 98499-9523;Cachoeiro de Itapemirim;ES;27/04/2026;Facebook;N
1577;João Carvalho;joao.carvalho811@yahoo.com.br;(27) 98889-6592;Colatina;ES;09/01/2026;instagram;S
1578;Larissa Ribeiro;larissa.ribeiro@outlook.com;(27) 99173-7198;Serra;ES;03/07/2026;Instagram;N
1579;Felipe Silva;felipe.silva72@gmail.com;(71) 99806-3387;Belo Horizonte;MG;07/02/2026;Instagram;N
1580;Patrícia Merçon;patricia.mercon@gmail.com;(27) 99108-3440;Serra;ES;28/09/2026;influencer;sim
1581;Thiago Loureiro;thiago.loureiro@hotmail.com;(21) 98002-1106;Campinas;SP;09/06/2026;;
1582;Bruna Araújo;bruna.araujo@hotmail.com;(27) 98413-2229;Cariacica;ES;21/09/2026;Google;
1583;Carlos Silva;carlos.silva7@outlook.com;(27) 99253-5575;Vitória;ES;09/04/2026;Meta Ads;N
1584;Renata Ribeiro;renata.ribeiro2000@gmail.com;(27) 99944-8263;Linhares;ES;07/02/2026;Meta Ads;Não
1585;Aline Ferreira;aline.ferreira82@gmail.com;;CARIACICA;ES;15/03/2026;Google Shopping;N
1586;Renata Lima;renata.lima93@icloud.com;(27) 99221-3247;Vitória;ES;20/07/2026;;sim
1587;Rodrigo Dalla Bernardina;rodrigo.dallabernardina81@hotmail.com;(27) 98329-2094;VITÓRIA;ES;17/02/2026;;Sim
1588;Débora Simões;debora.simoes@gmail.com;(27) 98415-8436;Vila Velha;ES;15/05/2026;;
1589;Camila Costa;camila.costa657@gmail.com;(27) 98021-4357;Cariacica;ES;09/03/2026;Instagram;Não
1590;Lucas Pimentel;lucas.pimentel21@gmail.com;;Vila Velha;ES;26/03/2026;;Não
1591;Carlos Lima;carlos.lima1995@yahoo.com.br;;Serra;ES;20/09/2026;instagram;S
1592;Priscila Almeida;priscila.almeida1988@gmail.com;(21) 99770-6292;São Paulo;SP;18/08/2026;Meta Ads;sim
1593;Maria Souza;maria.souza56@gmail.com;(27) 98925-4356;Vila Velha;ES;22/07/2026;Facebook;S
1594;PRISCILA SOUZA;priscila.souza1994@hotmail.com;(41) 98348-4058;Belo Horizonte;MG;22/02/2026;;sim
1595;Fábio Barbosa;fabio.barbosa1983@gmail.com;(27) 99063-7879;Vila Velha;ES;24/03/2026;Meta Ads;sim
1596;Rodrigo Dalla Bernardina;rodrigo.dallabernardina88@gmail.com;(19) 99774-4795;Campinas;SP;24/06/2026;Instagram;N
1597;Marcelo Pereira;marcelo.pereira70@hotmail.com;(27) 98693-4750;Vitória;ES;05/05/2026;site;S
1598;João Martins;joao.martins1998@icloud.com;(27) 98824-2949;Serra;ES;19/08/2026;;
1599;Juliana Ferreira;juliana.ferreira@gmail.com;(27) 99565-1036;Serra;ES;01/02/2026;google;
1600;Camila Pereira;camila.pereira29@gmail.com;(21) 98176-7444;Belo Horizonte;MG;15/03/2026;Meta Ads;
1601;Patrícia Barbosa;patricia.barbosa1983@gmail.com;(27) 99166-3463;Serra;ES;07/07/2026;Google Shopping;Não
1602;Mateus Oliveira;mateus.oliveira74@yahoo.com.br;(27) 99984-8482;Serra;ES;25/09/2026;influencer;sim
1603;THAÍS PIMENTEL;thais.pimentel1989@gmail.com;(27) 98259-1619;Vila Velha;ES;18/05/2026;Influenciadora;Sim
1604;Bruno Simões;bruno.simoes1993@yahoo.com.br;(71) 98513-9312;Rio de Janeiro;RJ;18/01/2026;;N
1605;THAÍS NASCIMENTO;thais.nascimento1999@outlook.com;(27) 98135-2376;Cachoeiro de Itapemirim;ES;08/03/2026;Indicacao amigo;N
1606;Marcelo Gomes;marcelo.gomes1981@icloud.com;(27) 98187-6848;Cariacica;ES;20/08/2026;Meta Ads;Não
1607;Gustavo Gomes;gustavo.gomes@outlook.com;(71) 98382-1429;Campinas;SP;01/05/2026;;sim
1608;Júlia Pimentel;julia.pimentel2003@icloud.com;(27) 99013-9719;Cariacica;ES;20/08/2026;Indicacao amigo;N
1609;Fábio Ribeiro;fabio.ribeiro1995@gmail.com;;Salvador;BA;18/03/2026;Google;
1610;Pedro Loureiro;pedro.loureiro1990@outlook.com;(27) 98816-4051;Vitória;ES;10/09/2026;Google Ads;sim
1611;Letícia Silva;leticia.silva85@hotmail.com;(41) 98679-8481;São Paulo;SP;02/05/2026;Google Shopping;S
1612;Mateus Rodrigues;mateus.rodrigues1985@gmail.com;(27) 98549-5115;Serra;ES;16/01/2026;Google;Não
1613;Luíza Araújo;luiza.araujo26@yahoo.com.br;(27) 98380-5040;VILA VELHA;ES;26/09/2026;;S
1614;Fábio Rodrigues;fabio.rodrigues@gmail.com;(27) 99967-2689;Guarapari;ES;10/03/2026;Google;
1615;Patrícia Pereira;patricia.pereira69@hotmail.com;(27) 99871-6625;Vila Velha;ES;26/03/2026;Meta Ads;Sim
1616;Luíza Ferreira;luiza.ferreira89@outlook.com;(27) 99600-7062;Colatina;ES;29/03/2026;Google;N
1617;Bruna Carvalho;bruna.carvalho1980@hotmail.com;(27) 98538-7328;Cariacica;ES;16/09/2026;IG;Não
1618;Patrícia Merçon;patricia.mercon2004@gmail.com;(11) 98459-1124;Salvador;BA;16/06/2026;indicacao;Não
1619;Fábio Oliveira;fabio.oliveira1995@hotmail.com;(27) 98096-4262;Vila Velha;ES;03/03/2026;Facebook;Não
1620;Letícia Santos;leticia.santos12@gmail.com;(27) 98629-2445;Serra;ES;20/06/2026;Google Ads;Não
1621;Patrícia Costa;patricia.costa1986@gmail.com;(27) 99268-4513;Serra;ES;21/08/2026;Instagram;
1622;Marcelo Souza;marcelo.souza31@hotmail.com;(27) 98093-1263;Serra;ES;01/09/2026;influencer;N
1623;Rafael Zanotti;rafael.zanotti@gmail.com;(31) 98072-6797;Campinas;SP;17/05/2026;Indicacao amigo;Não
1624;Beatriz Zanotti;beatriz.zanotti76@outlook.com;(27) 99239-3156;Vitória;ES;16/07/2026;Instagram;Sim
1625;Aline Araújo;aline.araujo21@outlook.com;(19) 98852-1956;Curitiba;PR;21/09/2026;;sim
1626;Renata Barbosa;renata.barbosa57@gmail.com;(27) 99009-6535;Vitória;ES;17/09/2026;Indicação;S
1627;Patrícia Dalla Bernardina;patricia.dallabernardina76@gmail.com;(71) 99723-5719;Curitiba;PR;24/05/2026;google ads;sim
1628;Vinícius Nascimento;vinicius.nascimento@gmail.com;(27) 98319-6027;Vitória;ES;02/03/2026;IG;S
1629;Mariana Oliveira;mariana.oliveira1984@gmail.com;(11) 99778-6199;Curitiba;PR;28/04/2026;Meta Ads;sim
1630;Fernanda Loureiro;fernanda.loureiro1993@gmail.com;(31) 98581-5968;Belo Horizonte;MG;04/09/2026;Instagram;N
1631;Bruna Araújo;bruna.araujo1999@hotmail.com;(27) 99023-4638;Vitória;ES;24/09/2026;IG;
1632;André Loureiro;andre.loureiro1984@gmail.com;(27) 98750-9442;Vitória;ES;14/08/2026;Google;
1633;André Costa;andre.costa@gmail.com;(41) 99654-2734;Rio de Janeiro;RJ;27/03/2026;Indicação;sim
1634;Rafael Costa;rafael.costa1984@gmail.com;;Cachoeiro de Itapemirim;ES;08/04/2026;influencer;Sim
1635;Carolina Rodrigues;carolina.rodrigues@outlook.com;(27) 98706-1396;Cariacica;ES;05/01/2026;;
1636;Júlia Simões;julia.simoes591@hotmail.com;(27) 98533-6950;Serra;ES;30/08/2026;google ads;Sim
1637;Bruna Lima;bruna.lima74@gmail.com;(27) 98184-9371;Colatina;ES;17/05/2026;google ads;N
1638;Priscila Ferreira;priscila.ferreira94@gmail.com;(27) 99779-3976;Guarapari;ES;21/08/2026;influencer;
1639;Renata Simões;renata.simoes28@gmail.com;(27) 99342-4049;Linhares;ES;03/03/2026;;sim
1640;Camila Lima;camila.lima1998@gmail.com;;São Paulo;SP;15/01/2026;indicacao;N
1641;Fábio Oliveira;fabio.oliveira@outlook.com;(27) 98294-4874;Guarapari;ES;07/08/2026;;S
1642;Bruno Moreira;bruno.moreira70@outlook.com;(27) 98546-7846;Vila Velha;ES;16/06/2026;;Não
1643;Rodrigo Ferreira;rodrigo.ferreira21@gmail.com;(27) 99929-1320;Vila Velha;ES;26/08/2026;Instagram;S
1644;Fábio Merçon;fabio.mercon1999@gmail.com;(27) 99829-8320;Vila Velha;ES;14/05/2026;Google;
1645;Luíza Pereira;luiza.pereira@gmail.com;(27) 98504-8676;Serra;ES;13/08/2026;;N
1646;Felipe Martins;felipe.martins91@gmail.com;(27) 99948-9502;Linhares;ES;12/09/2026;Influenciadora;N
1647;Maria Barbosa;maria.barbosa@gmail.com;(27) 99558-9010;Vila Velha;ES;06/07/2026;Meta Ads;sim
1648;Débora Moreira;debora.moreira1991@gmail.com;(71) 99478-7098;Rio de Janeiro;RJ;27/08/2026;;
1649;Priscila Araújo;priscila.araujo@gmail.com;(27) 98569-5949;Vitória;ES;02/07/2026;Google;
1650;Fábio Moreira;fabio.moreira42@gmail.com;(27) 99710-3670;Serra;ES;18/07/2026;Facebook;Sim
1651;Larissa Loureiro;larissa.loureiro1985@yahoo.com.br;(11) 99359-1393;São Paulo;SP;17/02/2026;Indicacao amigo;N
1652;Débora Costa;debora.costa@gmail.com;(27) 98851-8702;Linhares;ES;12/04/2026;IG;
1653;Beatriz Lima;beatriz.lima1981@gmail.com;;São Paulo;SP;13/09/2026;;S
1654;Larissa Santos;larissa.santos1999@icloud.com;;Vitória;ES;24/08/2026;Meta Ads;
1655;Camila Santos;camila.santos1999@gmail.com;(27) 98278-6618;Cariacica;ES;23/02/2026;Google Ads;S
1656;Bruno Costa;bruno.costa2003@gmail.com;(27) 98601-4153;Vitória;ES;28/09/2026;Google Shopping;N
1657;Ana Simões;ana.simoes1994@icloud.com;(11) 99590-9535;Curitiba;PR;22/06/2026;;S
1658;Júlia Almeida;julia.almeida2005@icloud.com;(27) 99280-9598;Serra;ES;25/05/2026;;sim
1659;Fábio Simões;fabio.simoes@yahoo.com.br;(27) 98769-3110;Vila Velha;ES;22/06/2026;IG;S
1660;Eduardo Carvalho;eduardo.carvalho@icloud.com;(27) 99649-4516;Vitória;ES;10/04/2026;Instagram;Não
1661;Luíza Martins;luiza.martins@gmail.com;(27) 98242-3324;Cariacica;ES;26/06/2026;;sim
1662;Diego Nascimento;diego.nascimento70@gmail.com;(21) 98434-1443;Campinas;SP;06/08/2026;;S
1663;João Lima;joao.lima62@gmail.com;(27) 99257-3653;Serra;ES;08/02/2026;Facebook;S
1664;Camila Pimentel;camila.pimentel80@gmail.com;(27) 98872-1366;Serra;ES;11/09/2026;google;
1665;Gabriela Rocha;gabriela.rocha84@gmail.com;(27) 99951-3598;Vila Velha;ES;08/03/2026;Google;sim
1666;MARIA SOUZA;maria.souza3@hotmail.com;(27) 99155-8396;Cariacica;ES;27/05/2026;;sim
1667;Eduardo Gomes;eduardo.gomes76@gmail.com;;Vila Velha;ES;07/06/2026;;
1668;Beatriz Lima;beatriz.lima33@gmail.com;(27) 98090-1973;Vitória;ES;09/05/2026;Indicacao amigo;Não
1669;Fernanda Silva;fernanda.silva95@outlook.com;;Vila Velha;ES;21/09/2026;Instagram;Sim
1670;Carolina Rocha;carolina.rocha@outlook.com;(27) 99663-7000;Vitória;ES;16/02/2026;Google;Sim
1671;Beatriz Nascimento;beatriz.nascimento91@gmail.com;(27) 99041-1695;Vila Velha;ES;17/03/2026;Google Ads;Não
1672;Renata Zanotti;renata.zanotti@gmail.com;(11) 98739-9694;Salvador;BA;22/02/2026;Google Ads;
1673;Bruna Pereira;bruna.pereira@gmail.com;(27) 99157-8128;VITÓRIA;ES;09/09/2026;Indicação;Sim
1674;Eduardo Gomes;eduardo.gomes55@yahoo.com.br;(27) 99016-1486;Vila Velha;ES;30/09/2026;IG;
1675;Camila Gomes;camila.gomes33@hotmail.com;(27) 99685-3439;Serra;ES;13/04/2026;IG;Não
1676;Maria Santos;maria.santos35@hotmail.com;(27) 98636-6412;Vitória;ES;12/03/2026;;S
1677;Gabriel Santos;gabriel.santos58@icloud.com;(27) 98254-5133;Cariacica;ES;13/01/2026;Google Shopping;S
1678;Priscila Merçon;priscila.mercon1982@yahoo.com.br;(71) 99757-5416;Campinas;SP;15/05/2026;Instagram;Não
1679;Júlia Nascimento;julia.nascimento23@yahoo.com.br;(27) 99027-1620;Colatina;ES;11/06/2026;;S
1680;Caio Martins;caio.martins2005@outlook.com;(27) 99308-4664;Cariacica;ES;02/06/2026;;Não
1681;Renata Simões;renata.simoes16@hotmail.com;;Colatina;ES;12/04/2026;;
1682;Rafael Costa;rafael.costa@hotmail.com;(27) 99169-5360;Cariacica;ES;15/07/2026;IG;
1683;Fernanda Dalla Bernardina;fernanda.dallabernardina1996@yahoo.com.br;(27) 98592-2866;Colatina;ES;31/03/2026;;Sim
1684;Lucas Zanotti;lucas.zanotti34@icloud.com;(27) 98053-4511;VITÓRIA;ES;17/08/2026;indicacao;sim
1685;Priscila Pereira;priscila.pereira14@gmail.com;(21) 99353-1449;Salvador;BA;21/09/2026;Google Ads;sim
1686;Priscila Oliveira;priscila.oliveira1991@yahoo.com.br;(27) 99050-9265;Linhares;ES;13/05/2026;Google Shopping;
1687;Gabriel Oliveira;gabriel.oliveira1980@outlook.com;(27) 99281-5747;Cariacica;ES;18/08/2026;;sim
1688;Júlia Barbosa;julia.barbosa52@outlook.com;(27) 98329-2970;Vitória;ES;18/09/2026;Google;Sim
1689;Mariana Moreira;mariana.moreira57@hotmail.com;(27) 99104-3827;Vitória;ES;02/07/2026;Google Ads;S
1690;Júlia Pereira;julia.pereira1992@gmail.com;(27) 99219-7606;Vila Velha;ES;13/06/2026;IG;Sim
1691;Juliana Simões;juliana.simoes@yahoo.com.br;(19) 99146-9268;Belo Horizonte;MG;13/02/2026;Meta Ads;sim
1692;Juliana Simões;juliana.simoes82@gmail.com;;Linhares;ES;20/07/2026;instagram;Não
1693;Lucas Moreira;lucas.moreira55@hotmail.com;(27) 99012-5065;Vitória;ES;13/05/2026;influencer;sim
1694;Diego Barbosa;diego.barbosa1990@hotmail.com;(27) 98219-8540;Serra;ES;26/05/2026;Meta Ads;S
1695;Maria Pimentel;maria.pimentel2002@gmail.com;(41) 98770-7287;Salvador;BA;23/07/2026;Google Ads;N
1696;Vinícius Silva;vinicius.silva1994@gmail.com;;Vitória;ES;16/05/2026;;sim
1697;Larissa Pereira;larissa.pereira@icloud.com;(27) 98563-9890;Serra;ES;23/06/2026;Meta Ads;Sim
1698;Luíza Merçon;luiza.mercon1988@hotmail.com;(27) 99426-9221;Guarapari;ES;01/01/2026;;Não
1699;Letícia Araújo;leticia.araujo1984@hotmail.com;(27) 99179-2116;Colatina;ES;22/01/2026;;
1700;Júlia Costa;julia.costa1998@gmail.com;(27) 99354-3674;Serra;ES;02/02/2026;;S
1701;Gabriel Ferreira;gabriel.ferreira1995@hotmail.com;(27) 98699-4056;Vitória;ES;15/04/2026;Indicação;Não
1702;Carlos Barbosa;carlos.barbosa66@gmail.com;;Campinas;SP;23/01/2026;Indicação;S
1703;Rodrigo Lima;rodrigo.lima1983@gmail.com;(27) 98651-1517;Serra;ES;23/05/2026;Facebook;N
1704;Luíza Ribeiro;luiza.ribeiro52@hotmail.com;(31) 99581-9450;São Paulo;SP;29/05/2026;site;Não
1705;Luíza Merçon;luiza.mercon@outlook.com;(27) 99958-1046;Guarapari;ES;13/05/2026;IG;Sim
1706;Rafael Souza;rafael.souza35@gmail.com;(27) 99058-2713;Serra;ES;25/08/2026;;N
1707;Gustavo Loureiro;gustavo.loureiro1988@hotmail.com;(27) 99358-9821;Colatina;ES;17/06/2026;Instagram;sim
1708;Fábio Araújo;fabio.araujo1999@hotmail.com;(27) 99905-9302;Vila Velha;ES;08/05/2026;;
1709;Lucas Nascimento;lucas.nascimento44@gmail.com;(71) 98100-2812;Curitiba;PR;09/06/2026;;S
1710;Pedro Simões;pedro.simoes@hotmail.com;(31) 98719-2857;Rio de Janeiro;RJ;11/03/2026;instagram;sim
1711;Patrícia Ferreira;patricia.ferreira2002@gmail.com;(27) 99054-5258;Vitória;ES;22/07/2026;Facebook;Não
1712;Ana Santos;ana.santos1999@icloud.com;(27) 98616-3226;Linhares;ES;29/01/2026;Facebook;Não
1713;Gabriela Araújo;gabriela.araujo49@outlook.com;(27) 98890-8067;Colatina;ES;09/05/2026;instagram;Não
1714;Carolina Rodrigues;carolina.rodrigues21@gmail.com;(27) 99771-6966;Serra;ES;26/01/2026;google ads;sim
1715;Ana Moreira;ana.moreira58@gmail.com;(27) 98393-9297;Vila Velha;ES;15/08/2026;Google Ads;
1716;Eduardo Rodrigues;eduardo.rodrigues@icloud.com;(27) 99577-7860;Vila Velha;ES;05/05/2026;;S
1717;Bruna Loureiro;bruna.loureiro1999@gmail.com;(27) 99895-1879;Vila Velha;ES;29/05/2026;Facebook;S
1718;Camila Souza;camila.souza23@gmail.com;(19) 98876-8837;Campinas;SP;06/08/2026;IG;sim
1719;Larissa Merçon;larissa.mercon@hotmail.com;(27) 98212-2295;Vitória;ES;31/08/2026;;N
1720;Thiago Barbosa;thiago.barbosa67@gmail.com;(27) 99557-9795;Vitória;ES;15/09/2026;IG;Sim
1721;Bruna Martins;bruna.martins1995@gmail.com;(27) 99791-2296;Vila Velha;ES;31/08/2026;instagram;N
1722;Ana Rodrigues;ana.rodrigues1984@hotmail.com;;Curitiba;PR;03/07/2026;IG;
1723;Beatriz Pereira;beatriz.pereira1986@gmail.com;(27) 99506-8843;Vila Velha;ES;06/08/2026;Google Shopping;
1724;Luíza Dalla Bernardina;luiza.dallabernardina2004@gmail.com;(27) 99134-6740;Cariacica;ES;09/08/2026;Instagram;sim
1725;Letícia Rocha;leticia.rocha787@outlook.com;(21) 99031-6313;Rio de Janeiro;RJ;28/03/2026;;Sim
1726;Thiago Santos;thiago.santos5@gmail.com;(27) 99336-7019;Vila Velha;ES;05/07/2026;;Não
1727;Larissa Costa;larissa.costa257@hotmail.com;(27) 99576-9802;Vila Velha;ES;28/08/2026;instagram;N
1728;Caio Dalla Bernardina;caio.dallabernardina11@hotmail.com;(21) 98497-5808;Campinas;SP;09/09/2026;;sim
1729;Ana Costa;ana.costa72@icloud.com;(27) 99678-2192;Vila Velha;ES;27/03/2026;Google;sim
1730;Diego Santos;diego.santos9@gmail.com;(31) 98522-6389;Salvador;BA;01/07/2026;;sim
1731;Thaís Ferreira;thais.ferreira2003@outlook.com;(21) 98546-4759;Salvador;BA;10/04/2026;influencer;
1732;João Santos;joao.santos2005@gmail.com;(27) 98141-7493;Cariacica;ES;28/04/2026;Instagram;N
1733;Júlia Ribeiro;julia.ribeiro45@gmail.com;(27) 99877-6889;Vila Velha;ES;16/09/2026;Google;Não
1734;Priscila Costa;priscila.costa1991@gmail.com;(27) 99234-4562;Cariacica;ES;07/08/2026;IG;S
1735;Patrícia Ferreira;patricia.ferreira@gmail.com;(27) 98934-9230;Guarapari;ES;24/02/2026;;Não
1736;Gustavo Pimentel;gustavo.pimentel73@yahoo.com.br;(27) 99053-3539;Cariacica;ES;11/05/2026;;Sim
1737;Patrícia Martins;patricia.martins@hotmail.com;(27) 98561-8363;Vitória;ES;01/02/2026;Site;sim
1738;Maria Oliveira;maria.oliveira1999@hotmail.com;(11) 98358-5387;Rio de Janeiro;RJ;10/05/2026;Google Shopping;
1739;Bruno Moreira;bruno.moreira1985@gmail.com;(27) 99163-2690;Vila Velha;ES;15/04/2026;Instagram;Sim
1740;Rodrigo Silva;rodrigo.silva@yahoo.com.br;(27) 98353-9471;Vila Velha;ES;27/02/2026;IG;S
1741;Diego Costa;diego.costa@gmail.com;(31) 98030-4032;Salvador;BA;26/01/2026;;S
1742;Carolina Araújo;carolina.araujo@outlook.com;(71) 99222-8878;Salvador;BA;25/09/2026;Facebook;N
1743;BRUNA OLIVEIRA;bruna.oliveira1981@gmail.com;(27) 98592-6231;Guarapari;ES;12/02/2026;;N
1744;Maria Martins;maria.martins1993@icloud.com;(27) 98399-6158;Vitória;ES;13/02/2026;Google Shopping;Sim
1745;Gabriel Santos;gabriel.santos1986@gmail.com;(27) 99710-7623;Cariacica;ES;11/06/2026;Facebook;S
1746;Letícia Nascimento;leticia.nascimento96@hotmail.com;;Salvador;BA;02/01/2026;Site;sim
1747;Bruna Ribeiro;bruna.ribeiro@gmail.com;(27) 98804-7077;Cachoeiro de Itapemirim;ES;24/01/2026;;S
1748;Bruno Almeida;bruno.almeida1@outlook.com;(27) 98205-7534;Serra;ES;14/02/2026;Facebook;Não
1749;Rodrigo Santos;rodrigo.santos@gmail.com;(41) 99556-4189;Campinas;SP;18/05/2026;Google;
1750;Larissa Araújo;larissa.araujo2003@yahoo.com.br;(27) 98829-3610;Colatina;ES;14/04/2026;Google Ads;N
1751;Marcelo Ferreira;marcelo.ferreira1993@outlook.com;(27) 99838-2938;Cariacica;ES;24/08/2026;Google;Sim
1752;Lucas Carvalho;lucas.carvalho1991@hotmail.com;(27) 98743-8430;Vila Velha;ES;06/09/2026;google;N
1753;João Zanotti;joao.zanotti@gmail.com;(27) 98271-8071;Vitória;ES;21/08/2026;;Sim
1754;Débora Moreira;debora.moreira@hotmail.com;(27) 98619-2288;Vitória;ES;03/07/2026;;N
1755;Fábio Carvalho;fabio.carvalho18@gmail.com;(27) 99045-6150;Serra;ES;03/01/2026;Google Ads;N
1756;Renata Almeida;renata.almeida1982@gmail.com;(27) 98607-7309;Cariacica;ES;02/03/2026;Indicacao amigo;Não
1757;Priscila Lima;priscila.lima1982@yahoo.com.br;(27) 99925-3257;Serra;ES;08/02/2026;Google Shopping;Sim
1758;Thaís Martins;thais.martins1996@gmail.com;(27) 98109-5330;Cariacica;ES;01/04/2026;;S
1759;Larissa Souza;larissa.souza1991@gmail.com;(27) 98995-1743;Serra;ES;07/07/2026;Influenciadora;
1760;Luíza Lima;luiza.lima17@gmail.com;(41) 98036-1815;Rio de Janeiro;RJ;16/09/2026;Facebook;Sim
1761;Patrícia Ribeiro;patricia.ribeiro36@gmail.com;;VILA VELHA;ES;24/07/2026;Meta Ads;Sim
1762;Marcelo Pereira;marcelo.pereira72@gmail.com;(27) 98119-2457;Vitória;ES;29/08/2026;Facebook;sim
1763;Letícia Zanotti;leticia.zanotti@gmail.com;(27) 98148-7381;Serra;ES;22/09/2026;Google;N
1764;Júlia Santos;julia.santos1997@gmail.com;(27) 98237-7091;Vitória;ES;11/07/2026;;sim
1765;Gabriel Simões;gabriel.simoes@hotmail.com;(27) 99530-1714;Vitória;ES;02/04/2026;;Sim
1766;Leonardo Santos;leonardo.santos@gmail.com;(27) 98946-2161;Vitória;ES;27/04/2026;influencer;sim
1767;João Martins;joao.martins2002@gmail.com;(27) 99175-6116;Cariacica;ES;10/06/2026;;Sim
1768;Bruno Loureiro;bruno.loureiro2005@outlook.com;(27) 98846-4495;Cariacica;ES;17/06/2026;;sim
1769;Thaís Rodrigues;thais.rodrigues@hotmail.com;(71) 98180-9432;Salvador;BA;31/07/2026;Site;Sim
1770;Gabriela Barbosa;gabriela.barbosa1986@gmail.com;(27) 98528-6444;Vitória;ES;31/08/2026;Site;N
1771;Caio Araújo;caio.araujo@gmail.com;(27) 99827-5862;Cariacica;ES;30/06/2026;Instagram;S
1772;Débora Merçon;debora.mercon@hotmail.com;(27) 98123-7645;Cariacica;ES;04/07/2026;Instagram;
1773;Carolina Gomes;carolina.gomes1998@gmail.com;(11) 99824-5908;Rio de Janeiro;RJ;11/08/2026;Google;sim
1774;Gabriela Pereira;gabriela.pereira@hotmail.com;(71) 99984-5881;Curitiba;PR;15/09/2026;;Não
1775;PATRÍCIA NASCIMENTO;patricia.nascimento7@gmail.com;(31) 98805-6899;Rio de Janeiro;RJ;12/03/2026;Google Ads;sim
1776;Aline Araújo;aline.araujo846@gmail.com;(27) 98069-9861;Colatina;ES;21/06/2026;Google Ads;S
1777;Juliana Loureiro;juliana.loureiro1989@gmail.com;(41) 98208-4826;Belo Horizonte;MG;16/06/2026;;sim
1778;Débora Araújo;debora.araujo1999@gmail.com;(27) 98672-5832;Vitória;ES;12/02/2026;IG;Sim
1779;Pedro Simões;pedro.simoes@icloud.com;(27) 98831-7077;Vitória;ES;16/08/2026;;S
1780;Thiago Zanotti;thiago.zanotti@gmail.com;;Vitória;ES;11/06/2026;;Não
1781;Fábio Carvalho;fabio.carvalho@hotmail.com;(71) 99882-1831;Campinas;SP;10/06/2026;;
1782;Eduardo Loureiro;eduardo.loureiro2001@gmail.com;(27) 99297-6567;Cariacica;ES;04/04/2026;Instagram;Não
1783;Juliana Souza;juliana.souza1994@gmail.com;(27) 98949-1811;Vitória;ES;25/05/2026;Instagram;N
1784;Bruno Simões;bruno.simoes@gmail.com;(27) 98804-5716;Vitória;ES;07/07/2026;;N
1785;João Costa;joao.costa@gmail.com;(27) 98713-3065;Vila Velha;ES;21/04/2026;Indicacao amigo;sim
1786;Débora Pimentel;debora.pimentel90@gmail.com;(27) 99111-5913;VITÓRIA;ES;20/04/2026;indicacao;Sim
1787;Carlos Pimentel;carlos.pimentel1985@gmail.com;(27) 99556-4991;Serra;ES;18/02/2026;Google;sim
1788;Aline Araújo;aline.araujo@hotmail.com;(27) 99166-1213;Cariacica;ES;24/06/2026;Site;Sim
1789;Priscila Santos;priscila.santos10@hotmail.com;(27) 98538-1722;CARIACICA;ES;23/07/2026;;sim
1790;Marcelo Rodrigues;marcelo.rodrigues@gmail.com;;Belo Horizonte;MG;04/05/2026;;sim
1791;João Silva;joao.silva51@hotmail.com;(21) 98684-6375;Campinas;SP;11/07/2026;Instagram;N
1792;Lucas Martins;lucas.martins28@gmail.com;(27) 99840-7408;Vitória;ES;24/03/2026;Facebook;sim
1793;Maria Loureiro;maria.loureiro2001@gmail.com;(27) 99616-4626;Vila Velha;ES;11/05/2026;;S
1794;Maria Moreira;maria.moreira6@icloud.com;(27) 98729-5002;Vitória;ES;18/02/2026;;sim
1795;Mariana Silva;mariana.silva@hotmail.com;(27) 98909-4603;SERRA;ES;31/07/2026;instagram;sim
1796;Leonardo Nascimento;leonardo.nascimento1998@outlook.com;(27) 98662-4048;Cariacica;ES;21/06/2026;Instagram;
1797;Bruna Santos;bruna.santos@hotmail.com;;BELO HORIZONTE;MG;05/08/2026;Facebook;sim
1798;Aline Rocha;aline.rocha24@hotmail.com;(27) 99822-1404;Cariacica;ES;14/03/2026;site;
1799;Renata Souza;renata.souza12@gmail.com;;Vila Velha;ES;06/03/2026;Google;
1800;Mateus Souza;mateus.souza2005@icloud.com;(27) 98138-6776;Vila Velha;ES;09/08/2026;Meta Ads;Não
1801;Marcelo Moreira;marcelo.moreira@icloud.com;(27) 99158-2547;Serra;ES;26/09/2026;Google;sim
1802;Fernanda Barbosa;fernanda.barbosa1990@outlook.com;(27) 99495-6127;Vitória;ES;27/02/2026;Google Ads;Não
1803;Rodrigo Pereira;rodrigo.pereira@hotmail.com;(27) 99058-1728;Guarapari;ES;26/08/2026;Google;Não
1804;Rodrigo Barbosa;rodrigo.barbosa2005@yahoo.com.br;(27) 98137-9970;Vila Velha;ES;23/06/2026;;S
1805;Luíza Martins;luiza.martins2005@gmail.com;(27) 99969-6095;Serra;ES;21/03/2026;;sim
1806;Rafael Pereira;rafael.pereira93@gmail.com;(27) 98110-3910;Vitória;ES;19/02/2026;;Não
1807;Mariana Lima;mariana.lima@gmail.com;(27) 98568-5566;Vitória;ES;31/05/2026;Google;sim
1808;Rafael Dalla Bernardina;rafael.dallabernardina531@gmail.com;(27) 99233-4215;Linhares;ES;23/05/2026;google ads;S
1809;Rafael Santos;rafael.santos831@gmail.com;(27) 99745-3149;Vila Velha;ES;06/03/2026;Influenciadora;N
1810;Larissa Zanotti;larissa.zanotti14@gmail.com;(27) 99840-3140;VITÓRIA;ES;13/08/2026;Facebook;S
1811;Maria Ribeiro;maria.ribeiro@gmail.com;(31) 98705-4781;Belo Horizonte;MG;02/08/2026;Google Ads;sim
1812;Aline Araújo;aline.araujo1983@outlook.com;;Vila Velha;ES;14/08/2026;Indicação;
1813;Lucas Ribeiro;lucas.ribeiro2006@gmail.com;(27) 98611-7195;CARIACICA;ES;24/03/2026;Google Shopping;sim
1814;Mateus Moreira;mateus.moreira@gmail.com;(31) 98539-5062;Curitiba;PR;21/01/2026;Google;
1815;Bruna Araújo;bruna.araujo1984@gmail.com;(21) 99922-2941;Curitiba;PR;22/05/2026;Site;sim
1816;Aline Araújo;aline.araujo72@hotmail.com;(27) 99953-1664;Cariacica;ES;08/01/2026;;Não
1817;Lucas Moreira;lucas.moreira66@gmail.com;(27) 98123-5967;Serra;ES;21/07/2026;;
1818;Maria Gomes;maria.gomes@icloud.com;(27) 99238-4089;Vila Velha;ES;11/05/2026;Google;S
1819;Gabriela Loureiro;gabriela.loureiro294@gmail.com;(27) 98789-3206;Vila Velha;ES;02/08/2026;Instagram;S
1820;Larissa Rodrigues;larissa.rodrigues28@icloud.com;(27) 99883-6628;Vitória;ES;02/03/2026;google;S
1821;Larissa Souza;larissa.souza1996@icloud.com;(27) 99093-9077;Vitória;ES;14/06/2026;Indicação;S
1822;Vinícius Lima;vinicius.lima1987@gmail.com;(71) 98173-7230;Salvador;BA;20/02/2026;indicacao;Não
1823;Mariana Lima;mariana.lima93@gmail.com;(27) 99365-1943;Serra;ES;13/04/2026;Facebook;
1824;Letícia Costa;leticia.costa2005@gmail.com;(27) 98161-6993;Vitória;ES;01/05/2026;Facebook;S
1825;Ana Carvalho;ana.carvalho93@hotmail.com;(71) 98799-5400;Campinas;SP;28/09/2026;;
1826;Letícia Dalla Bernardina;leticia.dallabernardina99@gmail.com;(27) 99980-4930;Serra;ES;21/08/2026;Google Ads;S
1827;Thiago Araújo;thiago.araujo2003@outlook.com;(27) 99970-2041;Serra;ES;30/08/2026;google;sim
1828;Camila Nascimento;camila.nascimento@outlook.com;(31) 99172-6440;Rio de Janeiro;RJ;24/05/2026;Google Ads;Sim
1829;Patrícia Pereira;patricia.pereira1992@gmail.com;(27) 99610-7081;SERRA;ES;06/06/2026;site;N
1830;Renata Pereira;renata.pereira@hotmail.com;(27) 98279-4925;Vila Velha;ES;23/07/2026;google ads;S
1831;Bruna Souza;bruna.souza1981@gmail.com;;Cachoeiro de Itapemirim;ES;02/03/2026;Meta Ads;Não
1832;André Merçon;andre.mercon@gmail.com;(27) 99160-7760;Cariacica;ES;22/03/2026;instagram;sim
1833;Ana Silva;ana.silva2000@gmail.com;(27) 99925-9697;Cariacica;ES;23/08/2026;Meta Ads;Sim
1834;Priscila Rodrigues;priscila.rodrigues@gmail.com;(71) 98572-3887;Salvador;BA;17/08/2026;Instagram;S
1835;Thiago Rodrigues;thiago.rodrigues2000@hotmail.com;(27) 98230-9146;Vitória;ES;16/09/2026;;S
1836;João Zanotti;joao.zanotti68@gmail.com;(27) 99853-8286;Vila Velha;ES;25/03/2026;Meta Ads;
1837;Bruna Simões;bruna.simoes579@gmail.com;(27) 98570-2014;Vitória;ES;09/03/2026;Google Ads;S
1838;Eduardo Lima;eduardo.lima@gmail.com;(27) 98666-9505;Serra;ES;24/01/2026;;S
1839;Larissa Martins;larissa.martins1985@gmail.com;(27) 98633-4052;Vitória;ES;24/01/2026;;Não
1840;Ana Pimentel;ana.pimentel1987@gmail.com;(21) 99562-7520;Campinas;SP;10/04/2026;Facebook;
1841;Camila Santos;camila.santos@hotmail.com;(27) 98708-6751;Colatina;ES;14/02/2026;google ads;N
1842;Mateus Dalla Bernardina;mateus.dallabernardina1999@gmail.com;(27) 99487-8940;Linhares;ES;23/09/2026;influencer;sim
1843;Aline Pimentel;aline.pimentel2006@icloud.com;(27) 99862-4844;Vila Velha;ES;26/06/2026;influencer;sim
1844;Leonardo Ferreira;leonardo.ferreira@outlook.com;;Colatina;ES;19/03/2026;instagram;Sim
1845;Bruno Carvalho;bruno.carvalho@hotmail.com;(27) 98178-9311;Serra;ES;06/07/2026;Instagram;Sim
1846;Júlia Santos;julia.santos@outlook.com;(27) 98796-9156;Vila Velha;ES;18/01/2026;;N
1847;Felipe Araújo;felipe.araujo@hotmail.com;(27) 98319-7495;Vitória;ES;03/03/2026;Influenciadora;N
1848;Diego Simões;diego.simoes@gmail.com;(27) 99364-8122;Cariacica;ES;24/04/2026;Facebook;Sim
1849;Letícia Merçon;leticia.mercon@gmail.com;(27) 99543-5303;Cariacica;ES;15/05/2026;Google;Não
1850;Felipe Zanotti;felipe.zanotti@outlook.com;(27) 99299-2738;Vitória;ES;18/04/2026;IG;
1851;LARISSA CARVALHO;larissa.carvalho2001@yahoo.com.br;(27) 99469-4016;Vitória;ES;30/05/2026;;S
1852;Bruna Pereira;bruna.pereira771@gmail.com;(27) 98496-8844;Serra;ES;01/07/2026;Meta Ads;Sim
1853;Beatriz Barbosa;beatriz.barbosa8@icloud.com;(19) 98564-2712;Curitiba;PR;06/05/2026;;Não
1854;Priscila Almeida;priscila.almeida1983@outlook.com;(27) 98304-1222;Serra;ES;11/06/2026;Influenciadora;S
1855;Bruna Pereira;bruna.pereira@outlook.com;(11) 99359-7542;Curitiba;PR;06/02/2026;Site;Sim
1856;Gustavo Oliveira;gustavo.oliveira41@hotmail.com;(27) 98740-6217;Vitória;ES;31/08/2026;instagram;
1857;Lucas Carvalho;lucas.carvalho1993@gmail.com;(27) 98158-6606;Vitória;ES;07/02/2026;Meta Ads;N
1858;Júlia Moreira;julia.moreira1992@gmail.com;;Linhares;ES;20/05/2026;Meta Ads;N
1859;Pedro Martins;pedro.martins@gmail.com;(27) 98345-8120;Vila Velha;ES;03/07/2026;Google;N
1860;Juliana Souza;juliana.souza2003@gmail.com;(27) 98629-2200;Vitória;ES;08/01/2026;;Sim
1861;Vinícius Pimentel;vinicius.pimentel1994@yahoo.com.br;(27) 98929-7651;Cachoeiro de Itapemirim;ES;05/05/2026;Indicação;S
1862;Júlia Pereira;julia.pereira55@gmail.com;(27) 99634-4037;Vitória;ES;25/09/2026;;Sim
1863;João Gomes;joao.gomes2002@outlook.com;(27) 99273-8784;GUARAPARI;ES;19/07/2026;Instagram;N
1864;Fernanda Loureiro;fernanda.loureiro1998@gmail.com;(27) 98236-2502;Vila Velha;ES;04/08/2026;Google Shopping;Sim
1865;Fernanda Silva;fernanda.silva2001@yahoo.com.br;(27) 98685-3976;Cachoeiro de Itapemirim;ES;15/07/2026;Google;Sim
1866;Eduardo Martins;eduardo.martins49@yahoo.com.br;(27) 98934-5654;Cachoeiro de Itapemirim;ES;30/06/2026;Meta Ads;Não
1867;Carolina Barbosa;carolina.barbosa60@gmail.com;(27) 99362-8131;Guarapari;ES;26/01/2026;;Sim
1868;Luíza Gomes;luiza.gomes40@gmail.com;(27) 99823-6694;Serra;ES;02/06/2026;google ads;
1869;PATRÍCIA SANTOS;patricia.santos@gmail.com;(27) 99431-4614;Serra;ES;18/01/2026;Google Ads;N
1870;Bruna Rodrigues;bruna.rodrigues1993@gmail.com;(27) 98903-2295;Cariacica;ES;20/01/2026;Google;sim
1871;Bruna Ferreira;bruna.ferreira@gmail.com;(27) 98954-1130;Linhares;ES;03/07/2026;;S
1872;DÉBORA PEREIRA;debora.pereira1993@gmail.com;(27) 98613-4846;Serra;ES;29/06/2026;;Sim
1873;Débora Pimentel;debora.pimentel2006@gmail.com;(27) 98805-6712;Colatina;ES;10/06/2026;Indicação;S
1874;Bruno Almeida;bruno.almeida43@gmail.com;(21) 98629-5217;São Paulo;SP;31/07/2026;;Sim
1875;Bruna Moreira;bruna.moreira@yahoo.com.br;(27) 99707-5234;Vila Velha;ES;06/06/2026;Instagram;sim
1876;Luíza Rodrigues;luiza.rodrigues@outlook.com;(71) 99713-3807;Campinas;SP;19/08/2026;Facebook;S
1877;THAÍS DALLA BERNARDINA;thais.dallabernardina@yahoo.com.br;(41) 99315-9558;Belo Horizonte;MG;14/09/2026;instagram;
1878;CAMILA SOUZA;camila.souza2004@hotmail.com;;Vitória;ES;19/05/2026;;sim
1879;Rodrigo Nascimento;rodrigo.nascimento39@gmail.com;(27) 99290-7763;Vila Velha;ES;03/09/2026;Instagram;Sim
1880;Rafael Merçon;rafael.mercon@gmail.com;(27) 98618-5557;Vitória;ES;30/08/2026;Instagram;N
1881;Júlia Lima;julia.lima@yahoo.com.br;(27) 99685-1448;Vitória;ES;05/06/2026;google ads;sim
1882;Beatriz Costa;beatriz.costa94@hotmail.com;(27) 99082-7416;Serra;ES;02/07/2026;;S
1883;Rodrigo Silva;rodrigo.silva724@gmail.com;(27) 98534-6906;Vitória;ES;22/06/2026;Meta Ads;Sim
1884;Patrícia Araújo;patricia.araujo@gmail.com;(27) 99913-9880;Vila Velha;ES;07/04/2026;Google Ads;S
1885;André Pereira;andre.pereira25@gmail.com;(71) 98277-1548;Belo Horizonte;MG;25/01/2026;Google Ads;N
1886;Gabriela Pereira;gabriela.pereira@icloud.com;(27) 98038-5935;Vitória;ES;10/04/2026;Site;N
1887;Vinícius Rocha;vinicius.rocha2002@icloud.com;(27) 99600-9851;Serra;ES;19/08/2026;;S
1888;Rafael Moreira;rafael.moreira1992@gmail.com;(27) 99814-2469;Vitória;ES;10/06/2026;Influenciadora;S
1889;Gabriela Oliveira;gabriela.oliveira409@gmail.com;(11) 98119-3542;Salvador;BA;07/09/2026;;N
1890;Mateus Pereira;mateus.pereira72@hotmail.com;(27) 98692-3968;Serra;ES;07/07/2026;IG;N
1891;Mateus Costa;mateus.costa1984@gmail.com;(27) 99624-4830;Colatina;ES;22/06/2026;;sim
1892;Beatriz Costa;beatriz.costa@gmail.com;(27) 98404-5155;Vila Velha;ES;25/07/2026;Instagram;Sim
1893;Beatriz Simões;beatriz.simoes55@gmail.com;(31) 98896-7993;SALVADOR;BA;14/08/2026;;N
1894;ALINE MERÇON;aline.mercon1987@gmail.com;(27) 98569-7065;Vila Velha;ES;02/09/2026;Facebook;S
1895;Mariana Dalla Bernardina;mariana.dallabernardina75@hotmail.com;(27) 98481-1475;Vila Velha;ES;10/02/2026;;sim
1896;Luíza Dalla Bernardina;luiza.dallabernardina@hotmail.com;(21) 99961-3677;Rio de Janeiro;RJ;01/06/2026;Facebook;Sim
1897;Aline Santos;aline.santos2006@hotmail.com;(11) 99352-9953;Salvador;BA;09/03/2026;Google;sim
1898;Rodrigo Loureiro;rodrigo.loureiro82@gmail.com;(11) 98847-2734;Salvador;BA;22/02/2026;Google;Sim
1899;Pedro Araújo;pedro.araujo2000@gmail.com;(27) 99786-8220;Guarapari;ES;04/04/2026;;
1900;Carlos Rocha;carlos.rocha@gmail.com;(27) 98082-6623;Colatina;ES;29/08/2026;IG;
1901;MARCELO DALLA BERNARDINA;marcelo.dallabernardina@hotmail.com;(27) 99284-4074;Vila Velha;ES;25/05/2026;Google;
1902;Gabriel Lima;gabriel.lima@gmail.com;;Cariacica;ES;09/02/2026;Google;S
1903;Diego Ribeiro;diego.ribeiro@icloud.com;(27) 98930-1810;Vitória;ES;27/06/2026;instagram;S
1904;Maria Loureiro;maria.loureiro@gmail.com;(27) 99203-5125;Vitória;ES;06/09/2026;;Não
1905;Beatriz Martins;beatriz.martins@gmail.com;(27) 99936-7353;Cariacica;ES;02/04/2026;;Sim
1906;Renata Pereira;renata.pereira21@gmail.com;(27) 98295-2851;Vitória;ES;08/05/2026;;
1907;Thiago Moreira;thiago.moreira@gmail.com;(71) 98003-9840;São Paulo;SP;12/07/2026;Instagram;sim
1908;André Almeida;andre.almeida@gmail.com;(27) 99721-9496;Cariacica;ES;14/04/2026;Influenciadora;Sim
1909;Renata Silva;renata.silva22@yahoo.com.br;(19) 99568-9314;Belo Horizonte;MG;19/06/2026;google ads;sim
1910;Patrícia Costa;patricia.costa88@gmail.com;;Colatina;ES;06/02/2026;Google;Sim
1911;Thaís Dalla Bernardina;thais.dallabernardina289@hotmail.com;(27) 98971-6224;Cariacica;ES;18/04/2026;google;Não
1912;ANA RIBEIRO;ana.ribeiro11@outlook.com;(27) 98290-3192;VITÓRIA;ES;23/03/2026;Influenciadora;N
1913;Camila Lima;camila.lima@gmail.com;(27) 99892-7725;Serra;ES;08/07/2026;Meta Ads;sim
1914;Fábio Araújo;fabio.araujo@hotmail.com;(71) 99663-3525;Belo Horizonte;MG;11/06/2026;IG;S
1915;André Simões;andre.simoes@hotmail.com;(27) 98155-6492;Serra;ES;30/03/2026;Google;N
1916;Priscila Nascimento;priscila.nascimento@gmail.com;(27) 99340-9819;Vila Velha;ES;21/09/2026;Google Shopping;Sim
1917;Mateus Oliveira;mateus.oliveira@gmail.com;;VITÓRIA;ES;25/04/2026;influencer;sim
1918;Marcelo Simões;marcelo.simoes15@outlook.com;(27) 99781-8134;Vitória;ES;10/07/2026;influencer;sim
1919;André Silva;andre.silva2004@gmail.com;(27) 98669-5294;Cariacica;ES;13/09/2026;google ads;sim
1920;Gabriela Merçon;gabriela.mercon2006@gmail.com;;Vitória;ES;30/01/2026;Google Ads;
1921;Rodrigo Gomes;rodrigo.gomes82@gmail.com;(11) 99066-6362;Salvador;BA;15/09/2026;instagram;sim
1922;André Araújo;andre.araujo1989@gmail.com;(27) 98891-3118;Colatina;ES;18/07/2026;;
1923;Larissa Zanotti;larissa.zanotti@gmail.com;(27) 98395-3998;Vitória;ES;03/04/2026;IG;N
1924;Beatriz Almeida;beatriz.almeida1995@yahoo.com.br;(71) 99773-2833;Campinas;SP;25/03/2026;;
1925;Carolina Moreira;carolina.moreira1999@gmail.com;(27) 99414-9631;Linhares;ES;17/08/2026;instagram;Sim
1926;Priscila Silva;priscila.silva8@hotmail.com;(27) 98042-3754;Serra;ES;12/04/2026;Meta Ads;Sim
1927;Diego Nascimento;diego.nascimento25@gmail.com;(27) 98007-6271;Vitória;ES;11/04/2026;Instagram;S
1928;Thiago Ferreira;thiago.ferreira1987@gmail.com;(27) 99132-3651;Serra;ES;17/06/2026;Google Shopping;S
1929;Fábio Merçon;fabio.mercon@hotmail.com;(27) 99093-8081;Serra;ES;29/03/2026;Google;S
1930;Bruno Ferreira;bruno.ferreira@outlook.com;(27) 99828-7313;Colatina;ES;23/08/2026;Instagram;S
1931;Juliana Ribeiro;juliana.ribeiro1982@gmail.com;(27) 98233-9885;Cachoeiro de Itapemirim;ES;15/04/2026;;Não
1932;Renata Souza;renata.souza1993@gmail.com;(31) 98001-2218;Campinas;SP;26/07/2026;;Não
1933;Felipe Ferreira;felipe.ferreira@gmail.com;;Belo Horizonte;MG;16/09/2026;IG;Não
1934;Camila Gomes;camila.gomes1999@gmail.com;(27) 98976-6330;Cariacica;ES;25/04/2026;Instagram;
1935;Beatriz Loureiro;beatriz.loureiro1993@gmail.com;(41) 98342-1102;Salvador;BA;04/09/2026;;Sim
1936;Letícia Ferreira;leticia.ferreira1982@gmail.com;(27) 99242-8284;Cariacica;ES;25/09/2026;;sim
1937;Débora Zanotti;debora.zanotti1991@hotmail.com;(27) 99747-9736;Linhares;ES;01/03/2026;;N
1938;Juliana Pereira;juliana.pereira@gmail.com;;Rio de Janeiro;RJ;03/06/2026;Google Shopping;S
1939;Camila Pimentel;camila.pimentel@gmail.com;(27) 98917-4344;Serra;ES;24/07/2026;Google Shopping;N
1940;Camila Nascimento;camila.nascimento1987@gmail.com;(19) 99286-1147;Belo Horizonte;MG;17/09/2026;;Não
1941;Fábio Pimentel;fabio.pimentel3@icloud.com;(27) 98292-7750;Cariacica;ES;02/06/2026;;S
1942;Renata Moreira;renata.moreira80@gmail.com;(27) 98007-8492;GUARAPARI;ES;05/06/2026;Google;
1943;Aline Simões;aline.simoes80@hotmail.com;(27) 98154-9340;Vila Velha;ES;12/09/2026;Facebook;N
1944;Gabriel Ribeiro;gabriel.ribeiro60@hotmail.com;(27) 99932-6625;Cariacica;ES;16/09/2026;Meta Ads;Sim
1945;Luíza Barbosa;luiza.barbosa4@gmail.com;(27) 99622-3730;Vitória;ES;24/02/2026;Instagram;sim
1946;João Nascimento;joao.nascimento508@gmail.com;(27) 98080-7499;Cariacica;ES;21/09/2026;;S
1947;Priscila Pereira;priscila.pereira35@gmail.com;(27) 98213-4628;Cariacica;ES;01/02/2026;google;Não
1948;Pedro Nascimento;pedro.nascimento1989@outlook.com;(27) 98485-8761;Guarapari;ES;08/04/2026;;Sim
1949;Bruno Silva;bruno.silva20@gmail.com;(27) 98001-4487;Vitória;ES;01/08/2026;IG;N
1950;Gustavo Souza;gustavo.souza2004@gmail.com;;Cachoeiro de Itapemirim;ES;26/06/2026;Facebook;N
1951;Beatriz Barbosa;beatriz.barbosa2004@gmail.com;(19) 99108-5820;Salvador;BA;03/07/2026;site;
1952;Juliana Dalla Bernardina;juliana.dallabernardina@outlook.com;(27) 98331-7790;Cariacica;ES;27/01/2026;google;Sim
1953;Fernanda Ribeiro;fernanda.ribeiro@gmail.com;(27) 98555-5843;Vila Velha;ES;18/01/2026;Site;
1954;Thaís Santos;thais.santos51@icloud.com;(27) 99955-7913;Serra;ES;10/05/2026;Meta Ads;
1955;Eduardo Pereira;eduardo.pereira39@gmail.com;(21) 98239-6301;Curitiba;PR;25/07/2026;;Não
1956;Rafael Nascimento;rafael.nascimento@gmail.com;(27) 98255-1129;Vila Velha;ES;12/08/2026;;Não
1957;André Gomes;andre.gomes4@gmail.com;(27) 99844-7370;Cariacica;ES;21/04/2026;;N
1958;Carlos Carvalho;carlos.carvalho1987@hotmail.com;;Serra;ES;28/05/2026;Meta Ads;sim
1959;Patrícia Silva;patricia.silva@gmail.com;(27) 98682-6696;Vila Velha;ES;29/04/2026;site;sim
1960;Caio Santos;caio.santos@hotmail.com;(27) 99348-4028;Vitória;ES;27/03/2026;IG;Não
1961;Rodrigo Ferreira;rodrigo.ferreira1984@hotmail.com;(27) 98321-7973;Cariacica;ES;04/02/2026;;
1962;Priscila Nascimento;priscila.nascimento92@outlook.com;(27) 98350-3964;Serra;ES;07/05/2026;Influenciadora;N
1963;Aline Lima;aline.lima@hotmail.com;(27) 99028-6368;Vitória;ES;06/06/2026;Google;Sim
1964;Maria Nascimento;maria.nascimento1996@gmail.com;(27) 98631-2519;Serra;ES;13/02/2026;Google;Não
1965;Juliana Ferreira;juliana.ferreira465@gmail.com;(27) 98897-9665;Vila Velha;ES;21/08/2026;instagram;
1966;Renata Souza;renata.souza46@yahoo.com.br;(27) 98408-5259;Cariacica;ES;01/06/2026;;S
1967;Mariana Martins;mariana.martins299@gmail.com;(27) 98445-7902;Cariacica;ES;15/04/2026;instagram;sim
1968;Débora Pimentel;debora.pimentel@outlook.com;(27) 99036-9764;Cariacica;ES;05/02/2026;Meta Ads;sim
1969;Camila Martins;camila.martins392@outlook.com;(27) 98376-6176;Serra;ES;04/02/2026;;N
1970;Renata Zanotti;renata.zanotti40@icloud.com;(27) 99897-6364;Vila Velha;ES;10/06/2026;;Sim
1971;Marcelo Santos;marcelo.santos1996@gmail.com;(27) 98870-8837;Serra;ES;05/09/2026;;Sim
1972;Rodrigo Oliveira;rodrigo.oliveira95@hotmail.com;(27) 99213-7512;Vila Velha;ES;23/05/2026;Meta Ads;S
1973;Bruno Costa;bruno.costa1984@yahoo.com.br;(27) 98526-7161;Linhares;ES;03/02/2026;;S
1974;PATRÍCIA SANTOS;patricia.santos1998@yahoo.com.br;(31) 99412-1605;Curitiba;PR;09/08/2026;Google Shopping;S
1975;Patrícia Martins;patricia.martins@outlook.com;;Vila Velha;ES;30/09/2026;IG;sim
1976;André Almeida;andre.almeida22@hotmail.com;(27) 99507-9431;Vila Velha;ES;29/07/2026;IG;S
1977;Thaís Dalla Bernardina;thais.dallabernardina59@hotmail.com;(27) 99149-7077;Vila Velha;ES;02/06/2026;;Não
1978;Luíza Carvalho;luiza.carvalho@outlook.com;(31) 99725-1841;São Paulo;SP;09/09/2026;;Sim
1979;Caio Simões;caio.simoes406@outlook.com;(27) 98384-8403;GUARAPARI;ES;25/08/2026;instagram;N
1980;Patrícia Merçon;patricia.mercon75@gmail.com;(27) 99660-2620;Serra;ES;25/08/2026;Google;Sim
1981;Camila Rocha;camila.rocha@gmail.com;(27) 99487-4565;Vila Velha;ES;16/04/2026;Influenciadora;sim
1982;Patrícia Merçon;patricia.mercon691@gmail.com;(27) 99006-9827;Colatina;ES;18/04/2026;Google Shopping;
1983;Ana Dalla Bernardina;ana.dallabernardina2001@yahoo.com.br;(27) 99732-3734;Cachoeiro de Itapemirim;ES;22/06/2026;Facebook;Sim
1984;Maria Carvalho;maria.carvalho1984@hotmail.com;(27) 99198-4403;Serra;ES;16/08/2026;influencer;Sim
1985;Patrícia Dalla Bernardina;patricia.dallabernardina@hotmail.com;(31) 99574-6216;São Paulo;SP;11/07/2026;Instagram;sim
1986;Beatriz Souza;beatriz.souza1987@gmail.com;(27) 98509-9726;Vitória;ES;22/07/2026;;sim
1987;Patrícia Carvalho;patricia.carvalho1987@hotmail.com;;Vitória;ES;31/08/2026;IG;sim
1988;Gabriel Rocha;gabriel.rocha@gmail.com;(27) 98124-3222;Serra;ES;17/06/2026;Google Shopping;N
1989;Júlia Nascimento;julia.nascimento2005@hotmail.com;(27) 98776-7587;Vila Velha;ES;25/08/2026;;S
1990;Aline Rocha;aline.rocha93@yahoo.com.br;(27) 98428-6787;Vila Velha;ES;14/08/2026;;Sim
1991;Diego Nascimento;diego.nascimento97@gmail.com;(27) 99296-5782;Serra;ES;31/01/2026;Instagram;sim
1992;Patrícia Araújo;patricia.araujo1987@hotmail.com;(27) 98380-6850;Linhares;ES;07/05/2026;Google;
1993;Gabriela Ferreira;gabriela.ferreira2001@gmail.com;(21) 99716-9324;Belo Horizonte;MG;01/03/2026;;Não
1994;Renata Silva;renata.silva1997@hotmail.com;(71) 98774-7715;Campinas;SP;30/08/2026;Site;Não
1995;Débora Oliveira;debora.oliveira49@gmail.com;(27) 99673-7753;Vitória;ES;08/05/2026;Instagram;S
1996;Carlos Loureiro;carlos.loureiro1990@icloud.com;;Vila Velha;ES;23/02/2026;Meta Ads;Sim
1997;Pedro Costa;pedro.costa1997@gmail.com;(27) 99004-4506;Vitória;ES;11/07/2026;IG;N
1998;Débora Souza;debora.souza34@icloud.com;(27) 98928-2901;Vila Velha;ES;17/04/2026;Facebook;S
1999;Fernanda Silva;fernanda.silva1993@gmail.com;(27) 99014-7588;Serra;ES;28/04/2026;google ads;Não
2000;Marcelo Gomes;marcelo.gomes98@gmail.com;(27) 99752-4885;Vitória;ES;23/05/2026;Meta Ads;Sim
2001;Renata Lima;renata.lima63@gmail.com;(27) 98043-7960;Vila Velha;ES;18/06/2026;Instagram;Sim
2002;Thiago Merçon;thiago.mercon@gmail.com;(27) 99939-4412;Vila Velha;ES;03/03/2026;;sim
2003;Marcelo Martins;marcelo.martins27@hotmail.com;(27) 99530-6884;Cachoeiro de Itapemirim;ES;25/09/2026;Google Ads;N
2004;FELIPE ARAÚJO;felipe.araujo37@hotmail.com;(27) 99698-5113;Vitória;ES;24/04/2026;Indicacao amigo;S
2005;Gabriel Carvalho;gabriel.carvalho1996@hotmail.com;(27) 98381-9928;Vitória;ES;05/01/2026;Facebook;Não
2006;Lucas Loureiro;lucas.loureiro@yahoo.com.br;(27) 99483-6834;Vitória;ES;27/03/2026;Meta Ads;Não
2007;Letícia Oliveira;leticia.oliveira1981@hotmail.com;(41) 99717-5458;Rio de Janeiro;RJ;10/03/2026;Google Ads;sim
2008;Aline Merçon;aline.mercon2006@icloud.com;;Vitória;ES;21/04/2026;;Não
2009;Larissa Lima;larissa.lima1988@hotmail.com;(27) 99202-8776;Vitória;ES;08/06/2026;;Sim
2010;Fábio Ribeiro;fabio.ribeiro180@hotmail.com;(11) 99624-3361;Salvador;BA;19/07/2026;Meta Ads;
2011;Beatriz Souza;beatriz.souza2006@gmail.com;(27) 98394-6004;Vitória;ES;20/04/2026;IG;S
2012;Bruna Costa;bruna.costa@gmail.com;(27) 98817-8350;Guarapari;ES;09/08/2026;google;S
2013;Larissa Merçon;larissa.mercon1981@gmail.com;(21) 98800-7784;Campinas;SP;28/03/2026;Google Shopping;S
2014;PRISCILA MOREIRA;priscila.moreira4@hotmail.com;(27) 99238-6128;Cariacica;ES;11/04/2026;;Sim
2015;Renata Oliveira;renata.oliveira@icloud.com;(27) 98351-3625;Cariacica;ES;25/08/2026;Meta Ads;sim
2016;Bruna Moreira;bruna.moreira2003@hotmail.com;(27) 99341-7387;Vitória;ES;15/04/2026;Instagram;N
2017;Letícia Nascimento;leticia.nascimento91@hotmail.com;(31) 99015-2817;Curitiba;PR;06/04/2026;google ads;N
2018;Ana Gomes;ana.gomes@hotmail.com;(27) 98296-4695;Vitória;ES;05/02/2026;Google Ads;N
2019;Rafael Pereira;rafael.pereira@icloud.com;(27) 98031-3360;Serra;ES;31/05/2026;Instagram;
2020;Thiago Merçon;thiago.mercon1984@icloud.com;(31) 99194-5449;São Paulo;SP;20/04/2026;Facebook;sim
2021;Rodrigo Pereira;rodrigo.pereira@gmail.com;(21) 98861-6785;Belo Horizonte;MG;17/08/2026;Meta Ads;Sim
2022;Rodrigo Ribeiro;rodrigo.ribeiro11@yahoo.com.br;(11) 99474-1394;Salvador;BA;26/04/2026;Meta Ads;
2023;Aline Zanotti;aline.zanotti1998@gmail.com;(27) 98782-1607;Vitória;ES;10/03/2026;indicacao;N
2024;Bruna Merçon;bruna.mercon1989@yahoo.com.br;(41) 99812-7776;Curitiba;PR;09/08/2026;instagram;S
2025;Marcelo Simões;marcelo.simoes@hotmail.com;;SERRA;ES;08/08/2026;;
2026;Letícia Silva;leticia.silva@hotmail.com;(71) 99141-2451;Salvador;BA;18/05/2026;;N
2027;Juliana Almeida;juliana.almeida@gmail.com;(27) 98615-1714;Serra;ES;26/02/2026;Indicacao amigo;Não
2028;Felipe Araújo;felipe.araujo2003@gmail.com;(21) 99608-6341;Salvador;BA;28/09/2026;Facebook;Sim
2029;Débora Ribeiro;debora.ribeiro@outlook.com;(27) 98240-4670;Vila Velha;ES;23/05/2026;;Não
2030;Letícia Ribeiro;leticia.ribeiro1984@gmail.com;(27) 98135-3727;Vila Velha;ES;28/09/2026;google ads;sim
2031;Rafael Silva;rafael.silva@gmail.com;(21) 98004-1998;Campinas;SP;09/09/2026;;Não
2032;Gabriela Dalla Bernardina;gabriela.dallabernardina92@gmail.com;(27) 98227-1079;LINHARES;ES;23/09/2026;IG;S
2033;Luíza Oliveira;luiza.oliveira@hotmail.com;;Curitiba;PR;24/09/2026;instagram;N
2034;Rafael Simões;rafael.simoes64@yahoo.com.br;(41) 99935-8533;Belo Horizonte;MG;19/03/2026;;
2035;Júlia Barbosa;julia.barbosa55@hotmail.com;(27) 98083-1830;Vila Velha;ES;22/06/2026;Influenciadora;S
2036;Mariana Ferreira;mariana.ferreira@gmail.com;(27) 98168-2574;Cariacica;ES;21/09/2026;;Não
2037;Thaís Barbosa;thais.barbosa1991@gmail.com;(27) 99026-3318;Serra;ES;13/02/2026;Google;sim
2038;Ana Costa;ana.costa1988@gmail.com;(27) 98743-4333;Vitória;ES;08/06/2026;Instagram;S
2039;Carolina Silva;carolina.silva58@yahoo.com.br;(27) 99223-5102;Colatina;ES;03/05/2026;Instagram;S
2040;Vinícius Gomes;vinicius.gomes@gmail.com;(27) 99127-3260;Vitória;ES;20/05/2026;instagram;
2041;Diego Oliveira;diego.oliveira768@gmail.com;(27) 98914-5734;Cariacica;ES;09/01/2026;Instagram;
2042;Gustavo Lima;gustavo.lima5@outlook.com;(27) 99017-5293;Vitória;ES;18/03/2026;Indicacao amigo;Não
2043;Aline Loureiro;aline.loureiro25@gmail.com;(27) 98705-8445;Vila Velha;ES;11/03/2026;Google;S
2044;Thaís Souza;thais.souza@outlook.com;(11) 98219-9994;Rio de Janeiro;RJ;31/05/2026;Meta Ads;Não
2045;Mateus Loureiro;mateus.loureiro1991@gmail.com;(27) 99363-7513;VILA VELHA;ES;03/08/2026;Instagram;sim
2046;Ana Santos;ana.santos1984@gmail.com;(27) 98293-8508;Cariacica;ES;16/05/2026;Instagram;Sim
2047;Mateus Costa;mateus.costa1998@icloud.com;(27) 98140-6748;Serra;ES;15/02/2026;Meta Ads;S
2048;Priscila Zanotti;priscila.zanotti48@hotmail.com;;Serra;ES;16/01/2026;Instagram;Não
2049;Maria Almeida;maria.almeida@hotmail.com;(27) 98448-5912;Serra;ES;13/05/2026;IG;N
2050;Júlia Nascimento;julia.nascimento31@hotmail.com;(71) 99635-4358;SÃO PAULO;SP;13/01/2026;;N
2051;Larissa Rodrigues;larissa.rodrigues1991@hotmail.com;(27) 99005-7714;Vitória;ES;08/06/2026;indicacao;S
2052;Gabriel Dalla Bernardina;gabriel.dallabernardina87@icloud.com;(27) 98807-8422;Vila Velha;ES;25/03/2026;Google;N
2053;Carolina Zanotti;carolina.zanotti1991@hotmail.com;;Vitória;ES;18/09/2026;;sim
2054;Leonardo Ribeiro;leonardo.ribeiro1994@gmail.com;;Curitiba;PR;09/02/2026;IG;
2055;Fábio Santos;fabio.santos82@gmail.com;(27) 98845-2783;Vitória;ES;11/02/2026;google;S
2056;Juliana Almeida;juliana.almeida984@gmail.com;(21) 98629-1878;Curitiba;PR;05/06/2026;influencer;
2057;GUSTAVO BARBOSA;gustavo.barbosa@gmail.com;(27) 99619-8091;Serra;ES;03/08/2026;Facebook;
2058;Letícia Moreira;leticia.moreira23@icloud.com;(11) 99640-5637;Rio de Janeiro;RJ;02/07/2026;site;Não
2059;Gabriel Simões;gabriel.simoes91@gmail.com;(27) 99127-2315;GUARAPARI;ES;15/02/2026;Google;
2060;Carolina Ferreira;carolina.ferreira40@icloud.com;(27) 99615-5710;Linhares;ES;26/08/2026;;Não
2061;Lucas Rocha;lucas.rocha1988@hotmail.com;(27) 98047-7638;Guarapari;ES;15/09/2026;Google;Não
2062;Beatriz Souza;beatriz.souza@gmail.com;(11) 98636-4212;Salvador;BA;10/01/2026;google;Sim
2063;Camila Ferreira;camila.ferreira1983@hotmail.com;(27) 98636-9648;Vitória;ES;23/05/2026;Google Shopping;S
2064;Beatriz Zanotti;beatriz.zanotti2000@hotmail.com;(27) 98119-4319;Vitória;ES;03/05/2026;google;Não
2065;Renata Barbosa;renata.barbosa1999@gmail.com;;Vitória;ES;14/04/2026;;N
2066;Bruno Souza;bruno.souza97@gmail.com;(27) 99684-8645;Linhares;ES;01/09/2026;Meta Ads;
2067;Beatriz Loureiro;beatriz.loureiro@gmail.com;(71) 99263-1834;BELO HORIZONTE;MG;01/08/2026;Influenciadora;
2068;Gabriela Loureiro;gabriela.loureiro2006@gmail.com;(27) 99886-1154;Serra;ES;13/05/2026;influencer;S
2069;Renata Nascimento;renata.nascimento1990@gmail.com;(31) 98046-8742;Rio de Janeiro;RJ;09/02/2026;Google;N
2070;LEONARDO ROCHA;leonardo.rocha96@gmail.com;(19) 99226-1921;Campinas;SP;28/09/2026;;Sim
2071;Carolina Souza;carolina.souza1980@outlook.com;(27) 99595-8700;Vitória;ES;28/08/2026;;sim
2072;Fernanda Simões;fernanda.simoes2004@icloud.com;(27) 98514-8882;Serra;ES;21/03/2026;Indicação;sim
2073;Juliana Nascimento;juliana.nascimento30@hotmail.com;(27) 99768-2737;Guarapari;ES;03/03/2026;Google Ads;Não
2074;Gabriela Barbosa;gabriela.barbosa2001@outlook.com;(27) 99606-6765;Serra;ES;04/01/2026;Google;
2075;Camila Loureiro;camila.loureiro33@gmail.com;(21) 98436-7475;Curitiba;PR;14/09/2026;;Não
2076;GABRIEL ARAÚJO;gabriel.araujo75@yahoo.com.br;(19) 99129-6773;Belo Horizonte;MG;25/03/2026;indicacao;Não
2077;Juliana Silva;juliana.silva50@icloud.com;(11) 98135-8158;Belo Horizonte;MG;13/05/2026;site;N
2078;Aline Zanotti;aline.zanotti@gmail.com;(27) 99506-2891;Vitória;ES;02/03/2026;;Sim
2079;Gustavo Oliveira;gustavo.oliveira@gmail.com;(27) 98745-1760;Vila Velha;ES;02/06/2026;Influenciadora;sim
2080;Mateus Almeida;mateus.almeida2002@gmail.com;(27) 99102-4639;Colatina;ES;25/09/2026;indicacao;Não
2081;Gabriela Rocha;gabriela.rocha@gmail.com;(27) 99869-2755;Vila Velha;ES;28/05/2026;Google Ads;N
2082;Mariana Santos;mariana.santos19@gmail.com;(27) 98975-6975;Serra;ES;08/02/2026;influencer;Não
2083;Gustavo Zanotti;gustavo.zanotti1987@yahoo.com.br;(27) 98476-6076;Serra;ES;18/07/2026;;N
2084;Ana Souza;ana.souza98@hotmail.com;(27) 99574-3547;Vila Velha;ES;17/02/2026;Google Ads;
2085;Gabriel Nascimento;gabriel.nascimento1987@gmail.com;(27) 99524-2821;Serra;ES;06/08/2026;;N
2086;Carlos Souza;carlos.souza1987@gmail.com;;Campinas;SP;09/02/2026;Instagram;Não
2087;Bruna Loureiro;bruna.loureiro2004@yahoo.com.br;(27) 98329-4720;Cariacica;ES;05/07/2026;Facebook;S
2088;Aline Merçon;aline.mercon36@hotmail.com;(27) 98075-6867;Vitória;ES;30/05/2026;influencer;sim
2089;Débora Gomes;debora.gomes16@gmail.com;(71) 98984-9709;Campinas;SP;15/04/2026;Facebook;N
2090;Maria Costa;maria.costa13@gmail.com;(27) 99085-1261;Vila Velha;ES;28/04/2026;Indicacao amigo;
2091;Júlia Almeida;julia.almeida1990@hotmail.com;(21) 98785-1816;Belo Horizonte;MG;15/08/2026;Instagram;
2092;Gustavo Lima;gustavo.lima1985@outlook.com;(11) 98093-8351;Salvador;BA;21/07/2026;Meta Ads;sim
2093;Renata Loureiro;renata.loureiro@gmail.com;;Cariacica;ES;09/05/2026;Google Ads;Sim
2094;Felipe Dalla Bernardina;felipe.dallabernardina71@hotmail.com;(21) 98733-3054;Rio de Janeiro;RJ;16/04/2026;Google;Sim
2095;Débora Martins;debora.martins78@icloud.com;(31) 99632-5313;Rio de Janeiro;RJ;28/09/2026;Facebook;
2096;Fábio Simões;fabio.simoes@gmail.com;(11) 99592-4855;Campinas;SP;25/09/2026;google ads;
2097;Marcelo Pimentel;marcelo.pimentel99@gmail.com;(27) 98856-2373;Linhares;ES;27/06/2026;IG;S
2098;Renata Ribeiro;renata.ribeiro296@icloud.com;(27) 99511-6270;Cachoeiro de Itapemirim;ES;17/06/2026;;Não
2099;Marcelo Pimentel;marcelo.pimentel1995@gmail.com;(27) 98521-3601;Serra;ES;30/01/2026;Google;Sim
2100;Ana Ferreira;ana.ferreira@gmail.com;(27) 98430-7593;Cariacica;ES;09/02/2026;;S
2101;Thaís Dalla Bernardina;Thais.dallabernardina@yahoo.com.br;(41) 99315-9558;Belo Horizonte;MG;30/09/2026;;Sim
2102;João Merçon;JOAO.MERCON1992@GMAIL.COM;(27) 98420-9680;Vitória;ES;23/02/2026;;Não
2103;Mariana Ferreira;Mariana.ferreira@gmail.com;(27) 98168-2574;Cariacica;ES;30/09/2026;;Não
2104;João Martins;joao.martins1998@icloud.com ;(27) 98824-2949;Serra;ES;30/09/2026;;Sim
2105;Eduardo Martins;EDUARDO.MARTINS49@YAHOO.COM.BR;(27) 98934-5654;Cachoeiro de Itapemirim;ES;14/09/2026;;Sim
2106;João Carvalho;Joao.carvalho@gmail.com;(27) 98082-3190;Vila Velha;ES;30/09/2026;;Sim
2107;Camila Santos;CAMILA.SANTOS1986@YAHOO.COM.BR;(27) 98108-8617;Vila Velha;ES;30/09/2026;;Não
2108;Carlos Merçon;CARLOS.MERCON536@ICLOUD.COM;(27) 99975-9901;Vitória;ES;29/04/2026;;Sim
2109;Carolina Simões;carolina.simoes2006@gmail.com ;(27) 99655-1209;Serra;ES;17/09/2026;;Não
2110;Diego Zanotti;DIEGO.ZANOTTI@HOTMAIL.COM;(27) 99876-2251;Cariacica;ES;30/09/2026;;Não
2111;Gabriela Nascimento;gabriela.nascimento@hotmail.com ;(27) 99034-3431;Serra;ES;17/03/2026;;Não
2112;Felipe Araújo;FELIPE.ARAUJO37@HOTMAIL.COM;(27) 99698-5113;Vitória;ES;09/06/2026;;Não
2113;Ana Costa;Ana.costa52@outlook.com;(27) 99899-2491;Cariacica;ES;13/07/2026;;Não
2114;Gabriel Santos;gabriel.santos1986@gmail.com ;(27) 99710-7623;Cariacica;ES;14/06/2026;;Sim
2115;Gabriela Araújo;Gabriela.araujo92@outlook.com;(27) 99575-7708;Serra;ES;31/03/2026;;Não
2116;Eduardo Rodrigues;EDUARDO.RODRIGUES25@OUTLOOK.COM;(27) 99002-6219;Vitória;ES;30/09/2026;;Não
2117;Rodrigo Almeida;Rodrigo.almeida5@gmail.com;(19) 98145-4824;Rio de Janeiro;RJ;30/09/2026;;Não
2118;Gabriel Carvalho;GABRIEL.CARVALHO2003@GMAIL.COM;(27) 98333-1958;Vila Velha;ES;15/09/2026;;Sim
2119;Lucas Carvalho;LUCAS.CARVALHO57@HOTMAIL.COM;(27) 98413-9824;Vila Velha;ES;20/08/2026;;Não
2120;Beatriz Zanotti;beatriz.zanotti76@outlook.com ;(27) 99239-3156;Vitória;ES;31/08/2026;;Sim
2121;Luíza Zanotti;Luiza.zanotti72@gmail.com;(41) 98982-2036;Rio de Janeiro;RJ;24/07/2026;;Sim
2122;Letícia Ferreira;leticia.ferreira@hotmail.com ;(27) 99520-9115;Linhares;ES;26/04/2026;;Não
2123;Diego Oliveira;diego.oliveira44@gmail.com ;(27) 99966-9040;Vila Velha;ES;30/09/2026;;Sim
2124;Priscila Almeida;Priscila.almeida1983@outlook.com;(27) 98304-1222;Serra;ES;28/09/2026;;Sim
2125;Thiago Loureiro;Thiago.loureiro75@icloud.com;(21) 99503-4193;São Paulo;SP;08/08/2026;;Não
2126;Mariana Martins;MARIANA.MARTINS1999@GMAIL.COM;(27) 98453-2035;Colatina;ES;30/09/2026;;Sim
2127;Patrícia Araújo;PATRICIA.ARAUJO2003@GMAIL.COM;(27) 99107-5651;Cariacica;ES;27/03/2026;;Não
2128;Vinícius Oliveira;Vinicius.oliveira1984@gmail.com;(21) 99188-9391;Curitiba;PR;18/02/2026;;Sim
2129;Renata Dalla Bernardina;RENATA.DALLABERNARDINA@GMAIL.COM;(27) 99010-4558;Vitória;ES;06/08/2026;;Não
2130;Renata Rocha;RENATA.ROCHA@ICLOUD.COM;(27) 98617-8504;Cariacica;ES;30/09/2026;;Sim
2131;Marcelo Silva;Marcelo.silva@hotmail.com;(27) 98342-1792;Vitória;ES;01/04/2026;;Não
2132;Eduardo Pimentel;eduardo.pimentel@gmail.com ;(31) 98485-1601;Belo Horizonte;MG;30/09/2026;;Não
2133;Pedro Pereira;pedro.pereira@icloud.com ;(27) 98696-9904;Serra;ES;19/09/2026;;Não
2134;Aline Almeida;ALINE.ALMEIDA@GMAIL.COM;(27) 98933-3725;Vila Velha;ES;23/08/2026;;Não
2135;Débora Merçon;debora.mercon@hotmail.com ;(27) 98123-7645;Cariacica;ES;17/07/2026;;Não
2136;Bruno Dalla Bernardina;BRUNO.DALLABERNARDINA652@GMAIL.COM;(21) 99641-4644;Belo Horizonte;MG;30/06/2026;;Não
2137;Maria Souza;MARIA.SOUZA56@GMAIL.COM;(27) 98925-4356;Vila Velha;ES;18/08/2026;;Sim
2138;Gabriel Souza;Gabriel.souza2005@gmail.com;(27) 99004-6747;Cariacica;ES;12/05/2026;;Não
2139;Gabriel Silva;Gabriel.silva@gmail.com;(27) 98362-7117;Vitória;ES;06/08/2026;;Sim
2140;Letícia Zanotti;LETICIA.ZANOTTI@GMAIL.COM;(27) 98148-7381;Serra;ES;30/09/2026;;Não
2141;Thiago Pimentel;THIAGO.PIMENTEL@GMAIL.COM;(27) 98806-7114;Vitória;ES;16/09/2026;;Não
