id_pedido,sku,produto,quantidade,preco_unitario
100001,CAF-006,Microlote Caparaó 250g,2,79.90
100001,ACE-002,Coador V60 Cerâmica,1,159.90
100001,CAF-007,Café Gelado Cold Brew 300ml,1,18.90
100002,CAF-007,Café Gelado Cold Brew 300ml,1,18.90
100002,CAF-003,Café Conilon Especial 250g,1,44.90
100002,ACE-001,Prensa Francesa 600ml,1,139.90
100002,CAF-005,Blend Espresso 1kg,1,119.90
100003,CAF-005,Blend Espresso 1kg,3,119.90
100004,ACE-002,Coador V60 Cerâmica,2,159.90
100005,CAF-003,Café Conilon Especial 250g,2,44.90
100005,CAF-001,Café Bourbon Amarelo 250g,1,54.90
100006,CAF-006,Microlote Caparaó 250g,2,79.90
100007,CAF-002,Café Catuaí Vermelho 250g,1,49.90
100007,CAF-007,Café Gelado Cold Brew 300ml,2,18.90
100007,ACE-002,Coador V60 Cerâmica,1,159.90
100008,CAF-001,Café Bourbon Amarelo 250g,1,54.90
100009,CAF-003,Café Conilon Especial 250g,1,44.90
100009,CAF-005,Blend Espresso 1kg,1,119.90
100010,CAF-007,Café Gelado Cold Brew 300ml,1,18.90
100010,ACE-004,Caneca Grão Capixaba,2,49.90
100011,CAF-003,Café Conilon Especial 250g,1,44.90
100011,CAF-002,Café Catuaí Vermelho 250g,1,49.90
100012,CAF-003,Café Conilon Especial 250g,1,44.90
100013,ACE-003,Filtro de Papel 102 (100un),2,24.90
100014,CAF-002,Café Catuaí Vermelho 250g,1,49.90
100014,KIT-001,Kit Degustação 4x100g,1,89.90
100014,ACE-002,Coador V60 Cerâmica,1,159.90
100015,CAF-006,Microlote Caparaó 250g,3,79.90
100016,CAF-003,Café Conilon Especial 250g,1,44.90
100017,CAF-007,Café Gelado Cold Brew 300ml,1,18.90
100018,CAF-007,Café Gelado Cold Brew 300ml,2,18.90
100019,ACE-003,Filtro de Papel 102 (100un),1,24.90
100020,CAF-002,Café Catuaí Vermelho 250g,1,49.90
100021,KIT-001,Kit Degustação 4x100g,1,89.90
100021,CAF-006,Microlote Caparaó 250g,2,79.90
100021,CAF-003,Café Conilon Especial 250g,1,44.90
100021,CAF-002,Café Catuaí Vermelho 250g,1,49.90
100022,ACE-004,Caneca Grão Capixaba,1,49.90
100023,ACE-002,Coador V60 Cerâmica,2,159.90
100024,CAF-007,Café Gelado Cold Brew 300ml,2,18.90
100024,KIT-001,Kit Degustação 4x100g,1,89.90
100025,ACE-004,Caneca Grão Capixaba,2,49.90
100025,CAF-002,Café Catuaí Vermelho 250g,3,49.90
100026,CAF-004,Blend da Casa 500g,1,69.90
100026,ACE-003,Filtro de Papel 102 (100un),2,24.90
100027,CAF-004,Blend da Casa 500g,2,69.90
100028,CAF-003,Café Conilon Especial 250g,1,44.90
100029,CAF-004,Blend da Casa 500g,1,69.90
100030,ACE-003,Filtro de Papel 102 (100un),1,24.90
100030,CAF-007,Café Gelado Cold Brew 300ml,2,18.90
100031,ACE-004,Caneca Grão Capixaba,1,49.90
100031,CAF-005,Blend Espresso 1kg,1,119.90
100031,CAF-007,Café Gelado Cold Brew 300ml,2,18.90
100031,CAF-003,Café Conilon Especial 250g,1,44.90
100032,CAF-006,Microlote Caparaó 250g,2,79.90
100032,ACE-004,Caneca Grão Capixaba,1,49.90
100033,ACE-002,Coador V60 Cerâmica,1,159.90
100034,CAF-002,Café Catuaí Vermelho 250g,1,49.90
100035,CAF-004,Blend da Casa 500g,1,69.90
100036,ACE-002,Coador V60 Cerâmica,2,159.90
100037,CAF-004,Blend da Casa 500g,1,69.90
100037,KIT-001,Kit Degustação 4x100g,1,89.90
100038,CAF-005,Blend Espresso 1kg,1,119.90
100038,CAF-001,Café Bourbon Amarelo 250g,1,54.90
100038,ACE-002,Coador V60 Cerâmica,1,159.90
100039,ACE-001,Prensa Francesa 600ml,2,139.90
100040,ACE-003,Filtro de Papel 102 (100un),2,24.90
100041,KIT-001,Kit Degustação 4x100g,1,89.90
100041,ACE-004,Caneca Grão Capixaba,1,49.90
100042,CAF-005,Blend Espresso 1kg,1,119.90
100042,CAF-004,Blend da Casa 500g,1,69.90
100043,CAF-005,Blend Espresso 1kg,1,119.90
100043,CAF-001,Café Bourbon Amarelo 250g,1,54.90
100044,CAF-001,Café Bourbon Amarelo 250g,2,54.90
100045,KIT-001,Kit Degustação 4x100g,1,89.90
100045,CAF-002,Café Catuaí Vermelho 250g,1,49.90
100045,CAF-005,Blend Espresso 1kg,1,119.90
100045,CAF-004,Blend da Casa 500g,2,69.90
100046,ACE-004,Caneca Grão Capixaba,1,49.90
100047,CAF-003,Café Conilon Especial 250g,1,44.90
100048,KIT-001,Kit Degustação 4x100g,1,89.90
100049,ACE-001,Prensa Francesa 600ml,1,139.90
100050,CAF-004,Blend da Casa 500g,2,69.90
100051,ACE-004,Caneca Grão Capixaba,2,49.90
100052,CAF-002,Café Catuaí Vermelho 250g,1,49.90
100053,ACE-004,Caneca Grão Capixaba,1,49.90
100053,CAF-006,Microlote Caparaó 250g,1,79.90
100054,CAF-003,Café Conilon Especial 250g,2,44.90
100054,ACE-003,Filtro de Papel 102 (100un),1,24.90
100055,CAF-007,Café Gelado Cold Brew 300ml,2,18.90
100056,CAF-003,Café Conilon Especial 250g,1,44.90
100057,ACE-002,Coador V60 Cerâmica,2,159.90
100058,CAF-003,Café Conilon Especial 250g,1,44.90
100058,CAF-004,Blend da Casa 500g,1,69.90
100059,CAF-002,Café Catuaí Vermelho 250g,1,49.90
100060,ACE-001,Prensa Francesa 600ml,1,139.90
100061,CAF-003,Café Conilon Especial 250g,1,44.90
100062,ACE-004,Caneca Grão Capixaba,1,49.90
100062,ACE-003,Filtro de Papel 102 (100un),1,24.90
100063,CAF-004,Blend da Casa 500g,1,69.90
100064,ACE-002,Coador V60 Cerâmica,1,159.90
100064,CAF-002,Café Catuaí Vermelho 250g,1,49.90
100064,CAF-001,Café Bourbon Amarelo 250g,1,54.90
100065,CAF-002,Café Catuaí Vermelho 250g,1,49.90
100066,ACE-001,Prensa Francesa 600ml,1,139.90
100067,CAF-007,Café Gelado Cold Brew 300ml,3,18.90
100068,CAF-006,Microlote Caparaó 250g,2,79.90
100068,ACE-003,Filtro de Papel 102 (100un),2,24.90
100068,ACE-002,Coador V60 Cerâmica,1,159.90
100069,ACE-004,Caneca Grão Capixaba,1,49.90
100070,ACE-003,Filtro de Papel 102 (100un),1,24.90
100070,CAF-007,Café Gelado Cold Brew 300ml,1,18.90
100070,CAF-001,Café Bourbon Amarelo 250g,1,54.90
100071,CAF-001,Café Bourbon Amarelo 250g,1,54.90
100072,CAF-005,Blend Espresso 1kg,1,119.90
100073,CAF-006,Microlote Caparaó 250g,1,79.90
100074,CAF-007,Café Gelado Cold Brew 300ml,1,18.90
100074,CAF-003,Café Conilon Especial 250g,1,44.90
100075,ACE-003,Filtro de Papel 102 (100un),1,24.90
100075,CAF-003,Café Conilon Especial 250g,2,44.90
100075,ACE-001,Prensa Francesa 600ml,1,139.90
100076,CAF-006,Microlote Caparaó 250g,1,79.90
100077,CAF-003,Café Conilon Especial 250g,1,44.90
100078,ACE-003,Filtro de Papel 102 (100un),1,24.90
100079,CAF-006,Microlote Caparaó 250g,3,79.90
100079,CAF-002,Café Catuaí Vermelho 250g,2,49.90
100079,ACE-002,Coador V60 Cerâmica,1,159.90
100080,ACE-001,Prensa Francesa 600ml,1,139.90
100080,ACE-002,Coador V60 Cerâmica,1,159.90
100080,CAF-001,Café Bourbon Amarelo 250g,2,54.90
100081,ACE-002,Coador V60 Cerâmica,1,159.90
100081,CAF-004,Blend da Casa 500g,1,69.90
100081,ACE-001,Prensa Francesa 600ml,1,139.90
100081,ACE-003,Filtro de Papel 102 (100un),1,24.90
100082,CAF-007,Café Gelado Cold Brew 300ml,1,18.90
100082,CAF-004,Blend da Casa 500g,1,69.90
100083,CAF-004,Blend da Casa 500g,1,69.90
100084,CAF-006,Microlote Caparaó 250g,3,79.90
100085,ACE-002,Coador V60 Cerâmica,1,159.90
100086,ACE-002,Coador V60 Cerâmica,2,159.90
100087,ACE-004,Caneca Grão Capixaba,1,49.90
100088,ACE-001,Prensa Francesa 600ml,1,139.90
100088,CAF-002,Café Catuaí Vermelho 250g,2,49.90
100089,CAF-005,Blend Espresso 1kg,1,119.90
100090,ACE-001,Prensa Francesa 600ml,2,139.90
100091,CAF-001,Café Bourbon Amarelo 250g,1,54.90
100092,ACE-003,Filtro de Papel 102 (100un),1,24.90
100093,CAF-004,Blend da Casa 500g,1,69.90
100093,ACE-004,Caneca Grão Capixaba,2,49.90
100094,ACE-002,Coador V60 Cerâmica,1,159.90
100095,CAF-001,Café Bourbon Amarelo 250g,2,54.90
100095,CAF-003,Café Conilon Especial 250g,1,44.90
100095,ACE-004,Caneca Grão Capixaba,1,49.90
100096,ACE-004,Caneca Grão Capixaba,1,49.90
100096,CAF-007,Café Gelado Cold Brew 300ml,2,18.90
100096,CAF-006,Microlote Caparaó 250g,1,79.90
100097,CAF-001,Café Bourbon Amarelo 250g,2,54.90
100098,CAF-003,Café Conilon Especial 250g,1,44.90
100099,ACE-003,Filtro de Papel 102 (100un),1,24.90
100100,CAF-003,Café Conilon Especial 250g,1,44.90
100101,ACE-002,Coador V60 Cerâmica,1,159.90
100102,ACE-004,Caneca Grão Capixaba,2,49.90
100103,CAF-005,Blend Espresso 1kg,1,119.90
100104,ACE-004,Caneca Grão Capixaba,1,49.90
100104,CAF-004,Blend da Casa 500g,1,69.90
100104,CAF-006,Microlote Caparaó 250g,1,79.90
100104,CAF-003,Café Conilon Especial 250g,1,44.90
100105,CAF-005,Blend Espresso 1kg,1,119.90
100105,ACE-004,Caneca Grão Capixaba,1,49.90
100105,CAF-003,Café Conilon Especial 250g,1,44.90
100106,CAF-006,Microlote Caparaó 250g,2,79.90
100106,ACE-001,Prensa Francesa 600ml,1,139.90
100107,CAF-005,Blend Espresso 1kg,2,119.90
100108,CAF-001,Café Bourbon Amarelo 250g,1,54.90
100108,CAF-004,Blend da Casa 500g,1,69.90
100108,CAF-007,Café Gelado Cold Brew 300ml,1,18.90
100109,CAF-002,Café Catuaí Vermelho 250g,1,49.90
100109,CAF-001,Café Bourbon Amarelo 250g,1,54.90
100110,ACE-002,Coador V60 Cerâmica,1,159.90
100110,CAF-006,Microlote Caparaó 250g,1,79.90
100111,CAF-002,Café Catuaí Vermelho 250g,1,49.90
100112,ACE-003,Filtro de Papel 102 (100un),2,24.90
100113,KIT-001,Kit Degustação 4x100g,1,89.90
100114,KIT-001,Kit Degustação 4x100g,1,89.90
100115,CAF-007,Café Gelado Cold Brew 300ml,1,18.90
100115,ACE-001,Prensa Francesa 600ml,3,139.90
100116,ACE-002,Coador V60 Cerâmica,1,159.90
100116,CAF-005,Blend Espresso 1kg,1,119.90
100116,CAF-002,Café Catuaí Vermelho 250g,2,49.90
100117,KIT-001,Kit Degustação 4x100g,1,89.90
100117,CAF-004,Blend da Casa 500g,1,69.90
100118,CAF-007,Café Gelado Cold Brew 300ml,1,18.90
100119,CAF-003,Café Conilon Especial 250g,1,44.90
100119,CAF-006,Microlote Caparaó 250g,1,79.90
100120,CAF-005,Blend Espresso 1kg,1,119.90
100120,CAF-002,Café Catuaí Vermelho 250g,1,49.90
100120,CAF-003,Café Conilon Especial 250g,1,44.90
100121,CAF-006,Microlote Caparaó 250g,2,79.90
100122,CAF-005,Blend Espresso 1kg,1,119.90
100123,CAF-001,Café Bourbon Amarelo 250g,1,54.90
100124,ACE-001,Prensa Francesa 600ml,1,139.90
100124,ACE-002,Coador V60 Cerâmica,1,159.90
100124,KIT-001,Kit Degustação 4x100g,2,89.90
100124,CAF-007,Café Gelado Cold Brew 300ml,1,18.90
100125,KIT-001,Kit Degustação 4x100g,2,89.90
100126,ACE-003,Filtro de Papel 102 (100un),1,24.90
100126,CAF-001,Café Bourbon Amarelo 250g,1,54.90
100127,KIT-001,Kit Degustação 4x100g,1,89.90
100128,CAF-005,Blend Espresso 1kg,1,119.90
100129,ACE-003,Filtro de Papel 102 (100un),2,24.90
100130,ACE-003,Filtro de Papel 102 (100un),1,24.90
100130,ACE-002,Coador V60 Cerâmica,2,159.90
100131,CAF-005,Blend Espresso 1kg,2,119.90
100131,CAF-001,Café Bourbon Amarelo 250g,1,54.90
100131,CAF-002,Café Catuaí Vermelho 250g,1,49.90
100132,KIT-001,Kit Degustação 4x100g,1,89.90
100132,ACE-003,Filtro de Papel 102 (100un),1,24.90
100132,CAF-004,Blend da Casa 500g,1,69.90
100133,KIT-001,Kit Degustação 4x100g,1,89.90
100133,CAF-006,Microlote Caparaó 250g,1,79.90
100134,ACE-002,Coador V60 Cerâmica,1,159.90
100134,ACE-004,Caneca Grão Capixaba,2,49.90
100134,CAF-006,Microlote Caparaó 250g,1,79.90
100135,ACE-002,Coador V60 Cerâmica,1,159.90
100136,ACE-001,Prensa Francesa 600ml,1,139.90
100137,ACE-002,Coador V60 Cerâmica,1,159.90
100137,CAF-001,Café Bourbon Amarelo 250g,1,54.90
100137,CAF-007,Café Gelado Cold Brew 300ml,1,18.90
100138,ACE-004,Caneca Grão Capixaba,1,49.90
100139,CAF-006,Microlote Caparaó 250g,1,79.90
100140,CAF-004,Blend da Casa 500g,1,69.90
100141,CAF-001,Café Bourbon Amarelo 250g,1,54.90
100142,CAF-005,Blend Espresso 1kg,1,119.90
100142,CAF-006,Microlote Caparaó 250g,1,79.90
100142,ACE-001,Prensa Francesa 600ml,1,139.90
100143,CAF-002,Café Catuaí Vermelho 250g,1,49.90
100144,KIT-001,Kit Degustação 4x100g,3,89.90
100145,CAF-006,Microlote Caparaó 250g,3,79.90
100145,ACE-001,Prensa Francesa 600ml,1,139.90
100146,CAF-002,Café Catuaí Vermelho 250g,3,49.90
100147,CAF-004,Blend da Casa 500g,1,69.90
100147,CAF-003,Café Conilon Especial 250g,1,44.90
100148,ACE-003,Filtro de Papel 102 (100un),1,24.90
100149,CAF-007,Café Gelado Cold Brew 300ml,1,18.90
100150,CAF-006,Microlote Caparaó 250g,2,79.90
100150,CAF-004,Blend da Casa 500g,1,69.90
100150,CAF-002,Café Catuaí Vermelho 250g,2,49.90
100151,ACE-004,Caneca Grão Capixaba,1,49.90
100151,ACE-001,Prensa Francesa 600ml,1,139.90
100152,ACE-002,Coador V60 Cerâmica,1,159.90
100152,CAF-002,Café Catuaí Vermelho 250g,1,49.90
100153,CAF-003,Café Conilon Especial 250g,1,44.90
100153,CAF-006,Microlote Caparaó 250g,2,79.90
100154,CAF-004,Blend da Casa 500g,1,69.90
100154,ACE-004,Caneca Grão Capixaba,1,49.90
100155,ACE-001,Prensa Francesa 600ml,1,139.90
100155,CAF-006,Microlote Caparaó 250g,1,79.90
100156,ACE-003,Filtro de Papel 102 (100un),1,24.90
100156,CAF-001,Café Bourbon Amarelo 250g,1,54.90
100157,ACE-003,Filtro de Papel 102 (100un),1,24.90
100158,CAF-003,Café Conilon Especial 250g,1,44.90
100159,ACE-002,Coador V60 Cerâmica,2,159.90
100160,CAF-006,Microlote Caparaó 250g,1,79.90
100161,ACE-001,Prensa Francesa 600ml,1,139.90
100162,CAF-001,Café Bourbon Amarelo 250g,1,54.90
100162,CAF-005,Blend Espresso 1kg,1,119.90
100163,KIT-001,Kit Degustação 4x100g,1,89.90
100163,CAF-004,Blend da Casa 500g,1,69.90
100164,CAF-007,Café Gelado Cold Brew 300ml,1,18.90
100164,CAF-001,Café Bourbon Amarelo 250g,1,54.90
100165,CAF-001,Café Bourbon Amarelo 250g,1,54.90
100166,CAF-003,Café Conilon Especial 250g,1,44.90
100167,CAF-006,Microlote Caparaó 250g,1,79.90
100167,CAF-005,Blend Espresso 1kg,1,119.90
100168,ACE-004,Caneca Grão Capixaba,2,49.90
100168,ACE-002,Coador V60 Cerâmica,1,159.90
100168,CAF-001,Café Bourbon Amarelo 250g,2,54.90
100168,CAF-005,Blend Espresso 1kg,1,119.90
100169,CAF-005,Blend Espresso 1kg,1,119.90
100169,CAF-007,Café Gelado Cold Brew 300ml,1,18.90
100169,ACE-004,Caneca Grão Capixaba,2,49.90
100170,CAF-005,Blend Espresso 1kg,1,119.90
100170,CAF-003,Café Conilon Especial 250g,1,44.90
100170,ACE-002,Coador V60 Cerâmica,1,159.90
100170,ACE-001,Prensa Francesa 600ml,1,139.90
100171,CAF-006,Microlote Caparaó 250g,1,79.90
100171,KIT-001,Kit Degustação 4x100g,1,89.90
100172,CAF-004,Blend da Casa 500g,2,69.90
100172,ACE-004,Caneca Grão Capixaba,1,49.90
100173,ACE-003,Filtro de Papel 102 (100un),2,24.90
100174,CAF-007,Café Gelado Cold Brew 300ml,1,18.90
100175,ACE-004,Caneca Grão Capixaba,2,49.90
100175,CAF-006,Microlote Caparaó 250g,1,79.90
100175,ACE-003,Filtro de Papel 102 (100un),1,24.90
100176,ACE-003,Filtro de Papel 102 (100un),1,24.90
100177,CAF-005,Blend Espresso 1kg,2,119.90
100177,CAF-001,Café Bourbon Amarelo 250g,1,54.90
100177,CAF-004,Blend da Casa 500g,1,69.90
100178,CAF-006,Microlote Caparaó 250g,2,79.90
100178,KIT-001,Kit Degustação 4x100g,2,89.90
100179,ACE-004,Caneca Grão Capixaba,1,49.90
100180,KIT-001,Kit Degustação 4x100g,2,89.90
100181,CAF-003,Café Conilon Especial 250g,2,44.90
100181,ACE-001,Prensa Francesa 600ml,1,139.90
100182,ACE-002,Coador V60 Cerâmica,2,159.90
100183,CAF-003,Café Conilon Especial 250g,1,44.90
100184,CAF-001,Café Bourbon Amarelo 250g,1,54.90
100184,CAF-005,Blend Espresso 1kg,2,119.90
100185,KIT-001,Kit Degustação 4x100g,2,89.90
100185,ACE-004,Caneca Grão Capixaba,1,49.90
100185,CAF-003,Café Conilon Especial 250g,3,44.90
100186,CAF-007,Café Gelado Cold Brew 300ml,2,18.90
100186,ACE-003,Filtro de Papel 102 (100un),2,24.90
100187,ACE-004,Caneca Grão Capixaba,1,49.90
100187,CAF-007,Café Gelado Cold Brew 300ml,2,18.90
100187,KIT-001,Kit Degustação 4x100g,2,89.90
100188,ACE-001,Prensa Francesa 600ml,1,139.90
100188,CAF-006,Microlote Caparaó 250g,1,79.90
100189,ACE-003,Filtro de Papel 102 (100un),1,24.90
100190,CAF-004,Blend da Casa 500g,1,69.90
100191,CAF-002,Café Catuaí Vermelho 250g,1,49.90
100192,CAF-005,Blend Espresso 1kg,2,119.90
100193,CAF-003,Café Conilon Especial 250g,1,44.90
100194,CAF-002,Café Catuaí Vermelho 250g,1,49.90
100195,KIT-001,Kit Degustação 4x100g,1,89.90
100195,CAF-007,Café Gelado Cold Brew 300ml,1,18.90
100195,ACE-002,Coador V60 Cerâmica,1,159.90
100196,CAF-002,Café Catuaí Vermelho 250g,1,49.90
100196,CAF-005,Blend Espresso 1kg,1,119.90
100197,CAF-006,Microlote Caparaó 250g,1,79.90
100197,ACE-004,Caneca Grão Capixaba,1,49.90
100197,ACE-001,Prensa Francesa 600ml,2,139.90
100198,ACE-003,Filtro de Papel 102 (100un),1,24.90
100199,CAF-002,Café Catuaí Vermelho 250g,1,49.90
100199,CAF-007,Café Gelado Cold Brew 300ml,1,18.90
100199,CAF-003,Café Conilon Especial 250g,1,44.90
100199,ACE-004,Caneca Grão Capixaba,1,49.90
100200,CAF-004,Blend da Casa 500g,1,69.90
100200,KIT-001,Kit Degustação 4x100g,1,89.90
100200,CAF-006,Microlote Caparaó 250g,1,79.90
100201,ACE-003,Filtro de Papel 102 (100un),1,24.90
100201,CAF-002,Café Catuaí Vermelho 250g,1,49.90
100202,ACE-002,Coador V60 Cerâmica,2,159.90
100202,CAF-003,Café Conilon Especial 250g,1,44.90
100202,CAF-006,Microlote Caparaó 250g,1,79.90
100203,ACE-003,Filtro de Papel 102 (100un),2,24.90
100204,KIT-001,Kit Degustação 4x100g,1,89.90
100204,CAF-007,Café Gelado Cold Brew 300ml,2,18.90
100205,CAF-002,Café Catuaí Vermelho 250g,1,49.90
100205,CAF-004,Blend da Casa 500g,1,69.90
100206,ACE-004,Caneca Grão Capixaba,1,49.90
100207,CAF-004,Blend da Casa 500g,1,69.90
100208,ACE-003,Filtro de Papel 102 (100un),2,24.90
100208,KIT-001,Kit Degustação 4x100g,1,89.90
100209,CAF-002,Café Catuaí Vermelho 250g,1,49.90
100210,ACE-002,Coador V60 Cerâmica,1,159.90
100210,CAF-004,Blend da Casa 500g,1,69.90
100211,CAF-007,Café Gelado Cold Brew 300ml,1,18.90
100212,CAF-004,Blend da Casa 500g,1,69.90
100213,ACE-002,Coador V60 Cerâmica,1,159.90
100213,CAF-004,Blend da Casa 500g,1,69.90
100214,KIT-001,Kit Degustação 4x100g,1,89.90
100215,CAF-004,Blend da Casa 500g,1,69.90
100216,KIT-001,Kit Degustação 4x100g,1,89.90
100216,CAF-003,Café Conilon Especial 250g,1,44.90
100216,CAF-007,Café Gelado Cold Brew 300ml,1,18.90
100217,CAF-007,Café Gelado Cold Brew 300ml,1,18.90
100217,ACE-003,Filtro de Papel 102 (100un),1,24.90
100218,CAF-001,Café Bourbon Amarelo 250g,2,54.90
100218,CAF-004,Blend da Casa 500g,1,69.90
100218,ACE-003,Filtro de Papel 102 (100un),1,24.90
100219,CAF-001,Café Bourbon Amarelo 250g,1,54.90
100220,ACE-002,Coador V60 Cerâmica,1,159.90
100221,CAF-005,Blend Espresso 1kg,1,119.90
100222,ACE-002,Coador V60 Cerâmica,1,159.90
100222,CAF-003,Café Conilon Especial 250g,1,44.90
100223,KIT-001,Kit Degustação 4x100g,1,89.90
100223,CAF-001,Café Bourbon Amarelo 250g,1,54.90
100223,CAF-007,Café Gelado Cold Brew 300ml,1,18.90
100224,ACE-001,Prensa Francesa 600ml,1,139.90
100225,CAF-002,Café Catuaí Vermelho 250g,1,49.90
100225,CAF-004,Blend da Casa 500g,1,69.90
100225,CAF-003,Café Conilon Especial 250g,1,44.90
100226,ACE-003,Filtro de Papel 102 (100un),1,24.90
100226,CAF-006,Microlote Caparaó 250g,1,79.90
100226,KIT-001,Kit Degustação 4x100g,3,89.90
100227,CAF-007,Café Gelado Cold Brew 300ml,1,18.90
100227,ACE-002,Coador V60 Cerâmica,1,159.90
100228,CAF-005,Blend Espresso 1kg,2,119.90
100229,CAF-007,Café Gelado Cold Brew 300ml,1,18.90
100230,CAF-002,Café Catuaí Vermelho 250g,1,49.90
100231,ACE-004,Caneca Grão Capixaba,1,49.90
100232,CAF-002,Café Catuaí Vermelho 250g,1,49.90
100232,CAF-003,Café Conilon Especial 250g,1,44.90
100233,CAF-004,Blend da Casa 500g,1,69.90
100234,CAF-004,Blend da Casa 500g,1,69.90
100235,ACE-003,Filtro de Papel 102 (100un),1,24.90
100236,CAF-005,Blend Espresso 1kg,1,119.90
100237,CAF-002,Café Catuaí Vermelho 250g,2,49.90
100238,ACE-003,Filtro de Papel 102 (100un),1,24.90
100238,KIT-001,Kit Degustação 4x100g,1,89.90
100238,ACE-002,Coador V60 Cerâmica,1,159.90
100239,CAF-001,Café Bourbon Amarelo 250g,2,54.90
100240,ACE-002,Coador V60 Cerâmica,1,159.90
100240,CAF-006,Microlote Caparaó 250g,1,79.90
100240,ACE-003,Filtro de Papel 102 (100un),2,24.90
100241,ACE-001,Prensa Francesa 600ml,1,139.90
100242,KIT-001,Kit Degustação 4x100g,1,89.90
100242,ACE-001,Prensa Francesa 600ml,1,139.90
100242,ACE-002,Coador V60 Cerâmica,1,159.90
100243,CAF-003,Café Conilon Especial 250g,1,44.90
100243,CAF-004,Blend da Casa 500g,1,69.90
100244,ACE-003,Filtro de Papel 102 (100un),1,24.90
100245,CAF-001,Café Bourbon Amarelo 250g,1,54.90
100245,CAF-006,Microlote Caparaó 250g,1,79.90
100245,ACE-001,Prensa Francesa 600ml,1,139.90
100246,CAF-007,Café Gelado Cold Brew 300ml,1,18.90
100247,CAF-006,Microlote Caparaó 250g,1,79.90
100247,CAF-002,Café Catuaí Vermelho 250g,1,49.90
100247,KIT-001,Kit Degustação 4x100g,1,89.90
100248,KIT-001,Kit Degustação 4x100g,1,89.90
100248,CAF-004,Blend da Casa 500g,1,69.90
100248,ACE-002,Coador V60 Cerâmica,1,159.90
100249,CAF-004,Blend da Casa 500g,1,69.90
100250,CAF-003,Café Conilon Especial 250g,1,44.90
100250,KIT-001,Kit Degustação 4x100g,1,89.90
100250,CAF-007,Café Gelado Cold Brew 300ml,1,18.90
100251,CAF-004,Blend da Casa 500g,1,69.90
100252,CAF-001,Café Bourbon Amarelo 250g,1,54.90
100252,ACE-003,Filtro de Papel 102 (100un),1,24.90
100252,CAF-006,Microlote Caparaó 250g,2,79.90
100252,CAF-007,Café Gelado Cold Brew 300ml,2,18.90
100253,ACE-002,Coador V60 Cerâmica,1,159.90
100253,ACE-003,Filtro de Papel 102 (100un),1,24.90
100254,ACE-003,Filtro de Papel 102 (100un),1,24.90
100254,CAF-002,Café Catuaí Vermelho 250g,1,49.90
100254,ACE-004,Caneca Grão Capixaba,2,49.90
100255,ACE-003,Filtro de Papel 102 (100un),2,24.90
100255,CAF-002,Café Catuaí Vermelho 250g,2,49.90
100256,CAF-007,Café Gelado Cold Brew 300ml,1,18.90
100257,CAF-001,Café Bourbon Amarelo 250g,1,54.90
100258,KIT-001,Kit Degustação 4x100g,1,89.90
100258,ACE-002,Coador V60 Cerâmica,3,159.90
100259,KIT-001,Kit Degustação 4x100g,1,89.90
100259,CAF-003,Café Conilon Especial 250g,1,44.90
100260,CAF-006,Microlote Caparaó 250g,2,79.90
100260,ACE-003,Filtro de Papel 102 (100un),1,24.90
100261,KIT-001,Kit Degustação 4x100g,1,89.90
100261,CAF-003,Café Conilon Especial 250g,1,44.90
100262,KIT-001,Kit Degustação 4x100g,1,89.90
100263,CAF-004,Blend da Casa 500g,1,69.90
100264,CAF-004,Blend da Casa 500g,1,69.90
100264,ACE-002,Coador V60 Cerâmica,2,159.90
100265,CAF-002,Café Catuaí Vermelho 250g,1,49.90
100265,CAF-006,Microlote Caparaó 250g,1,79.90
100265,KIT-001,Kit Degustação 4x100g,2,89.90
100266,ACE-002,Coador V60 Cerâmica,2,159.90
100266,ACE-001,Prensa Francesa 600ml,3,139.90
100267,CAF-004,Blend da Casa 500g,1,69.90
100268,CAF-004,Blend da Casa 500g,1,69.90
100269,ACE-001,Prensa Francesa 600ml,1,139.90
100269,CAF-001,Café Bourbon Amarelo 250g,2,54.90
100270,ACE-001,Prensa Francesa 600ml,1,139.90
100270,CAF-004,Blend da Casa 500g,1,69.90
100271,CAF-002,Café Catuaí Vermelho 250g,1,49.90
100271,KIT-001,Kit Degustação 4x100g,1,89.90
100272,CAF-001,Café Bourbon Amarelo 250g,1,54.90
100273,CAF-004,Blend da Casa 500g,1,69.90
100274,CAF-007,Café Gelado Cold Brew 300ml,1,18.90
100275,CAF-002,Café Catuaí Vermelho 250g,1,49.90
100275,CAF-004,Blend da Casa 500g,2,69.90
100275,ACE-003,Filtro de Papel 102 (100un),1,24.90
100276,CAF-003,Café Conilon Especial 250g,1,44.90
100276,ACE-002,Coador V60 Cerâmica,1,159.90
100277,CAF-007,Café Gelado Cold Brew 300ml,1,18.90
100278,ACE-004,Caneca Grão Capixaba,1,49.90
100279,ACE-001,Prensa Francesa 600ml,2,139.90
100280,ACE-004,Caneca Grão Capixaba,2,49.90
100281,CAF-005,Blend Espresso 1kg,1,119.90
100282,ACE-003,Filtro de Papel 102 (100un),2,24.90
100282,CAF-006,Microlote Caparaó 250g,1,79.90
100283,ACE-002,Coador V60 Cerâmica,3,159.90
100284,KIT-001,Kit Degustação 4x100g,1,89.90
100284,CAF-003,Café Conilon Especial 250g,2,44.90
100285,CAF-003,Café Conilon Especial 250g,2,44.90
100286,CAF-007,Café Gelado Cold Brew 300ml,1,18.90
100287,CAF-004,Blend da Casa 500g,1,69.90
100288,CAF-004,Blend da Casa 500g,1,69.90
100289,CAF-004,Blend da Casa 500g,1,69.90
100290,CAF-005,Blend Espresso 1kg,1,119.90
100290,KIT-001,Kit Degustação 4x100g,1,89.90
100291,ACE-003,Filtro de Papel 102 (100un),1,24.90
100291,CAF-005,Blend Espresso 1kg,1,119.90
100292,CAF-004,Blend da Casa 500g,1,69.90
100293,KIT-001,Kit Degustação 4x100g,1,89.90
100293,CAF-006,Microlote Caparaó 250g,1,79.90
100294,CAF-001,Café Bourbon Amarelo 250g,2,54.90
100295,KIT-001,Kit Degustação 4x100g,1,89.90
100295,ACE-002,Coador V60 Cerâmica,1,159.90
100296,CAF-002,Café Catuaí Vermelho 250g,2,49.90
100296,ACE-002,Coador V60 Cerâmica,2,159.90
100297,CAF-002,Café Catuaí Vermelho 250g,1,49.90
100297,ACE-003,Filtro de Papel 102 (100un),1,24.90
100298,KIT-001,Kit Degustação 4x100g,2,89.90
100299,ACE-002,Coador V60 Cerâmica,2,159.90
100300,KIT-001,Kit Degustação 4x100g,3,89.90
100301,CAF-007,Café Gelado Cold Brew 300ml,1,18.90
100302,CAF-002,Café Catuaí Vermelho 250g,1,49.90
100303,ACE-003,Filtro de Papel 102 (100un),1,24.90
100304,CAF-005,Blend Espresso 1kg,1,119.90
100304,CAF-001,Café Bourbon Amarelo 250g,1,54.90
100304,ACE-004,Caneca Grão Capixaba,1,49.90
100305,CAF-001,Café Bourbon Amarelo 250g,1,54.90
100306,ACE-003,Filtro de Papel 102 (100un),1,24.90
100307,ACE-001,Prensa Francesa 600ml,1,139.90
100307,CAF-003,Café Conilon Especial 250g,1,44.90
100308,ACE-001,Prensa Francesa 600ml,1,139.90
100309,KIT-001,Kit Degustação 4x100g,1,89.90
100310,CAF-007,Café Gelado Cold Brew 300ml,1,18.90
100311,CAF-002,Café Catuaí Vermelho 250g,1,49.90
100311,CAF-006,Microlote Caparaó 250g,1,79.90
100312,ACE-004,Caneca Grão Capixaba,1,49.90
100312,CAF-001,Café Bourbon Amarelo 250g,1,54.90
100313,CAF-004,Blend da Casa 500g,1,69.90
100314,ACE-001,Prensa Francesa 600ml,1,139.90
100315,CAF-007,Café Gelado Cold Brew 300ml,1,18.90
100316,CAF-006,Microlote Caparaó 250g,1,79.90
100316,KIT-001,Kit Degustação 4x100g,1,89.90
100316,CAF-007,Café Gelado Cold Brew 300ml,1,18.90
100317,ACE-004,Caneca Grão Capixaba,1,49.90
100318,KIT-001,Kit Degustação 4x100g,1,89.90
100318,ACE-004,Caneca Grão Capixaba,1,49.90
100319,CAF-004,Blend da Casa 500g,1,69.90
100320,CAF-005,Blend Espresso 1kg,1,119.90
100321,CAF-006,Microlote Caparaó 250g,2,79.90
100321,CAF-005,Blend Espresso 1kg,2,119.90
100322,ACE-003,Filtro de Papel 102 (100un),1,24.90
100322,CAF-006,Microlote Caparaó 250g,1,79.90
100323,ACE-001,Prensa Francesa 600ml,2,139.90
100324,CAF-004,Blend da Casa 500g,1,69.90
100325,CAF-002,Café Catuaí Vermelho 250g,1,49.90
100326,CAF-006,Microlote Caparaó 250g,1,79.90
100326,CAF-002,Café Catuaí Vermelho 250g,1,49.90
100326,CAF-004,Blend da Casa 500g,2,69.90
100327,ACE-002,Coador V60 Cerâmica,3,159.90
100328,ACE-001,Prensa Francesa 600ml,2,139.90
100329,CAF-004,Blend da Casa 500g,1,69.90
100329,ACE-001,Prensa Francesa 600ml,1,139.90
100329,CAF-001,Café Bourbon Amarelo 250g,2,54.90
100330,ACE-001,Prensa Francesa 600ml,2,139.90
100331,ACE-001,Prensa Francesa 600ml,1,139.90
100331,CAF-002,Café Catuaí Vermelho 250g,2,49.90
100332,CAF-003,Café Conilon Especial 250g,1,44.90
100332,CAF-001,Café Bourbon Amarelo 250g,2,54.90
100332,CAF-004,Blend da Casa 500g,1,69.90
100333,CAF-001,Café Bourbon Amarelo 250g,1,54.90
100333,ACE-001,Prensa Francesa 600ml,1,139.90
100334,ACE-003,Filtro de Papel 102 (100un),1,24.90
100335,CAF-001,Café Bourbon Amarelo 250g,1,54.90
100336,ACE-001,Prensa Francesa 600ml,1,139.90
100337,CAF-006,Microlote Caparaó 250g,1,79.90
100337,CAF-004,Blend da Casa 500g,1,69.90
100338,ACE-001,Prensa Francesa 600ml,1,139.90
100339,CAF-003,Café Conilon Especial 250g,1,44.90
100339,CAF-006,Microlote Caparaó 250g,1,79.90
100340,CAF-003,Café Conilon Especial 250g,2,44.90
100340,CAF-005,Blend Espresso 1kg,2,119.90
100341,CAF-004,Blend da Casa 500g,1,69.90
100341,CAF-001,Café Bourbon Amarelo 250g,3,54.90
100342,CAF-004,Blend da Casa 500g,1,69.90
100343,CAF-007,Café Gelado Cold Brew 300ml,1,18.90
100344,ACE-001,Prensa Francesa 600ml,2,139.90
100345,CAF-002,Café Catuaí Vermelho 250g,1,49.90
100345,ACE-003,Filtro de Papel 102 (100un),1,24.90
100345,CAF-004,Blend da Casa 500g,1,69.90
100346,CAF-006,Microlote Caparaó 250g,2,79.90
100347,CAF-007,Café Gelado Cold Brew 300ml,1,18.90
100348,CAF-003,Café Conilon Especial 250g,2,44.90
100349,ACE-003,Filtro de Papel 102 (100un),1,24.90
100350,CAF-005,Blend Espresso 1kg,1,119.90
100351,ACE-004,Caneca Grão Capixaba,1,49.90
100351,CAF-006,Microlote Caparaó 250g,1,79.90
100351,ACE-001,Prensa Francesa 600ml,1,139.90
100352,CAF-002,Café Catuaí Vermelho 250g,1,49.90
100352,CAF-006,Microlote Caparaó 250g,1,79.90
100353,CAF-006,Microlote Caparaó 250g,1,79.90
100353,ACE-003,Filtro de Papel 102 (100un),1,24.90
100353,CAF-002,Café Catuaí Vermelho 250g,2,49.90
100353,CAF-001,Café Bourbon Amarelo 250g,1,54.90
100354,ACE-004,Caneca Grão Capixaba,1,49.90
100355,ACE-001,Prensa Francesa 600ml,1,139.90
100355,CAF-005,Blend Espresso 1kg,2,119.90
100356,CAF-004,Blend da Casa 500g,2,69.90
100357,CAF-002,Café Catuaí Vermelho 250g,1,49.90
100358,ACE-003,Filtro de Papel 102 (100un),1,24.90
100359,ACE-001,Prensa Francesa 600ml,1,139.90
100359,CAF-004,Blend da Casa 500g,1,69.90
100359,KIT-001,Kit Degustação 4x100g,2,89.90
100360,CAF-001,Café Bourbon Amarelo 250g,1,54.90
100360,CAF-006,Microlote Caparaó 250g,1,79.90
100361,ACE-001,Prensa Francesa 600ml,1,139.90
100361,ACE-003,Filtro de Papel 102 (100un),2,24.90
100362,CAF-001,Café Bourbon Amarelo 250g,1,54.90
100362,ACE-003,Filtro de Papel 102 (100un),1,24.90
100363,CAF-007,Café Gelado Cold Brew 300ml,1,18.90
100363,CAF-006,Microlote Caparaó 250g,3,79.90
100364,CAF-002,Café Catuaí Vermelho 250g,1,49.90
100364,ACE-003,Filtro de Papel 102 (100un),1,24.90
100364,KIT-001,Kit Degustação 4x100g,1,89.90
100365,ACE-002,Coador V60 Cerâmica,1,159.90
100366,CAF-004,Blend da Casa 500g,1,69.90
100367,CAF-003,Café Conilon Especial 250g,1,44.90
100367,CAF-007,Café Gelado Cold Brew 300ml,1,18.90
100367,ACE-001,Prensa Francesa 600ml,1,139.90
100368,CAF-004,Blend da Casa 500g,1,69.90
100369,CAF-004,Blend da Casa 500g,1,69.90
100370,CAF-002,Café Catuaí Vermelho 250g,2,49.90
100371,KIT-001,Kit Degustação 4x100g,1,89.90
100371,CAF-004,Blend da Casa 500g,1,69.90
100372,CAF-004,Blend da Casa 500g,1,69.90
100373,CAF-005,Blend Espresso 1kg,1,119.90
100373,ACE-002,Coador V60 Cerâmica,1,159.90
100374,CAF-005,Blend Espresso 1kg,1,119.90
100374,ACE-003,Filtro de Papel 102 (100un),1,24.90
100375,ACE-004,Caneca Grão Capixaba,2,49.90
100376,ACE-001,Prensa Francesa 600ml,2,139.90
100377,ACE-002,Coador V60 Cerâmica,1,159.90
100378,CAF-003,Café Conilon Especial 250g,1,44.90
100379,KIT-001,Kit Degustação 4x100g,1,89.90
100380,ACE-002,Coador V60 Cerâmica,1,159.90
100380,CAF-006,Microlote Caparaó 250g,1,79.90
100381,CAF-006,Microlote Caparaó 250g,2,79.90
100381,KIT-001,Kit Degustação 4x100g,1,89.90
100382,ACE-001,Prensa Francesa 600ml,1,139.90
100383,CAF-006,Microlote Caparaó 250g,1,79.90
100383,CAF-003,Café Conilon Especial 250g,1,44.90
100383,KIT-001,Kit Degustação 4x100g,1,89.90
100384,KIT-001,Kit Degustação 4x100g,1,89.90
100385,CAF-004,Blend da Casa 500g,1,69.90
100386,ACE-001,Prensa Francesa 600ml,1,139.90
100386,CAF-004,Blend da Casa 500g,1,69.90
100387,CAF-007,Café Gelado Cold Brew 300ml,1,18.90
100388,CAF-007,Café Gelado Cold Brew 300ml,1,18.90
100389,CAF-004,Blend da Casa 500g,1,69.90
100390,ACE-004,Caneca Grão Capixaba,1,49.90
100391,ACE-004,Caneca Grão Capixaba,2,49.90
100392,CAF-001,Café Bourbon Amarelo 250g,1,54.90
100393,CAF-006,Microlote Caparaó 250g,1,79.90
100393,ACE-003,Filtro de Papel 102 (100un),1,24.90
100393,CAF-002,Café Catuaí Vermelho 250g,1,49.90
100394,ACE-004,Caneca Grão Capixaba,1,49.90
100395,CAF-004,Blend da Casa 500g,1,69.90
100396,KIT-001,Kit Degustação 4x100g,1,89.90
100397,ACE-003,Filtro de Papel 102 (100un),1,24.90
100398,CAF-004,Blend da Casa 500g,1,69.90
100399,CAF-005,Blend Espresso 1kg,1,119.90
100399,ACE-004,Caneca Grão Capixaba,1,49.90
100399,CAF-001,Café Bourbon Amarelo 250g,1,54.90
100399,ACE-003,Filtro de Papel 102 (100un),1,24.90
100400,CAF-006,Microlote Caparaó 250g,1,79.90
100401,CAF-007,Café Gelado Cold Brew 300ml,1,18.90
100401,KIT-001,Kit Degustação 4x100g,1,89.90
100402,CAF-004,Blend da Casa 500g,1,69.90
100402,CAF-006,Microlote Caparaó 250g,2,79.90
100402,CAF-003,Café Conilon Especial 250g,1,44.90
100403,CAF-007,Café Gelado Cold Brew 300ml,2,18.90
100404,CAF-003,Café Conilon Especial 250g,1,44.90
100405,KIT-001,Kit Degustação 4x100g,1,89.90
100405,CAF-003,Café Conilon Especial 250g,1,44.90
100406,ACE-004,Caneca Grão Capixaba,1,49.90
100407,CAF-001,Café Bourbon Amarelo 250g,3,54.90
100407,CAF-002,Café Catuaí Vermelho 250g,1,49.90
100408,ACE-003,Filtro de Papel 102 (100un),1,24.90
100409,CAF-004,Blend da Casa 500g,2,69.90
100410,CAF-003,Café Conilon Especial 250g,1,44.90
100410,ACE-003,Filtro de Papel 102 (100un),1,24.90
100411,KIT-001,Kit Degustação 4x100g,1,89.90
100411,CAF-007,Café Gelado Cold Brew 300ml,1,18.90
100412,ACE-004,Caneca Grão Capixaba,1,49.90
100412,ACE-003,Filtro de Papel 102 (100un),1,24.90
100412,CAF-005,Blend Espresso 1kg,1,119.90
100413,CAF-001,Café Bourbon Amarelo 250g,1,54.90
100414,CAF-004,Blend da Casa 500g,1,69.90
100414,ACE-001,Prensa Francesa 600ml,3,139.90
100415,CAF-003,Café Conilon Especial 250g,1,44.90
100416,CAF-001,Café Bourbon Amarelo 250g,1,54.90
100416,ACE-003,Filtro de Papel 102 (100un),1,24.90
100416,ACE-004,Caneca Grão Capixaba,1,49.90
100417,ACE-004,Caneca Grão Capixaba,1,49.90
100417,CAF-002,Café Catuaí Vermelho 250g,1,49.90
100417,KIT-001,Kit Degustação 4x100g,2,89.90
100418,ACE-003,Filtro de Papel 102 (100un),1,24.90
100418,ACE-004,Caneca Grão Capixaba,1,49.90
100419,CAF-007,Café Gelado Cold Brew 300ml,2,18.90
100420,ACE-002,Coador V60 Cerâmica,1,159.90
100421,CAF-005,Blend Espresso 1kg,1,119.90
100421,CAF-002,Café Catuaí Vermelho 250g,2,49.90
100421,KIT-001,Kit Degustação 4x100g,1,89.90
100422,CAF-001,Café Bourbon Amarelo 250g,2,54.90
100423,ACE-003,Filtro de Papel 102 (100un),2,24.90
100423,CAF-004,Blend da Casa 500g,1,69.90
100423,ACE-004,Caneca Grão Capixaba,2,49.90
100424,ACE-002,Coador V60 Cerâmica,1,159.90
100425,CAF-001,Café Bourbon Amarelo 250g,2,54.90
100426,CAF-005,Blend Espresso 1kg,1,119.90
100426,CAF-001,Café Bourbon Amarelo 250g,1,54.90
100427,CAF-004,Blend da Casa 500g,2,69.90
100428,CAF-004,Blend da Casa 500g,1,69.90
100429,CAF-007,Café Gelado Cold Brew 300ml,1,18.90
100430,CAF-001,Café Bourbon Amarelo 250g,1,54.90
100430,CAF-007,Café Gelado Cold Brew 300ml,1,18.90
100430,KIT-001,Kit Degustação 4x100g,2,89.90
100430,CAF-003,Café Conilon Especial 250g,1,44.90
100431,KIT-001,Kit Degustação 4x100g,2,89.90
100432,CAF-002,Café Catuaí Vermelho 250g,1,49.90
100433,CAF-001,Café Bourbon Amarelo 250g,1,54.90
100434,KIT-001,Kit Degustação 4x100g,3,89.90
100435,CAF-007,Café Gelado Cold Brew 300ml,2,18.90
100435,KIT-001,Kit Degustação 4x100g,3,89.90
100436,CAF-006,Microlote Caparaó 250g,1,79.90
100436,CAF-007,Café Gelado Cold Brew 300ml,2,18.90
100437,CAF-004,Blend da Casa 500g,1,69.90
100438,CAF-007,Café Gelado Cold Brew 300ml,2,18.90
100439,KIT-001,Kit Degustação 4x100g,1,89.90
100439,CAF-007,Café Gelado Cold Brew 300ml,1,18.90
100440,CAF-004,Blend da Casa 500g,1,69.90
100441,ACE-002,Coador V60 Cerâmica,1,159.90
100442,ACE-002,Coador V60 Cerâmica,2,159.90
100443,CAF-001,Café Bourbon Amarelo 250g,1,54.90
100444,KIT-001,Kit Degustação 4x100g,1,89.90
100445,CAF-007,Café Gelado Cold Brew 300ml,3,18.90
100445,CAF-005,Blend Espresso 1kg,2,119.90
100445,ACE-001,Prensa Francesa 600ml,1,139.90
100446,CAF-004,Blend da Casa 500g,1,69.90
100447,CAF-001,Café Bourbon Amarelo 250g,1,54.90
100448,CAF-002,Café Catuaí Vermelho 250g,2,49.90
100448,ACE-002,Coador V60 Cerâmica,2,159.90
100448,CAF-007,Café Gelado Cold Brew 300ml,1,18.90
100449,ACE-002,Coador V60 Cerâmica,1,159.90
100449,CAF-005,Blend Espresso 1kg,1,119.90
100450,ACE-003,Filtro de Papel 102 (100un),1,24.90
100450,KIT-001,Kit Degustação 4x100g,2,89.90
100450,CAF-006,Microlote Caparaó 250g,1,79.90
100450,CAF-002,Café Catuaí Vermelho 250g,2,49.90
100451,ACE-001,Prensa Francesa 600ml,1,139.90
100452,ACE-003,Filtro de Papel 102 (100un),1,24.90
100452,CAF-007,Café Gelado Cold Brew 300ml,2,18.90
100453,ACE-002,Coador V60 Cerâmica,1,159.90
100454,KIT-001,Kit Degustação 4x100g,1,89.90
100455,ACE-001,Prensa Francesa 600ml,1,139.90
100455,ACE-002,Coador V60 Cerâmica,1,159.90
100456,CAF-006,Microlote Caparaó 250g,3,79.90
100456,CAF-001,Café Bourbon Amarelo 250g,1,54.90
100456,CAF-002,Café Catuaí Vermelho 250g,2,49.90
100456,ACE-002,Coador V60 Cerâmica,1,159.90
100457,ACE-001,Prensa Francesa 600ml,2,139.90
100458,ACE-002,Coador V60 Cerâmica,1,159.90
100459,ACE-004,Caneca Grão Capixaba,1,49.90
100460,CAF-007,Café Gelado Cold Brew 300ml,1,18.90
100461,CAF-007,Café Gelado Cold Brew 300ml,1,18.90
100462,CAF-003,Café Conilon Especial 250g,1,44.90
100463,CAF-001,Café Bourbon Amarelo 250g,1,54.90
100464,CAF-003,Café Conilon Especial 250g,1,44.90
100464,ACE-002,Coador V60 Cerâmica,1,159.90
100465,CAF-004,Blend da Casa 500g,1,69.90
100465,ACE-001,Prensa Francesa 600ml,1,139.90
100465,ACE-002,Coador V60 Cerâmica,2,159.90
100466,CAF-003,Café Conilon Especial 250g,1,44.90
100467,ACE-001,Prensa Francesa 600ml,1,139.90
100468,ACE-004,Caneca Grão Capixaba,2,49.90
100469,ACE-002,Coador V60 Cerâmica,1,159.90
100469,KIT-001,Kit Degustação 4x100g,1,89.90
100469,CAF-004,Blend da Casa 500g,1,69.90
100470,ACE-003,Filtro de Papel 102 (100un),1,24.90
100470,CAF-005,Blend Espresso 1kg,1,119.90
100471,ACE-002,Coador V60 Cerâmica,1,159.90
100471,ACE-004,Caneca Grão Capixaba,1,49.90
100472,KIT-001,Kit Degustação 4x100g,1,89.90
100473,CAF-002,Café Catuaí Vermelho 250g,2,49.90
100473,CAF-001,Café Bourbon Amarelo 250g,1,54.90
100474,CAF-001,Café Bourbon Amarelo 250g,1,54.90
100475,KIT-001,Kit Degustação 4x100g,1,89.90
100476,CAF-002,Café Catuaí Vermelho 250g,1,49.90
100476,ACE-004,Caneca Grão Capixaba,2,49.90
100476,ACE-003,Filtro de Papel 102 (100un),1,24.90
100476,CAF-003,Café Conilon Especial 250g,1,44.90
100477,CAF-001,Café Bourbon Amarelo 250g,2,54.90
100477,CAF-002,Café Catuaí Vermelho 250g,1,49.90
100478,CAF-002,Café Catuaí Vermelho 250g,1,49.90
100478,CAF-001,Café Bourbon Amarelo 250g,3,54.90
100479,KIT-001,Kit Degustação 4x100g,1,89.90
100480,CAF-002,Café Catuaí Vermelho 250g,1,49.90
100481,CAF-002,Café Catuaí Vermelho 250g,1,49.90
100481,ACE-003,Filtro de Papel 102 (100un),2,24.90
100482,CAF-004,Blend da Casa 500g,1,69.90
100483,ACE-002,Coador V60 Cerâmica,2,159.90
100483,KIT-001,Kit Degustação 4x100g,1,89.90
100484,CAF-003,Café Conilon Especial 250g,3,44.90
100485,CAF-004,Blend da Casa 500g,1,69.90
100486,ACE-001,Prensa Francesa 600ml,1,139.90
100487,CAF-006,Microlote Caparaó 250g,2,79.90
100487,CAF-003,Café Conilon Especial 250g,1,44.90
100487,ACE-001,Prensa Francesa 600ml,1,139.90
100487,CAF-007,Café Gelado Cold Brew 300ml,1,18.90
100488,ACE-003,Filtro de Papel 102 (100un),2,24.90
100488,ACE-004,Caneca Grão Capixaba,1,49.90
100489,ACE-003,Filtro de Papel 102 (100un),1,24.90
100489,CAF-006,Microlote Caparaó 250g,1,79.90
100489,CAF-007,Café Gelado Cold Brew 300ml,1,18.90
100490,CAF-002,Café Catuaí Vermelho 250g,1,49.90
100491,ACE-001,Prensa Francesa 600ml,1,139.90
100491,ACE-004,Caneca Grão Capixaba,2,49.90
100492,CAF-002,Café Catuaí Vermelho 250g,1,49.90
100493,ACE-002,Coador V60 Cerâmica,2,159.90
100494,CAF-004,Blend da Casa 500g,1,69.90
100494,ACE-004,Caneca Grão Capixaba,1,49.90
100494,CAF-007,Café Gelado Cold Brew 300ml,1,18.90
100495,CAF-001,Café Bourbon Amarelo 250g,2,54.90
100496,ACE-003,Filtro de Papel 102 (100un),1,24.90
100496,ACE-001,Prensa Francesa 600ml,1,139.90
100497,CAF-004,Blend da Casa 500g,1,69.90
100497,ACE-002,Coador V60 Cerâmica,1,159.90
100497,CAF-002,Café Catuaí Vermelho 250g,1,49.90
100498,CAF-003,Café Conilon Especial 250g,1,44.90
100498,CAF-005,Blend Espresso 1kg,1,119.90
100499,ACE-004,Caneca Grão Capixaba,2,49.90
100499,ACE-002,Coador V60 Cerâmica,1,159.90
100499,KIT-001,Kit Degustação 4x100g,1,89.90
100500,CAF-005,Blend Espresso 1kg,1,119.90
100500,ACE-004,Caneca Grão Capixaba,1,49.90
100500,CAF-001,Café Bourbon Amarelo 250g,3,54.90
100500,ACE-003,Filtro de Papel 102 (100un),1,24.90
100501,ACE-001,Prensa Francesa 600ml,1,139.90
100502,KIT-001,Kit Degustação 4x100g,1,89.90
100503,CAF-007,Café Gelado Cold Brew 300ml,1,18.90
100503,CAF-004,Blend da Casa 500g,1,69.90
100503,ACE-004,Caneca Grão Capixaba,1,49.90
100503,CAF-005,Blend Espresso 1kg,2,119.90
100504,CAF-004,Blend da Casa 500g,1,69.90
100505,ACE-002,Coador V60 Cerâmica,1,159.90
100506,CAF-004,Blend da Casa 500g,1,69.90
100506,CAF-005,Blend Espresso 1kg,1,119.90
100507,ACE-001,Prensa Francesa 600ml,1,139.90
100507,KIT-001,Kit Degustação 4x100g,1,89.90
100507,CAF-004,Blend da Casa 500g,2,69.90
100507,ACE-003,Filtro de Papel 102 (100un),1,24.90
100508,CAF-002,Café Catuaí Vermelho 250g,3,49.90
100508,CAF-007,Café Gelado Cold Brew 300ml,1,18.90
100508,ACE-004,Caneca Grão Capixaba,2,49.90
100509,CAF-001,Café Bourbon Amarelo 250g,3,54.90
100509,ACE-003,Filtro de Papel 102 (100un),1,24.90
100509,ACE-004,Caneca Grão Capixaba,1,49.90
100509,ACE-001,Prensa Francesa 600ml,1,139.90
100510,CAF-006,Microlote Caparaó 250g,1,79.90
100510,KIT-001,Kit Degustação 4x100g,1,89.90
100511,CAF-003,Café Conilon Especial 250g,1,44.90
100512,ACE-002,Coador V60 Cerâmica,1,159.90
100513,CAF-004,Blend da Casa 500g,1,69.90
100514,CAF-002,Café Catuaí Vermelho 250g,2,49.90
100515,ACE-001,Prensa Francesa 600ml,1,139.90
100516,ACE-004,Caneca Grão Capixaba,1,49.90
100516,CAF-007,Café Gelado Cold Brew 300ml,1,18.90
100517,CAF-002,Café Catuaí Vermelho 250g,2,49.90
100518,CAF-001,Café Bourbon Amarelo 250g,2,54.90
100519,CAF-004,Blend da Casa 500g,1,69.90
100519,CAF-006,Microlote Caparaó 250g,1,79.90
100520,KIT-001,Kit Degustação 4x100g,1,89.90
100521,CAF-005,Blend Espresso 1kg,1,119.90
100522,CAF-003,Café Conilon Especial 250g,2,44.90
100523,CAF-007,Café Gelado Cold Brew 300ml,2,18.90
100523,ACE-001,Prensa Francesa 600ml,1,139.90
100524,CAF-004,Blend da Casa 500g,1,69.90
100525,ACE-003,Filtro de Papel 102 (100un),1,24.90
100526,CAF-002,Café Catuaí Vermelho 250g,1,49.90
100526,KIT-001,Kit Degustação 4x100g,2,89.90
100527,ACE-004,Caneca Grão Capixaba,1,49.90
100527,CAF-006,Microlote Caparaó 250g,1,79.90
100528,CAF-005,Blend Espresso 1kg,3,119.90
100528,KIT-001,Kit Degustação 4x100g,1,89.90
100528,CAF-002,Café Catuaí Vermelho 250g,2,49.90
100529,CAF-005,Blend Espresso 1kg,1,119.90
100530,ACE-004,Caneca Grão Capixaba,1,49.90
100530,ACE-003,Filtro de Papel 102 (100un),2,24.90
100530,CAF-003,Café Conilon Especial 250g,1,44.90
100531,CAF-001,Café Bourbon Amarelo 250g,2,54.90
100531,CAF-002,Café Catuaí Vermelho 250g,2,49.90
100532,CAF-006,Microlote Caparaó 250g,1,79.90
100533,CAF-007,Café Gelado Cold Brew 300ml,1,18.90
100533,CAF-005,Blend Espresso 1kg,1,119.90
100534,CAF-003,Café Conilon Especial 250g,1,44.90
100535,CAF-007,Café Gelado Cold Brew 300ml,1,18.90
100536,CAF-004,Blend da Casa 500g,1,69.90
100537,ACE-003,Filtro de Papel 102 (100un),2,24.90
100537,CAF-007,Café Gelado Cold Brew 300ml,1,18.90
100537,CAF-002,Café Catuaí Vermelho 250g,2,49.90
100538,CAF-003,Café Conilon Especial 250g,1,44.90
100538,CAF-005,Blend Espresso 1kg,1,119.90
100539,CAF-004,Blend da Casa 500g,1,69.90
100540,ACE-001,Prensa Francesa 600ml,1,139.90
100541,ACE-002,Coador V60 Cerâmica,2,159.90
100541,ACE-001,Prensa Francesa 600ml,1,139.90
100542,ACE-002,Coador V60 Cerâmica,1,159.90
100542,CAF-001,Café Bourbon Amarelo 250g,1,54.90
100543,ACE-002,Coador V60 Cerâmica,1,159.90
100544,CAF-004,Blend da Casa 500g,1,69.90
100544,ACE-004,Caneca Grão Capixaba,1,49.90
100545,CAF-001,Café Bourbon Amarelo 250g,1,54.90
100545,CAF-004,Blend da Casa 500g,2,69.90
100546,CAF-006,Microlote Caparaó 250g,1,79.90
100547,CAF-005,Blend Espresso 1kg,1,119.90
100547,ACE-003,Filtro de Papel 102 (100un),3,24.90
100547,ACE-004,Caneca Grão Capixaba,2,49.90
100548,ACE-001,Prensa Francesa 600ml,1,139.90
100549,ACE-004,Caneca Grão Capixaba,1,49.90
100549,CAF-004,Blend da Casa 500g,1,69.90
100549,CAF-003,Café Conilon Especial 250g,1,44.90
100550,CAF-004,Blend da Casa 500g,1,69.90
100551,CAF-004,Blend da Casa 500g,1,69.90
100552,ACE-003,Filtro de Papel 102 (100un),1,24.90
100552,ACE-002,Coador V60 Cerâmica,1,159.90
100553,CAF-004,Blend da Casa 500g,2,69.90
100554,CAF-003,Café Conilon Especial 250g,1,44.90
100555,ACE-004,Caneca Grão Capixaba,1,49.90
100555,CAF-001,Café Bourbon Amarelo 250g,2,54.90
100556,CAF-007,Café Gelado Cold Brew 300ml,2,18.90
100556,CAF-005,Blend Espresso 1kg,1,119.90
100557,CAF-004,Blend da Casa 500g,1,69.90
100558,CAF-004,Blend da Casa 500g,1,69.90
100559,ACE-003,Filtro de Papel 102 (100un),1,24.90
100560,KIT-001,Kit Degustação 4x100g,1,89.90
100560,CAF-007,Café Gelado Cold Brew 300ml,1,18.90
100560,CAF-005,Blend Espresso 1kg,1,119.90
100561,CAF-003,Café Conilon Especial 250g,1,44.90
100561,CAF-007,Café Gelado Cold Brew 300ml,1,18.90
100562,CAF-006,Microlote Caparaó 250g,1,79.90
100563,CAF-005,Blend Espresso 1kg,1,119.90
100563,ACE-004,Caneca Grão Capixaba,1,49.90
100563,KIT-001,Kit Degustação 4x100g,1,89.90
100564,CAF-003,Café Conilon Especial 250g,1,44.90
100564,CAF-004,Blend da Casa 500g,1,69.90
100565,CAF-004,Blend da Casa 500g,1,69.90
100566,CAF-001,Café Bourbon Amarelo 250g,1,54.90
100566,ACE-002,Coador V60 Cerâmica,1,159.90
100567,CAF-001,Café Bourbon Amarelo 250g,1,54.90
100568,CAF-007,Café Gelado Cold Brew 300ml,1,18.90
100569,CAF-003,Café Conilon Especial 250g,1,44.90
100570,ACE-002,Coador V60 Cerâmica,1,159.90
100571,CAF-001,Café Bourbon Amarelo 250g,2,54.90
100571,CAF-002,Café Catuaí Vermelho 250g,1,49.90
100572,CAF-004,Blend da Casa 500g,2,69.90
100572,ACE-004,Caneca Grão Capixaba,2,49.90
100573,CAF-007,Café Gelado Cold Brew 300ml,2,18.90
100573,CAF-003,Café Conilon Especial 250g,1,44.90
100573,ACE-003,Filtro de Papel 102 (100un),2,24.90
100574,CAF-003,Café Conilon Especial 250g,1,44.90
100575,CAF-001,Café Bourbon Amarelo 250g,1,54.90
100576,ACE-003,Filtro de Papel 102 (100un),1,24.90
100576,ACE-001,Prensa Francesa 600ml,1,139.90
100576,CAF-003,Café Conilon Especial 250g,2,44.90
100577,CAF-007,Café Gelado Cold Brew 300ml,1,18.90
100577,ACE-003,Filtro de Papel 102 (100un),2,24.90
100577,CAF-006,Microlote Caparaó 250g,1,79.90
100578,ACE-004,Caneca Grão Capixaba,1,49.90
100579,CAF-001,Café Bourbon Amarelo 250g,1,54.90
100579,ACE-004,Caneca Grão Capixaba,3,49.90
100580,CAF-006,Microlote Caparaó 250g,1,79.90
100580,ACE-001,Prensa Francesa 600ml,2,139.90
100580,CAF-004,Blend da Casa 500g,1,69.90
100581,CAF-007,Café Gelado Cold Brew 300ml,1,18.90
100581,CAF-006,Microlote Caparaó 250g,1,79.90
100582,ACE-004,Caneca Grão Capixaba,1,49.90
100583,CAF-003,Café Conilon Especial 250g,1,44.90
100584,CAF-006,Microlote Caparaó 250g,1,79.90
100585,CAF-007,Café Gelado Cold Brew 300ml,1,18.90
100586,ACE-004,Caneca Grão Capixaba,1,49.90
100586,CAF-004,Blend da Casa 500g,1,69.90
100587,CAF-002,Café Catuaí Vermelho 250g,1,49.90
100588,CAF-004,Blend da Casa 500g,1,69.90
100589,ACE-002,Coador V60 Cerâmica,1,159.90
100589,ACE-004,Caneca Grão Capixaba,2,49.90
100590,CAF-001,Café Bourbon Amarelo 250g,1,54.90
100591,KIT-001,Kit Degustação 4x100g,1,89.90
100591,CAF-006,Microlote Caparaó 250g,2,79.90
100592,CAF-003,Café Conilon Especial 250g,2,44.90
100592,CAF-006,Microlote Caparaó 250g,1,79.90
100592,CAF-007,Café Gelado Cold Brew 300ml,2,18.90
100593,CAF-001,Café Bourbon Amarelo 250g,1,54.90
100593,KIT-001,Kit Degustação 4x100g,2,89.90
100594,CAF-004,Blend da Casa 500g,1,69.90
100595,ACE-001,Prensa Francesa 600ml,2,139.90
100596,ACE-002,Coador V60 Cerâmica,2,159.90
100597,KIT-001,Kit Degustação 4x100g,2,89.90
100597,ACE-003,Filtro de Papel 102 (100un),1,24.90
100598,CAF-003,Café Conilon Especial 250g,2,44.90
100599,CAF-005,Blend Espresso 1kg,1,119.90
100599,CAF-006,Microlote Caparaó 250g,1,79.90
100600,ACE-004,Caneca Grão Capixaba,2,49.90
100600,CAF-005,Blend Espresso 1kg,2,119.90
100601,KIT-001,Kit Degustação 4x100g,1,89.90
100601,ACE-002,Coador V60 Cerâmica,1,159.90
100602,ACE-001,Prensa Francesa 600ml,1,139.90
100603,CAF-002,Café Catuaí Vermelho 250g,1,49.90
100603,ACE-002,Coador V60 Cerâmica,2,159.90
100603,CAF-007,Café Gelado Cold Brew 300ml,1,18.90
100604,CAF-004,Blend da Casa 500g,1,69.90
100605,CAF-007,Café Gelado Cold Brew 300ml,2,18.90
100606,ACE-002,Coador V60 Cerâmica,1,159.90
100607,CAF-005,Blend Espresso 1kg,1,119.90
100607,CAF-003,Café Conilon Especial 250g,1,44.90
100608,CAF-003,Café Conilon Especial 250g,1,44.90
100608,CAF-002,Café Catuaí Vermelho 250g,1,49.90
100609,ACE-004,Caneca Grão Capixaba,3,49.90
100609,CAF-005,Blend Espresso 1kg,1,119.90
100609,CAF-004,Blend da Casa 500g,1,69.90
100610,ACE-001,Prensa Francesa 600ml,1,139.90
100611,CAF-007,Café Gelado Cold Brew 300ml,1,18.90
100611,KIT-001,Kit Degustação 4x100g,1,89.90
100612,CAF-003,Café Conilon Especial 250g,1,44.90
100613,ACE-001,Prensa Francesa 600ml,2,139.90
100613,CAF-007,Café Gelado Cold Brew 300ml,1,18.90
100614,ACE-004,Caneca Grão Capixaba,1,49.90
100615,CAF-002,Café Catuaí Vermelho 250g,3,49.90
100615,ACE-002,Coador V60 Cerâmica,1,159.90
100615,CAF-007,Café Gelado Cold Brew 300ml,1,18.90
100616,CAF-003,Café Conilon Especial 250g,1,44.90
100616,ACE-004,Caneca Grão Capixaba,2,49.90
100617,ACE-001,Prensa Francesa 600ml,1,139.90
100618,CAF-003,Café Conilon Especial 250g,1,44.90
100619,CAF-007,Café Gelado Cold Brew 300ml,2,18.90
100619,ACE-001,Prensa Francesa 600ml,1,139.90
100619,CAF-003,Café Conilon Especial 250g,1,44.90
100619,CAF-004,Blend da Casa 500g,1,69.90
100620,ACE-002,Coador V60 Cerâmica,2,159.90
100620,ACE-004,Caneca Grão Capixaba,1,49.90
100621,ACE-004,Caneca Grão Capixaba,1,49.90
100622,CAF-001,Café Bourbon Amarelo 250g,1,54.90
100623,CAF-005,Blend Espresso 1kg,1,119.90
100624,CAF-004,Blend da Casa 500g,1,69.90
100625,CAF-004,Blend da Casa 500g,1,69.90
100626,CAF-004,Blend da Casa 500g,1,69.90
100626,CAF-003,Café Conilon Especial 250g,1,44.90
100627,KIT-001,Kit Degustação 4x100g,1,89.90
100628,CAF-004,Blend da Casa 500g,3,69.90
100629,ACE-001,Prensa Francesa 600ml,1,139.90
100629,CAF-002,Café Catuaí Vermelho 250g,1,49.90
100630,CAF-006,Microlote Caparaó 250g,1,79.90
100630,CAF-007,Café Gelado Cold Brew 300ml,1,18.90
100631,CAF-007,Café Gelado Cold Brew 300ml,1,18.90
100632,CAF-005,Blend Espresso 1kg,1,119.90
100633,CAF-001,Café Bourbon Amarelo 250g,1,54.90
100633,CAF-002,Café Catuaí Vermelho 250g,1,49.90
100633,ACE-004,Caneca Grão Capixaba,1,49.90
100634,ACE-003,Filtro de Papel 102 (100un),1,24.90
100635,CAF-004,Blend da Casa 500g,1,69.90
100635,ACE-001,Prensa Francesa 600ml,1,139.90
100635,ACE-004,Caneca Grão Capixaba,1,49.90
100636,ACE-004,Caneca Grão Capixaba,1,49.90
100636,CAF-003,Café Conilon Especial 250g,2,44.90
100637,CAF-002,Café Catuaí Vermelho 250g,1,49.90
100637,ACE-001,Prensa Francesa 600ml,1,139.90
100638,CAF-003,Café Conilon Especial 250g,1,44.90
100638,CAF-007,Café Gelado Cold Brew 300ml,1,18.90
100638,ACE-004,Caneca Grão Capixaba,1,49.90
100639,KIT-001,Kit Degustação 4x100g,1,89.90
100640,ACE-004,Caneca Grão Capixaba,1,49.90
100641,ACE-003,Filtro de Papel 102 (100un),1,24.90
100642,CAF-007,Café Gelado Cold Brew 300ml,1,18.90
100643,CAF-007,Café Gelado Cold Brew 300ml,1,18.90
100643,ACE-001,Prensa Francesa 600ml,1,139.90
100643,CAF-002,Café Catuaí Vermelho 250g,1,49.90
100644,CAF-004,Blend da Casa 500g,1,69.90
100645,ACE-002,Coador V60 Cerâmica,1,159.90
100645,CAF-002,Café Catuaí Vermelho 250g,1,49.90
100646,CAF-002,Café Catuaí Vermelho 250g,3,49.90
100646,KIT-001,Kit Degustação 4x100g,2,89.90
100646,ACE-001,Prensa Francesa 600ml,1,139.90
100647,CAF-001,Café Bourbon Amarelo 250g,1,54.90
100648,ACE-001,Prensa Francesa 600ml,1,139.90
100648,CAF-004,Blend da Casa 500g,1,69.90
100648,CAF-006,Microlote Caparaó 250g,1,79.90
100649,CAF-007,Café Gelado Cold Brew 300ml,1,18.90
100649,CAF-005,Blend Espresso 1kg,1,119.90
100650,CAF-004,Blend da Casa 500g,1,69.90
100650,ACE-004,Caneca Grão Capixaba,2,49.90
100650,CAF-007,Café Gelado Cold Brew 300ml,1,18.90
100650,ACE-003,Filtro de Papel 102 (100un),2,24.90
100651,CAF-004,Blend da Casa 500g,1,69.90
100652,ACE-003,Filtro de Papel 102 (100un),1,24.90
100653,CAF-007,Café Gelado Cold Brew 300ml,1,18.90
100654,CAF-005,Blend Espresso 1kg,1,119.90
100655,CAF-004,Blend da Casa 500g,2,69.90
100655,CAF-005,Blend Espresso 1kg,1,119.90
100655,CAF-007,Café Gelado Cold Brew 300ml,1,18.90
100656,CAF-004,Blend da Casa 500g,1,69.90
100657,KIT-001,Kit Degustação 4x100g,2,89.90
100657,CAF-001,Café Bourbon Amarelo 250g,1,54.90
100658,CAF-002,Café Catuaí Vermelho 250g,1,49.90
100659,CAF-006,Microlote Caparaó 250g,1,79.90
100659,ACE-002,Coador V60 Cerâmica,2,159.90
100660,CAF-007,Café Gelado Cold Brew 300ml,1,18.90
100661,CAF-004,Blend da Casa 500g,1,69.90
100662,CAF-004,Blend da Casa 500g,1,69.90
100663,CAF-002,Café Catuaí Vermelho 250g,1,49.90
100663,CAF-007,Café Gelado Cold Brew 300ml,1,18.90
100664,CAF-006,Microlote Caparaó 250g,2,79.90
100664,ACE-003,Filtro de Papel 102 (100un),1,24.90
100665,KIT-001,Kit Degustação 4x100g,1,89.90
100665,CAF-002,Café Catuaí Vermelho 250g,1,49.90
100666,KIT-001,Kit Degustação 4x100g,1,89.90
100666,ACE-004,Caneca Grão Capixaba,1,49.90
100667,CAF-005,Blend Espresso 1kg,1,119.90
100667,ACE-004,Caneca Grão Capixaba,2,49.90
100668,CAF-007,Café Gelado Cold Brew 300ml,1,18.90
100668,CAF-006,Microlote Caparaó 250g,1,79.90
100669,CAF-004,Blend da Casa 500g,1,69.90
100670,CAF-004,Blend da Casa 500g,1,69.90
100671,CAF-003,Café Conilon Especial 250g,1,44.90
100671,KIT-001,Kit Degustação 4x100g,1,89.90
100672,ACE-001,Prensa Francesa 600ml,1,139.90
100673,CAF-005,Blend Espresso 1kg,1,119.90
100674,ACE-004,Caneca Grão Capixaba,1,49.90
100674,CAF-003,Café Conilon Especial 250g,1,44.90
100674,CAF-004,Blend da Casa 500g,1,69.90
100675,CAF-006,Microlote Caparaó 250g,1,79.90
100675,CAF-002,Café Catuaí Vermelho 250g,2,49.90
100675,CAF-003,Café Conilon Especial 250g,1,44.90
100676,CAF-007,Café Gelado Cold Brew 300ml,1,18.90
100676,ACE-002,Coador V60 Cerâmica,1,159.90
100677,KIT-001,Kit Degustação 4x100g,1,89.90
100677,ACE-002,Coador V60 Cerâmica,2,159.90
100678,ACE-003,Filtro de Papel 102 (100un),1,24.90
100678,CAF-002,Café Catuaí Vermelho 250g,2,49.90
100679,ACE-001,Prensa Francesa 600ml,1,139.90
100680,CAF-006,Microlote Caparaó 250g,1,79.90
100681,CAF-002,Café Catuaí Vermelho 250g,1,49.90
100682,KIT-001,Kit Degustação 4x100g,1,89.90
100683,KIT-001,Kit Degustação 4x100g,1,89.90
100683,ACE-004,Caneca Grão Capixaba,1,49.90
100684,ACE-002,Coador V60 Cerâmica,2,159.90
100684,CAF-004,Blend da Casa 500g,1,69.90
100684,ACE-004,Caneca Grão Capixaba,1,49.90
100685,ACE-004,Caneca Grão Capixaba,1,49.90
100686,CAF-002,Café Catuaí Vermelho 250g,1,49.90
100686,CAF-003,Café Conilon Especial 250g,1,44.90
100687,CAF-004,Blend da Casa 500g,1,69.90
100688,ACE-002,Coador V60 Cerâmica,1,159.90
100688,KIT-001,Kit Degustação 4x100g,2,89.90
100689,KIT-001,Kit Degustação 4x100g,1,89.90
100690,ACE-001,Prensa Francesa 600ml,1,139.90
100690,CAF-003,Café Conilon Especial 250g,1,44.90
100690,ACE-003,Filtro de Papel 102 (100un),3,24.90
100691,CAF-001,Café Bourbon Amarelo 250g,1,54.90
100691,ACE-004,Caneca Grão Capixaba,1,49.90
100691,CAF-006,Microlote Caparaó 250g,1,79.90
100692,CAF-002,Café Catuaí Vermelho 250g,1,49.90
100693,CAF-003,Café Conilon Especial 250g,3,44.90
100694,KIT-001,Kit Degustação 4x100g,1,89.90
100695,CAF-001,Café Bourbon Amarelo 250g,1,54.90
100696,KIT-001,Kit Degustação 4x100g,1,89.90
100696,ACE-002,Coador V60 Cerâmica,1,159.90
100696,CAF-005,Blend Espresso 1kg,1,119.90
100697,ACE-001,Prensa Francesa 600ml,1,139.90
100697,CAF-004,Blend da Casa 500g,1,69.90
100697,ACE-002,Coador V60 Cerâmica,1,159.90
100697,CAF-005,Blend Espresso 1kg,1,119.90
100698,CAF-005,Blend Espresso 1kg,1,119.90
100699,CAF-003,Café Conilon Especial 250g,1,44.90
100700,CAF-001,Café Bourbon Amarelo 250g,1,54.90
100700,CAF-007,Café Gelado Cold Brew 300ml,1,18.90
100700,CAF-006,Microlote Caparaó 250g,1,79.90
100701,ACE-001,Prensa Francesa 600ml,1,139.90
100702,KIT-001,Kit Degustação 4x100g,1,89.90
100702,ACE-003,Filtro de Papel 102 (100un),2,24.90
100702,CAF-006,Microlote Caparaó 250g,1,79.90
100702,CAF-002,Café Catuaí Vermelho 250g,1,49.90
100703,CAF-004,Blend da Casa 500g,1,69.90
100704,CAF-004,Blend da Casa 500g,1,69.90
100705,ACE-002,Coador V60 Cerâmica,1,159.90
100705,CAF-007,Café Gelado Cold Brew 300ml,1,18.90
100705,CAF-005,Blend Espresso 1kg,1,119.90
100705,CAF-001,Café Bourbon Amarelo 250g,2,54.90
100706,CAF-005,Blend Espresso 1kg,2,119.90
100707,ACE-004,Caneca Grão Capixaba,1,49.90
100708,KIT-001,Kit Degustação 4x100g,1,89.90
100708,CAF-004,Blend da Casa 500g,1,69.90
100708,CAF-003,Café Conilon Especial 250g,1,44.90
100709,CAF-002,Café Catuaí Vermelho 250g,3,49.90
100710,CAF-003,Café Conilon Especial 250g,1,44.90
100711,CAF-002,Café Catuaí Vermelho 250g,1,49.90
100712,CAF-002,Café Catuaí Vermelho 250g,1,49.90
100713,CAF-002,Café Catuaí Vermelho 250g,1,49.90
100714,CAF-004,Blend da Casa 500g,1,69.90
100715,CAF-001,Café Bourbon Amarelo 250g,1,54.90
100715,ACE-001,Prensa Francesa 600ml,1,139.90
100716,CAF-007,Café Gelado Cold Brew 300ml,1,18.90
100717,CAF-001,Café Bourbon Amarelo 250g,1,54.90
100717,CAF-005,Blend Espresso 1kg,3,119.90
100718,KIT-001,Kit Degustação 4x100g,1,89.90
100718,CAF-006,Microlote Caparaó 250g,1,79.90
100718,ACE-001,Prensa Francesa 600ml,2,139.90
100719,CAF-001,Café Bourbon Amarelo 250g,1,54.90
100720,KIT-001,Kit Degustação 4x100g,2,89.90
100720,ACE-001,Prensa Francesa 600ml,1,139.90
100721,CAF-001,Café Bourbon Amarelo 250g,1,54.90
100721,ACE-004,Caneca Grão Capixaba,2,49.90
100721,CAF-005,Blend Espresso 1kg,1,119.90
100721,CAF-006,Microlote Caparaó 250g,1,79.90
100722,CAF-004,Blend da Casa 500g,1,69.90
100723,ACE-003,Filtro de Papel 102 (100un),1,24.90
100723,CAF-005,Blend Espresso 1kg,1,119.90
100724,CAF-006,Microlote Caparaó 250g,1,79.90
100724,CAF-002,Café Catuaí Vermelho 250g,1,49.90
100724,ACE-002,Coador V60 Cerâmica,1,159.90
100725,ACE-004,Caneca Grão Capixaba,2,49.90
100726,CAF-003,Café Conilon Especial 250g,1,44.90
100727,ACE-002,Coador V60 Cerâmica,1,159.90
100727,CAF-001,Café Bourbon Amarelo 250g,1,54.90
100728,CAF-003,Café Conilon Especial 250g,1,44.90
100728,CAF-004,Blend da Casa 500g,1,69.90
100728,CAF-001,Café Bourbon Amarelo 250g,1,54.90
100728,CAF-002,Café Catuaí Vermelho 250g,1,49.90
100729,CAF-006,Microlote Caparaó 250g,1,79.90
100730,CAF-005,Blend Espresso 1kg,1,119.90
100730,CAF-003,Café Conilon Especial 250g,1,44.90
100730,CAF-001,Café Bourbon Amarelo 250g,3,54.90
100731,ACE-004,Caneca Grão Capixaba,1,49.90
100732,ACE-001,Prensa Francesa 600ml,1,139.90
100732,CAF-005,Blend Espresso 1kg,1,119.90
100733,CAF-003,Café Conilon Especial 250g,1,44.90
100734,CAF-004,Blend da Casa 500g,1,69.90
100735,CAF-004,Blend da Casa 500g,1,69.90
100736,CAF-003,Café Conilon Especial 250g,1,44.90
100736,ACE-004,Caneca Grão Capixaba,1,49.90
100736,ACE-001,Prensa Francesa 600ml,1,139.90
100736,CAF-001,Café Bourbon Amarelo 250g,3,54.90
100737,ACE-004,Caneca Grão Capixaba,1,49.90
100737,CAF-006,Microlote Caparaó 250g,1,79.90
100737,CAF-007,Café Gelado Cold Brew 300ml,2,18.90
100737,ACE-001,Prensa Francesa 600ml,2,139.90
100738,CAF-007,Café Gelado Cold Brew 300ml,1,18.90
100738,CAF-002,Café Catuaí Vermelho 250g,1,49.90
100739,CAF-006,Microlote Caparaó 250g,2,79.90
100739,KIT-001,Kit Degustação 4x100g,1,89.90
100739,CAF-001,Café Bourbon Amarelo 250g,1,54.90
100740,ACE-002,Coador V60 Cerâmica,1,159.90
100740,CAF-007,Café Gelado Cold Brew 300ml,1,18.90
100740,CAF-002,Café Catuaí Vermelho 250g,1,49.90
100740,KIT-001,Kit Degustação 4x100g,1,89.90
100741,CAF-003,Café Conilon Especial 250g,2,44.90
100742,ACE-003,Filtro de Papel 102 (100un),2,24.90
100743,CAF-007,Café Gelado Cold Brew 300ml,1,18.90
100743,CAF-003,Café Conilon Especial 250g,1,44.90
100744,ACE-004,Caneca Grão Capixaba,1,49.90
100744,CAF-004,Blend da Casa 500g,1,69.90
100745,KIT-001,Kit Degustação 4x100g,1,89.90
100746,CAF-006,Microlote Caparaó 250g,1,79.90
100747,CAF-002,Café Catuaí Vermelho 250g,1,49.90
100747,CAF-006,Microlote Caparaó 250g,2,79.90
100747,ACE-003,Filtro de Papel 102 (100un),1,24.90
100748,CAF-003,Café Conilon Especial 250g,1,44.90
100749,CAF-001,Café Bourbon Amarelo 250g,1,54.90
100750,ACE-001,Prensa Francesa 600ml,1,139.90
100750,CAF-004,Blend da Casa 500g,1,69.90
100751,CAF-004,Blend da Casa 500g,1,69.90
100752,CAF-006,Microlote Caparaó 250g,2,79.90
100752,CAF-001,Café Bourbon Amarelo 250g,1,54.90
100752,ACE-002,Coador V60 Cerâmica,1,159.90
100753,CAF-001,Café Bourbon Amarelo 250g,1,54.90
100754,ACE-004,Caneca Grão Capixaba,2,49.90
100754,ACE-002,Coador V60 Cerâmica,1,159.90
100754,CAF-002,Café Catuaí Vermelho 250g,1,49.90
100755,CAF-004,Blend da Casa 500g,1,69.90
100756,CAF-003,Café Conilon Especial 250g,1,44.90
100756,ACE-001,Prensa Francesa 600ml,1,139.90
100756,ACE-002,Coador V60 Cerâmica,3,159.90
100756,CAF-007,Café Gelado Cold Brew 300ml,1,18.90
100757,CAF-004,Blend da Casa 500g,1,69.90
100758,CAF-004,Blend da Casa 500g,1,69.90
100758,ACE-003,Filtro de Papel 102 (100un),1,24.90
100758,ACE-004,Caneca Grão Capixaba,1,49.90
100759,CAF-002,Café Catuaí Vermelho 250g,1,49.90
100759,ACE-004,Caneca Grão Capixaba,1,49.90
100759,CAF-007,Café Gelado Cold Brew 300ml,1,18.90
100759,ACE-003,Filtro de Papel 102 (100un),1,24.90
100760,ACE-001,Prensa Francesa 600ml,1,139.90
100761,ACE-001,Prensa Francesa 600ml,1,139.90
100761,CAF-003,Café Conilon Especial 250g,1,44.90
100762,CAF-007,Café Gelado Cold Brew 300ml,3,18.90
100763,CAF-006,Microlote Caparaó 250g,1,79.90
100764,ACE-002,Coador V60 Cerâmica,1,159.90
100764,ACE-004,Caneca Grão Capixaba,1,49.90
100765,CAF-007,Café Gelado Cold Brew 300ml,1,18.90
100766,ACE-003,Filtro de Papel 102 (100un),1,24.90
100766,CAF-005,Blend Espresso 1kg,1,119.90
100766,CAF-002,Café Catuaí Vermelho 250g,2,49.90
100767,CAF-004,Blend da Casa 500g,1,69.90
100768,CAF-006,Microlote Caparaó 250g,2,79.90
100768,ACE-002,Coador V60 Cerâmica,3,159.90
100769,KIT-001,Kit Degustação 4x100g,3,89.90
100769,ACE-003,Filtro de Papel 102 (100un),1,24.90
100769,CAF-004,Blend da Casa 500g,1,69.90
100770,CAF-007,Café Gelado Cold Brew 300ml,1,18.90
100770,CAF-002,Café Catuaí Vermelho 250g,1,49.90
100771,ACE-003,Filtro de Papel 102 (100un),1,24.90
100771,CAF-005,Blend Espresso 1kg,1,119.90
100772,CAF-003,Café Conilon Especial 250g,1,44.90
100772,CAF-001,Café Bourbon Amarelo 250g,1,54.90
100773,CAF-002,Café Catuaí Vermelho 250g,1,49.90
100774,CAF-003,Café Conilon Especial 250g,2,44.90
100774,KIT-001,Kit Degustação 4x100g,1,89.90
100774,ACE-003,Filtro de Papel 102 (100un),1,24.90
100775,ACE-003,Filtro de Papel 102 (100un),1,24.90
100775,ACE-002,Coador V60 Cerâmica,1,159.90
100775,CAF-004,Blend da Casa 500g,1,69.90
100775,CAF-005,Blend Espresso 1kg,1,119.90
100776,CAF-002,Café Catuaí Vermelho 250g,1,49.90
100776,ACE-002,Coador V60 Cerâmica,1,159.90
100777,CAF-006,Microlote Caparaó 250g,3,79.90
100778,ACE-001,Prensa Francesa 600ml,1,139.90
100779,CAF-004,Blend da Casa 500g,1,69.90
100780,ACE-004,Caneca Grão Capixaba,1,49.90
100780,CAF-004,Blend da Casa 500g,1,69.90
100781,ACE-003,Filtro de Papel 102 (100un),2,24.90
100781,CAF-003,Café Conilon Especial 250g,1,44.90
100782,CAF-001,Café Bourbon Amarelo 250g,1,54.90
100783,CAF-006,Microlote Caparaó 250g,1,79.90
100784,CAF-005,Blend Espresso 1kg,1,119.90
100784,CAF-006,Microlote Caparaó 250g,3,79.90
100785,CAF-007,Café Gelado Cold Brew 300ml,1,18.90
100785,ACE-004,Caneca Grão Capixaba,1,49.90
100786,ACE-004,Caneca Grão Capixaba,1,49.90
100786,CAF-003,Café Conilon Especial 250g,1,44.90
100787,CAF-006,Microlote Caparaó 250g,3,79.90
100787,CAF-007,Café Gelado Cold Brew 300ml,1,18.90
100788,CAF-001,Café Bourbon Amarelo 250g,1,54.90
100789,CAF-003,Café Conilon Especial 250g,2,44.90
100789,ACE-003,Filtro de Papel 102 (100un),1,24.90
100790,ACE-002,Coador V60 Cerâmica,1,159.90
100791,ACE-004,Caneca Grão Capixaba,1,49.90
100792,CAF-007,Café Gelado Cold Brew 300ml,1,18.90
100792,CAF-002,Café Catuaí Vermelho 250g,1,49.90
100793,CAF-003,Café Conilon Especial 250g,2,44.90
100794,ACE-004,Caneca Grão Capixaba,1,49.90
100795,KIT-001,Kit Degustação 4x100g,1,89.90
100796,CAF-004,Blend da Casa 500g,2,69.90
100796,CAF-007,Café Gelado Cold Brew 300ml,1,18.90
100797,ACE-003,Filtro de Papel 102 (100un),1,24.90
100797,CAF-003,Café Conilon Especial 250g,1,44.90
100797,ACE-001,Prensa Francesa 600ml,1,139.90
100798,ACE-003,Filtro de Papel 102 (100un),1,24.90
100799,CAF-004,Blend da Casa 500g,1,69.90
100800,CAF-007,Café Gelado Cold Brew 300ml,1,18.90
100800,CAF-004,Blend da Casa 500g,1,69.90
100800,CAF-001,Café Bourbon Amarelo 250g,1,54.90
100801,CAF-004,Blend da Casa 500g,1,69.90
100801,CAF-002,Café Catuaí Vermelho 250g,1,49.90
100801,ACE-003,Filtro de Papel 102 (100un),1,24.90
100801,CAF-003,Café Conilon Especial 250g,2,44.90
100802,CAF-002,Café Catuaí Vermelho 250g,1,49.90
100802,ACE-003,Filtro de Papel 102 (100un),1,24.90
100802,CAF-005,Blend Espresso 1kg,1,119.90
100803,ACE-001,Prensa Francesa 600ml,2,139.90
100804,CAF-001,Café Bourbon Amarelo 250g,2,54.90
100804,ACE-004,Caneca Grão Capixaba,1,49.90
100804,ACE-003,Filtro de Papel 102 (100un),1,24.90
100805,CAF-004,Blend da Casa 500g,1,69.90
100805,CAF-006,Microlote Caparaó 250g,1,79.90
100805,ACE-001,Prensa Francesa 600ml,2,139.90
100806,ACE-004,Caneca Grão Capixaba,1,49.90
100807,CAF-007,Café Gelado Cold Brew 300ml,1,18.90
100808,ACE-003,Filtro de Papel 102 (100un),1,24.90
100809,ACE-002,Coador V60 Cerâmica,1,159.90
100809,CAF-006,Microlote Caparaó 250g,1,79.90
100809,CAF-004,Blend da Casa 500g,1,69.90
100810,CAF-007,Café Gelado Cold Brew 300ml,1,18.90
100810,ACE-003,Filtro de Papel 102 (100un),2,24.90
100810,CAF-003,Café Conilon Especial 250g,1,44.90
100811,CAF-004,Blend da Casa 500g,1,69.90
100812,CAF-006,Microlote Caparaó 250g,2,79.90
100812,ACE-002,Coador V60 Cerâmica,1,159.90
100812,KIT-001,Kit Degustação 4x100g,1,89.90
100813,CAF-004,Blend da Casa 500g,1,69.90
100814,ACE-002,Coador V60 Cerâmica,1,159.90
100814,CAF-001,Café Bourbon Amarelo 250g,1,54.90
100814,ACE-004,Caneca Grão Capixaba,1,49.90
100815,CAF-004,Blend da Casa 500g,1,69.90
100816,CAF-004,Blend da Casa 500g,1,69.90
100817,CAF-002,Café Catuaí Vermelho 250g,1,49.90
100818,CAF-004,Blend da Casa 500g,1,69.90
100819,CAF-002,Café Catuaí Vermelho 250g,1,49.90
100820,ACE-002,Coador V60 Cerâmica,1,159.90
100821,CAF-004,Blend da Casa 500g,1,69.90
100822,ACE-002,Coador V60 Cerâmica,1,159.90
100823,CAF-004,Blend da Casa 500g,1,69.90
100823,ACE-003,Filtro de Papel 102 (100un),1,24.90
100823,KIT-001,Kit Degustação 4x100g,1,89.90
100824,ACE-002,Coador V60 Cerâmica,1,159.90
100825,CAF-001,Café Bourbon Amarelo 250g,3,54.90
100826,CAF-002,Café Catuaí Vermelho 250g,2,49.90
100827,ACE-003,Filtro de Papel 102 (100un),2,24.90
100828,KIT-001,Kit Degustação 4x100g,1,89.90
100828,ACE-002,Coador V60 Cerâmica,1,159.90
100829,CAF-007,Café Gelado Cold Brew 300ml,1,18.90
100829,ACE-003,Filtro de Papel 102 (100un),1,24.90
100829,CAF-006,Microlote Caparaó 250g,1,79.90
100830,CAF-002,Café Catuaí Vermelho 250g,1,49.90
100830,CAF-003,Café Conilon Especial 250g,1,44.90
100830,CAF-001,Café Bourbon Amarelo 250g,3,54.90
100830,CAF-004,Blend da Casa 500g,1,69.90
100831,CAF-001,Café Bourbon Amarelo 250g,1,54.90
100831,CAF-003,Café Conilon Especial 250g,1,44.90
100832,CAF-002,Café Catuaí Vermelho 250g,1,49.90
100833,ACE-001,Prensa Francesa 600ml,3,139.90
100834,CAF-002,Café Catuaí Vermelho 250g,1,49.90
100834,ACE-004,Caneca Grão Capixaba,2,49.90
100834,CAF-005,Blend Espresso 1kg,1,119.90
100835,KIT-001,Kit Degustação 4x100g,2,89.90
100835,CAF-001,Café Bourbon Amarelo 250g,1,54.90
100836,CAF-007,Café Gelado Cold Brew 300ml,1,18.90
100837,CAF-001,Café Bourbon Amarelo 250g,2,54.90
100838,CAF-006,Microlote Caparaó 250g,1,79.90
100838,CAF-002,Café Catuaí Vermelho 250g,1,49.90
100838,KIT-001,Kit Degustação 4x100g,1,89.90
100839,CAF-007,Café Gelado Cold Brew 300ml,2,18.90
100840,CAF-004,Blend da Casa 500g,3,69.90
100840,CAF-006,Microlote Caparaó 250g,2,79.90
100840,CAF-001,Café Bourbon Amarelo 250g,1,54.90
100841,CAF-006,Microlote Caparaó 250g,2,79.90
100842,ACE-001,Prensa Francesa 600ml,1,139.90
100843,ACE-002,Coador V60 Cerâmica,1,159.90
100844,CAF-006,Microlote Caparaó 250g,1,79.90
100845,CAF-001,Café Bourbon Amarelo 250g,2,54.90
100846,CAF-005,Blend Espresso 1kg,1,119.90
100847,CAF-002,Café Catuaí Vermelho 250g,1,49.90
100847,CAF-003,Café Conilon Especial 250g,1,44.90
100847,ACE-003,Filtro de Papel 102 (100un),2,24.90
100847,ACE-002,Coador V60 Cerâmica,1,159.90
100848,ACE-001,Prensa Francesa 600ml,1,139.90
100848,CAF-003,Café Conilon Especial 250g,1,44.90
100848,KIT-001,Kit Degustação 4x100g,1,89.90
100849,CAF-007,Café Gelado Cold Brew 300ml,1,18.90
100849,CAF-002,Café Catuaí Vermelho 250g,2,49.90
100849,CAF-006,Microlote Caparaó 250g,1,79.90
100850,CAF-001,Café Bourbon Amarelo 250g,1,54.90
100851,ACE-001,Prensa Francesa 600ml,1,139.90
100852,CAF-002,Café Catuaí Vermelho 250g,1,49.90
100852,ACE-004,Caneca Grão Capixaba,1,49.90
100852,CAF-007,Café Gelado Cold Brew 300ml,1,18.90
100852,ACE-002,Coador V60 Cerâmica,1,159.90
100853,KIT-001,Kit Degustação 4x100g,1,89.90
100854,CAF-005,Blend Espresso 1kg,1,119.90
100855,CAF-007,Café Gelado Cold Brew 300ml,1,18.90
100856,ACE-001,Prensa Francesa 600ml,1,139.90
100856,CAF-001,Café Bourbon Amarelo 250g,2,54.90
100856,ACE-002,Coador V60 Cerâmica,1,159.90
100857,CAF-003,Café Conilon Especial 250g,1,44.90
100858,ACE-002,Coador V60 Cerâmica,1,159.90
100858,ACE-004,Caneca Grão Capixaba,2,49.90
100858,CAF-001,Café Bourbon Amarelo 250g,1,54.90
100858,CAF-006,Microlote Caparaó 250g,1,79.90
100859,ACE-002,Coador V60 Cerâmica,3,159.90
100860,KIT-001,Kit Degustação 4x100g,1,89.90
100860,ACE-003,Filtro de Papel 102 (100un),1,24.90
100860,ACE-004,Caneca Grão Capixaba,1,49.90
100861,ACE-001,Prensa Francesa 600ml,1,139.90
100861,ACE-002,Coador V60 Cerâmica,1,159.90
100862,CAF-002,Café Catuaí Vermelho 250g,1,49.90
100862,CAF-005,Blend Espresso 1kg,1,119.90
100863,ACE-004,Caneca Grão Capixaba,1,49.90
100864,CAF-007,Café Gelado Cold Brew 300ml,1,18.90
100865,CAF-004,Blend da Casa 500g,1,69.90
100866,CAF-006,Microlote Caparaó 250g,1,79.90
100866,ACE-002,Coador V60 Cerâmica,1,159.90
100867,CAF-007,Café Gelado Cold Brew 300ml,3,18.90
100867,CAF-004,Blend da Casa 500g,1,69.90
100867,ACE-004,Caneca Grão Capixaba,1,49.90
100868,CAF-004,Blend da Casa 500g,1,69.90
100869,CAF-006,Microlote Caparaó 250g,1,79.90
100869,ACE-004,Caneca Grão Capixaba,1,49.90
100869,CAF-002,Café Catuaí Vermelho 250g,1,49.90
100869,ACE-001,Prensa Francesa 600ml,1,139.90
100870,ACE-003,Filtro de Papel 102 (100un),1,24.90
100870,CAF-006,Microlote Caparaó 250g,1,79.90
100871,ACE-003,Filtro de Papel 102 (100un),2,24.90
100872,CAF-004,Blend da Casa 500g,1,69.90
100872,ACE-002,Coador V60 Cerâmica,1,159.90
100872,KIT-001,Kit Degustação 4x100g,1,89.90
100873,ACE-001,Prensa Francesa 600ml,1,139.90
100874,CAF-005,Blend Espresso 1kg,1,119.90
100874,ACE-001,Prensa Francesa 600ml,1,139.90
100875,CAF-003,Café Conilon Especial 250g,1,44.90
100876,CAF-006,Microlote Caparaó 250g,1,79.90
100877,ACE-003,Filtro de Papel 102 (100un),1,24.90
100878,ACE-002,Coador V60 Cerâmica,2,159.90
100878,ACE-001,Prensa Francesa 600ml,3,139.90
100878,CAF-004,Blend da Casa 500g,1,69.90
100879,ACE-004,Caneca Grão Capixaba,3,49.90
100880,ACE-004,Caneca Grão Capixaba,1,49.90
100881,ACE-003,Filtro de Papel 102 (100un),1,24.90
100881,ACE-004,Caneca Grão Capixaba,1,49.90
100881,CAF-005,Blend Espresso 1kg,1,119.90
100881,ACE-002,Coador V60 Cerâmica,2,159.90
100882,CAF-003,Café Conilon Especial 250g,2,44.90
100882,ACE-003,Filtro de Papel 102 (100un),1,24.90
100883,CAF-003,Café Conilon Especial 250g,1,44.90
100883,CAF-005,Blend Espresso 1kg,1,119.90
100884,CAF-002,Café Catuaí Vermelho 250g,1,49.90
100884,CAF-004,Blend da Casa 500g,2,69.90
100885,CAF-001,Café Bourbon Amarelo 250g,1,54.90
100886,CAF-004,Blend da Casa 500g,1,69.90
100887,ACE-002,Coador V60 Cerâmica,1,159.90
100887,CAF-007,Café Gelado Cold Brew 300ml,1,18.90
100887,CAF-005,Blend Espresso 1kg,1,119.90
100888,ACE-004,Caneca Grão Capixaba,1,49.90
100888,CAF-007,Café Gelado Cold Brew 300ml,3,18.90
100889,CAF-003,Café Conilon Especial 250g,1,44.90
100889,CAF-002,Café Catuaí Vermelho 250g,2,49.90
100890,CAF-001,Café Bourbon Amarelo 250g,1,54.90
100891,CAF-001,Café Bourbon Amarelo 250g,2,54.90
100891,CAF-003,Café Conilon Especial 250g,1,44.90
100891,CAF-006,Microlote Caparaó 250g,1,79.90
100891,CAF-005,Blend Espresso 1kg,1,119.90
100892,ACE-001,Prensa Francesa 600ml,1,139.90
100893,CAF-004,Blend da Casa 500g,1,69.90
100894,CAF-002,Café Catuaí Vermelho 250g,1,49.90
100894,ACE-002,Coador V60 Cerâmica,1,159.90
100895,CAF-001,Café Bourbon Amarelo 250g,1,54.90
100896,ACE-002,Coador V60 Cerâmica,2,159.90
100896,CAF-002,Café Catuaí Vermelho 250g,1,49.90
100896,CAF-007,Café Gelado Cold Brew 300ml,2,18.90
100897,CAF-002,Café Catuaí Vermelho 250g,1,49.90
100897,KIT-001,Kit Degustação 4x100g,2,89.90
100898,ACE-001,Prensa Francesa 600ml,1,139.90
100899,CAF-004,Blend da Casa 500g,1,69.90
100900,ACE-003,Filtro de Papel 102 (100un),2,24.90
100900,CAF-003,Café Conilon Especial 250g,1,44.90
100901,ACE-002,Coador V60 Cerâmica,1,159.90
100901,CAF-001,Café Bourbon Amarelo 250g,2,54.90
100901,CAF-007,Café Gelado Cold Brew 300ml,1,18.90
100902,CAF-007,Café Gelado Cold Brew 300ml,1,18.90
100902,CAF-001,Café Bourbon Amarelo 250g,1,54.90
100903,ACE-002,Coador V60 Cerâmica,1,159.90
100904,CAF-002,Café Catuaí Vermelho 250g,2,49.90
100905,CAF-005,Blend Espresso 1kg,2,119.90
100906,ACE-004,Caneca Grão Capixaba,1,49.90
100907,CAF-007,Café Gelado Cold Brew 300ml,1,18.90
100908,ACE-002,Coador V60 Cerâmica,1,159.90
100908,KIT-001,Kit Degustação 4x100g,2,89.90
100908,ACE-003,Filtro de Papel 102 (100un),1,24.90
100909,CAF-003,Café Conilon Especial 250g,2,44.90
100910,CAF-004,Blend da Casa 500g,1,69.90
100911,KIT-001,Kit Degustação 4x100g,1,89.90
100912,CAF-007,Café Gelado Cold Brew 300ml,1,18.90
100913,CAF-006,Microlote Caparaó 250g,2,79.90
100913,CAF-004,Blend da Casa 500g,1,69.90
100914,CAF-001,Café Bourbon Amarelo 250g,1,54.90
100915,CAF-001,Café Bourbon Amarelo 250g,2,54.90
100915,CAF-002,Café Catuaí Vermelho 250g,1,49.90
100915,CAF-005,Blend Espresso 1kg,2,119.90
100915,ACE-001,Prensa Francesa 600ml,3,139.90
100916,CAF-004,Blend da Casa 500g,1,69.90
100917,CAF-001,Café Bourbon Amarelo 250g,1,54.90
100918,CAF-004,Blend da Casa 500g,1,69.90
100919,CAF-004,Blend da Casa 500g,1,69.90
100920,CAF-003,Café Conilon Especial 250g,1,44.90
100921,CAF-005,Blend Espresso 1kg,1,119.90
100921,CAF-003,Café Conilon Especial 250g,1,44.90
100921,ACE-001,Prensa Francesa 600ml,1,139.90
100922,CAF-004,Blend da Casa 500g,2,69.90
100922,CAF-002,Café Catuaí Vermelho 250g,2,49.90
100923,ACE-003,Filtro de Papel 102 (100un),1,24.90
100924,CAF-006,Microlote Caparaó 250g,3,79.90
100924,CAF-002,Café Catuaí Vermelho 250g,1,49.90
100924,CAF-003,Café Conilon Especial 250g,2,44.90
100925,CAF-004,Blend da Casa 500g,1,69.90
100926,CAF-004,Blend da Casa 500g,1,69.90
100927,ACE-002,Coador V60 Cerâmica,2,159.90
100928,CAF-001,Café Bourbon Amarelo 250g,2,54.90
100928,ACE-003,Filtro de Papel 102 (100un),1,24.90
100929,CAF-005,Blend Espresso 1kg,3,119.90
100929,CAF-001,Café Bourbon Amarelo 250g,1,54.90
100930,CAF-001,Café Bourbon Amarelo 250g,1,54.90
100930,KIT-001,Kit Degustação 4x100g,1,89.90
100931,KIT-001,Kit Degustação 4x100g,1,89.90
100932,CAF-007,Café Gelado Cold Brew 300ml,1,18.90
100932,CAF-002,Café Catuaí Vermelho 250g,1,49.90
100932,ACE-003,Filtro de Papel 102 (100un),1,24.90
100933,ACE-004,Caneca Grão Capixaba,1,49.90
100933,CAF-003,Café Conilon Especial 250g,2,44.90
100934,CAF-003,Café Conilon Especial 250g,1,44.90
100935,ACE-004,Caneca Grão Capixaba,1,49.90
100936,CAF-007,Café Gelado Cold Brew 300ml,1,18.90
100936,ACE-001,Prensa Francesa 600ml,1,139.90
100936,ACE-004,Caneca Grão Capixaba,3,49.90
100937,ACE-001,Prensa Francesa 600ml,3,139.90
100938,ACE-001,Prensa Francesa 600ml,2,139.90
100938,ACE-003,Filtro de Papel 102 (100un),3,24.90
100938,CAF-005,Blend Espresso 1kg,2,119.90
100938,CAF-001,Café Bourbon Amarelo 250g,1,54.90
100939,CAF-004,Blend da Casa 500g,1,69.90
100939,KIT-001,Kit Degustação 4x100g,1,89.90
100939,CAF-006,Microlote Caparaó 250g,1,79.90
100940,ACE-001,Prensa Francesa 600ml,1,139.90
100940,CAF-003,Café Conilon Especial 250g,1,44.90
100940,CAF-006,Microlote Caparaó 250g,1,79.90
100940,CAF-004,Blend da Casa 500g,1,69.90
100941,KIT-001,Kit Degustação 4x100g,1,89.90
100942,CAF-001,Café Bourbon Amarelo 250g,1,54.90
100943,CAF-004,Blend da Casa 500g,3,69.90
100944,ACE-001,Prensa Francesa 600ml,2,139.90
100944,CAF-005,Blend Espresso 1kg,2,119.90
100945,CAF-006,Microlote Caparaó 250g,1,79.90
100945,CAF-002,Café Catuaí Vermelho 250g,2,49.90
100946,ACE-002,Coador V60 Cerâmica,1,159.90
100946,ACE-003,Filtro de Papel 102 (100un),1,24.90
100947,CAF-007,Café Gelado Cold Brew 300ml,1,18.90
100947,CAF-001,Café Bourbon Amarelo 250g,1,54.90
100947,ACE-002,Coador V60 Cerâmica,1,159.90
100948,CAF-007,Café Gelado Cold Brew 300ml,1,18.90
100949,ACE-001,Prensa Francesa 600ml,1,139.90
100950,ACE-001,Prensa Francesa 600ml,1,139.90
100950,ACE-003,Filtro de Papel 102 (100un),1,24.90
100951,ACE-003,Filtro de Papel 102 (100un),1,24.90
100952,ACE-002,Coador V60 Cerâmica,2,159.90
100953,ACE-004,Caneca Grão Capixaba,1,49.90
100953,CAF-003,Café Conilon Especial 250g,2,44.90
100953,CAF-005,Blend Espresso 1kg,1,119.90
100953,ACE-002,Coador V60 Cerâmica,2,159.90
100954,CAF-001,Café Bourbon Amarelo 250g,1,54.90
100955,CAF-005,Blend Espresso 1kg,1,119.90
100955,CAF-002,Café Catuaí Vermelho 250g,2,49.90
100956,CAF-001,Café Bourbon Amarelo 250g,1,54.90
100956,CAF-004,Blend da Casa 500g,1,69.90
100957,CAF-004,Blend da Casa 500g,1,69.90
100957,CAF-007,Café Gelado Cold Brew 300ml,1,18.90
100958,CAF-003,Café Conilon Especial 250g,1,44.90
100958,CAF-006,Microlote Caparaó 250g,1,79.90
100959,CAF-004,Blend da Casa 500g,1,69.90
100960,KIT-001,Kit Degustação 4x100g,1,89.90
100961,CAF-007,Café Gelado Cold Brew 300ml,1,18.90
100962,CAF-002,Café Catuaí Vermelho 250g,2,49.90
100963,CAF-004,Blend da Casa 500g,2,69.90
100963,CAF-006,Microlote Caparaó 250g,2,79.90
100964,ACE-003,Filtro de Papel 102 (100un),2,24.90
100965,CAF-005,Blend Espresso 1kg,1,119.90
100966,CAF-002,Café Catuaí Vermelho 250g,3,49.90
100966,ACE-001,Prensa Francesa 600ml,1,139.90
100967,CAF-004,Blend da Casa 500g,1,69.90
100968,CAF-003,Café Conilon Especial 250g,1,44.90
100968,CAF-007,Café Gelado Cold Brew 300ml,1,18.90
100968,ACE-001,Prensa Francesa 600ml,1,139.90
100969,CAF-004,Blend da Casa 500g,1,69.90
100970,KIT-001,Kit Degustação 4x100g,1,89.90
100970,CAF-006,Microlote Caparaó 250g,1,79.90
100970,ACE-004,Caneca Grão Capixaba,2,49.90
100971,CAF-006,Microlote Caparaó 250g,1,79.90
100972,CAF-005,Blend Espresso 1kg,2,119.90
100973,ACE-004,Caneca Grão Capixaba,1,49.90
100973,CAF-004,Blend da Casa 500g,1,69.90
100974,CAF-003,Café Conilon Especial 250g,1,44.90
100974,ACE-003,Filtro de Papel 102 (100un),1,24.90
100975,ACE-004,Caneca Grão Capixaba,1,49.90
100975,ACE-001,Prensa Francesa 600ml,3,139.90
100976,CAF-007,Café Gelado Cold Brew 300ml,1,18.90
100977,KIT-001,Kit Degustação 4x100g,1,89.90
100977,CAF-006,Microlote Caparaó 250g,1,79.90
100977,CAF-002,Café Catuaí Vermelho 250g,1,49.90
100978,ACE-003,Filtro de Papel 102 (100un),1,24.90
100978,CAF-006,Microlote Caparaó 250g,1,79.90
100978,ACE-002,Coador V60 Cerâmica,1,159.90
100979,CAF-001,Café Bourbon Amarelo 250g,2,54.90
100979,ACE-001,Prensa Francesa 600ml,3,139.90
100980,CAF-005,Blend Espresso 1kg,1,119.90
100980,CAF-003,Café Conilon Especial 250g,1,44.90
100981,CAF-006,Microlote Caparaó 250g,1,79.90
100981,CAF-004,Blend da Casa 500g,1,69.90
100982,ACE-003,Filtro de Papel 102 (100un),1,24.90
100983,ACE-002,Coador V60 Cerâmica,1,159.90
100984,ACE-002,Coador V60 Cerâmica,1,159.90
100985,KIT-001,Kit Degustação 4x100g,3,89.90
100986,CAF-005,Blend Espresso 1kg,2,119.90
100987,CAF-003,Café Conilon Especial 250g,2,44.90
100987,CAF-006,Microlote Caparaó 250g,1,79.90
100988,CAF-004,Blend da Casa 500g,1,69.90
100988,ACE-004,Caneca Grão Capixaba,1,49.90
100989,CAF-005,Blend Espresso 1kg,1,119.90
100990,CAF-003,Café Conilon Especial 250g,1,44.90
100991,CAF-004,Blend da Casa 500g,1,69.90
100992,CAF-003,Café Conilon Especial 250g,1,44.90
100993,CAF-004,Blend da Casa 500g,1,69.90
100994,CAF-003,Café Conilon Especial 250g,1,44.90
100994,CAF-005,Blend Espresso 1kg,1,119.90
100995,CAF-004,Blend da Casa 500g,1,69.90
100996,CAF-004,Blend da Casa 500g,1,69.90
100997,CAF-005,Blend Espresso 1kg,2,119.90
100998,CAF-002,Café Catuaí Vermelho 250g,3,49.90
100998,ACE-004,Caneca Grão Capixaba,1,49.90
100999,CAF-004,Blend da Casa 500g,1,69.90
101000,ACE-004,Caneca Grão Capixaba,1,49.90
101000,CAF-003,Café Conilon Especial 250g,1,44.90
101001,CAF-005,Blend Espresso 1kg,1,119.90
101001,CAF-003,Café Conilon Especial 250g,1,44.90
101001,ACE-004,Caneca Grão Capixaba,2,49.90
101001,ACE-001,Prensa Francesa 600ml,1,139.90
101002,CAF-006,Microlote Caparaó 250g,1,79.90
101002,KIT-001,Kit Degustação 4x100g,1,89.90
101003,CAF-004,Blend da Casa 500g,1,69.90
101004,CAF-006,Microlote Caparaó 250g,1,79.90
101005,ACE-002,Coador V60 Cerâmica,1,159.90
101005,ACE-003,Filtro de Papel 102 (100un),2,24.90
101006,CAF-005,Blend Espresso 1kg,1,119.90
101007,CAF-006,Microlote Caparaó 250g,2,79.90
101007,KIT-001,Kit Degustação 4x100g,1,89.90
101007,CAF-002,Café Catuaí Vermelho 250g,1,49.90
101008,ACE-004,Caneca Grão Capixaba,3,49.90
101008,CAF-003,Café Conilon Especial 250g,1,44.90
101008,KIT-001,Kit Degustação 4x100g,1,89.90
101009,CAF-004,Blend da Casa 500g,1,69.90
101010,CAF-004,Blend da Casa 500g,1,69.90
101011,CAF-006,Microlote Caparaó 250g,2,79.90
101012,KIT-001,Kit Degustação 4x100g,1,89.90
101013,ACE-001,Prensa Francesa 600ml,2,139.90
101013,CAF-002,Café Catuaí Vermelho 250g,1,49.90
101013,ACE-004,Caneca Grão Capixaba,1,49.90
101014,ACE-001,Prensa Francesa 600ml,1,139.90
101014,ACE-003,Filtro de Papel 102 (100un),1,24.90
101014,ACE-002,Coador V60 Cerâmica,1,159.90
101015,CAF-004,Blend da Casa 500g,1,69.90
101015,CAF-007,Café Gelado Cold Brew 300ml,1,18.90
101015,CAF-006,Microlote Caparaó 250g,1,79.90
101016,CAF-002,Café Catuaí Vermelho 250g,1,49.90
101016,CAF-004,Blend da Casa 500g,1,69.90
101017,ACE-003,Filtro de Papel 102 (100un),1,24.90
101018,CAF-004,Blend da Casa 500g,1,69.90
101018,CAF-005,Blend Espresso 1kg,1,119.90
101018,ACE-003,Filtro de Papel 102 (100un),2,24.90
101019,CAF-006,Microlote Caparaó 250g,1,79.90
101019,CAF-004,Blend da Casa 500g,1,69.90
101020,ACE-003,Filtro de Papel 102 (100un),1,24.90
101020,ACE-004,Caneca Grão Capixaba,2,49.90
101020,KIT-001,Kit Degustação 4x100g,1,89.90
101020,CAF-006,Microlote Caparaó 250g,1,79.90
101021,CAF-005,Blend Espresso 1kg,1,119.90
101022,CAF-001,Café Bourbon Amarelo 250g,1,54.90
101023,CAF-007,Café Gelado Cold Brew 300ml,1,18.90
101024,KIT-001,Kit Degustação 4x100g,1,89.90
101024,CAF-007,Café Gelado Cold Brew 300ml,1,18.90
101024,ACE-001,Prensa Francesa 600ml,2,139.90
101025,ACE-002,Coador V60 Cerâmica,1,159.90
101026,ACE-004,Caneca Grão Capixaba,2,49.90
101027,ACE-004,Caneca Grão Capixaba,1,49.90
101028,CAF-007,Café Gelado Cold Brew 300ml,1,18.90
101029,CAF-004,Blend da Casa 500g,1,69.90
101030,CAF-001,Café Bourbon Amarelo 250g,1,54.90
101030,CAF-006,Microlote Caparaó 250g,2,79.90
101030,ACE-003,Filtro de Papel 102 (100un),2,24.90
101031,CAF-002,Café Catuaí Vermelho 250g,1,49.90
101032,CAF-002,Café Catuaí Vermelho 250g,1,49.90
101033,CAF-001,Café Bourbon Amarelo 250g,1,54.90
101034,CAF-003,Café Conilon Especial 250g,1,44.90
101035,CAF-005,Blend Espresso 1kg,1,119.90
101035,ACE-004,Caneca Grão Capixaba,2,49.90
101036,ACE-002,Coador V60 Cerâmica,1,159.90
101037,CAF-006,Microlote Caparaó 250g,1,79.90
101037,CAF-004,Blend da Casa 500g,1,69.90
101038,CAF-004,Blend da Casa 500g,1,69.90
101039,CAF-002,Café Catuaí Vermelho 250g,1,49.90
101039,CAF-006,Microlote Caparaó 250g,1,79.90
101040,CAF-002,Café Catuaí Vermelho 250g,1,49.90
101040,KIT-001,Kit Degustação 4x100g,1,89.90
101041,CAF-007,Café Gelado Cold Brew 300ml,1,18.90
101041,CAF-003,Café Conilon Especial 250g,1,44.90
101042,ACE-003,Filtro de Papel 102 (100un),2,24.90
101043,CAF-005,Blend Espresso 1kg,1,119.90
101043,CAF-004,Blend da Casa 500g,1,69.90
101044,ACE-004,Caneca Grão Capixaba,1,49.90
101045,CAF-003,Café Conilon Especial 250g,3,44.90
101046,CAF-007,Café Gelado Cold Brew 300ml,1,18.90
101046,CAF-004,Blend da Casa 500g,1,69.90
101046,ACE-002,Coador V60 Cerâmica,2,159.90
101047,CAF-006,Microlote Caparaó 250g,2,79.90
101047,CAF-003,Café Conilon Especial 250g,1,44.90
101047,ACE-003,Filtro de Papel 102 (100un),1,24.90
101047,KIT-001,Kit Degustação 4x100g,1,89.90
101048,ACE-004,Caneca Grão Capixaba,1,49.90
101049,ACE-003,Filtro de Papel 102 (100un),1,24.90
101049,CAF-006,Microlote Caparaó 250g,1,79.90
101050,CAF-001,Café Bourbon Amarelo 250g,1,54.90
101051,CAF-004,Blend da Casa 500g,1,69.90
101052,CAF-004,Blend da Casa 500g,1,69.90
101053,CAF-004,Blend da Casa 500g,1,69.90
101054,ACE-004,Caneca Grão Capixaba,1,49.90
101054,ACE-002,Coador V60 Cerâmica,1,159.90
101055,ACE-001,Prensa Francesa 600ml,2,139.90
101055,CAF-006,Microlote Caparaó 250g,1,79.90
101055,KIT-001,Kit Degustação 4x100g,1,89.90
101056,ACE-003,Filtro de Papel 102 (100un),1,24.90
101056,CAF-004,Blend da Casa 500g,1,69.90
101056,ACE-002,Coador V60 Cerâmica,1,159.90
101057,CAF-005,Blend Espresso 1kg,1,119.90
101058,CAF-004,Blend da Casa 500g,1,69.90
101059,ACE-002,Coador V60 Cerâmica,1,159.90
101060,KIT-001,Kit Degustação 4x100g,1,89.90
101061,CAF-004,Blend da Casa 500g,1,69.90
101062,ACE-004,Caneca Grão Capixaba,1,49.90
101062,ACE-001,Prensa Francesa 600ml,1,139.90
101063,CAF-003,Café Conilon Especial 250g,1,44.90
101063,ACE-003,Filtro de Papel 102 (100un),1,24.90
101063,CAF-005,Blend Espresso 1kg,1,119.90
101063,ACE-001,Prensa Francesa 600ml,1,139.90
101064,ACE-002,Coador V60 Cerâmica,3,159.90
101064,CAF-002,Café Catuaí Vermelho 250g,1,49.90
101064,CAF-004,Blend da Casa 500g,1,69.90
101064,CAF-005,Blend Espresso 1kg,3,119.90
101065,CAF-004,Blend da Casa 500g,1,69.90
101066,ACE-002,Coador V60 Cerâmica,1,159.90
101066,CAF-007,Café Gelado Cold Brew 300ml,3,18.90
101067,KIT-001,Kit Degustação 4x100g,1,89.90
101068,ACE-001,Prensa Francesa 600ml,1,139.90
101069,CAF-005,Blend Espresso 1kg,1,119.90
101070,CAF-003,Café Conilon Especial 250g,1,44.90
101070,CAF-006,Microlote Caparaó 250g,1,79.90
101070,CAF-007,Café Gelado Cold Brew 300ml,1,18.90
101071,ACE-001,Prensa Francesa 600ml,2,139.90
101071,CAF-004,Blend da Casa 500g,1,69.90
101072,CAF-002,Café Catuaí Vermelho 250g,1,49.90
101072,CAF-007,Café Gelado Cold Brew 300ml,1,18.90
101072,CAF-006,Microlote Caparaó 250g,1,79.90
101072,CAF-003,Café Conilon Especial 250g,2,44.90
101073,ACE-003,Filtro de Papel 102 (100un),1,24.90
101074,CAF-005,Blend Espresso 1kg,2,119.90
101074,CAF-003,Café Conilon Especial 250g,1,44.90
101075,KIT-001,Kit Degustação 4x100g,1,89.90
101076,CAF-004,Blend da Casa 500g,1,69.90
101076,CAF-005,Blend Espresso 1kg,2,119.90
101076,CAF-007,Café Gelado Cold Brew 300ml,1,18.90
101077,CAF-005,Blend Espresso 1kg,1,119.90
101077,CAF-003,Café Conilon Especial 250g,1,44.90
101078,CAF-004,Blend da Casa 500g,1,69.90
101078,KIT-001,Kit Degustação 4x100g,1,89.90
101078,ACE-004,Caneca Grão Capixaba,1,49.90
101079,CAF-005,Blend Espresso 1kg,1,119.90
101080,ACE-004,Caneca Grão Capixaba,2,49.90
101081,KIT-001,Kit Degustação 4x100g,1,89.90
101081,CAF-003,Café Conilon Especial 250g,1,44.90
101082,ACE-001,Prensa Francesa 600ml,1,139.90
101083,CAF-007,Café Gelado Cold Brew 300ml,1,18.90
101083,CAF-003,Café Conilon Especial 250g,2,44.90
101083,CAF-006,Microlote Caparaó 250g,1,79.90
101084,CAF-006,Microlote Caparaó 250g,1,79.90
101085,ACE-002,Coador V60 Cerâmica,1,159.90
101086,CAF-002,Café Catuaí Vermelho 250g,1,49.90
101087,ACE-001,Prensa Francesa 600ml,1,139.90
101087,ACE-002,Coador V60 Cerâmica,1,159.90
101087,ACE-003,Filtro de Papel 102 (100un),2,24.90
101088,CAF-007,Café Gelado Cold Brew 300ml,1,18.90
101089,ACE-003,Filtro de Papel 102 (100un),1,24.90
101090,CAF-003,Café Conilon Especial 250g,1,44.90
101090,ACE-003,Filtro de Papel 102 (100un),1,24.90
101091,ACE-004,Caneca Grão Capixaba,1,49.90
101092,CAF-002,Café Catuaí Vermelho 250g,1,49.90
101092,KIT-001,Kit Degustação 4x100g,1,89.90
101093,CAF-003,Café Conilon Especial 250g,1,44.90
101093,CAF-001,Café Bourbon Amarelo 250g,1,54.90
101094,ACE-001,Prensa Francesa 600ml,1,139.90
101094,CAF-005,Blend Espresso 1kg,2,119.90
101094,KIT-001,Kit Degustação 4x100g,1,89.90
101094,CAF-002,Café Catuaí Vermelho 250g,1,49.90
101095,CAF-006,Microlote Caparaó 250g,1,79.90
101095,CAF-003,Café Conilon Especial 250g,1,44.90
101095,ACE-002,Coador V60 Cerâmica,2,159.90
101096,CAF-005,Blend Espresso 1kg,1,119.90
101097,KIT-001,Kit Degustação 4x100g,2,89.90
101097,CAF-006,Microlote Caparaó 250g,3,79.90
101098,CAF-005,Blend Espresso 1kg,1,119.90
101098,ACE-002,Coador V60 Cerâmica,1,159.90
101099,CAF-003,Café Conilon Especial 250g,1,44.90
101100,CAF-006,Microlote Caparaó 250g,3,79.90
101100,CAF-003,Café Conilon Especial 250g,1,44.90
101100,CAF-001,Café Bourbon Amarelo 250g,1,54.90
101100,CAF-007,Café Gelado Cold Brew 300ml,1,18.90
101101,ACE-003,Filtro de Papel 102 (100un),1,24.90
101101,CAF-007,Café Gelado Cold Brew 300ml,1,18.90
101101,CAF-003,Café Conilon Especial 250g,1,44.90
101102,CAF-007,Café Gelado Cold Brew 300ml,1,18.90
101103,CAF-001,Café Bourbon Amarelo 250g,1,54.90
101103,CAF-006,Microlote Caparaó 250g,1,79.90
101104,ACE-004,Caneca Grão Capixaba,1,49.90
101104,CAF-004,Blend da Casa 500g,2,69.90
101105,KIT-001,Kit Degustação 4x100g,1,89.90
101106,CAF-004,Blend da Casa 500g,1,69.90
101106,ACE-004,Caneca Grão Capixaba,1,49.90
101107,CAF-003,Café Conilon Especial 250g,2,44.90
101108,CAF-004,Blend da Casa 500g,1,69.90
101109,CAF-004,Blend da Casa 500g,1,69.90
101110,CAF-007,Café Gelado Cold Brew 300ml,1,18.90
101111,KIT-001,Kit Degustação 4x100g,1,89.90
101112,CAF-001,Café Bourbon Amarelo 250g,1,54.90
101113,CAF-004,Blend da Casa 500g,1,69.90
101114,CAF-004,Blend da Casa 500g,1,69.90
101115,CAF-004,Blend da Casa 500g,1,69.90
101116,ACE-004,Caneca Grão Capixaba,1,49.90
101116,CAF-005,Blend Espresso 1kg,1,119.90
101116,CAF-002,Café Catuaí Vermelho 250g,1,49.90
101117,CAF-007,Café Gelado Cold Brew 300ml,1,18.90
101118,ACE-001,Prensa Francesa 600ml,1,139.90
101119,ACE-002,Coador V60 Cerâmica,1,159.90
101120,CAF-007,Café Gelado Cold Brew 300ml,1,18.90
101121,ACE-001,Prensa Francesa 600ml,1,139.90
101122,KIT-001,Kit Degustação 4x100g,1,89.90
101123,CAF-003,Café Conilon Especial 250g,2,44.90
101124,ACE-002,Coador V60 Cerâmica,3,159.90
101125,CAF-003,Café Conilon Especial 250g,1,44.90
101126,CAF-004,Blend da Casa 500g,1,69.90
101127,CAF-001,Café Bourbon Amarelo 250g,1,54.90
101127,ACE-001,Prensa Francesa 600ml,1,139.90
101128,ACE-001,Prensa Francesa 600ml,1,139.90
101129,KIT-001,Kit Degustação 4x100g,1,89.90
101129,CAF-007,Café Gelado Cold Brew 300ml,1,18.90
101130,ACE-004,Caneca Grão Capixaba,2,49.90
101131,ACE-001,Prensa Francesa 600ml,3,139.90
101131,CAF-002,Café Catuaí Vermelho 250g,1,49.90
101132,CAF-003,Café Conilon Especial 250g,1,44.90
101132,ACE-002,Coador V60 Cerâmica,1,159.90
101133,CAF-002,Café Catuaí Vermelho 250g,1,49.90
101133,CAF-007,Café Gelado Cold Brew 300ml,1,18.90
101134,KIT-001,Kit Degustação 4x100g,1,89.90
101135,ACE-003,Filtro de Papel 102 (100un),1,24.90
101136,CAF-003,Café Conilon Especial 250g,2,44.90
101136,CAF-002,Café Catuaí Vermelho 250g,1,49.90
101137,ACE-001,Prensa Francesa 600ml,3,139.90
101137,CAF-003,Café Conilon Especial 250g,1,44.90
101138,CAF-001,Café Bourbon Amarelo 250g,1,54.90
101139,CAF-003,Café Conilon Especial 250g,1,44.90
101140,CAF-004,Blend da Casa 500g,1,69.90
101141,CAF-002,Café Catuaí Vermelho 250g,3,49.90
101141,ACE-003,Filtro de Papel 102 (100un),1,24.90
101142,ACE-003,Filtro de Papel 102 (100un),1,24.90
101143,ACE-002,Coador V60 Cerâmica,1,159.90
101143,CAF-002,Café Catuaí Vermelho 250g,1,49.90
101144,ACE-002,Coador V60 Cerâmica,1,159.90
101145,CAF-002,Café Catuaí Vermelho 250g,3,49.90
101145,CAF-007,Café Gelado Cold Brew 300ml,1,18.90
101146,ACE-002,Coador V60 Cerâmica,1,159.90
101147,CAF-001,Café Bourbon Amarelo 250g,1,54.90
101147,CAF-003,Café Conilon Especial 250g,1,44.90
101147,ACE-004,Caneca Grão Capixaba,1,49.90
101148,CAF-007,Café Gelado Cold Brew 300ml,1,18.90
101148,CAF-001,Café Bourbon Amarelo 250g,1,54.90
101148,CAF-006,Microlote Caparaó 250g,1,79.90
101148,KIT-001,Kit Degustação 4x100g,3,89.90
101149,ACE-001,Prensa Francesa 600ml,1,139.90
101150,CAF-005,Blend Espresso 1kg,1,119.90
101150,KIT-001,Kit Degustação 4x100g,1,89.90
101151,ACE-002,Coador V60 Cerâmica,1,159.90
101152,CAF-004,Blend da Casa 500g,1,69.90
101153,ACE-002,Coador V60 Cerâmica,2,159.90
101153,KIT-001,Kit Degustação 4x100g,1,89.90
101154,CAF-004,Blend da Casa 500g,2,69.90
101155,CAF-004,Blend da Casa 500g,1,69.90
101156,CAF-001,Café Bourbon Amarelo 250g,1,54.90
101157,CAF-003,Café Conilon Especial 250g,2,44.90
101158,CAF-005,Blend Espresso 1kg,1,119.90
101158,ACE-004,Caneca Grão Capixaba,1,49.90
101159,CAF-004,Blend da Casa 500g,1,69.90
101160,KIT-001,Kit Degustação 4x100g,1,89.90
101161,CAF-001,Café Bourbon Amarelo 250g,1,54.90
101162,CAF-002,Café Catuaí Vermelho 250g,2,49.90
101162,CAF-003,Café Conilon Especial 250g,1,44.90
101162,CAF-005,Blend Espresso 1kg,1,119.90
101163,CAF-005,Blend Espresso 1kg,2,119.90
101163,CAF-003,Café Conilon Especial 250g,2,44.90
101164,CAF-003,Café Conilon Especial 250g,1,44.90
101165,CAF-003,Café Conilon Especial 250g,1,44.90
101166,ACE-003,Filtro de Papel 102 (100un),1,24.90
101166,CAF-004,Blend da Casa 500g,1,69.90
101167,KIT-001,Kit Degustação 4x100g,3,89.90
101168,CAF-005,Blend Espresso 1kg,2,119.90
101168,CAF-003,Café Conilon Especial 250g,1,44.90
101169,ACE-004,Caneca Grão Capixaba,1,49.90
101170,CAF-007,Café Gelado Cold Brew 300ml,1,18.90
101170,ACE-002,Coador V60 Cerâmica,1,159.90
101170,ACE-001,Prensa Francesa 600ml,1,139.90
101171,ACE-002,Coador V60 Cerâmica,1,159.90
101171,CAF-003,Café Conilon Especial 250g,1,44.90
101171,CAF-004,Blend da Casa 500g,1,69.90
101172,CAF-001,Café Bourbon Amarelo 250g,1,54.90
101173,ACE-002,Coador V60 Cerâmica,1,159.90
101173,CAF-001,Café Bourbon Amarelo 250g,1,54.90
101174,CAF-004,Blend da Casa 500g,1,69.90
101175,CAF-004,Blend da Casa 500g,1,69.90
101176,ACE-003,Filtro de Papel 102 (100un),1,24.90
101176,CAF-007,Café Gelado Cold Brew 300ml,1,18.90
101177,ACE-001,Prensa Francesa 600ml,1,139.90
101178,CAF-004,Blend da Casa 500g,1,69.90
101179,CAF-003,Café Conilon Especial 250g,1,44.90
101179,CAF-004,Blend da Casa 500g,2,69.90
101180,CAF-004,Blend da Casa 500g,2,69.90
101181,CAF-004,Blend da Casa 500g,1,69.90
101182,CAF-004,Blend da Casa 500g,1,69.90
101183,CAF-005,Blend Espresso 1kg,1,119.90
101183,ACE-001,Prensa Francesa 600ml,1,139.90
101184,CAF-001,Café Bourbon Amarelo 250g,1,54.90
101184,ACE-002,Coador V60 Cerâmica,1,159.90
101185,CAF-002,Café Catuaí Vermelho 250g,3,49.90
101186,CAF-005,Blend Espresso 1kg,1,119.90
101187,CAF-005,Blend Espresso 1kg,1,119.90
101187,ACE-001,Prensa Francesa 600ml,1,139.90
101187,CAF-002,Café Catuaí Vermelho 250g,1,49.90
101188,CAF-007,Café Gelado Cold Brew 300ml,1,18.90
101188,ACE-003,Filtro de Papel 102 (100un),1,24.90
101188,ACE-001,Prensa Francesa 600ml,1,139.90
101188,ACE-004,Caneca Grão Capixaba,2,49.90
101189,ACE-004,Caneca Grão Capixaba,1,49.90
101190,ACE-004,Caneca Grão Capixaba,1,49.90
101191,CAF-007,Café Gelado Cold Brew 300ml,2,18.90
101192,CAF-007,Café Gelado Cold Brew 300ml,2,18.90
101193,CAF-004,Blend da Casa 500g,1,69.90
101194,ACE-001,Prensa Francesa 600ml,1,139.90
101195,CAF-003,Café Conilon Especial 250g,1,44.90
101196,CAF-005,Blend Espresso 1kg,1,119.90
101196,ACE-004,Caneca Grão Capixaba,1,49.90
101197,CAF-001,Café Bourbon Amarelo 250g,2,54.90
101197,CAF-007,Café Gelado Cold Brew 300ml,1,18.90
101197,CAF-004,Blend da Casa 500g,2,69.90
101198,ACE-001,Prensa Francesa 600ml,1,139.90
101199,CAF-004,Blend da Casa 500g,1,69.90
101200,CAF-001,Café Bourbon Amarelo 250g,1,54.90
101201,ACE-004,Caneca Grão Capixaba,1,49.90
101201,KIT-001,Kit Degustação 4x100g,2,89.90
101202,CAF-007,Café Gelado Cold Brew 300ml,1,18.90
101202,CAF-006,Microlote Caparaó 250g,1,79.90
101202,CAF-003,Café Conilon Especial 250g,1,44.90
101203,ACE-002,Coador V60 Cerâmica,1,159.90
101203,CAF-005,Blend Espresso 1kg,1,119.90
101204,CAF-006,Microlote Caparaó 250g,1,79.90
101204,ACE-002,Coador V60 Cerâmica,1,159.90
101205,ACE-004,Caneca Grão Capixaba,1,49.90
101206,CAF-004,Blend da Casa 500g,2,69.90
101206,CAF-007,Café Gelado Cold Brew 300ml,1,18.90
101206,CAF-001,Café Bourbon Amarelo 250g,1,54.90
101207,CAF-005,Blend Espresso 1kg,1,119.90
101207,KIT-001,Kit Degustação 4x100g,2,89.90
101208,CAF-002,Café Catuaí Vermelho 250g,1,49.90
101208,CAF-005,Blend Espresso 1kg,1,119.90
101209,CAF-005,Blend Espresso 1kg,1,119.90
101210,ACE-002,Coador V60 Cerâmica,1,159.90
101210,CAF-007,Café Gelado Cold Brew 300ml,1,18.90
101211,KIT-001,Kit Degustação 4x100g,1,89.90
101212,ACE-002,Coador V60 Cerâmica,1,159.90
101212,CAF-001,Café Bourbon Amarelo 250g,1,54.90
101213,ACE-002,Coador V60 Cerâmica,1,159.90
101214,CAF-004,Blend da Casa 500g,1,69.90
101215,CAF-005,Blend Espresso 1kg,1,119.90
101215,CAF-001,Café Bourbon Amarelo 250g,1,54.90
101216,CAF-003,Café Conilon Especial 250g,1,44.90
101216,ACE-003,Filtro de Papel 102 (100un),1,24.90
101217,CAF-004,Blend da Casa 500g,2,69.90
101217,CAF-002,Café Catuaí Vermelho 250g,1,49.90
101217,CAF-005,Blend Espresso 1kg,1,119.90
101218,KIT-001,Kit Degustação 4x100g,1,89.90
101219,CAF-004,Blend da Casa 500g,1,69.90
101219,ACE-001,Prensa Francesa 600ml,1,139.90
101219,ACE-003,Filtro de Papel 102 (100un),2,24.90
101220,ACE-004,Caneca Grão Capixaba,1,49.90
101221,ACE-003,Filtro de Papel 102 (100un),1,24.90
101221,CAF-001,Café Bourbon Amarelo 250g,1,54.90
101222,ACE-002,Coador V60 Cerâmica,1,159.90
101222,ACE-004,Caneca Grão Capixaba,1,49.90
101223,CAF-006,Microlote Caparaó 250g,1,79.90
101224,ACE-001,Prensa Francesa 600ml,1,139.90
101224,CAF-005,Blend Espresso 1kg,1,119.90
101224,CAF-002,Café Catuaí Vermelho 250g,1,49.90
101224,CAF-004,Blend da Casa 500g,1,69.90
101225,ACE-004,Caneca Grão Capixaba,1,49.90
101226,KIT-001,Kit Degustação 4x100g,1,89.90
101227,CAF-002,Café Catuaí Vermelho 250g,1,49.90
101227,ACE-001,Prensa Francesa 600ml,3,139.90
101227,CAF-001,Café Bourbon Amarelo 250g,1,54.90
101227,CAF-006,Microlote Caparaó 250g,1,79.90
101228,CAF-004,Blend da Casa 500g,1,69.90
101229,CAF-001,Café Bourbon Amarelo 250g,2,54.90
101230,ACE-004,Caneca Grão Capixaba,1,49.90
101231,ACE-004,Caneca Grão Capixaba,1,49.90
101232,CAF-007,Café Gelado Cold Brew 300ml,1,18.90
101232,CAF-001,Café Bourbon Amarelo 250g,1,54.90
101233,CAF-004,Blend da Casa 500g,1,69.90
101234,ACE-004,Caneca Grão Capixaba,2,49.90
101234,CAF-001,Café Bourbon Amarelo 250g,1,54.90
101235,CAF-006,Microlote Caparaó 250g,1,79.90
101235,CAF-005,Blend Espresso 1kg,1,119.90
101235,CAF-001,Café Bourbon Amarelo 250g,1,54.90
101235,ACE-004,Caneca Grão Capixaba,1,49.90
101236,CAF-007,Café Gelado Cold Brew 300ml,1,18.90
101236,ACE-003,Filtro de Papel 102 (100un),1,24.90
101236,CAF-006,Microlote Caparaó 250g,1,79.90
101237,CAF-006,Microlote Caparaó 250g,1,79.90
101238,CAF-007,Café Gelado Cold Brew 300ml,1,18.90
101238,CAF-002,Café Catuaí Vermelho 250g,2,49.90
101239,CAF-001,Café Bourbon Amarelo 250g,2,54.90
101240,CAF-003,Café Conilon Especial 250g,2,44.90
101240,ACE-003,Filtro de Papel 102 (100un),1,24.90
101240,ACE-002,Coador V60 Cerâmica,1,159.90
101241,CAF-002,Café Catuaí Vermelho 250g,2,49.90
101241,KIT-001,Kit Degustação 4x100g,1,89.90
101242,CAF-004,Blend da Casa 500g,1,69.90
101243,KIT-001,Kit Degustação 4x100g,2,89.90
101244,CAF-006,Microlote Caparaó 250g,1,79.90
101244,ACE-001,Prensa Francesa 600ml,2,139.90
101245,CAF-006,Microlote Caparaó 250g,1,79.90
101246,CAF-002,Café Catuaí Vermelho 250g,1,49.90
101246,CAF-007,Café Gelado Cold Brew 300ml,2,18.90
101247,CAF-004,Blend da Casa 500g,1,69.90
101248,ACE-004,Caneca Grão Capixaba,2,49.90
101249,ACE-001,Prensa Francesa 600ml,2,139.90
101250,ACE-003,Filtro de Papel 102 (100un),1,24.90
101251,ACE-001,Prensa Francesa 600ml,1,139.90
101251,CAF-007,Café Gelado Cold Brew 300ml,1,18.90
101252,CAF-005,Blend Espresso 1kg,1,119.90
101252,CAF-003,Café Conilon Especial 250g,1,44.90
101253,CAF-004,Blend da Casa 500g,1,69.90
101253,CAF-005,Blend Espresso 1kg,1,119.90
101253,CAF-001,Café Bourbon Amarelo 250g,1,54.90
101253,ACE-004,Caneca Grão Capixaba,1,49.90
101254,ACE-004,Caneca Grão Capixaba,1,49.90
101254,CAF-006,Microlote Caparaó 250g,1,79.90
101255,CAF-004,Blend da Casa 500g,1,69.90
101255,ACE-001,Prensa Francesa 600ml,1,139.90
101256,CAF-003,Café Conilon Especial 250g,1,44.90
101257,CAF-001,Café Bourbon Amarelo 250g,2,54.90
101257,CAF-002,Café Catuaí Vermelho 250g,1,49.90
101258,ACE-001,Prensa Francesa 600ml,1,139.90
101258,CAF-004,Blend da Casa 500g,1,69.90
101258,ACE-003,Filtro de Papel 102 (100un),1,24.90
101259,CAF-001,Café Bourbon Amarelo 250g,1,54.90
101259,ACE-001,Prensa Francesa 600ml,1,139.90
101260,CAF-003,Café Conilon Especial 250g,1,44.90
101261,ACE-001,Prensa Francesa 600ml,2,139.90
101261,ACE-004,Caneca Grão Capixaba,1,49.90
101262,ACE-002,Coador V60 Cerâmica,2,159.90
101263,CAF-004,Blend da Casa 500g,1,69.90
101264,CAF-005,Blend Espresso 1kg,1,119.90
101264,CAF-002,Café Catuaí Vermelho 250g,2,49.90
101264,CAF-003,Café Conilon Especial 250g,1,44.90
101265,ACE-003,Filtro de Papel 102 (100un),2,24.90
101266,CAF-003,Café Conilon Especial 250g,2,44.90
101266,CAF-002,Café Catuaí Vermelho 250g,2,49.90
101267,ACE-004,Caneca Grão Capixaba,1,49.90
101267,CAF-004,Blend da Casa 500g,2,69.90
101267,CAF-001,Café Bourbon Amarelo 250g,1,54.90
101268,CAF-005,Blend Espresso 1kg,1,119.90
101268,ACE-003,Filtro de Papel 102 (100un),1,24.90
101268,KIT-001,Kit Degustação 4x100g,1,89.90
101269,CAF-002,Café Catuaí Vermelho 250g,1,49.90
101269,ACE-002,Coador V60 Cerâmica,1,159.90
101270,CAF-004,Blend da Casa 500g,1,69.90
101270,KIT-001,Kit Degustação 4x100g,1,89.90
101270,CAF-001,Café Bourbon Amarelo 250g,1,54.90
101271,ACE-003,Filtro de Papel 102 (100un),1,24.90
101271,CAF-004,Blend da Casa 500g,3,69.90
101272,CAF-007,Café Gelado Cold Brew 300ml,1,18.90
101272,ACE-004,Caneca Grão Capixaba,2,49.90
101273,CAF-007,Café Gelado Cold Brew 300ml,1,18.90
101274,ACE-003,Filtro de Papel 102 (100un),3,24.90
101275,ACE-001,Prensa Francesa 600ml,1,139.90
101276,ACE-003,Filtro de Papel 102 (100un),3,24.90
101277,KIT-001,Kit Degustação 4x100g,1,89.90
101277,CAF-004,Blend da Casa 500g,2,69.90
101277,CAF-002,Café Catuaí Vermelho 250g,1,49.90
101278,CAF-007,Café Gelado Cold Brew 300ml,1,18.90
101278,ACE-004,Caneca Grão Capixaba,1,49.90
101279,CAF-005,Blend Espresso 1kg,2,119.90
101280,CAF-004,Blend da Casa 500g,1,69.90
101281,ACE-002,Coador V60 Cerâmica,2,159.90
101281,CAF-005,Blend Espresso 1kg,2,119.90
101281,KIT-001,Kit Degustação 4x100g,1,89.90
101282,CAF-005,Blend Espresso 1kg,1,119.90
101282,ACE-002,Coador V60 Cerâmica,1,159.90
101283,CAF-002,Café Catuaí Vermelho 250g,1,49.90
101283,ACE-001,Prensa Francesa 600ml,1,139.90
101284,ACE-002,Coador V60 Cerâmica,1,159.90
101284,CAF-007,Café Gelado Cold Brew 300ml,1,18.90
101285,CAF-005,Blend Espresso 1kg,1,119.90
101285,KIT-001,Kit Degustação 4x100g,1,89.90
101285,CAF-001,Café Bourbon Amarelo 250g,1,54.90
101286,CAF-003,Café Conilon Especial 250g,1,44.90
101287,CAF-007,Café Gelado Cold Brew 300ml,1,18.90
101287,CAF-006,Microlote Caparaó 250g,1,79.90
101287,CAF-003,Café Conilon Especial 250g,2,44.90
101288,CAF-003,Café Conilon Especial 250g,1,44.90
101288,CAF-005,Blend Espresso 1kg,1,119.90
101289,CAF-004,Blend da Casa 500g,1,69.90
101290,CAF-001,Café Bourbon Amarelo 250g,1,54.90
101290,CAF-005,Blend Espresso 1kg,2,119.90
101290,ACE-004,Caneca Grão Capixaba,1,49.90
101291,CAF-005,Blend Espresso 1kg,1,119.90
101291,ACE-003,Filtro de Papel 102 (100un),2,24.90
101292,KIT-001,Kit Degustação 4x100g,1,89.90
101292,CAF-001,Café Bourbon Amarelo 250g,1,54.90
101293,CAF-005,Blend Espresso 1kg,1,119.90
101293,ACE-002,Coador V60 Cerâmica,2,159.90
101293,CAF-004,Blend da Casa 500g,2,69.90
101294,CAF-005,Blend Espresso 1kg,1,119.90
101294,CAF-007,Café Gelado Cold Brew 300ml,1,18.90
101295,ACE-002,Coador V60 Cerâmica,1,159.90
101295,ACE-004,Caneca Grão Capixaba,1,49.90
101295,CAF-005,Blend Espresso 1kg,1,119.90
101295,KIT-001,Kit Degustação 4x100g,1,89.90
101296,KIT-001,Kit Degustação 4x100g,1,89.90
101297,CAF-004,Blend da Casa 500g,1,69.90
101298,CAF-001,Café Bourbon Amarelo 250g,1,54.90
101298,ACE-003,Filtro de Papel 102 (100un),2,24.90
101299,ACE-003,Filtro de Papel 102 (100un),1,24.90
101300,CAF-005,Blend Espresso 1kg,1,119.90
101300,CAF-004,Blend da Casa 500g,1,69.90
101300,CAF-006,Microlote Caparaó 250g,1,79.90
101301,CAF-006,Microlote Caparaó 250g,2,79.90
101302,CAF-004,Blend da Casa 500g,1,69.90
101303,ACE-003,Filtro de Papel 102 (100un),1,24.90
101303,CAF-006,Microlote Caparaó 250g,1,79.90
101303,ACE-004,Caneca Grão Capixaba,1,49.90
101304,ACE-001,Prensa Francesa 600ml,1,139.90
101304,CAF-001,Café Bourbon Amarelo 250g,1,54.90
101305,ACE-003,Filtro de Papel 102 (100un),1,24.90
101305,ACE-001,Prensa Francesa 600ml,1,139.90
101306,ACE-001,Prensa Francesa 600ml,1,139.90
101306,ACE-003,Filtro de Papel 102 (100un),1,24.90
101307,ACE-003,Filtro de Papel 102 (100un),1,24.90
101308,ACE-004,Caneca Grão Capixaba,2,49.90
101309,ACE-001,Prensa Francesa 600ml,1,139.90
101310,CAF-005,Blend Espresso 1kg,2,119.90
101310,ACE-002,Coador V60 Cerâmica,1,159.90
101310,CAF-007,Café Gelado Cold Brew 300ml,2,18.90
101310,CAF-001,Café Bourbon Amarelo 250g,2,54.90
101311,CAF-004,Blend da Casa 500g,3,69.90
101311,CAF-007,Café Gelado Cold Brew 300ml,1,18.90
101312,CAF-002,Café Catuaí Vermelho 250g,1,49.90
101312,ACE-004,Caneca Grão Capixaba,1,49.90
101313,CAF-007,Café Gelado Cold Brew 300ml,2,18.90
101313,CAF-004,Blend da Casa 500g,2,69.90
101314,ACE-001,Prensa Francesa 600ml,1,139.90
101314,CAF-005,Blend Espresso 1kg,1,119.90
101314,CAF-004,Blend da Casa 500g,1,69.90
101314,ACE-003,Filtro de Papel 102 (100un),2,24.90
101315,CAF-004,Blend da Casa 500g,1,69.90
101316,CAF-002,Café Catuaí Vermelho 250g,2,49.90
101316,ACE-001,Prensa Francesa 600ml,1,139.90
101316,CAF-001,Café Bourbon Amarelo 250g,1,54.90
101316,CAF-007,Café Gelado Cold Brew 300ml,1,18.90
101317,CAF-001,Café Bourbon Amarelo 250g,1,54.90
101317,ACE-003,Filtro de Papel 102 (100un),1,24.90
101317,KIT-001,Kit Degustação 4x100g,1,89.90
101318,ACE-003,Filtro de Papel 102 (100un),1,24.90
101318,ACE-004,Caneca Grão Capixaba,1,49.90
101318,CAF-001,Café Bourbon Amarelo 250g,1,54.90
101319,CAF-007,Café Gelado Cold Brew 300ml,1,18.90
101319,CAF-002,Café Catuaí Vermelho 250g,2,49.90
101320,CAF-004,Blend da Casa 500g,1,69.90
101321,CAF-004,Blend da Casa 500g,1,69.90
101322,KIT-001,Kit Degustação 4x100g,2,89.90
101322,CAF-001,Café Bourbon Amarelo 250g,1,54.90
101322,CAF-005,Blend Espresso 1kg,1,119.90
101323,CAF-007,Café Gelado Cold Brew 300ml,1,18.90
101324,CAF-001,Café Bourbon Amarelo 250g,1,54.90
101324,ACE-003,Filtro de Papel 102 (100un),2,24.90
101324,ACE-001,Prensa Francesa 600ml,1,139.90
101325,CAF-005,Blend Espresso 1kg,1,119.90
101325,CAF-002,Café Catuaí Vermelho 250g,1,49.90
101326,KIT-001,Kit Degustação 4x100g,1,89.90
101327,ACE-004,Caneca Grão Capixaba,2,49.90
101328,CAF-005,Blend Espresso 1kg,3,119.90
101328,CAF-001,Café Bourbon Amarelo 250g,2,54.90
101329,CAF-002,Café Catuaí Vermelho 250g,2,49.90
101329,ACE-002,Coador V60 Cerâmica,1,159.90
101329,CAF-006,Microlote Caparaó 250g,1,79.90
101330,CAF-005,Blend Espresso 1kg,1,119.90
101331,CAF-004,Blend da Casa 500g,1,69.90
101332,CAF-007,Café Gelado Cold Brew 300ml,3,18.90
101332,CAF-001,Café Bourbon Amarelo 250g,1,54.90
101332,ACE-001,Prensa Francesa 600ml,2,139.90
101332,CAF-004,Blend da Casa 500g,1,69.90
101333,CAF-001,Café Bourbon Amarelo 250g,1,54.90
101334,CAF-006,Microlote Caparaó 250g,1,79.90
101335,CAF-005,Blend Espresso 1kg,1,119.90
101335,CAF-006,Microlote Caparaó 250g,1,79.90
101336,CAF-004,Blend da Casa 500g,1,69.90
101337,CAF-006,Microlote Caparaó 250g,1,79.90
101338,ACE-003,Filtro de Papel 102 (100un),1,24.90
101338,CAF-001,Café Bourbon Amarelo 250g,1,54.90
101339,CAF-006,Microlote Caparaó 250g,1,79.90
101339,ACE-002,Coador V60 Cerâmica,1,159.90
101340,CAF-001,Café Bourbon Amarelo 250g,1,54.90
101341,CAF-004,Blend da Casa 500g,1,69.90
101342,CAF-005,Blend Espresso 1kg,2,119.90
101343,ACE-001,Prensa Francesa 600ml,1,139.90
101344,CAF-002,Café Catuaí Vermelho 250g,1,49.90
101345,CAF-007,Café Gelado Cold Brew 300ml,1,18.90
101345,ACE-003,Filtro de Papel 102 (100un),2,24.90
101345,ACE-004,Caneca Grão Capixaba,1,49.90
101346,ACE-001,Prensa Francesa 600ml,2,139.90
101347,ACE-004,Caneca Grão Capixaba,3,49.90
101347,KIT-001,Kit Degustação 4x100g,1,89.90
101347,ACE-003,Filtro de Papel 102 (100un),1,24.90
101348,ACE-002,Coador V60 Cerâmica,2,159.90
101348,CAF-003,Café Conilon Especial 250g,1,44.90
101348,ACE-004,Caneca Grão Capixaba,1,49.90
101349,ACE-004,Caneca Grão Capixaba,1,49.90
101349,ACE-002,Coador V60 Cerâmica,1,159.90
101350,CAF-003,Café Conilon Especial 250g,1,44.90
101351,ACE-004,Caneca Grão Capixaba,1,49.90
101351,CAF-003,Café Conilon Especial 250g,1,44.90
101352,CAF-004,Blend da Casa 500g,3,69.90
101352,CAF-003,Café Conilon Especial 250g,1,44.90
101353,ACE-003,Filtro de Papel 102 (100un),1,24.90
101354,CAF-004,Blend da Casa 500g,1,69.90
101355,CAF-002,Café Catuaí Vermelho 250g,3,49.90
101356,CAF-006,Microlote Caparaó 250g,1,79.90
101356,ACE-001,Prensa Francesa 600ml,1,139.90
101356,ACE-004,Caneca Grão Capixaba,2,49.90
101357,CAF-001,Café Bourbon Amarelo 250g,1,54.90
101357,ACE-001,Prensa Francesa 600ml,1,139.90
101357,CAF-006,Microlote Caparaó 250g,1,79.90
101357,KIT-001,Kit Degustação 4x100g,1,89.90
101358,CAF-001,Café Bourbon Amarelo 250g,1,54.90
101358,CAF-003,Café Conilon Especial 250g,1,44.90
101359,ACE-003,Filtro de Papel 102 (100un),2,24.90
101359,CAF-002,Café Catuaí Vermelho 250g,1,49.90
101359,CAF-004,Blend da Casa 500g,1,69.90
101360,CAF-004,Blend da Casa 500g,1,69.90
101361,CAF-005,Blend Espresso 1kg,1,119.90
101361,CAF-006,Microlote Caparaó 250g,3,79.90
101362,CAF-003,Café Conilon Especial 250g,1,44.90
101362,CAF-006,Microlote Caparaó 250g,1,79.90
101363,CAF-004,Blend da Casa 500g,1,69.90
101364,ACE-001,Prensa Francesa 600ml,1,139.90
101365,CAF-004,Blend da Casa 500g,1,69.90
101366,ACE-002,Coador V60 Cerâmica,1,159.90
101366,KIT-001,Kit Degustação 4x100g,1,89.90
101367,CAF-004,Blend da Casa 500g,1,69.90
101367,CAF-006,Microlote Caparaó 250g,1,79.90
101368,CAF-001,Café Bourbon Amarelo 250g,1,54.90
101368,CAF-002,Café Catuaí Vermelho 250g,1,49.90
101368,ACE-001,Prensa Francesa 600ml,2,139.90
101369,CAF-003,Café Conilon Especial 250g,1,44.90
101370,CAF-002,Café Catuaí Vermelho 250g,1,49.90
101370,CAF-001,Café Bourbon Amarelo 250g,1,54.90
101370,CAF-006,Microlote Caparaó 250g,1,79.90
101371,ACE-001,Prensa Francesa 600ml,3,139.90
101371,CAF-001,Café Bourbon Amarelo 250g,1,54.90
101372,ACE-004,Caneca Grão Capixaba,1,49.90
101372,CAF-003,Café Conilon Especial 250g,1,44.90
101372,CAF-002,Café Catuaí Vermelho 250g,1,49.90
101373,CAF-006,Microlote Caparaó 250g,1,79.90
101374,CAF-004,Blend da Casa 500g,1,69.90
101375,CAF-007,Café Gelado Cold Brew 300ml,1,18.90
101375,CAF-004,Blend da Casa 500g,1,69.90
101376,ACE-004,Caneca Grão Capixaba,1,49.90
101376,CAF-003,Café Conilon Especial 250g,1,44.90
101377,ACE-003,Filtro de Papel 102 (100un),2,24.90
101378,CAF-003,Café Conilon Especial 250g,1,44.90
101379,CAF-001,Café Bourbon Amarelo 250g,1,54.90
101380,CAF-001,Café Bourbon Amarelo 250g,1,54.90
101381,CAF-004,Blend da Casa 500g,1,69.90
101382,ACE-001,Prensa Francesa 600ml,1,139.90
101383,CAF-007,Café Gelado Cold Brew 300ml,1,18.90
101384,ACE-004,Caneca Grão Capixaba,2,49.90
101385,CAF-002,Café Catuaí Vermelho 250g,1,49.90
101385,ACE-003,Filtro de Papel 102 (100un),1,24.90
101386,CAF-002,Café Catuaí Vermelho 250g,1,49.90
101387,ACE-003,Filtro de Papel 102 (100un),1,24.90
101387,CAF-001,Café Bourbon Amarelo 250g,1,54.90
101387,CAF-003,Café Conilon Especial 250g,1,44.90
101388,CAF-004,Blend da Casa 500g,1,69.90
101388,CAF-003,Café Conilon Especial 250g,1,44.90
101389,CAF-006,Microlote Caparaó 250g,2,79.90
101390,CAF-004,Blend da Casa 500g,1,69.90
101391,CAF-004,Blend da Casa 500g,1,69.90
101392,CAF-004,Blend da Casa 500g,1,69.90
101393,ACE-002,Coador V60 Cerâmica,1,159.90
101393,CAF-007,Café Gelado Cold Brew 300ml,1,18.90
101393,CAF-002,Café Catuaí Vermelho 250g,1,49.90
101393,CAF-003,Café Conilon Especial 250g,1,44.90
101394,CAF-004,Blend da Casa 500g,1,69.90
101395,CAF-007,Café Gelado Cold Brew 300ml,2,18.90
101395,CAF-001,Café Bourbon Amarelo 250g,1,54.90
101396,ACE-001,Prensa Francesa 600ml,1,139.90
101396,CAF-007,Café Gelado Cold Brew 300ml,2,18.90
101396,ACE-004,Caneca Grão Capixaba,1,49.90
101397,ACE-004,Caneca Grão Capixaba,1,49.90
101397,CAF-005,Blend Espresso 1kg,1,119.90
101397,ACE-002,Coador V60 Cerâmica,2,159.90
101398,CAF-004,Blend da Casa 500g,1,69.90
101399,CAF-004,Blend da Casa 500g,1,69.90
101399,CAF-002,Café Catuaí Vermelho 250g,1,49.90
101399,CAF-007,Café Gelado Cold Brew 300ml,1,18.90
101400,CAF-001,Café Bourbon Amarelo 250g,2,54.90
101401,CAF-004,Blend da Casa 500g,1,69.90
101402,ACE-003,Filtro de Papel 102 (100un),1,24.90
101402,ACE-004,Caneca Grão Capixaba,3,49.90
101403,ACE-003,Filtro de Papel 102 (100un),2,24.90
101403,CAF-007,Café Gelado Cold Brew 300ml,1,18.90
101404,ACE-004,Caneca Grão Capixaba,1,49.90
101405,KIT-001,Kit Degustação 4x100g,1,89.90
101406,CAF-004,Blend da Casa 500g,1,69.90
101407,CAF-004,Blend da Casa 500g,1,69.90
101408,ACE-004,Caneca Grão Capixaba,1,49.90
101408,CAF-003,Café Conilon Especial 250g,1,44.90
101408,ACE-003,Filtro de Papel 102 (100un),1,24.90
101409,CAF-003,Café Conilon Especial 250g,1,44.90
101409,ACE-001,Prensa Francesa 600ml,1,139.90
101409,CAF-005,Blend Espresso 1kg,2,119.90
101410,CAF-004,Blend da Casa 500g,1,69.90
101411,CAF-004,Blend da Casa 500g,1,69.90
101412,CAF-003,Café Conilon Especial 250g,1,44.90
101412,CAF-007,Café Gelado Cold Brew 300ml,1,18.90
101413,ACE-001,Prensa Francesa 600ml,2,139.90
101414,ACE-004,Caneca Grão Capixaba,1,49.90
101414,CAF-005,Blend Espresso 1kg,1,119.90
101414,ACE-001,Prensa Francesa 600ml,1,139.90
101414,CAF-003,Café Conilon Especial 250g,1,44.90
101415,CAF-007,Café Gelado Cold Brew 300ml,1,18.90
101416,ACE-002,Coador V60 Cerâmica,2,159.90
101417,CAF-004,Blend da Casa 500g,1,69.90
101418,CAF-004,Blend da Casa 500g,1,69.90
101418,CAF-002,Café Catuaí Vermelho 250g,1,49.90
101419,CAF-006,Microlote Caparaó 250g,1,79.90
101419,CAF-004,Blend da Casa 500g,1,69.90
101420,CAF-004,Blend da Casa 500g,1,69.90
101421,CAF-001,Café Bourbon Amarelo 250g,1,54.90
101421,KIT-001,Kit Degustação 4x100g,1,89.90
101422,CAF-005,Blend Espresso 1kg,1,119.90
101423,ACE-001,Prensa Francesa 600ml,2,139.90
101424,KIT-001,Kit Degustação 4x100g,1,89.90
101425,CAF-006,Microlote Caparaó 250g,1,79.90
101426,ACE-004,Caneca Grão Capixaba,1,49.90
101427,CAF-003,Café Conilon Especial 250g,1,44.90
101427,ACE-002,Coador V60 Cerâmica,1,159.90
101427,CAF-004,Blend da Casa 500g,1,69.90
101427,ACE-004,Caneca Grão Capixaba,3,49.90
101428,CAF-006,Microlote Caparaó 250g,1,79.90
101429,CAF-005,Blend Espresso 1kg,2,119.90
101429,KIT-001,Kit Degustação 4x100g,1,89.90
101429,ACE-001,Prensa Francesa 600ml,1,139.90
101430,ACE-004,Caneca Grão Capixaba,1,49.90
101431,KIT-001,Kit Degustação 4x100g,2,89.90
101431,ACE-004,Caneca Grão Capixaba,2,49.90
101431,ACE-001,Prensa Francesa 600ml,1,139.90
101431,CAF-007,Café Gelado Cold Brew 300ml,1,18.90
101432,CAF-004,Blend da Casa 500g,1,69.90
101433,CAF-007,Café Gelado Cold Brew 300ml,1,18.90
101434,CAF-001,Café Bourbon Amarelo 250g,2,54.90
101434,ACE-003,Filtro de Papel 102 (100un),2,24.90
101435,ACE-001,Prensa Francesa 600ml,1,139.90
101435,CAF-007,Café Gelado Cold Brew 300ml,1,18.90
101435,CAF-005,Blend Espresso 1kg,1,119.90
101436,KIT-001,Kit Degustação 4x100g,2,89.90
101437,CAF-002,Café Catuaí Vermelho 250g,1,49.90
101438,CAF-003,Café Conilon Especial 250g,2,44.90
101438,CAF-006,Microlote Caparaó 250g,2,79.90
101439,CAF-004,Blend da Casa 500g,2,69.90
101440,ACE-002,Coador V60 Cerâmica,1,159.90
101440,ACE-001,Prensa Francesa 600ml,1,139.90
101441,CAF-006,Microlote Caparaó 250g,1,79.90
101442,CAF-007,Café Gelado Cold Brew 300ml,2,18.90
101443,ACE-003,Filtro de Papel 102 (100un),1,24.90
101444,CAF-002,Café Catuaí Vermelho 250g,1,49.90
101445,CAF-004,Blend da Casa 500g,1,69.90
101446,ACE-002,Coador V60 Cerâmica,1,159.90
101447,CAF-005,Blend Espresso 1kg,1,119.90
101447,CAF-006,Microlote Caparaó 250g,1,79.90
101448,KIT-001,Kit Degustação 4x100g,2,89.90
101448,CAF-005,Blend Espresso 1kg,1,119.90
101448,CAF-004,Blend da Casa 500g,1,69.90
101449,ACE-003,Filtro de Papel 102 (100un),1,24.90
101450,CAF-004,Blend da Casa 500g,1,69.90
101451,ACE-001,Prensa Francesa 600ml,2,139.90
101452,CAF-002,Café Catuaí Vermelho 250g,2,49.90
101453,CAF-007,Café Gelado Cold Brew 300ml,2,18.90
101454,CAF-005,Blend Espresso 1kg,2,119.90
101454,ACE-003,Filtro de Papel 102 (100un),1,24.90
101455,ACE-002,Coador V60 Cerâmica,1,159.90
101455,CAF-005,Blend Espresso 1kg,2,119.90
101456,CAF-004,Blend da Casa 500g,1,69.90
101457,CAF-007,Café Gelado Cold Brew 300ml,1,18.90
101457,ACE-002,Coador V60 Cerâmica,1,159.90
101458,KIT-001,Kit Degustação 4x100g,1,89.90
101459,CAF-004,Blend da Casa 500g,1,69.90
101460,KIT-001,Kit Degustação 4x100g,1,89.90
101460,ACE-004,Caneca Grão Capixaba,1,49.90
101460,CAF-004,Blend da Casa 500g,1,69.90
101461,ACE-001,Prensa Francesa 600ml,1,139.90
101462,ACE-001,Prensa Francesa 600ml,1,139.90
101463,ACE-003,Filtro de Papel 102 (100un),1,24.90
101463,CAF-006,Microlote Caparaó 250g,1,79.90
101463,CAF-002,Café Catuaí Vermelho 250g,1,49.90
101464,ACE-003,Filtro de Papel 102 (100un),1,24.90
101464,ACE-001,Prensa Francesa 600ml,1,139.90
101465,CAF-004,Blend da Casa 500g,1,69.90
101466,ACE-003,Filtro de Papel 102 (100un),2,24.90
101467,ACE-004,Caneca Grão Capixaba,1,49.90
101467,CAF-004,Blend da Casa 500g,1,69.90
101467,CAF-002,Café Catuaí Vermelho 250g,1,49.90
101468,CAF-006,Microlote Caparaó 250g,2,79.90
101468,KIT-001,Kit Degustação 4x100g,1,89.90
101468,ACE-002,Coador V60 Cerâmica,3,159.90
101469,CAF-004,Blend da Casa 500g,1,69.90
101470,CAF-006,Microlote Caparaó 250g,1,79.90
101471,ACE-002,Coador V60 Cerâmica,1,159.90
101472,CAF-007,Café Gelado Cold Brew 300ml,1,18.90
101472,ACE-004,Caneca Grão Capixaba,1,49.90
101472,CAF-006,Microlote Caparaó 250g,2,79.90
101472,KIT-001,Kit Degustação 4x100g,1,89.90
101473,CAF-004,Blend da Casa 500g,1,69.90
101474,CAF-004,Blend da Casa 500g,1,69.90
101475,KIT-001,Kit Degustação 4x100g,2,89.90
101476,CAF-002,Café Catuaí Vermelho 250g,2,49.90
101476,CAF-006,Microlote Caparaó 250g,1,79.90
101477,ACE-002,Coador V60 Cerâmica,1,159.90
101477,CAF-003,Café Conilon Especial 250g,1,44.90
101477,ACE-004,Caneca Grão Capixaba,1,49.90
101478,CAF-004,Blend da Casa 500g,1,69.90
101479,CAF-005,Blend Espresso 1kg,1,119.90
101480,CAF-003,Café Conilon Especial 250g,1,44.90
101480,KIT-001,Kit Degustação 4x100g,2,89.90
101480,CAF-004,Blend da Casa 500g,1,69.90
101481,CAF-004,Blend da Casa 500g,1,69.90
101482,CAF-001,Café Bourbon Amarelo 250g,3,54.90
101483,CAF-004,Blend da Casa 500g,1,69.90
101484,ACE-004,Caneca Grão Capixaba,2,49.90
101484,ACE-001,Prensa Francesa 600ml,1,139.90
101485,ACE-004,Caneca Grão Capixaba,1,49.90
101485,KIT-001,Kit Degustação 4x100g,1,89.90
101486,CAF-006,Microlote Caparaó 250g,1,79.90
101486,ACE-001,Prensa Francesa 600ml,1,139.90
101486,CAF-003,Café Conilon Especial 250g,1,44.90
101486,CAF-002,Café Catuaí Vermelho 250g,2,49.90
101487,CAF-007,Café Gelado Cold Brew 300ml,1,18.90
101487,KIT-001,Kit Degustação 4x100g,3,89.90
101488,ACE-002,Coador V60 Cerâmica,2,159.90
101489,KIT-001,Kit Degustação 4x100g,3,89.90
101489,ACE-004,Caneca Grão Capixaba,1,49.90
101489,CAF-001,Café Bourbon Amarelo 250g,2,54.90
101490,CAF-001,Café Bourbon Amarelo 250g,1,54.90
101490,KIT-001,Kit Degustação 4x100g,1,89.90
101491,CAF-006,Microlote Caparaó 250g,2,79.90
101492,KIT-001,Kit Degustação 4x100g,2,89.90
101493,KIT-001,Kit Degustação 4x100g,1,89.90
101493,CAF-001,Café Bourbon Amarelo 250g,1,54.90
101493,ACE-003,Filtro de Papel 102 (100un),1,24.90
101494,CAF-006,Microlote Caparaó 250g,1,79.90
101495,CAF-005,Blend Espresso 1kg,1,119.90
101495,CAF-007,Café Gelado Cold Brew 300ml,1,18.90
101496,ACE-003,Filtro de Papel 102 (100un),1,24.90
101497,ACE-001,Prensa Francesa 600ml,1,139.90
101497,CAF-003,Café Conilon Especial 250g,1,44.90
101498,ACE-004,Caneca Grão Capixaba,1,49.90
101498,ACE-002,Coador V60 Cerâmica,1,159.90
101498,CAF-006,Microlote Caparaó 250g,1,79.90
101499,ACE-002,Coador V60 Cerâmica,1,159.90
101499,CAF-004,Blend da Casa 500g,2,69.90
101500,CAF-007,Café Gelado Cold Brew 300ml,1,18.90
101500,ACE-004,Caneca Grão Capixaba,1,49.90
101501,CAF-004,Blend da Casa 500g,1,69.90
101502,CAF-002,Café Catuaí Vermelho 250g,1,49.90
101502,CAF-004,Blend da Casa 500g,1,69.90
101502,CAF-005,Blend Espresso 1kg,1,119.90
101503,ACE-002,Coador V60 Cerâmica,1,159.90
101504,CAF-006,Microlote Caparaó 250g,1,79.90
101504,CAF-004,Blend da Casa 500g,2,69.90
101505,CAF-004,Blend da Casa 500g,1,69.90
101506,CAF-007,Café Gelado Cold Brew 300ml,1,18.90
101506,CAF-004,Blend da Casa 500g,1,69.90
101507,CAF-001,Café Bourbon Amarelo 250g,1,54.90
101507,CAF-004,Blend da Casa 500g,1,69.90
101508,CAF-007,Café Gelado Cold Brew 300ml,1,18.90
101508,ACE-001,Prensa Francesa 600ml,1,139.90
101508,ACE-004,Caneca Grão Capixaba,1,49.90
101508,CAF-001,Café Bourbon Amarelo 250g,1,54.90
101509,CAF-005,Blend Espresso 1kg,1,119.90
101510,CAF-003,Café Conilon Especial 250g,1,44.90
101510,CAF-007,Café Gelado Cold Brew 300ml,1,18.90
101511,ACE-004,Caneca Grão Capixaba,1,49.90
101512,CAF-006,Microlote Caparaó 250g,1,79.90
101513,CAF-002,Café Catuaí Vermelho 250g,1,49.90
101513,CAF-006,Microlote Caparaó 250g,2,79.90
101514,ACE-003,Filtro de Papel 102 (100un),1,24.90
101514,CAF-003,Café Conilon Especial 250g,1,44.90
101514,CAF-005,Blend Espresso 1kg,1,119.90
101515,ACE-001,Prensa Francesa 600ml,1,139.90
101516,CAF-004,Blend da Casa 500g,1,69.90
101516,CAF-006,Microlote Caparaó 250g,1,79.90
101516,ACE-001,Prensa Francesa 600ml,2,139.90
101517,CAF-006,Microlote Caparaó 250g,1,79.90
101518,CAF-005,Blend Espresso 1kg,1,119.90
101519,KIT-001,Kit Degustação 4x100g,1,89.90
101520,CAF-005,Blend Espresso 1kg,2,119.90
101521,CAF-002,Café Catuaí Vermelho 250g,1,49.90
101521,CAF-006,Microlote Caparaó 250g,1,79.90
101522,CAF-004,Blend da Casa 500g,1,69.90
101522,CAF-007,Café Gelado Cold Brew 300ml,1,18.90
101523,KIT-001,Kit Degustação 4x100g,3,89.90
101524,CAF-003,Café Conilon Especial 250g,1,44.90
101524,CAF-002,Café Catuaí Vermelho 250g,1,49.90
101525,CAF-003,Café Conilon Especial 250g,1,44.90
101525,CAF-002,Café Catuaí Vermelho 250g,2,49.90
101526,KIT-001,Kit Degustação 4x100g,1,89.90
101527,ACE-002,Coador V60 Cerâmica,1,159.90
101528,CAF-003,Café Conilon Especial 250g,2,44.90
101529,ACE-003,Filtro de Papel 102 (100un),1,24.90
101529,CAF-004,Blend da Casa 500g,2,69.90
101529,ACE-001,Prensa Francesa 600ml,1,139.90
101530,ACE-004,Caneca Grão Capixaba,1,49.90
101530,CAF-003,Café Conilon Especial 250g,1,44.90
101531,ACE-004,Caneca Grão Capixaba,2,49.90
101531,CAF-006,Microlote Caparaó 250g,1,79.90
101531,CAF-001,Café Bourbon Amarelo 250g,1,54.90
101532,ACE-003,Filtro de Papel 102 (100un),1,24.90
101533,CAF-002,Café Catuaí Vermelho 250g,1,49.90
101534,CAF-002,Café Catuaí Vermelho 250g,1,49.90
101535,CAF-007,Café Gelado Cold Brew 300ml,2,18.90
101535,ACE-001,Prensa Francesa 600ml,3,139.90
101536,ACE-004,Caneca Grão Capixaba,1,49.90
101536,CAF-003,Café Conilon Especial 250g,1,44.90
101537,ACE-002,Coador V60 Cerâmica,1,159.90
101538,ACE-002,Coador V60 Cerâmica,1,159.90
101538,ACE-003,Filtro de Papel 102 (100un),1,24.90
101539,ACE-004,Caneca Grão Capixaba,1,49.90
101540,ACE-003,Filtro de Papel 102 (100un),1,24.90
101541,KIT-001,Kit Degustação 4x100g,1,89.90
101541,CAF-004,Blend da Casa 500g,1,69.90
101541,CAF-001,Café Bourbon Amarelo 250g,1,54.90
101542,ACE-004,Caneca Grão Capixaba,1,49.90
101542,CAF-001,Café Bourbon Amarelo 250g,2,54.90
101542,CAF-006,Microlote Caparaó 250g,1,79.90
101543,CAF-001,Café Bourbon Amarelo 250g,2,54.90
101543,CAF-005,Blend Espresso 1kg,1,119.90
101544,ACE-003,Filtro de Papel 102 (100un),1,24.90
101544,ACE-002,Coador V60 Cerâmica,1,159.90
101544,CAF-004,Blend da Casa 500g,1,69.90
101545,ACE-004,Caneca Grão Capixaba,2,49.90
101546,CAF-004,Blend da Casa 500g,1,69.90
101547,ACE-004,Caneca Grão Capixaba,1,49.90
101547,CAF-003,Café Conilon Especial 250g,2,44.90
101547,CAF-005,Blend Espresso 1kg,1,119.90
101547,KIT-001,Kit Degustação 4x100g,1,89.90
101548,CAF-004,Blend da Casa 500g,1,69.90
101549,KIT-001,Kit Degustação 4x100g,1,89.90
101549,CAF-003,Café Conilon Especial 250g,2,44.90
101550,CAF-003,Café Conilon Especial 250g,2,44.90
101550,CAF-004,Blend da Casa 500g,1,69.90
101551,CAF-006,Microlote Caparaó 250g,1,79.90
101552,ACE-004,Caneca Grão Capixaba,1,49.90
101553,ACE-004,Caneca Grão Capixaba,2,49.90
101554,CAF-006,Microlote Caparaó 250g,1,79.90
101554,KIT-001,Kit Degustação 4x100g,1,89.90
101555,CAF-005,Blend Espresso 1kg,2,119.90
101555,CAF-002,Café Catuaí Vermelho 250g,2,49.90
101555,CAF-003,Café Conilon Especial 250g,3,44.90
101556,CAF-004,Blend da Casa 500g,1,69.90
101557,CAF-006,Microlote Caparaó 250g,1,79.90
101558,CAF-005,Blend Espresso 1kg,2,119.90
101558,CAF-002,Café Catuaí Vermelho 250g,1,49.90
101559,CAF-002,Café Catuaí Vermelho 250g,1,49.90
101559,CAF-005,Blend Espresso 1kg,1,119.90
101560,CAF-001,Café Bourbon Amarelo 250g,1,54.90
101561,ACE-001,Prensa Francesa 600ml,1,139.90
101561,ACE-002,Coador V60 Cerâmica,1,159.90
101562,CAF-004,Blend da Casa 500g,1,69.90
101563,CAF-003,Café Conilon Especial 250g,1,44.90
101564,KIT-001,Kit Degustação 4x100g,1,89.90
101565,CAF-004,Blend da Casa 500g,1,69.90
101566,CAF-004,Blend da Casa 500g,1,69.90
101567,ACE-003,Filtro de Papel 102 (100un),1,24.90
101568,CAF-004,Blend da Casa 500g,2,69.90
101568,CAF-001,Café Bourbon Amarelo 250g,2,54.90
101569,CAF-003,Café Conilon Especial 250g,1,44.90
101569,CAF-007,Café Gelado Cold Brew 300ml,2,18.90
101570,CAF-004,Blend da Casa 500g,1,69.90
101571,CAF-004,Blend da Casa 500g,1,69.90
101572,ACE-003,Filtro de Papel 102 (100un),1,24.90
101572,CAF-006,Microlote Caparaó 250g,1,79.90
101572,KIT-001,Kit Degustação 4x100g,1,89.90
101572,CAF-001,Café Bourbon Amarelo 250g,1,54.90
101573,ACE-001,Prensa Francesa 600ml,2,139.90
101573,KIT-001,Kit Degustação 4x100g,1,89.90
101573,CAF-005,Blend Espresso 1kg,1,119.90
101574,CAF-001,Café Bourbon Amarelo 250g,2,54.90
101575,ACE-003,Filtro de Papel 102 (100un),1,24.90
101575,ACE-001,Prensa Francesa 600ml,3,139.90
101575,CAF-003,Café Conilon Especial 250g,2,44.90
101576,CAF-005,Blend Espresso 1kg,1,119.90
101577,CAF-003,Café Conilon Especial 250g,1,44.90
101577,ACE-004,Caneca Grão Capixaba,1,49.90
101577,ACE-003,Filtro de Papel 102 (100un),1,24.90
101577,KIT-001,Kit Degustação 4x100g,3,89.90
101578,CAF-004,Blend da Casa 500g,1,69.90
101579,CAF-004,Blend da Casa 500g,1,69.90
101580,ACE-002,Coador V60 Cerâmica,2,159.90
101580,CAF-002,Café Catuaí Vermelho 250g,1,49.90
101580,CAF-003,Café Conilon Especial 250g,1,44.90
101581,CAF-001,Café Bourbon Amarelo 250g,1,54.90
101581,CAF-005,Blend Espresso 1kg,1,119.90
101582,ACE-001,Prensa Francesa 600ml,2,139.90
101583,ACE-002,Coador V60 Cerâmica,2,159.90
101584,CAF-003,Café Conilon Especial 250g,1,44.90
101584,ACE-004,Caneca Grão Capixaba,1,49.90
101584,ACE-002,Coador V60 Cerâmica,2,159.90
101585,CAF-007,Café Gelado Cold Brew 300ml,1,18.90
101585,CAF-005,Blend Espresso 1kg,1,119.90
101585,ACE-004,Caneca Grão Capixaba,1,49.90
101585,KIT-001,Kit Degustação 4x100g,1,89.90
101586,ACE-002,Coador V60 Cerâmica,1,159.90
101586,CAF-004,Blend da Casa 500g,1,69.90
101587,CAF-006,Microlote Caparaó 250g,1,79.90
101588,ACE-002,Coador V60 Cerâmica,1,159.90
101589,CAF-005,Blend Espresso 1kg,1,119.90
101589,CAF-007,Café Gelado Cold Brew 300ml,1,18.90
101590,CAF-004,Blend da Casa 500g,1,69.90
101590,CAF-002,Café Catuaí Vermelho 250g,1,49.90
101591,CAF-005,Blend Espresso 1kg,1,119.90
101592,CAF-001,Café Bourbon Amarelo 250g,3,54.90
101593,CAF-002,Café Catuaí Vermelho 250g,3,49.90
101594,CAF-004,Blend da Casa 500g,1,69.90
101595,CAF-002,Café Catuaí Vermelho 250g,1,49.90
101595,CAF-007,Café Gelado Cold Brew 300ml,2,18.90
101596,CAF-007,Café Gelado Cold Brew 300ml,1,18.90
101596,CAF-001,Café Bourbon Amarelo 250g,1,54.90
101596,ACE-004,Caneca Grão Capixaba,1,49.90
101597,ACE-001,Prensa Francesa 600ml,1,139.90
101598,ACE-004,Caneca Grão Capixaba,1,49.90
101598,ACE-003,Filtro de Papel 102 (100un),1,24.90
101598,KIT-001,Kit Degustação 4x100g,2,89.90
101599,KIT-001,Kit Degustação 4x100g,1,89.90
101599,ACE-001,Prensa Francesa 600ml,1,139.90
101600,CAF-001,Café Bourbon Amarelo 250g,1,54.90
101600,ACE-002,Coador V60 Cerâmica,1,159.90
101600,ACE-004,Caneca Grão Capixaba,2,49.90
101601,CAF-007,Café Gelado Cold Brew 300ml,1,18.90
101602,CAF-007,Café Gelado Cold Brew 300ml,1,18.90
101602,CAF-002,Café Catuaí Vermelho 250g,1,49.90
101602,KIT-001,Kit Degustação 4x100g,1,89.90
101603,CAF-003,Café Conilon Especial 250g,1,44.90
101603,CAF-001,Café Bourbon Amarelo 250g,1,54.90
101603,KIT-001,Kit Degustação 4x100g,1,89.90
101604,ACE-003,Filtro de Papel 102 (100un),1,24.90
101605,ACE-002,Coador V60 Cerâmica,1,159.90
101606,ACE-001,Prensa Francesa 600ml,1,139.90
101606,KIT-001,Kit Degustação 4x100g,1,89.90
101607,CAF-006,Microlote Caparaó 250g,1,79.90
101608,CAF-004,Blend da Casa 500g,1,69.90
101609,CAF-002,Café Catuaí Vermelho 250g,1,49.90
101610,CAF-001,Café Bourbon Amarelo 250g,2,54.90
101611,CAF-005,Blend Espresso 1kg,1,119.90
101612,ACE-002,Coador V60 Cerâmica,1,159.90
101612,CAF-005,Blend Espresso 1kg,1,119.90
101613,ACE-004,Caneca Grão Capixaba,1,49.90
101614,CAF-003,Café Conilon Especial 250g,1,44.90
101615,CAF-004,Blend da Casa 500g,1,69.90
101616,CAF-007,Café Gelado Cold Brew 300ml,1,18.90
101617,ACE-003,Filtro de Papel 102 (100un),1,24.90
101617,CAF-001,Café Bourbon Amarelo 250g,2,54.90
101617,KIT-001,Kit Degustação 4x100g,1,89.90
101618,CAF-001,Café Bourbon Amarelo 250g,1,54.90
101618,ACE-004,Caneca Grão Capixaba,1,49.90
101619,CAF-004,Blend da Casa 500g,1,69.90
101620,CAF-001,Café Bourbon Amarelo 250g,2,54.90
101620,CAF-005,Blend Espresso 1kg,1,119.90
101621,ACE-002,Coador V60 Cerâmica,1,159.90
101622,CAF-005,Blend Espresso 1kg,1,119.90
101623,ACE-003,Filtro de Papel 102 (100un),1,24.90
101623,CAF-001,Café Bourbon Amarelo 250g,1,54.90
101624,CAF-001,Café Bourbon Amarelo 250g,2,54.90
101624,ACE-004,Caneca Grão Capixaba,1,49.90
101624,ACE-002,Coador V60 Cerâmica,1,159.90
101625,CAF-004,Blend da Casa 500g,1,69.90
101625,ACE-004,Caneca Grão Capixaba,1,49.90
101625,ACE-003,Filtro de Papel 102 (100un),2,24.90
101626,KIT-001,Kit Degustação 4x100g,1,89.90
101626,CAF-006,Microlote Caparaó 250g,2,79.90
101627,ACE-003,Filtro de Papel 102 (100un),1,24.90
101628,CAF-003,Café Conilon Especial 250g,2,44.90
101629,CAF-005,Blend Espresso 1kg,1,119.90
101630,CAF-007,Café Gelado Cold Brew 300ml,1,18.90
101630,CAF-003,Café Conilon Especial 250g,1,44.90
101631,CAF-004,Blend da Casa 500g,2,69.90
101631,CAF-006,Microlote Caparaó 250g,1,79.90
101632,ACE-001,Prensa Francesa 600ml,2,139.90
101633,CAF-004,Blend da Casa 500g,1,69.90
101633,ACE-001,Prensa Francesa 600ml,3,139.90
101634,CAF-003,Café Conilon Especial 250g,1,44.90
101634,ACE-002,Coador V60 Cerâmica,1,159.90
101634,CAF-006,Microlote Caparaó 250g,1,79.90
101635,CAF-004,Blend da Casa 500g,1,69.90
101636,ACE-001,Prensa Francesa 600ml,1,139.90
101637,CAF-007,Café Gelado Cold Brew 300ml,2,18.90
101637,ACE-001,Prensa Francesa 600ml,2,139.90
101638,ACE-002,Coador V60 Cerâmica,1,159.90
101639,CAF-004,Blend da Casa 500g,1,69.90
101640,CAF-005,Blend Espresso 1kg,1,119.90
101641,CAF-005,Blend Espresso 1kg,1,119.90
101641,ACE-004,Caneca Grão Capixaba,1,49.90
101642,ACE-002,Coador V60 Cerâmica,1,159.90
101642,CAF-004,Blend da Casa 500g,1,69.90
101642,CAF-001,Café Bourbon Amarelo 250g,1,54.90
101643,CAF-005,Blend Espresso 1kg,1,119.90
101644,CAF-001,Café Bourbon Amarelo 250g,1,54.90
101645,CAF-006,Microlote Caparaó 250g,1,79.90
101645,ACE-001,Prensa Francesa 600ml,1,139.90
101646,CAF-004,Blend da Casa 500g,1,69.90
101647,CAF-001,Café Bourbon Amarelo 250g,3,54.90
101647,ACE-004,Caneca Grão Capixaba,1,49.90
101648,CAF-004,Blend da Casa 500g,1,69.90
101649,CAF-005,Blend Espresso 1kg,1,119.90
101649,ACE-004,Caneca Grão Capixaba,1,49.90
101649,CAF-006,Microlote Caparaó 250g,2,79.90
101650,CAF-002,Café Catuaí Vermelho 250g,1,49.90
101651,CAF-004,Blend da Casa 500g,1,69.90
101652,CAF-004,Blend da Casa 500g,1,69.90
101653,CAF-004,Blend da Casa 500g,1,69.90
101653,CAF-006,Microlote Caparaó 250g,2,79.90
101654,CAF-004,Blend da Casa 500g,1,69.90
101655,KIT-001,Kit Degustação 4x100g,1,89.90
101656,CAF-006,Microlote Caparaó 250g,2,79.90
101656,CAF-004,Blend da Casa 500g,1,69.90
101657,ACE-002,Coador V60 Cerâmica,2,159.90
101657,CAF-002,Café Catuaí Vermelho 250g,1,49.90
101658,ACE-002,Coador V60 Cerâmica,1,159.90
101659,KIT-001,Kit Degustação 4x100g,1,89.90
101659,ACE-001,Prensa Francesa 600ml,1,139.90
101660,KIT-001,Kit Degustação 4x100g,1,89.90
101661,CAF-005,Blend Espresso 1kg,1,119.90
101662,ACE-004,Caneca Grão Capixaba,1,49.90
101663,ACE-001,Prensa Francesa 600ml,1,139.90
101663,ACE-004,Caneca Grão Capixaba,1,49.90
101664,ACE-003,Filtro de Papel 102 (100un),1,24.90
101664,CAF-001,Café Bourbon Amarelo 250g,2,54.90
101664,CAF-002,Café Catuaí Vermelho 250g,2,49.90
101664,CAF-004,Blend da Casa 500g,1,69.90
101665,CAF-006,Microlote Caparaó 250g,1,79.90
101665,ACE-003,Filtro de Papel 102 (100un),1,24.90
101666,CAF-004,Blend da Casa 500g,1,69.90
101666,ACE-003,Filtro de Papel 102 (100un),1,24.90
101666,CAF-005,Blend Espresso 1kg,2,119.90
101667,CAF-001,Café Bourbon Amarelo 250g,1,54.90
101668,CAF-007,Café Gelado Cold Brew 300ml,3,18.90
101669,ACE-004,Caneca Grão Capixaba,1,49.90
101669,CAF-002,Café Catuaí Vermelho 250g,1,49.90
101670,ACE-003,Filtro de Papel 102 (100un),1,24.90
101671,CAF-004,Blend da Casa 500g,2,69.90
101671,CAF-005,Blend Espresso 1kg,1,119.90
101672,CAF-004,Blend da Casa 500g,1,69.90
101673,KIT-001,Kit Degustação 4x100g,1,89.90
101674,CAF-001,Café Bourbon Amarelo 250g,1,54.90
101675,KIT-001,Kit Degustação 4x100g,2,89.90
101676,CAF-001,Café Bourbon Amarelo 250g,1,54.90
101676,ACE-003,Filtro de Papel 102 (100un),1,24.90
101677,CAF-003,Café Conilon Especial 250g,1,44.90
101677,ACE-004,Caneca Grão Capixaba,2,49.90
101678,CAF-005,Blend Espresso 1kg,1,119.90
101679,CAF-005,Blend Espresso 1kg,1,119.90
101680,CAF-001,Café Bourbon Amarelo 250g,1,54.90
101680,KIT-001,Kit Degustação 4x100g,1,89.90
101681,ACE-004,Caneca Grão Capixaba,1,49.90
101681,CAF-003,Café Conilon Especial 250g,2,44.90
101681,ACE-003,Filtro de Papel 102 (100un),1,24.90
101682,ACE-001,Prensa Francesa 600ml,1,139.90
101683,CAF-006,Microlote Caparaó 250g,1,79.90
101684,CAF-007,Café Gelado Cold Brew 300ml,2,18.90
101684,CAF-005,Blend Espresso 1kg,1,119.90
101684,CAF-001,Café Bourbon Amarelo 250g,1,54.90
101685,KIT-001,Kit Degustação 4x100g,2,89.90
101686,ACE-002,Coador V60 Cerâmica,1,159.90
101687,CAF-004,Blend da Casa 500g,1,69.90
101687,CAF-002,Café Catuaí Vermelho 250g,2,49.90
101688,CAF-007,Café Gelado Cold Brew 300ml,1,18.90
101689,CAF-004,Blend da Casa 500g,1,69.90
101690,ACE-003,Filtro de Papel 102 (100un),2,24.90
101691,ACE-004,Caneca Grão Capixaba,3,49.90
101692,CAF-004,Blend da Casa 500g,1,69.90
101692,ACE-001,Prensa Francesa 600ml,1,139.90
101693,KIT-001,Kit Degustação 4x100g,1,89.90
101694,ACE-004,Caneca Grão Capixaba,1,49.90
101694,KIT-001,Kit Degustação 4x100g,3,89.90
101694,ACE-002,Coador V60 Cerâmica,1,159.90
101694,CAF-005,Blend Espresso 1kg,1,119.90
101695,CAF-006,Microlote Caparaó 250g,1,79.90
101696,CAF-001,Café Bourbon Amarelo 250g,2,54.90
101696,CAF-002,Café Catuaí Vermelho 250g,1,49.90
101697,CAF-006,Microlote Caparaó 250g,1,79.90
101698,ACE-003,Filtro de Papel 102 (100un),2,24.90
101698,CAF-007,Café Gelado Cold Brew 300ml,1,18.90
101699,CAF-006,Microlote Caparaó 250g,1,79.90
101700,CAF-004,Blend da Casa 500g,1,69.90
101701,CAF-004,Blend da Casa 500g,3,69.90
101702,CAF-005,Blend Espresso 1kg,2,119.90
101703,CAF-004,Blend da Casa 500g,1,69.90
101704,CAF-003,Café Conilon Especial 250g,3,44.90
101704,CAF-005,Blend Espresso 1kg,1,119.90
101704,CAF-001,Café Bourbon Amarelo 250g,1,54.90
101705,KIT-001,Kit Degustação 4x100g,1,89.90
101705,ACE-004,Caneca Grão Capixaba,2,49.90
101705,CAF-003,Café Conilon Especial 250g,2,44.90
101705,CAF-006,Microlote Caparaó 250g,2,79.90
101706,CAF-004,Blend da Casa 500g,1,69.90
101707,CAF-004,Blend da Casa 500g,1,69.90
101708,ACE-002,Coador V60 Cerâmica,1,159.90
101708,KIT-001,Kit Degustação 4x100g,1,89.90
101708,CAF-006,Microlote Caparaó 250g,1,79.90
101709,ACE-003,Filtro de Papel 102 (100un),1,24.90
101710,ACE-001,Prensa Francesa 600ml,1,139.90
101710,CAF-007,Café Gelado Cold Brew 300ml,2,18.90
101710,CAF-004,Blend da Casa 500g,1,69.90
101711,ACE-002,Coador V60 Cerâmica,1,159.90
101712,CAF-003,Café Conilon Especial 250g,1,44.90
101713,CAF-006,Microlote Caparaó 250g,1,79.90
101713,CAF-004,Blend da Casa 500g,1,69.90
101713,KIT-001,Kit Degustação 4x100g,1,89.90
101714,CAF-001,Café Bourbon Amarelo 250g,1,54.90
101714,CAF-002,Café Catuaí Vermelho 250g,2,49.90
101715,CAF-004,Blend da Casa 500g,2,69.90
101716,CAF-001,Café Bourbon Amarelo 250g,1,54.90
101717,CAF-007,Café Gelado Cold Brew 300ml,2,18.90
101718,ACE-004,Caneca Grão Capixaba,1,49.90
101718,CAF-006,Microlote Caparaó 250g,2,79.90
101718,ACE-002,Coador V60 Cerâmica,1,159.90
101719,ACE-004,Caneca Grão Capixaba,1,49.90
101719,CAF-002,Café Catuaí Vermelho 250g,1,49.90
101720,CAF-004,Blend da Casa 500g,3,69.90
101720,ACE-001,Prensa Francesa 600ml,1,139.90
101721,CAF-001,Café Bourbon Amarelo 250g,2,54.90
101721,CAF-004,Blend da Casa 500g,2,69.90
101722,CAF-003,Café Conilon Especial 250g,2,44.90
101722,CAF-007,Café Gelado Cold Brew 300ml,1,18.90
101723,CAF-001,Café Bourbon Amarelo 250g,1,54.90
101723,CAF-002,Café Catuaí Vermelho 250g,1,49.90
101724,ACE-003,Filtro de Papel 102 (100un),1,24.90
101725,ACE-002,Coador V60 Cerâmica,1,159.90
101726,CAF-003,Café Conilon Especial 250g,1,44.90
101727,ACE-001,Prensa Francesa 600ml,1,139.90
101728,CAF-005,Blend Espresso 1kg,1,119.90
101728,ACE-004,Caneca Grão Capixaba,1,49.90
101729,CAF-001,Café Bourbon Amarelo 250g,1,54.90
101729,CAF-004,Blend da Casa 500g,1,69.90
101729,CAF-002,Café Catuaí Vermelho 250g,1,49.90
101730,KIT-001,Kit Degustação 4x100g,3,89.90
101731,CAF-002,Café Catuaí Vermelho 250g,1,49.90
101731,CAF-005,Blend Espresso 1kg,1,119.90
101731,CAF-003,Café Conilon Especial 250g,2,44.90
101731,ACE-003,Filtro de Papel 102 (100un),1,24.90
101732,CAF-004,Blend da Casa 500g,1,69.90
101732,CAF-005,Blend Espresso 1kg,1,119.90
101732,ACE-002,Coador V60 Cerâmica,2,159.90
101733,ACE-003,Filtro de Papel 102 (100un),1,24.90
101733,CAF-002,Café Catuaí Vermelho 250g,1,49.90
101734,CAF-007,Café Gelado Cold Brew 300ml,3,18.90
101734,ACE-001,Prensa Francesa 600ml,1,139.90
101735,CAF-003,Café Conilon Especial 250g,2,44.90
101735,CAF-002,Café Catuaí Vermelho 250g,2,49.90
101736,CAF-007,Café Gelado Cold Brew 300ml,1,18.90
101736,ACE-002,Coador V60 Cerâmica,1,159.90
101736,ACE-001,Prensa Francesa 600ml,1,139.90
101737,CAF-001,Café Bourbon Amarelo 250g,1,54.90
101737,CAF-004,Blend da Casa 500g,2,69.90
101738,CAF-006,Microlote Caparaó 250g,1,79.90
101739,CAF-001,Café Bourbon Amarelo 250g,1,54.90
101740,CAF-006,Microlote Caparaó 250g,1,79.90
101741,CAF-003,Café Conilon Especial 250g,1,44.90
101742,ACE-004,Caneca Grão Capixaba,2,49.90
101742,CAF-001,Café Bourbon Amarelo 250g,1,54.90
101743,CAF-006,Microlote Caparaó 250g,1,79.90
101744,KIT-001,Kit Degustação 4x100g,3,89.90
101745,CAF-001,Café Bourbon Amarelo 250g,1,54.90
101746,ACE-004,Caneca Grão Capixaba,3,49.90
101746,CAF-002,Café Catuaí Vermelho 250g,1,49.90
101747,CAF-005,Blend Espresso 1kg,2,119.90
101747,ACE-001,Prensa Francesa 600ml,1,139.90
101747,CAF-007,Café Gelado Cold Brew 300ml,1,18.90
101748,CAF-006,Microlote Caparaó 250g,1,79.90
101749,ACE-003,Filtro de Papel 102 (100un),1,24.90
101749,ACE-004,Caneca Grão Capixaba,1,49.90
101750,ACE-004,Caneca Grão Capixaba,1,49.90
101750,CAF-005,Blend Espresso 1kg,2,119.90
101751,ACE-002,Coador V60 Cerâmica,1,159.90
101751,KIT-001,Kit Degustação 4x100g,1,89.90
101751,CAF-001,Café Bourbon Amarelo 250g,2,54.90
101752,ACE-004,Caneca Grão Capixaba,1,49.90
101753,CAF-005,Blend Espresso 1kg,1,119.90
101753,CAF-001,Café Bourbon Amarelo 250g,1,54.90
101753,ACE-003,Filtro de Papel 102 (100un),2,24.90
101754,CAF-005,Blend Espresso 1kg,1,119.90
101754,CAF-007,Café Gelado Cold Brew 300ml,1,18.90
101755,CAF-004,Blend da Casa 500g,1,69.90
101756,KIT-001,Kit Degustação 4x100g,2,89.90
101757,CAF-001,Café Bourbon Amarelo 250g,2,54.90
101758,ACE-004,Caneca Grão Capixaba,1,49.90
101759,CAF-002,Café Catuaí Vermelho 250g,1,49.90
101760,KIT-001,Kit Degustação 4x100g,1,89.90
101761,CAF-003,Café Conilon Especial 250g,1,44.90
101761,CAF-005,Blend Espresso 1kg,1,119.90
101762,CAF-004,Blend da Casa 500g,1,69.90
101763,ACE-001,Prensa Francesa 600ml,2,139.90
101764,CAF-004,Blend da Casa 500g,1,69.90
101765,CAF-006,Microlote Caparaó 250g,1,79.90
101766,ACE-003,Filtro de Papel 102 (100un),2,24.90
101767,ACE-001,Prensa Francesa 600ml,1,139.90
101767,CAF-007,Café Gelado Cold Brew 300ml,1,18.90
101768,CAF-006,Microlote Caparaó 250g,1,79.90
101768,CAF-007,Café Gelado Cold Brew 300ml,2,18.90
101769,CAF-001,Café Bourbon Amarelo 250g,1,54.90
101770,ACE-004,Caneca Grão Capixaba,2,49.90
101770,ACE-003,Filtro de Papel 102 (100un),1,24.90
101770,CAF-001,Café Bourbon Amarelo 250g,1,54.90
101771,CAF-004,Blend da Casa 500g,1,69.90
101772,ACE-004,Caneca Grão Capixaba,1,49.90
101773,CAF-002,Café Catuaí Vermelho 250g,1,49.90
101773,CAF-005,Blend Espresso 1kg,1,119.90
101773,CAF-001,Café Bourbon Amarelo 250g,1,54.90
101773,ACE-004,Caneca Grão Capixaba,1,49.90
101774,ACE-002,Coador V60 Cerâmica,1,159.90
101774,CAF-005,Blend Espresso 1kg,1,119.90
101775,KIT-001,Kit Degustação 4x100g,1,89.90
101776,CAF-006,Microlote Caparaó 250g,1,79.90
101777,ACE-001,Prensa Francesa 600ml,1,139.90
101777,KIT-001,Kit Degustação 4x100g,1,89.90
101777,CAF-001,Café Bourbon Amarelo 250g,1,54.90
101778,CAF-005,Blend Espresso 1kg,1,119.90
101778,CAF-004,Blend da Casa 500g,1,69.90
101779,CAF-007,Café Gelado Cold Brew 300ml,1,18.90
101779,CAF-006,Microlote Caparaó 250g,1,79.90
101780,CAF-006,Microlote Caparaó 250g,2,79.90
101781,CAF-002,Café Catuaí Vermelho 250g,1,49.90
101781,ACE-002,Coador V60 Cerâmica,1,159.90
101781,ACE-003,Filtro de Papel 102 (100un),1,24.90
101782,CAF-004,Blend da Casa 500g,1,69.90
101783,CAF-002,Café Catuaí Vermelho 250g,3,49.90
101783,CAF-007,Café Gelado Cold Brew 300ml,1,18.90
101784,ACE-003,Filtro de Papel 102 (100un),2,24.90
101784,CAF-004,Blend da Casa 500g,1,69.90
101784,CAF-003,Café Conilon Especial 250g,1,44.90
101784,CAF-006,Microlote Caparaó 250g,1,79.90
101785,CAF-003,Café Conilon Especial 250g,2,44.90
101786,CAF-006,Microlote Caparaó 250g,1,79.90
101786,ACE-002,Coador V60 Cerâmica,1,159.90
101786,ACE-001,Prensa Francesa 600ml,2,139.90
101786,CAF-005,Blend Espresso 1kg,3,119.90
101787,CAF-002,Café Catuaí Vermelho 250g,1,49.90
101787,ACE-003,Filtro de Papel 102 (100un),2,24.90
101788,CAF-004,Blend da Casa 500g,1,69.90
101789,CAF-004,Blend da Casa 500g,1,69.90
101789,ACE-001,Prensa Francesa 600ml,2,139.90
101789,CAF-006,Microlote Caparaó 250g,1,79.90
101790,CAF-003,Café Conilon Especial 250g,2,44.90
101790,ACE-002,Coador V60 Cerâmica,1,159.90
101790,CAF-004,Blend da Casa 500g,1,69.90
101791,CAF-004,Blend da Casa 500g,1,69.90
101792,ACE-001,Prensa Francesa 600ml,1,139.90
101793,ACE-002,Coador V60 Cerâmica,1,159.90
101794,ACE-003,Filtro de Papel 102 (100un),1,24.90
101795,ACE-002,Coador V60 Cerâmica,1,159.90
101795,CAF-002,Café Catuaí Vermelho 250g,2,49.90
101795,CAF-007,Café Gelado Cold Brew 300ml,1,18.90
101795,CAF-006,Microlote Caparaó 250g,1,79.90
101796,ACE-002,Coador V60 Cerâmica,1,159.90
101797,ACE-002,Coador V60 Cerâmica,1,159.90
101798,CAF-004,Blend da Casa 500g,1,69.90
101799,ACE-004,Caneca Grão Capixaba,1,49.90
101799,CAF-002,Café Catuaí Vermelho 250g,1,49.90
101800,ACE-003,Filtro de Papel 102 (100un),1,24.90
101801,CAF-005,Blend Espresso 1kg,1,119.90
101802,CAF-007,Café Gelado Cold Brew 300ml,1,18.90
101803,KIT-001,Kit Degustação 4x100g,1,89.90
101804,CAF-004,Blend da Casa 500g,1,69.90
101805,ACE-001,Prensa Francesa 600ml,2,139.90
101805,CAF-005,Blend Espresso 1kg,1,119.90
101806,CAF-002,Café Catuaí Vermelho 250g,1,49.90
101807,ACE-001,Prensa Francesa 600ml,1,139.90
101807,CAF-003,Café Conilon Especial 250g,1,44.90
101807,CAF-005,Blend Espresso 1kg,1,119.90
101807,CAF-006,Microlote Caparaó 250g,1,79.90
101808,CAF-007,Café Gelado Cold Brew 300ml,3,18.90
101808,CAF-004,Blend da Casa 500g,1,69.90
101809,CAF-005,Blend Espresso 1kg,1,119.90
101809,CAF-007,Café Gelado Cold Brew 300ml,2,18.90
101809,ACE-003,Filtro de Papel 102 (100un),1,24.90
101810,CAF-001,Café Bourbon Amarelo 250g,1,54.90
101811,KIT-001,Kit Degustação 4x100g,1,89.90
101812,CAF-004,Blend da Casa 500g,1,69.90
101813,CAF-003,Café Conilon Especial 250g,3,44.90
101814,CAF-005,Blend Espresso 1kg,2,119.90
101814,ACE-003,Filtro de Papel 102 (100un),1,24.90
101814,KIT-001,Kit Degustação 4x100g,2,89.90
101814,ACE-004,Caneca Grão Capixaba,2,49.90
101815,CAF-005,Blend Espresso 1kg,1,119.90
101816,CAF-005,Blend Espresso 1kg,1,119.90
101817,CAF-001,Café Bourbon Amarelo 250g,2,54.90
101817,CAF-004,Blend da Casa 500g,1,69.90
101818,CAF-004,Blend da Casa 500g,3,69.90
101818,KIT-001,Kit Degustação 4x100g,1,89.90
101818,ACE-004,Caneca Grão Capixaba,1,49.90
101819,ACE-002,Coador V60 Cerâmica,1,159.90
101819,CAF-005,Blend Espresso 1kg,1,119.90
101820,ACE-002,Coador V60 Cerâmica,1,159.90
101820,KIT-001,Kit Degustação 4x100g,1,89.90
101820,CAF-003,Café Conilon Especial 250g,1,44.90
101821,ACE-004,Caneca Grão Capixaba,1,49.90
101821,ACE-001,Prensa Francesa 600ml,1,139.90
101821,CAF-002,Café Catuaí Vermelho 250g,1,49.90
101822,ACE-003,Filtro de Papel 102 (100un),2,24.90
101822,CAF-006,Microlote Caparaó 250g,1,79.90
101823,ACE-002,Coador V60 Cerâmica,1,159.90
101823,ACE-003,Filtro de Papel 102 (100un),1,24.90
101823,ACE-001,Prensa Francesa 600ml,1,139.90
101824,CAF-004,Blend da Casa 500g,1,69.90
101825,CAF-005,Blend Espresso 1kg,1,119.90
101825,CAF-003,Café Conilon Especial 250g,1,44.90
101825,CAF-002,Café Catuaí Vermelho 250g,1,49.90
101826,CAF-007,Café Gelado Cold Brew 300ml,1,18.90
101826,ACE-001,Prensa Francesa 600ml,1,139.90
101827,CAF-005,Blend Espresso 1kg,1,119.90
101828,CAF-007,Café Gelado Cold Brew 300ml,1,18.90
101829,CAF-006,Microlote Caparaó 250g,1,79.90
101829,ACE-002,Coador V60 Cerâmica,2,159.90
101829,ACE-003,Filtro de Papel 102 (100un),1,24.90
101830,ACE-001,Prensa Francesa 600ml,2,139.90
101831,CAF-002,Café Catuaí Vermelho 250g,3,49.90
101831,CAF-005,Blend Espresso 1kg,1,119.90
101832,ACE-001,Prensa Francesa 600ml,3,139.90
101833,CAF-005,Blend Espresso 1kg,1,119.90
101834,ACE-002,Coador V60 Cerâmica,1,159.90
101835,ACE-004,Caneca Grão Capixaba,1,49.90
101836,KIT-001,Kit Degustação 4x100g,1,89.90
101837,CAF-004,Blend da Casa 500g,1,69.90
101838,ACE-002,Coador V60 Cerâmica,1,159.90
101839,CAF-003,Café Conilon Especial 250g,2,44.90
101839,CAF-005,Blend Espresso 1kg,1,119.90
101839,CAF-006,Microlote Caparaó 250g,2,79.90
101840,CAF-001,Café Bourbon Amarelo 250g,1,54.90
101841,CAF-002,Café Catuaí Vermelho 250g,2,49.90
101841,CAF-007,Café Gelado Cold Brew 300ml,1,18.90
101842,CAF-006,Microlote Caparaó 250g,2,79.90
101842,ACE-002,Coador V60 Cerâmica,2,159.90
101842,CAF-001,Café Bourbon Amarelo 250g,1,54.90
101842,KIT-001,Kit Degustação 4x100g,1,89.90
101843,ACE-003,Filtro de Papel 102 (100un),1,24.90
101844,CAF-004,Blend da Casa 500g,1,69.90
101844,CAF-006,Microlote Caparaó 250g,3,79.90
101844,KIT-001,Kit Degustação 4x100g,2,89.90
101844,ACE-001,Prensa Francesa 600ml,1,139.90
101845,CAF-004,Blend da Casa 500g,1,69.90
101846,CAF-002,Café Catuaí Vermelho 250g,1,49.90
101846,CAF-004,Blend da Casa 500g,1,69.90
101846,CAF-003,Café Conilon Especial 250g,1,44.90
101846,CAF-005,Blend Espresso 1kg,1,119.90
101847,CAF-007,Café Gelado Cold Brew 300ml,1,18.90
101847,KIT-001,Kit Degustação 4x100g,3,89.90
101848,CAF-004,Blend da Casa 500g,2,69.90
101848,ACE-002,Coador V60 Cerâmica,1,159.90
101848,CAF-005,Blend Espresso 1kg,2,119.90
101848,CAF-003,Café Conilon Especial 250g,1,44.90
101849,ACE-004,Caneca Grão Capixaba,1,49.90
101850,CAF-001,Café Bourbon Amarelo 250g,1,54.90
101850,CAF-002,Café Catuaí Vermelho 250g,1,49.90
101851,KIT-001,Kit Degustação 4x100g,1,89.90
101852,CAF-001,Café Bourbon Amarelo 250g,1,54.90
101853,ACE-003,Filtro de Papel 102 (100un),2,24.90
101854,ACE-004,Caneca Grão Capixaba,2,49.90
101855,CAF-007,Café Gelado Cold Brew 300ml,1,18.90
101855,ACE-004,Caneca Grão Capixaba,1,49.90
101856,ACE-002,Coador V60 Cerâmica,1,159.90
101856,ACE-004,Caneca Grão Capixaba,3,49.90
101856,ACE-003,Filtro de Papel 102 (100un),1,24.90
101857,ACE-004,Caneca Grão Capixaba,1,49.90
101858,CAF-004,Blend da Casa 500g,1,69.90
101859,CAF-001,Café Bourbon Amarelo 250g,2,54.90
101859,ACE-003,Filtro de Papel 102 (100un),1,24.90
101859,ACE-004,Caneca Grão Capixaba,1,49.90
101859,KIT-001,Kit Degustação 4x100g,1,89.90
101860,ACE-004,Caneca Grão Capixaba,2,49.90
101861,ACE-002,Coador V60 Cerâmica,1,159.90
101862,ACE-003,Filtro de Papel 102 (100un),2,24.90
101862,CAF-004,Blend da Casa 500g,1,69.90
101863,CAF-004,Blend da Casa 500g,1,69.90
101864,CAF-007,Café Gelado Cold Brew 300ml,1,18.90
101864,ACE-001,Prensa Francesa 600ml,1,139.90
101864,CAF-006,Microlote Caparaó 250g,3,79.90
101865,ACE-004,Caneca Grão Capixaba,1,49.90
101866,KIT-001,Kit Degustação 4x100g,1,89.90
101866,CAF-007,Café Gelado Cold Brew 300ml,1,18.90
101867,ACE-004,Caneca Grão Capixaba,2,49.90
101868,ACE-002,Coador V60 Cerâmica,1,159.90
101868,CAF-001,Café Bourbon Amarelo 250g,1,54.90
101869,CAF-006,Microlote Caparaó 250g,2,79.90
101869,ACE-003,Filtro de Papel 102 (100un),1,24.90
101870,ACE-004,Caneca Grão Capixaba,1,49.90
101871,CAF-004,Blend da Casa 500g,1,69.90
101872,CAF-004,Blend da Casa 500g,1,69.90
101873,CAF-004,Blend da Casa 500g,1,69.90
101874,ACE-002,Coador V60 Cerâmica,2,159.90
101875,CAF-001,Café Bourbon Amarelo 250g,1,54.90
101876,ACE-002,Coador V60 Cerâmica,1,159.90
101876,CAF-007,Café Gelado Cold Brew 300ml,1,18.90
101876,CAF-003,Café Conilon Especial 250g,1,44.90
101877,KIT-001,Kit Degustação 4x100g,2,89.90
101877,CAF-006,Microlote Caparaó 250g,1,79.90
101878,ACE-004,Caneca Grão Capixaba,1,49.90
101878,CAF-006,Microlote Caparaó 250g,1,79.90
101878,ACE-001,Prensa Francesa 600ml,1,139.90
101879,CAF-004,Blend da Casa 500g,1,69.90
101879,CAF-002,Café Catuaí Vermelho 250g,1,49.90
101879,CAF-001,Café Bourbon Amarelo 250g,1,54.90
101880,CAF-007,Café Gelado Cold Brew 300ml,1,18.90
101881,CAF-004,Blend da Casa 500g,1,69.90
101882,CAF-004,Blend da Casa 500g,1,69.90
101883,CAF-006,Microlote Caparaó 250g,3,79.90
101883,CAF-003,Café Conilon Especial 250g,1,44.90
101884,CAF-004,Blend da Casa 500g,1,69.90
101885,ACE-001,Prensa Francesa 600ml,2,139.90
101886,CAF-004,Blend da Casa 500g,1,69.90
101887,ACE-002,Coador V60 Cerâmica,1,159.90
101888,CAF-005,Blend Espresso 1kg,3,119.90
101889,CAF-006,Microlote Caparaó 250g,1,79.90
101890,CAF-001,Café Bourbon Amarelo 250g,1,54.90
101890,ACE-003,Filtro de Papel 102 (100un),2,24.90
101890,CAF-003,Café Conilon Especial 250g,1,44.90
101890,KIT-001,Kit Degustação 4x100g,1,89.90
101891,CAF-002,Café Catuaí Vermelho 250g,1,49.90
101891,CAF-006,Microlote Caparaó 250g,1,79.90
101892,CAF-001,Café Bourbon Amarelo 250g,2,54.90
101892,CAF-002,Café Catuaí Vermelho 250g,1,49.90
101893,CAF-004,Blend da Casa 500g,1,69.90
101894,ACE-003,Filtro de Papel 102 (100un),1,24.90
101895,ACE-001,Prensa Francesa 600ml,1,139.90
101895,CAF-007,Café Gelado Cold Brew 300ml,1,18.90
101896,CAF-001,Café Bourbon Amarelo 250g,1,54.90
101897,CAF-003,Café Conilon Especial 250g,3,44.90
101898,CAF-001,Café Bourbon Amarelo 250g,1,54.90
101898,CAF-004,Blend da Casa 500g,1,69.90
101899,CAF-004,Blend da Casa 500g,1,69.90
101900,ACE-001,Prensa Francesa 600ml,1,139.90
101900,CAF-002,Café Catuaí Vermelho 250g,2,49.90
101901,CAF-001,Café Bourbon Amarelo 250g,3,54.90
101901,CAF-006,Microlote Caparaó 250g,1,79.90
101902,CAF-005,Blend Espresso 1kg,1,119.90
101902,ACE-002,Coador V60 Cerâmica,1,159.90
101902,CAF-002,Café Catuaí Vermelho 250g,2,49.90
101903,CAF-003,Café Conilon Especial 250g,1,44.90
101903,CAF-005,Blend Espresso 1kg,2,119.90
101903,CAF-007,Café Gelado Cold Brew 300ml,1,18.90
101904,KIT-001,Kit Degustação 4x100g,2,89.90
101905,CAF-002,Café Catuaí Vermelho 250g,3,49.90
101905,ACE-001,Prensa Francesa 600ml,1,139.90
101905,KIT-001,Kit Degustação 4x100g,1,89.90
101905,CAF-005,Blend Espresso 1kg,1,119.90
101906,CAF-007,Café Gelado Cold Brew 300ml,1,18.90
101906,CAF-006,Microlote Caparaó 250g,1,79.90
101907,CAF-003,Café Conilon Especial 250g,1,44.90
101907,CAF-007,Café Gelado Cold Brew 300ml,2,18.90
101908,CAF-002,Café Catuaí Vermelho 250g,1,49.90
101908,CAF-004,Blend da Casa 500g,1,69.90
101909,CAF-005,Blend Espresso 1kg,1,119.90
101910,ACE-001,Prensa Francesa 600ml,1,139.90
101910,CAF-006,Microlote Caparaó 250g,1,79.90
101911,CAF-005,Blend Espresso 1kg,2,119.90
101912,ACE-001,Prensa Francesa 600ml,1,139.90
101912,CAF-002,Café Catuaí Vermelho 250g,1,49.90
101913,CAF-004,Blend da Casa 500g,1,69.90
101914,KIT-001,Kit Degustação 4x100g,2,89.90
101914,CAF-001,Café Bourbon Amarelo 250g,1,54.90
101915,CAF-002,Café Catuaí Vermelho 250g,1,49.90
101915,ACE-004,Caneca Grão Capixaba,1,49.90
101916,ACE-004,Caneca Grão Capixaba,1,49.90
101917,CAF-006,Microlote Caparaó 250g,2,79.90
101918,CAF-007,Café Gelado Cold Brew 300ml,1,18.90
101919,CAF-004,Blend da Casa 500g,1,69.90
101920,CAF-002,Café Catuaí Vermelho 250g,1,49.90
101920,KIT-001,Kit Degustação 4x100g,3,89.90
101920,ACE-001,Prensa Francesa 600ml,2,139.90
101921,CAF-004,Blend da Casa 500g,1,69.90
101922,KIT-001,Kit Degustação 4x100g,1,89.90
101922,CAF-003,Café Conilon Especial 250g,1,44.90
101922,CAF-002,Café Catuaí Vermelho 250g,1,49.90
101922,CAF-007,Café Gelado Cold Brew 300ml,1,18.90
101923,CAF-003,Café Conilon Especial 250g,1,44.90
101924,CAF-007,Café Gelado Cold Brew 300ml,1,18.90
101925,CAF-005,Blend Espresso 1kg,1,119.90
101925,CAF-001,Café Bourbon Amarelo 250g,1,54.90
101926,CAF-006,Microlote Caparaó 250g,1,79.90
101927,CAF-004,Blend da Casa 500g,1,69.90
101928,CAF-004,Blend da Casa 500g,1,69.90
101929,ACE-001,Prensa Francesa 600ml,1,139.90
101930,CAF-004,Blend da Casa 500g,1,69.90
101931,ACE-002,Coador V60 Cerâmica,2,159.90
101931,CAF-003,Café Conilon Especial 250g,1,44.90
101932,CAF-003,Café Conilon Especial 250g,1,44.90
101932,CAF-004,Blend da Casa 500g,1,69.90
101933,CAF-002,Café Catuaí Vermelho 250g,3,49.90
101934,CAF-007,Café Gelado Cold Brew 300ml,2,18.90
101934,ACE-004,Caneca Grão Capixaba,1,49.90
101935,ACE-004,Caneca Grão Capixaba,1,49.90
101936,ACE-001,Prensa Francesa 600ml,1,139.90
101937,CAF-002,Café Catuaí Vermelho 250g,2,49.90
101937,CAF-005,Blend Espresso 1kg,1,119.90
101938,ACE-004,Caneca Grão Capixaba,1,49.90
101938,CAF-005,Blend Espresso 1kg,1,119.90
101939,ACE-001,Prensa Francesa 600ml,1,139.90
101939,CAF-004,Blend da Casa 500g,1,69.90
101940,ACE-001,Prensa Francesa 600ml,1,139.90
101940,ACE-004,Caneca Grão Capixaba,1,49.90
101941,CAF-006,Microlote Caparaó 250g,2,79.90
101941,CAF-002,Café Catuaí Vermelho 250g,1,49.90
101941,ACE-003,Filtro de Papel 102 (100un),1,24.90
101942,CAF-002,Café Catuaí Vermelho 250g,1,49.90
101943,CAF-003,Café Conilon Especial 250g,1,44.90
101944,ACE-002,Coador V60 Cerâmica,1,159.90
101945,CAF-006,Microlote Caparaó 250g,2,79.90
101945,CAF-005,Blend Espresso 1kg,2,119.90
101945,ACE-003,Filtro de Papel 102 (100un),1,24.90
101945,CAF-001,Café Bourbon Amarelo 250g,1,54.90
101946,KIT-001,Kit Degustação 4x100g,1,89.90
101946,CAF-006,Microlote Caparaó 250g,1,79.90
101947,ACE-001,Prensa Francesa 600ml,1,139.90
101948,ACE-001,Prensa Francesa 600ml,1,139.90
101948,ACE-002,Coador V60 Cerâmica,1,159.90
101949,CAF-007,Café Gelado Cold Brew 300ml,1,18.90
101949,CAF-002,Café Catuaí Vermelho 250g,1,49.90
101949,ACE-004,Caneca Grão Capixaba,1,49.90
101950,ACE-004,Caneca Grão Capixaba,1,49.90
101951,ACE-004,Caneca Grão Capixaba,1,49.90
101952,CAF-002,Café Catuaí Vermelho 250g,2,49.90
101952,ACE-004,Caneca Grão Capixaba,1,49.90
101953,CAF-006,Microlote Caparaó 250g,2,79.90
101954,ACE-004,Caneca Grão Capixaba,1,49.90
101954,CAF-001,Café Bourbon Amarelo 250g,2,54.90
101955,ACE-002,Coador V60 Cerâmica,1,159.90
101955,ACE-001,Prensa Francesa 600ml,2,139.90
101955,ACE-004,Caneca Grão Capixaba,1,49.90
101956,CAF-007,Café Gelado Cold Brew 300ml,1,18.90
101957,CAF-005,Blend Espresso 1kg,1,119.90
101958,CAF-004,Blend da Casa 500g,1,69.90
101959,CAF-001,Café Bourbon Amarelo 250g,3,54.90
101959,ACE-002,Coador V60 Cerâmica,1,159.90
101959,CAF-003,Café Conilon Especial 250g,1,44.90
101959,CAF-002,Café Catuaí Vermelho 250g,1,49.90
101960,CAF-001,Café Bourbon Amarelo 250g,1,54.90
101960,ACE-003,Filtro de Papel 102 (100un),1,24.90
101961,KIT-001,Kit Degustação 4x100g,2,89.90
101961,CAF-005,Blend Espresso 1kg,2,119.90
101962,CAF-006,Microlote Caparaó 250g,1,79.90
101962,ACE-002,Coador V60 Cerâmica,1,159.90
101963,ACE-004,Caneca Grão Capixaba,2,49.90
101964,KIT-001,Kit Degustação 4x100g,1,89.90
101964,CAF-001,Café Bourbon Amarelo 250g,1,54.90
101964,CAF-004,Blend da Casa 500g,1,69.90
101965,CAF-004,Blend da Casa 500g,1,69.90
101966,CAF-004,Blend da Casa 500g,1,69.90
101966,CAF-002,Café Catuaí Vermelho 250g,3,49.90
101967,ACE-002,Coador V60 Cerâmica,1,159.90
101968,CAF-004,Blend da Casa 500g,1,69.90
101969,CAF-004,Blend da Casa 500g,1,69.90
101969,ACE-004,Caneca Grão Capixaba,2,49.90
101969,ACE-002,Coador V60 Cerâmica,1,159.90
101970,CAF-007,Café Gelado Cold Brew 300ml,1,18.90
101971,CAF-001,Café Bourbon Amarelo 250g,2,54.90
101972,CAF-003,Café Conilon Especial 250g,2,44.90
101973,CAF-007,Café Gelado Cold Brew 300ml,1,18.90
101973,CAF-003,Café Conilon Especial 250g,1,44.90
101973,KIT-001,Kit Degustação 4x100g,1,89.90
101973,ACE-003,Filtro de Papel 102 (100un),1,24.90
101974,CAF-002,Café Catuaí Vermelho 250g,1,49.90
101974,KIT-001,Kit Degustação 4x100g,1,89.90
101974,CAF-005,Blend Espresso 1kg,1,119.90
101975,ACE-002,Coador V60 Cerâmica,1,159.90
101976,ACE-002,Coador V60 Cerâmica,1,159.90
101977,CAF-001,Café Bourbon Amarelo 250g,1,54.90
101978,KIT-001,Kit Degustação 4x100g,1,89.90
101979,KIT-001,Kit Degustação 4x100g,1,89.90
101980,CAF-001,Café Bourbon Amarelo 250g,3,54.90
101980,CAF-003,Café Conilon Especial 250g,1,44.90
101981,CAF-003,Café Conilon Especial 250g,1,44.90
101982,CAF-006,Microlote Caparaó 250g,1,79.90
101982,CAF-005,Blend Espresso 1kg,3,119.90
101983,CAF-002,Café Catuaí Vermelho 250g,1,49.90
101984,ACE-001,Prensa Francesa 600ml,1,139.90
101985,ACE-003,Filtro de Papel 102 (100un),1,24.90
101985,CAF-001,Café Bourbon Amarelo 250g,1,54.90
101985,CAF-007,Café Gelado Cold Brew 300ml,1,18.90
101985,ACE-001,Prensa Francesa 600ml,1,139.90
101986,CAF-004,Blend da Casa 500g,1,69.90
101987,ACE-002,Coador V60 Cerâmica,2,159.90
101987,CAF-002,Café Catuaí Vermelho 250g,1,49.90
101988,CAF-001,Café Bourbon Amarelo 250g,1,54.90
101989,ACE-003,Filtro de Papel 102 (100un),1,24.90
101989,ACE-004,Caneca Grão Capixaba,1,49.90
101990,ACE-004,Caneca Grão Capixaba,1,49.90
101990,CAF-007,Café Gelado Cold Brew 300ml,1,18.90
101991,ACE-004,Caneca Grão Capixaba,1,49.90
101991,ACE-002,Coador V60 Cerâmica,1,159.90
101992,CAF-006,Microlote Caparaó 250g,1,79.90
101993,CAF-005,Blend Espresso 1kg,1,119.90
101994,CAF-006,Microlote Caparaó 250g,2,79.90
101994,CAF-005,Blend Espresso 1kg,1,119.90
101995,CAF-004,Blend da Casa 500g,2,69.90
101995,CAF-005,Blend Espresso 1kg,1,119.90
101996,KIT-001,Kit Degustação 4x100g,1,89.90
101996,CAF-006,Microlote Caparaó 250g,1,79.90
101997,CAF-004,Blend da Casa 500g,1,69.90
101998,KIT-001,Kit Degustação 4x100g,1,89.90
101998,ACE-001,Prensa Francesa 600ml,1,139.90
101999,CAF-001,Café Bourbon Amarelo 250g,3,54.90
101999,CAF-003,Café Conilon Especial 250g,3,44.90
101999,ACE-001,Prensa Francesa 600ml,2,139.90
102000,ACE-001,Prensa Francesa 600ml,1,139.90
102001,CAF-004,Blend da Casa 500g,1,69.90
102001,ACE-001,Prensa Francesa 600ml,2,139.90
102001,CAF-006,Microlote Caparaó 250g,1,79.90
102001,CAF-002,Café Catuaí Vermelho 250g,1,49.90
102002,ACE-003,Filtro de Papel 102 (100un),1,24.90
102003,ACE-003,Filtro de Papel 102 (100un),1,24.90
102004,ACE-002,Coador V60 Cerâmica,1,159.90
102005,CAF-001,Café Bourbon Amarelo 250g,1,54.90
102006,CAF-005,Blend Espresso 1kg,2,119.90
102007,CAF-005,Blend Espresso 1kg,1,119.90
102008,CAF-006,Microlote Caparaó 250g,1,79.90
102009,CAF-004,Blend da Casa 500g,1,69.90
102010,CAF-003,Café Conilon Especial 250g,1,44.90
102010,CAF-002,Café Catuaí Vermelho 250g,1,49.90
102010,CAF-004,Blend da Casa 500g,1,69.90
102011,CAF-004,Blend da Casa 500g,1,69.90
102012,ACE-003,Filtro de Papel 102 (100un),1,24.90
102013,CAF-004,Blend da Casa 500g,1,69.90
102014,CAF-001,Café Bourbon Amarelo 250g,2,54.90
102014,CAF-007,Café Gelado Cold Brew 300ml,1,18.90
102015,CAF-007,Café Gelado Cold Brew 300ml,2,18.90
102016,CAF-003,Café Conilon Especial 250g,2,44.90
102017,CAF-004,Blend da Casa 500g,1,69.90
102018,KIT-001,Kit Degustação 4x100g,1,89.90
102019,CAF-004,Blend da Casa 500g,1,69.90
102020,CAF-004,Blend da Casa 500g,1,69.90
102021,ACE-001,Prensa Francesa 600ml,1,139.90
102021,CAF-004,Blend da Casa 500g,1,69.90
102022,CAF-002,Café Catuaí Vermelho 250g,1,49.90
102022,CAF-004,Blend da Casa 500g,1,69.90
102022,KIT-001,Kit Degustação 4x100g,1,89.90
102022,ACE-003,Filtro de Papel 102 (100un),2,24.90
102023,ACE-001,Prensa Francesa 600ml,1,139.90
102024,CAF-007,Café Gelado Cold Brew 300ml,1,18.90
102025,ACE-001,Prensa Francesa 600ml,3,139.90
102025,CAF-002,Café Catuaí Vermelho 250g,1,49.90
102026,ACE-003,Filtro de Papel 102 (100un),1,24.90
102026,CAF-003,Café Conilon Especial 250g,1,44.90
102027,CAF-004,Blend da Casa 500g,1,69.90
102028,CAF-004,Blend da Casa 500g,1,69.90
102029,CAF-004,Blend da Casa 500g,1,69.90
102030,CAF-004,Blend da Casa 500g,1,69.90
102031,CAF-006,Microlote Caparaó 250g,1,79.90
102032,CAF-003,Café Conilon Especial 250g,1,44.90
102032,ACE-002,Coador V60 Cerâmica,1,159.90
102032,CAF-004,Blend da Casa 500g,3,69.90
102033,CAF-007,Café Gelado Cold Brew 300ml,1,18.90
102033,CAF-006,Microlote Caparaó 250g,1,79.90
102033,ACE-004,Caneca Grão Capixaba,1,49.90
102034,KIT-001,Kit Degustação 4x100g,2,89.90
102035,ACE-001,Prensa Francesa 600ml,2,139.90
102036,CAF-002,Café Catuaí Vermelho 250g,2,49.90
102036,ACE-003,Filtro de Papel 102 (100un),1,24.90
102037,ACE-004,Caneca Grão Capixaba,1,49.90
102037,ACE-002,Coador V60 Cerâmica,1,159.90
102038,CAF-003,Café Conilon Especial 250g,1,44.90
102039,CAF-007,Café Gelado Cold Brew 300ml,1,18.90
102039,CAF-006,Microlote Caparaó 250g,1,79.90
102040,CAF-004,Blend da Casa 500g,1,69.90
102040,CAF-003,Café Conilon Especial 250g,1,44.90
102041,CAF-004,Blend da Casa 500g,1,69.90
102041,CAF-001,Café Bourbon Amarelo 250g,2,54.90
102042,CAF-003,Café Conilon Especial 250g,1,44.90
102042,ACE-004,Caneca Grão Capixaba,1,49.90
102043,CAF-007,Café Gelado Cold Brew 300ml,1,18.90
102043,CAF-003,Café Conilon Especial 250g,1,44.90
102044,CAF-003,Café Conilon Especial 250g,2,44.90
102045,CAF-001,Café Bourbon Amarelo 250g,2,54.90
102045,ACE-004,Caneca Grão Capixaba,1,49.90
102046,CAF-005,Blend Espresso 1kg,1,119.90
102046,CAF-002,Café Catuaí Vermelho 250g,1,49.90
102047,ACE-004,Caneca Grão Capixaba,1,49.90
102047,ACE-003,Filtro de Papel 102 (100un),1,24.90
102048,ACE-003,Filtro de Papel 102 (100un),1,24.90
102049,KIT-001,Kit Degustação 4x100g,2,89.90
102050,ACE-001,Prensa Francesa 600ml,2,139.90
102050,ACE-003,Filtro de Papel 102 (100un),1,24.90
102051,ACE-003,Filtro de Papel 102 (100un),1,24.90
102051,ACE-001,Prensa Francesa 600ml,2,139.90
102052,CAF-001,Café Bourbon Amarelo 250g,1,54.90
102053,CAF-005,Blend Espresso 1kg,2,119.90
102054,CAF-004,Blend da Casa 500g,1,69.90
102055,CAF-004,Blend da Casa 500g,2,69.90
102055,ACE-004,Caneca Grão Capixaba,1,49.90
102055,ACE-001,Prensa Francesa 600ml,1,139.90
102056,ACE-003,Filtro de Papel 102 (100un),2,24.90
102056,CAF-006,Microlote Caparaó 250g,1,79.90
102056,CAF-005,Blend Espresso 1kg,1,119.90
102057,CAF-004,Blend da Casa 500g,1,69.90
102058,CAF-004,Blend da Casa 500g,1,69.90
102059,CAF-006,Microlote Caparaó 250g,1,79.90
102059,KIT-001,Kit Degustação 4x100g,2,89.90
102059,CAF-004,Blend da Casa 500g,1,69.90
102059,ACE-002,Coador V60 Cerâmica,1,159.90
102060,ACE-002,Coador V60 Cerâmica,1,159.90
102060,ACE-004,Caneca Grão Capixaba,1,49.90
102060,CAF-004,Blend da Casa 500g,1,69.90
102061,ACE-001,Prensa Francesa 600ml,2,139.90
102061,CAF-001,Café Bourbon Amarelo 250g,1,54.90
102062,CAF-004,Blend da Casa 500g,1,69.90
102063,CAF-005,Blend Espresso 1kg,2,119.90
102063,CAF-004,Blend da Casa 500g,2,69.90
102063,ACE-002,Coador V60 Cerâmica,1,159.90
102063,ACE-003,Filtro de Papel 102 (100un),1,24.90
102064,CAF-001,Café Bourbon Amarelo 250g,1,54.90
102064,CAF-002,Café Catuaí Vermelho 250g,1,49.90
102064,CAF-004,Blend da Casa 500g,1,69.90
102064,CAF-007,Café Gelado Cold Brew 300ml,2,18.90
102065,ACE-004,Caneca Grão Capixaba,1,49.90
102066,CAF-003,Café Conilon Especial 250g,1,44.90
102067,KIT-001,Kit Degustação 4x100g,3,89.90
102067,CAF-005,Blend Espresso 1kg,1,119.90
102068,CAF-002,Café Catuaí Vermelho 250g,1,49.90
102069,CAF-004,Blend da Casa 500g,1,69.90
102070,CAF-002,Café Catuaí Vermelho 250g,1,49.90
102070,ACE-001,Prensa Francesa 600ml,1,139.90
102071,ACE-001,Prensa Francesa 600ml,2,139.90
102072,ACE-002,Coador V60 Cerâmica,1,159.90
102072,CAF-001,Café Bourbon Amarelo 250g,2,54.90
102072,CAF-004,Blend da Casa 500g,1,69.90
102073,ACE-002,Coador V60 Cerâmica,1,159.90
102073,CAF-006,Microlote Caparaó 250g,1,79.90
102073,CAF-003,Café Conilon Especial 250g,1,44.90
102074,CAF-001,Café Bourbon Amarelo 250g,3,54.90
102074,CAF-006,Microlote Caparaó 250g,3,79.90
102075,CAF-004,Blend da Casa 500g,2,69.90
102075,ACE-004,Caneca Grão Capixaba,1,49.90
102076,CAF-001,Café Bourbon Amarelo 250g,1,54.90
102077,CAF-004,Blend da Casa 500g,1,69.90
102078,ACE-004,Caneca Grão Capixaba,1,49.90
102079,CAF-005,Blend Espresso 1kg,1,119.90
102079,CAF-004,Blend da Casa 500g,1,69.90
102079,CAF-002,Café Catuaí Vermelho 250g,2,49.90
102080,ACE-003,Filtro de Papel 102 (100un),3,24.90
102081,CAF-003,Café Conilon Especial 250g,1,44.90
102082,CAF-007,Café Gelado Cold Brew 300ml,1,18.90
102083,KIT-001,Kit Degustação 4x100g,1,89.90
102084,KIT-001,Kit Degustação 4x100g,1,89.90
102085,CAF-004,Blend da Casa 500g,1,69.90
102086,CAF-001,Café Bourbon Amarelo 250g,1,54.90
102086,CAF-002,Café Catuaí Vermelho 250g,1,49.90
102087,ACE-003,Filtro de Papel 102 (100un),2,24.90
102088,ACE-001,Prensa Francesa 600ml,1,139.90
102088,CAF-003,Café Conilon Especial 250g,1,44.90
102089,CAF-005,Blend Espresso 1kg,1,119.90
102089,CAF-003,Café Conilon Especial 250g,2,44.90
102090,CAF-007,Café Gelado Cold Brew 300ml,1,18.90
102090,KIT-001,Kit Degustação 4x100g,1,89.90
102090,CAF-001,Café Bourbon Amarelo 250g,1,54.90
102090,ACE-001,Prensa Francesa 600ml,1,139.90
102091,CAF-004,Blend da Casa 500g,2,69.90
102091,CAF-006,Microlote Caparaó 250g,1,79.90
102092,CAF-003,Café Conilon Especial 250g,1,44.90
102092,CAF-001,Café Bourbon Amarelo 250g,1,54.90
102092,ACE-004,Caneca Grão Capixaba,2,49.90
102092,ACE-002,Coador V60 Cerâmica,1,159.90
102093,ACE-001,Prensa Francesa 600ml,1,139.90
102093,CAF-004,Blend da Casa 500g,1,69.90
102094,CAF-002,Café Catuaí Vermelho 250g,2,49.90
102094,CAF-006,Microlote Caparaó 250g,1,79.90
102094,CAF-001,Café Bourbon Amarelo 250g,1,54.90
102094,CAF-005,Blend Espresso 1kg,1,119.90
102095,CAF-005,Blend Espresso 1kg,1,119.90
102095,CAF-004,Blend da Casa 500g,3,69.90
102096,CAF-007,Café Gelado Cold Brew 300ml,1,18.90
102097,CAF-004,Blend da Casa 500g,1,69.90
102098,ACE-001,Prensa Francesa 600ml,1,139.90
102098,ACE-003,Filtro de Papel 102 (100un),3,24.90
102098,ACE-004,Caneca Grão Capixaba,1,49.90
102099,CAF-004,Blend da Casa 500g,1,69.90
102100,CAF-007,Café Gelado Cold Brew 300ml,2,18.90
102100,CAF-001,Café Bourbon Amarelo 250g,1,54.90
102101,CAF-001,Café Bourbon Amarelo 250g,1,54.90
102101,KIT-001,Kit Degustação 4x100g,2,89.90
102102,ACE-001,Prensa Francesa 600ml,1,139.90
102103,CAF-004,Blend da Casa 500g,1,69.90
102104,CAF-002,Café Catuaí Vermelho 250g,1,49.90
102105,CAF-006,Microlote Caparaó 250g,1,79.90
102106,CAF-004,Blend da Casa 500g,1,69.90
102107,CAF-002,Café Catuaí Vermelho 250g,1,49.90
102108,CAF-004,Blend da Casa 500g,1,69.90
102109,CAF-005,Blend Espresso 1kg,1,119.90
102109,CAF-002,Café Catuaí Vermelho 250g,1,49.90
102109,CAF-006,Microlote Caparaó 250g,1,79.90
102110,CAF-004,Blend da Casa 500g,1,69.90
102111,CAF-004,Blend da Casa 500g,1,69.90
102112,CAF-005,Blend Espresso 1kg,1,119.90
102113,CAF-004,Blend da Casa 500g,1,69.90
102114,KIT-001,Kit Degustação 4x100g,1,89.90
102114,ACE-004,Caneca Grão Capixaba,2,49.90
102115,CAF-004,Blend da Casa 500g,1,69.90
102116,CAF-004,Blend da Casa 500g,1,69.90
102116,CAF-002,Café Catuaí Vermelho 250g,1,49.90
102116,ACE-002,Coador V60 Cerâmica,1,159.90
102117,ACE-001,Prensa Francesa 600ml,2,139.90
102117,CAF-002,Café Catuaí Vermelho 250g,2,49.90
102118,ACE-001,Prensa Francesa 600ml,1,139.90
102118,ACE-004,Caneca Grão Capixaba,1,49.90
102118,CAF-001,Café Bourbon Amarelo 250g,1,54.90
102119,CAF-002,Café Catuaí Vermelho 250g,1,49.90
102120,CAF-003,Café Conilon Especial 250g,1,44.90
102120,CAF-001,Café Bourbon Amarelo 250g,1,54.90
102120,CAF-007,Café Gelado Cold Brew 300ml,3,18.90
102121,CAF-003,Café Conilon Especial 250g,1,44.90
102122,CAF-001,Café Bourbon Amarelo 250g,1,54.90
102122,CAF-005,Blend Espresso 1kg,1,119.90
102123,ACE-003,Filtro de Papel 102 (100un),1,24.90
102123,CAF-007,Café Gelado Cold Brew 300ml,1,18.90
102123,ACE-004,Caneca Grão Capixaba,1,49.90
102124,CAF-001,Café Bourbon Amarelo 250g,1,54.90
102125,CAF-004,Blend da Casa 500g,2,69.90
102125,ACE-004,Caneca Grão Capixaba,1,49.90
102125,ACE-003,Filtro de Papel 102 (100un),2,24.90
102126,ACE-004,Caneca Grão Capixaba,1,49.90
102126,CAF-002,Café Catuaí Vermelho 250g,1,49.90
102127,CAF-001,Café Bourbon Amarelo 250g,1,54.90
102127,ACE-003,Filtro de Papel 102 (100un),1,24.90
102127,ACE-002,Coador V60 Cerâmica,1,159.90
102128,ACE-004,Caneca Grão Capixaba,1,49.90
102129,ACE-001,Prensa Francesa 600ml,1,139.90
102130,CAF-004,Blend da Casa 500g,1,69.90
102131,ACE-003,Filtro de Papel 102 (100un),1,24.90
102131,CAF-003,Café Conilon Especial 250g,1,44.90
102132,ACE-003,Filtro de Papel 102 (100un),1,24.90
102133,CAF-006,Microlote Caparaó 250g,2,79.90
102133,ACE-001,Prensa Francesa 600ml,1,139.90
102133,KIT-001,Kit Degustação 4x100g,1,89.90
102133,ACE-004,Caneca Grão Capixaba,1,49.90
102134,CAF-003,Café Conilon Especial 250g,1,44.90
102135,ACE-003,Filtro de Papel 102 (100un),2,24.90
102135,CAF-006,Microlote Caparaó 250g,1,79.90
102136,CAF-005,Blend Espresso 1kg,1,119.90
102137,CAF-004,Blend da Casa 500g,1,69.90
102138,CAF-007,Café Gelado Cold Brew 300ml,2,18.90
102139,CAF-003,Café Conilon Especial 250g,1,44.90
102140,CAF-002,Café Catuaí Vermelho 250g,3,49.90
102140,CAF-003,Café Conilon Especial 250g,1,44.90
102141,CAF-001,Café Bourbon Amarelo 250g,1,54.90
102141,CAF-006,Microlote Caparaó 250g,2,79.90
102142,ACE-003,Filtro de Papel 102 (100un),1,24.90
102142,CAF-004,Blend da Casa 500g,1,69.90
102142,CAF-006,Microlote Caparaó 250g,1,79.90
102142,ACE-001,Prensa Francesa 600ml,2,139.90
102143,CAF-005,Blend Espresso 1kg,2,119.90
102143,ACE-004,Caneca Grão Capixaba,3,49.90
102144,CAF-007,Café Gelado Cold Brew 300ml,2,18.90
102144,CAF-006,Microlote Caparaó 250g,1,79.90
102144,CAF-001,Café Bourbon Amarelo 250g,1,54.90
102145,CAF-007,Café Gelado Cold Brew 300ml,1,18.90
102145,CAF-003,Café Conilon Especial 250g,1,44.90
102145,KIT-001,Kit Degustação 4x100g,1,89.90
102146,CAF-002,Café Catuaí Vermelho 250g,1,49.90
102146,CAF-003,Café Conilon Especial 250g,2,44.90
102147,CAF-006,Microlote Caparaó 250g,2,79.90
102147,ACE-004,Caneca Grão Capixaba,1,49.90
102147,ACE-002,Coador V60 Cerâmica,1,159.90
102148,CAF-003,Café Conilon Especial 250g,1,44.90
102148,ACE-003,Filtro de Papel 102 (100un),1,24.90
102149,ACE-003,Filtro de Papel 102 (100un),1,24.90
102149,ACE-001,Prensa Francesa 600ml,1,139.90
102149,CAF-004,Blend da Casa 500g,1,69.90
102150,ACE-001,Prensa Francesa 600ml,2,139.90
102151,ACE-001,Prensa Francesa 600ml,1,139.90
102152,CAF-007,Café Gelado Cold Brew 300ml,1,18.90
102152,CAF-001,Café Bourbon Amarelo 250g,1,54.90
102153,CAF-001,Café Bourbon Amarelo 250g,1,54.90
102153,ACE-001,Prensa Francesa 600ml,1,139.90
102154,CAF-003,Café Conilon Especial 250g,1,44.90
102155,CAF-007,Café Gelado Cold Brew 300ml,1,18.90
102155,CAF-006,Microlote Caparaó 250g,1,79.90
102156,CAF-004,Blend da Casa 500g,1,69.90
102157,ACE-004,Caneca Grão Capixaba,1,49.90
102157,CAF-002,Café Catuaí Vermelho 250g,1,49.90
102158,CAF-004,Blend da Casa 500g,1,69.90
102159,ACE-004,Caneca Grão Capixaba,1,49.90
102159,CAF-002,Café Catuaí Vermelho 250g,3,49.90
102159,ACE-003,Filtro de Papel 102 (100un),3,24.90
102159,CAF-004,Blend da Casa 500g,1,69.90
102160,ACE-004,Caneca Grão Capixaba,3,49.90
102160,CAF-006,Microlote Caparaó 250g,1,79.90
102160,CAF-002,Café Catuaí Vermelho 250g,1,49.90
102161,ACE-003,Filtro de Papel 102 (100un),2,24.90
102162,CAF-004,Blend da Casa 500g,1,69.90
102162,ACE-004,Caneca Grão Capixaba,1,49.90
102162,CAF-001,Café Bourbon Amarelo 250g,1,54.90
102163,CAF-004,Blend da Casa 500g,1,69.90
102164,KIT-001,Kit Degustação 4x100g,1,89.90
102164,CAF-006,Microlote Caparaó 250g,1,79.90
102164,CAF-001,Café Bourbon Amarelo 250g,1,54.90
102165,CAF-001,Café Bourbon Amarelo 250g,2,54.90
102165,CAF-006,Microlote Caparaó 250g,3,79.90
102166,CAF-005,Blend Espresso 1kg,1,119.90
102167,CAF-001,Café Bourbon Amarelo 250g,1,54.90
102167,CAF-007,Café Gelado Cold Brew 300ml,1,18.90
102168,ACE-004,Caneca Grão Capixaba,1,49.90
102169,CAF-004,Blend da Casa 500g,1,69.90
102170,CAF-006,Microlote Caparaó 250g,1,79.90
102170,CAF-002,Café Catuaí Vermelho 250g,3,49.90
102170,CAF-001,Café Bourbon Amarelo 250g,1,54.90
102170,CAF-007,Café Gelado Cold Brew 300ml,1,18.90
102171,CAF-004,Blend da Casa 500g,1,69.90
102171,KIT-001,Kit Degustação 4x100g,1,89.90
102171,CAF-005,Blend Espresso 1kg,1,119.90
102172,ACE-001,Prensa Francesa 600ml,1,139.90
102172,CAF-001,Café Bourbon Amarelo 250g,1,54.90
102172,KIT-001,Kit Degustação 4x100g,3,89.90
102172,ACE-003,Filtro de Papel 102 (100un),2,24.90
102173,ACE-001,Prensa Francesa 600ml,1,139.90
102173,CAF-002,Café Catuaí Vermelho 250g,1,49.90
102173,CAF-006,Microlote Caparaó 250g,2,79.90
102173,ACE-004,Caneca Grão Capixaba,1,49.90
102174,KIT-001,Kit Degustação 4x100g,2,89.90
102175,CAF-003,Café Conilon Especial 250g,1,44.90
102176,ACE-004,Caneca Grão Capixaba,1,49.90
102177,ACE-004,Caneca Grão Capixaba,1,49.90
102178,CAF-003,Café Conilon Especial 250g,1,44.90
102179,ACE-002,Coador V60 Cerâmica,2,159.90
102180,CAF-007,Café Gelado Cold Brew 300ml,1,18.90
102180,ACE-004,Caneca Grão Capixaba,2,49.90
102180,CAF-001,Café Bourbon Amarelo 250g,1,54.90
102181,CAF-002,Café Catuaí Vermelho 250g,1,49.90
102182,CAF-006,Microlote Caparaó 250g,1,79.90
102182,CAF-003,Café Conilon Especial 250g,1,44.90
102182,KIT-001,Kit Degustação 4x100g,1,89.90
102182,CAF-001,Café Bourbon Amarelo 250g,1,54.90
102183,ACE-001,Prensa Francesa 600ml,1,139.90
102183,ACE-003,Filtro de Papel 102 (100un),1,24.90
102184,CAF-003,Café Conilon Especial 250g,1,44.90
102185,CAF-003,Café Conilon Especial 250g,1,44.90
102186,ACE-001,Prensa Francesa 600ml,2,139.90
102187,CAF-005,Blend Espresso 1kg,2,119.90
102187,ACE-003,Filtro de Papel 102 (100un),1,24.90
102187,CAF-001,Café Bourbon Amarelo 250g,1,54.90
102188,ACE-003,Filtro de Papel 102 (100un),1,24.90
102188,CAF-002,Café Catuaí Vermelho 250g,2,49.90
102188,KIT-001,Kit Degustação 4x100g,2,89.90
102189,KIT-001,Kit Degustação 4x100g,1,89.90
102190,CAF-007,Café Gelado Cold Brew 300ml,1,18.90
102191,ACE-004,Caneca Grão Capixaba,1,49.90
102192,CAF-005,Blend Espresso 1kg,1,119.90
102192,ACE-002,Coador V60 Cerâmica,2,159.90
102193,ACE-002,Coador V60 Cerâmica,1,159.90
102193,CAF-007,Café Gelado Cold Brew 300ml,2,18.90
102194,CAF-002,Café Catuaí Vermelho 250g,1,49.90
102195,ACE-002,Coador V60 Cerâmica,1,159.90
102196,CAF-006,Microlote Caparaó 250g,2,79.90
102197,CAF-004,Blend da Casa 500g,1,69.90
102198,ACE-002,Coador V60 Cerâmica,2,159.90
102199,CAF-007,Café Gelado Cold Brew 300ml,1,18.90
102199,CAF-006,Microlote Caparaó 250g,1,79.90
102199,ACE-004,Caneca Grão Capixaba,1,49.90
102200,ACE-003,Filtro de Papel 102 (100un),1,24.90
102201,ACE-001,Prensa Francesa 600ml,1,139.90
102202,CAF-002,Café Catuaí Vermelho 250g,2,49.90
102202,ACE-004,Caneca Grão Capixaba,1,49.90
102202,CAF-007,Café Gelado Cold Brew 300ml,1,18.90
102203,CAF-002,Café Catuaí Vermelho 250g,1,49.90
102203,CAF-006,Microlote Caparaó 250g,2,79.90
102204,CAF-006,Microlote Caparaó 250g,1,79.90
102204,CAF-001,Café Bourbon Amarelo 250g,1,54.90
102205,ACE-002,Coador V60 Cerâmica,1,159.90
102206,ACE-001,Prensa Francesa 600ml,1,139.90
102207,CAF-004,Blend da Casa 500g,1,69.90
102208,ACE-003,Filtro de Papel 102 (100un),1,24.90
102208,CAF-007,Café Gelado Cold Brew 300ml,3,18.90
102209,CAF-004,Blend da Casa 500g,1,69.90
102210,CAF-005,Blend Espresso 1kg,1,119.90
102210,CAF-003,Café Conilon Especial 250g,3,44.90
102210,ACE-002,Coador V60 Cerâmica,2,159.90
102210,CAF-002,Café Catuaí Vermelho 250g,1,49.90
102211,ACE-004,Caneca Grão Capixaba,1,49.90
102211,CAF-002,Café Catuaí Vermelho 250g,1,49.90
102212,CAF-004,Blend da Casa 500g,1,69.90
102212,CAF-002,Café Catuaí Vermelho 250g,1,49.90
102213,CAF-001,Café Bourbon Amarelo 250g,1,54.90
102214,ACE-004,Caneca Grão Capixaba,2,49.90
102215,ACE-003,Filtro de Papel 102 (100un),2,24.90
102216,CAF-006,Microlote Caparaó 250g,1,79.90
102216,KIT-001,Kit Degustação 4x100g,2,89.90
102217,KIT-001,Kit Degustação 4x100g,2,89.90
102217,CAF-003,Café Conilon Especial 250g,2,44.90
102218,ACE-002,Coador V60 Cerâmica,1,159.90
102219,ACE-004,Caneca Grão Capixaba,2,49.90
102220,ACE-004,Caneca Grão Capixaba,1,49.90
102220,CAF-006,Microlote Caparaó 250g,2,79.90
102221,ACE-002,Coador V60 Cerâmica,1,159.90
102221,CAF-003,Café Conilon Especial 250g,2,44.90
102222,KIT-001,Kit Degustação 4x100g,1,89.90
102222,CAF-004,Blend da Casa 500g,1,69.90
102223,CAF-007,Café Gelado Cold Brew 300ml,1,18.90
102223,CAF-004,Blend da Casa 500g,1,69.90
102223,ACE-002,Coador V60 Cerâmica,1,159.90
102224,CAF-003,Café Conilon Especial 250g,1,44.90
102225,KIT-001,Kit Degustação 4x100g,1,89.90
102226,CAF-003,Café Conilon Especial 250g,1,44.90
102226,ACE-002,Coador V60 Cerâmica,1,159.90
102226,KIT-001,Kit Degustação 4x100g,1,89.90
102227,CAF-001,Café Bourbon Amarelo 250g,1,54.90
102227,CAF-002,Café Catuaí Vermelho 250g,1,49.90
102228,CAF-004,Blend da Casa 500g,1,69.90
102228,CAF-003,Café Conilon Especial 250g,1,44.90
102229,ACE-001,Prensa Francesa 600ml,1,139.90
102230,ACE-001,Prensa Francesa 600ml,2,139.90
102231,ACE-004,Caneca Grão Capixaba,3,49.90
102232,CAF-005,Blend Espresso 1kg,1,119.90
102232,CAF-002,Café Catuaí Vermelho 250g,1,49.90
102233,CAF-005,Blend Espresso 1kg,2,119.90
102234,CAF-004,Blend da Casa 500g,1,69.90
102234,CAF-001,Café Bourbon Amarelo 250g,1,54.90
102235,CAF-004,Blend da Casa 500g,2,69.90
102236,CAF-002,Café Catuaí Vermelho 250g,3,49.90
102237,ACE-004,Caneca Grão Capixaba,2,49.90
102238,CAF-004,Blend da Casa 500g,1,69.90
102238,CAF-005,Blend Espresso 1kg,1,119.90
102238,ACE-003,Filtro de Papel 102 (100un),2,24.90
102238,KIT-001,Kit Degustação 4x100g,1,89.90
102239,ACE-004,Caneca Grão Capixaba,2,49.90
102239,CAF-004,Blend da Casa 500g,1,69.90
102239,ACE-003,Filtro de Papel 102 (100un),1,24.90
102240,KIT-001,Kit Degustação 4x100g,2,89.90
102240,CAF-002,Café Catuaí Vermelho 250g,1,49.90
102240,ACE-002,Coador V60 Cerâmica,2,159.90
102241,CAF-004,Blend da Casa 500g,1,69.90
102242,KIT-001,Kit Degustação 4x100g,1,89.90
102242,CAF-004,Blend da Casa 500g,1,69.90
102243,CAF-006,Microlote Caparaó 250g,1,79.90
102243,CAF-002,Café Catuaí Vermelho 250g,1,49.90
102243,CAF-004,Blend da Casa 500g,1,69.90
102244,CAF-007,Café Gelado Cold Brew 300ml,2,18.90
102245,CAF-006,Microlote Caparaó 250g,1,79.90
102246,CAF-004,Blend da Casa 500g,1,69.90
102247,ACE-003,Filtro de Papel 102 (100un),2,24.90
102247,CAF-004,Blend da Casa 500g,1,69.90
102248,CAF-007,Café Gelado Cold Brew 300ml,1,18.90
102249,CAF-003,Café Conilon Especial 250g,1,44.90
102249,ACE-002,Coador V60 Cerâmica,1,159.90
102250,ACE-002,Coador V60 Cerâmica,2,159.90
102251,ACE-002,Coador V60 Cerâmica,1,159.90
102252,ACE-001,Prensa Francesa 600ml,1,139.90
102253,CAF-004,Blend da Casa 500g,1,69.90
102254,CAF-007,Café Gelado Cold Brew 300ml,1,18.90
102254,ACE-003,Filtro de Papel 102 (100un),1,24.90
102254,KIT-001,Kit Degustação 4x100g,1,89.90
102254,CAF-005,Blend Espresso 1kg,1,119.90
102255,CAF-001,Café Bourbon Amarelo 250g,2,54.90
102255,ACE-003,Filtro de Papel 102 (100un),2,24.90
102256,CAF-004,Blend da Casa 500g,1,69.90
102257,CAF-003,Café Conilon Especial 250g,2,44.90
102258,CAF-003,Café Conilon Especial 250g,1,44.90
102258,ACE-001,Prensa Francesa 600ml,2,139.90
102258,CAF-005,Blend Espresso 1kg,1,119.90
102258,CAF-004,Blend da Casa 500g,2,69.90
102259,ACE-004,Caneca Grão Capixaba,1,49.90
102260,CAF-004,Blend da Casa 500g,1,69.90
102261,ACE-003,Filtro de Papel 102 (100un),1,24.90
102262,CAF-002,Café Catuaí Vermelho 250g,2,49.90
102263,KIT-001,Kit Degustação 4x100g,1,89.90
102263,CAF-005,Blend Espresso 1kg,1,119.90
102264,CAF-007,Café Gelado Cold Brew 300ml,1,18.90
102265,CAF-004,Blend da Casa 500g,1,69.90
102266,KIT-001,Kit Degustação 4x100g,1,89.90
102267,CAF-002,Café Catuaí Vermelho 250g,2,49.90
102267,CAF-003,Café Conilon Especial 250g,1,44.90
102267,ACE-001,Prensa Francesa 600ml,2,139.90
102268,CAF-006,Microlote Caparaó 250g,3,79.90
102269,CAF-007,Café Gelado Cold Brew 300ml,1,18.90
102270,CAF-004,Blend da Casa 500g,1,69.90
102271,CAF-006,Microlote Caparaó 250g,2,79.90
102271,CAF-005,Blend Espresso 1kg,1,119.90
102271,CAF-001,Café Bourbon Amarelo 250g,1,54.90
102272,CAF-001,Café Bourbon Amarelo 250g,2,54.90
102273,CAF-006,Microlote Caparaó 250g,1,79.90
102274,CAF-003,Café Conilon Especial 250g,2,44.90
102275,ACE-004,Caneca Grão Capixaba,1,49.90
102276,CAF-007,Café Gelado Cold Brew 300ml,1,18.90
102277,ACE-001,Prensa Francesa 600ml,1,139.90
102278,ACE-004,Caneca Grão Capixaba,2,49.90
102279,CAF-005,Blend Espresso 1kg,1,119.90
102279,ACE-002,Coador V60 Cerâmica,1,159.90
102279,KIT-001,Kit Degustação 4x100g,1,89.90
102279,CAF-004,Blend da Casa 500g,2,69.90
102280,ACE-003,Filtro de Papel 102 (100un),1,24.90
102280,CAF-006,Microlote Caparaó 250g,2,79.90
102280,KIT-001,Kit Degustação 4x100g,2,89.90
102281,CAF-002,Café Catuaí Vermelho 250g,1,49.90
102281,CAF-001,Café Bourbon Amarelo 250g,1,54.90
102282,CAF-004,Blend da Casa 500g,1,69.90
102282,CAF-006,Microlote Caparaó 250g,1,79.90
102283,CAF-004,Blend da Casa 500g,1,69.90
102284,CAF-006,Microlote Caparaó 250g,2,79.90
102284,ACE-003,Filtro de Papel 102 (100un),1,24.90
102285,CAF-006,Microlote Caparaó 250g,2,79.90
102286,CAF-001,Café Bourbon Amarelo 250g,1,54.90
102287,CAF-002,Café Catuaí Vermelho 250g,2,49.90
102288,CAF-007,Café Gelado Cold Brew 300ml,2,18.90
102289,ACE-002,Coador V60 Cerâmica,1,159.90
102290,ACE-001,Prensa Francesa 600ml,2,139.90
102290,ACE-004,Caneca Grão Capixaba,1,49.90
102291,KIT-001,Kit Degustação 4x100g,1,89.90
102292,CAF-002,Café Catuaí Vermelho 250g,1,49.90
102292,CAF-001,Café Bourbon Amarelo 250g,1,54.90
102293,KIT-001,Kit Degustação 4x100g,1,89.90
102293,CAF-004,Blend da Casa 500g,1,69.90
102294,CAF-006,Microlote Caparaó 250g,3,79.90
102294,ACE-002,Coador V60 Cerâmica,1,159.90
102294,CAF-007,Café Gelado Cold Brew 300ml,1,18.90
102295,ACE-002,Coador V60 Cerâmica,2,159.90
102295,CAF-005,Blend Espresso 1kg,1,119.90
102295,ACE-004,Caneca Grão Capixaba,3,49.90
102295,CAF-001,Café Bourbon Amarelo 250g,1,54.90
102296,CAF-001,Café Bourbon Amarelo 250g,2,54.90
102297,ACE-003,Filtro de Papel 102 (100un),1,24.90
102297,CAF-006,Microlote Caparaó 250g,2,79.90
102297,CAF-004,Blend da Casa 500g,1,69.90
102298,KIT-001,Kit Degustação 4x100g,1,89.90
102298,CAF-003,Café Conilon Especial 250g,1,44.90
102298,ACE-004,Caneca Grão Capixaba,3,49.90
102299,ACE-002,Coador V60 Cerâmica,1,159.90
102300,CAF-004,Blend da Casa 500g,1,69.90
102300,CAF-006,Microlote Caparaó 250g,2,79.90
102301,CAF-006,Microlote Caparaó 250g,1,79.90
102302,CAF-003,Café Conilon Especial 250g,2,44.90
102302,ACE-001,Prensa Francesa 600ml,1,139.90
102302,CAF-002,Café Catuaí Vermelho 250g,2,49.90
102303,CAF-005,Blend Espresso 1kg,2,119.90
102303,ACE-003,Filtro de Papel 102 (100un),1,24.90
102304,ACE-001,Prensa Francesa 600ml,1,139.90
102304,CAF-003,Café Conilon Especial 250g,2,44.90
102304,CAF-004,Blend da Casa 500g,2,69.90
102305,CAF-006,Microlote Caparaó 250g,1,79.90
102305,CAF-002,Café Catuaí Vermelho 250g,1,49.90
102306,CAF-007,Café Gelado Cold Brew 300ml,1,18.90
102307,ACE-001,Prensa Francesa 600ml,1,139.90
102307,CAF-001,Café Bourbon Amarelo 250g,1,54.90
102308,CAF-007,Café Gelado Cold Brew 300ml,1,18.90
102308,ACE-004,Caneca Grão Capixaba,1,49.90
102308,CAF-005,Blend Espresso 1kg,1,119.90
102309,ACE-001,Prensa Francesa 600ml,1,139.90
102309,CAF-006,Microlote Caparaó 250g,1,79.90
102310,ACE-002,Coador V60 Cerâmica,1,159.90
102310,CAF-001,Café Bourbon Amarelo 250g,2,54.90
102311,KIT-001,Kit Degustação 4x100g,2,89.90
102311,CAF-004,Blend da Casa 500g,1,69.90
102312,ACE-004,Caneca Grão Capixaba,1,49.90
102312,CAF-006,Microlote Caparaó 250g,1,79.90
102312,CAF-003,Café Conilon Especial 250g,2,44.90
102313,KIT-001,Kit Degustação 4x100g,2,89.90
102313,ACE-001,Prensa Francesa 600ml,1,139.90
102314,CAF-004,Blend da Casa 500g,1,69.90
102315,ACE-002,Coador V60 Cerâmica,1,159.90
102316,CAF-002,Café Catuaí Vermelho 250g,1,49.90
102317,CAF-001,Café Bourbon Amarelo 250g,1,54.90
102318,CAF-001,Café Bourbon Amarelo 250g,1,54.90
102319,CAF-004,Blend da Casa 500g,1,69.90
102320,CAF-006,Microlote Caparaó 250g,3,79.90
102321,KIT-001,Kit Degustação 4x100g,1,89.90
102321,CAF-002,Café Catuaí Vermelho 250g,1,49.90
102321,ACE-003,Filtro de Papel 102 (100un),1,24.90
102322,CAF-005,Blend Espresso 1kg,1,119.90
102323,ACE-001,Prensa Francesa 600ml,1,139.90
102324,CAF-007,Café Gelado Cold Brew 300ml,1,18.90
102324,CAF-003,Café Conilon Especial 250g,2,44.90
102324,CAF-005,Blend Espresso 1kg,1,119.90
102325,ACE-002,Coador V60 Cerâmica,2,159.90
102326,ACE-002,Coador V60 Cerâmica,1,159.90
102327,CAF-005,Blend Espresso 1kg,1,119.90
102327,KIT-001,Kit Degustação 4x100g,1,89.90
102328,CAF-004,Blend da Casa 500g,1,69.90
102329,CAF-003,Café Conilon Especial 250g,1,44.90
102329,KIT-001,Kit Degustação 4x100g,2,89.90
102330,ACE-004,Caneca Grão Capixaba,1,49.90
102330,ACE-002,Coador V60 Cerâmica,1,159.90
102331,CAF-007,Café Gelado Cold Brew 300ml,1,18.90
102332,CAF-001,Café Bourbon Amarelo 250g,1,54.90
102332,CAF-003,Café Conilon Especial 250g,1,44.90
102332,ACE-004,Caneca Grão Capixaba,1,49.90
102332,ACE-002,Coador V60 Cerâmica,1,159.90
102333,CAF-004,Blend da Casa 500g,1,69.90
102333,CAF-007,Café Gelado Cold Brew 300ml,1,18.90
102334,CAF-006,Microlote Caparaó 250g,2,79.90
102335,CAF-003,Café Conilon Especial 250g,1,44.90
102336,ACE-001,Prensa Francesa 600ml,1,139.90
102336,CAF-007,Café Gelado Cold Brew 300ml,1,18.90
102337,ACE-001,Prensa Francesa 600ml,1,139.90
102338,ACE-003,Filtro de Papel 102 (100un),1,24.90
102338,ACE-001,Prensa Francesa 600ml,1,139.90
102338,CAF-002,Café Catuaí Vermelho 250g,1,49.90
102339,ACE-003,Filtro de Papel 102 (100un),3,24.90
102339,CAF-006,Microlote Caparaó 250g,1,79.90
102340,CAF-004,Blend da Casa 500g,1,69.90
102341,CAF-006,Microlote Caparaó 250g,2,79.90
102342,CAF-006,Microlote Caparaó 250g,1,79.90
102343,KIT-001,Kit Degustação 4x100g,1,89.90
102344,CAF-001,Café Bourbon Amarelo 250g,1,54.90
102345,CAF-004,Blend da Casa 500g,1,69.90
102346,CAF-001,Café Bourbon Amarelo 250g,1,54.90
102346,CAF-004,Blend da Casa 500g,2,69.90
102347,CAF-006,Microlote Caparaó 250g,1,79.90
102348,CAF-006,Microlote Caparaó 250g,1,79.90
102348,CAF-003,Café Conilon Especial 250g,1,44.90
102348,CAF-001,Café Bourbon Amarelo 250g,1,54.90
102349,ACE-002,Coador V60 Cerâmica,1,159.90
102350,ACE-002,Coador V60 Cerâmica,1,159.90
102350,CAF-001,Café Bourbon Amarelo 250g,2,54.90
102350,ACE-004,Caneca Grão Capixaba,1,49.90
102350,ACE-003,Filtro de Papel 102 (100un),1,24.90
102351,CAF-004,Blend da Casa 500g,1,69.90
102352,ACE-002,Coador V60 Cerâmica,1,159.90
102352,CAF-005,Blend Espresso 1kg,2,119.90
102353,CAF-003,Café Conilon Especial 250g,1,44.90
102354,CAF-004,Blend da Casa 500g,1,69.90
102355,CAF-005,Blend Espresso 1kg,3,119.90
102356,CAF-005,Blend Espresso 1kg,2,119.90
102357,KIT-001,Kit Degustação 4x100g,1,89.90
102357,CAF-002,Café Catuaí Vermelho 250g,1,49.90
102358,CAF-001,Café Bourbon Amarelo 250g,2,54.90
102359,CAF-004,Blend da Casa 500g,1,69.90
102360,CAF-005,Blend Espresso 1kg,1,119.90
102361,CAF-004,Blend da Casa 500g,1,69.90
102362,ACE-004,Caneca Grão Capixaba,1,49.90
102363,CAF-007,Café Gelado Cold Brew 300ml,2,18.90
102363,CAF-004,Blend da Casa 500g,1,69.90
102364,KIT-001,Kit Degustação 4x100g,1,89.90
102365,CAF-006,Microlote Caparaó 250g,2,79.90
102366,ACE-004,Caneca Grão Capixaba,3,49.90
102366,CAF-001,Café Bourbon Amarelo 250g,2,54.90
102367,ACE-001,Prensa Francesa 600ml,1,139.90
102368,CAF-004,Blend da Casa 500g,1,69.90
102368,ACE-001,Prensa Francesa 600ml,2,139.90
102369,ACE-003,Filtro de Papel 102 (100un),1,24.90
102369,CAF-007,Café Gelado Cold Brew 300ml,1,18.90
102370,ACE-003,Filtro de Papel 102 (100un),2,24.90
102370,ACE-001,Prensa Francesa 600ml,1,139.90
102370,CAF-005,Blend Espresso 1kg,1,119.90
102371,CAF-003,Café Conilon Especial 250g,1,44.90
102372,ACE-004,Caneca Grão Capixaba,1,49.90
102372,ACE-002,Coador V60 Cerâmica,2,159.90
102372,ACE-001,Prensa Francesa 600ml,1,139.90
102373,CAF-004,Blend da Casa 500g,1,69.90
102374,CAF-004,Blend da Casa 500g,1,69.90
102374,CAF-002,Café Catuaí Vermelho 250g,2,49.90
102375,CAF-006,Microlote Caparaó 250g,2,79.90
102376,CAF-001,Café Bourbon Amarelo 250g,2,54.90
102376,ACE-001,Prensa Francesa 600ml,1,139.90
102376,CAF-003,Café Conilon Especial 250g,1,44.90
102376,CAF-005,Blend Espresso 1kg,3,119.90
102377,ACE-002,Coador V60 Cerâmica,2,159.90
102377,CAF-001,Café Bourbon Amarelo 250g,1,54.90
102377,CAF-003,Café Conilon Especial 250g,2,44.90
102377,ACE-003,Filtro de Papel 102 (100un),1,24.90
102378,ACE-001,Prensa Francesa 600ml,1,139.90
102379,CAF-002,Café Catuaí Vermelho 250g,2,49.90
102379,ACE-004,Caneca Grão Capixaba,3,49.90
102380,CAF-006,Microlote Caparaó 250g,1,79.90
102380,CAF-005,Blend Espresso 1kg,1,119.90
102380,KIT-001,Kit Degustação 4x100g,1,89.90
102381,CAF-004,Blend da Casa 500g,1,69.90
102382,ACE-004,Caneca Grão Capixaba,1,49.90
102383,CAF-004,Blend da Casa 500g,3,69.90
102383,CAF-003,Café Conilon Especial 250g,1,44.90
102384,KIT-001,Kit Degustação 4x100g,3,89.90
102384,CAF-002,Café Catuaí Vermelho 250g,1,49.90
102385,CAF-001,Café Bourbon Amarelo 250g,1,54.90
102386,ACE-002,Coador V60 Cerâmica,1,159.90
102386,CAF-007,Café Gelado Cold Brew 300ml,1,18.90
102387,CAF-006,Microlote Caparaó 250g,1,79.90
102387,KIT-001,Kit Degustação 4x100g,1,89.90
102387,ACE-004,Caneca Grão Capixaba,2,49.90
102388,CAF-004,Blend da Casa 500g,1,69.90
102389,ACE-002,Coador V60 Cerâmica,1,159.90
102389,ACE-004,Caneca Grão Capixaba,2,49.90
102389,CAF-006,Microlote Caparaó 250g,1,79.90
102390,CAF-007,Café Gelado Cold Brew 300ml,2,18.90
102390,CAF-002,Café Catuaí Vermelho 250g,1,49.90
102390,CAF-004,Blend da Casa 500g,2,69.90
102391,ACE-003,Filtro de Papel 102 (100un),1,24.90
102391,ACE-004,Caneca Grão Capixaba,1,49.90
102391,CAF-007,Café Gelado Cold Brew 300ml,1,18.90
102391,CAF-005,Blend Espresso 1kg,2,119.90
102392,ACE-001,Prensa Francesa 600ml,1,139.90
102392,CAF-001,Café Bourbon Amarelo 250g,2,54.90
102393,ACE-003,Filtro de Papel 102 (100un),1,24.90
102394,CAF-005,Blend Espresso 1kg,2,119.90
102394,CAF-006,Microlote Caparaó 250g,1,79.90
102394,ACE-003,Filtro de Papel 102 (100un),2,24.90
102395,ACE-001,Prensa Francesa 600ml,2,139.90
102395,CAF-004,Blend da Casa 500g,1,69.90
102396,CAF-002,Café Catuaí Vermelho 250g,1,49.90
102396,ACE-003,Filtro de Papel 102 (100un),1,24.90
102396,CAF-003,Café Conilon Especial 250g,1,44.90
102397,CAF-002,Café Catuaí Vermelho 250g,1,49.90
102397,CAF-004,Blend da Casa 500g,1,69.90
102397,CAF-001,Café Bourbon Amarelo 250g,1,54.90
102398,CAF-007,Café Gelado Cold Brew 300ml,2,18.90
102399,CAF-005,Blend Espresso 1kg,1,119.90
102400,CAF-003,Café Conilon Especial 250g,1,44.90
102401,ACE-002,Coador V60 Cerâmica,2,159.90
102401,KIT-001,Kit Degustação 4x100g,1,89.90
102402,CAF-004,Blend da Casa 500g,1,69.90
102403,ACE-004,Caneca Grão Capixaba,1,49.90
102404,CAF-006,Microlote Caparaó 250g,1,79.90
102405,CAF-004,Blend da Casa 500g,1,69.90
102406,ACE-001,Prensa Francesa 600ml,1,139.90
102407,CAF-005,Blend Espresso 1kg,2,119.90
102408,ACE-001,Prensa Francesa 600ml,1,139.90
102409,CAF-004,Blend da Casa 500g,1,69.90
102410,KIT-001,Kit Degustação 4x100g,1,89.90
102410,ACE-001,Prensa Francesa 600ml,1,139.90
102411,CAF-003,Café Conilon Especial 250g,1,44.90
102411,ACE-002,Coador V60 Cerâmica,1,159.90
102412,ACE-001,Prensa Francesa 600ml,1,139.90
102412,CAF-005,Blend Espresso 1kg,1,119.90
102413,CAF-004,Blend da Casa 500g,2,69.90
102413,CAF-002,Café Catuaí Vermelho 250g,1,49.90
102414,CAF-004,Blend da Casa 500g,1,69.90
102415,CAF-005,Blend Espresso 1kg,1,119.90
102416,CAF-007,Café Gelado Cold Brew 300ml,1,18.90
102416,CAF-005,Blend Espresso 1kg,1,119.90
102417,KIT-001,Kit Degustação 4x100g,1,89.90
102418,ACE-004,Caneca Grão Capixaba,1,49.90
102419,KIT-001,Kit Degustação 4x100g,1,89.90
102419,ACE-002,Coador V60 Cerâmica,1,159.90
102420,CAF-006,Microlote Caparaó 250g,2,79.90
102421,ACE-003,Filtro de Papel 102 (100un),1,24.90
102421,CAF-005,Blend Espresso 1kg,1,119.90
102421,CAF-001,Café Bourbon Amarelo 250g,1,54.90
102422,ACE-004,Caneca Grão Capixaba,1,49.90
102422,CAF-001,Café Bourbon Amarelo 250g,1,54.90
102423,CAF-007,Café Gelado Cold Brew 300ml,1,18.90
102423,CAF-003,Café Conilon Especial 250g,1,44.90
102424,CAF-007,Café Gelado Cold Brew 300ml,1,18.90
102425,CAF-005,Blend Espresso 1kg,1,119.90
102425,CAF-001,Café Bourbon Amarelo 250g,2,54.90
102425,KIT-001,Kit Degustação 4x100g,1,89.90
102426,CAF-007,Café Gelado Cold Brew 300ml,1,18.90
102427,CAF-005,Blend Espresso 1kg,1,119.90
102428,CAF-007,Café Gelado Cold Brew 300ml,1,18.90
102428,KIT-001,Kit Degustação 4x100g,3,89.90
102428,ACE-003,Filtro de Papel 102 (100un),1,24.90
102429,CAF-004,Blend da Casa 500g,1,69.90
102430,CAF-004,Blend da Casa 500g,1,69.90
102431,CAF-002,Café Catuaí Vermelho 250g,1,49.90
102432,CAF-006,Microlote Caparaó 250g,1,79.90
102433,ACE-001,Prensa Francesa 600ml,1,139.90
102434,CAF-004,Blend da Casa 500g,1,69.90
102435,CAF-001,Café Bourbon Amarelo 250g,1,54.90
102435,CAF-005,Blend Espresso 1kg,1,119.90
102435,CAF-002,Café Catuaí Vermelho 250g,1,49.90
102436,CAF-006,Microlote Caparaó 250g,3,79.90
102437,ACE-004,Caneca Grão Capixaba,1,49.90
102437,CAF-004,Blend da Casa 500g,1,69.90
102437,CAF-007,Café Gelado Cold Brew 300ml,1,18.90
102438,ACE-001,Prensa Francesa 600ml,1,139.90
102438,CAF-002,Café Catuaí Vermelho 250g,1,49.90
102438,CAF-005,Blend Espresso 1kg,1,119.90
102439,CAF-004,Blend da Casa 500g,1,69.90
102440,ACE-001,Prensa Francesa 600ml,1,139.90
102440,CAF-006,Microlote Caparaó 250g,1,79.90
102441,CAF-007,Café Gelado Cold Brew 300ml,1,18.90
102442,ACE-003,Filtro de Papel 102 (100un),1,24.90
102443,CAF-005,Blend Espresso 1kg,1,119.90
102444,CAF-006,Microlote Caparaó 250g,1,79.90
102445,CAF-003,Café Conilon Especial 250g,1,44.90
102446,ACE-004,Caneca Grão Capixaba,2,49.90
102447,ACE-002,Coador V60 Cerâmica,2,159.90
102447,CAF-001,Café Bourbon Amarelo 250g,2,54.90
102448,ACE-001,Prensa Francesa 600ml,1,139.90
102448,CAF-005,Blend Espresso 1kg,1,119.90
102448,CAF-001,Café Bourbon Amarelo 250g,1,54.90
102449,CAF-003,Café Conilon Especial 250g,1,44.90
102450,CAF-004,Blend da Casa 500g,1,69.90
102450,ACE-004,Caneca Grão Capixaba,1,49.90
102450,ACE-002,Coador V60 Cerâmica,1,159.90
102451,ACE-004,Caneca Grão Capixaba,1,49.90
102452,CAF-007,Café Gelado Cold Brew 300ml,2,18.90
102452,ACE-003,Filtro de Papel 102 (100un),1,24.90
102452,CAF-006,Microlote Caparaó 250g,1,79.90
102453,ACE-004,Caneca Grão Capixaba,3,49.90
102453,CAF-001,Café Bourbon Amarelo 250g,1,54.90
102453,ACE-002,Coador V60 Cerâmica,1,159.90
102453,CAF-003,Café Conilon Especial 250g,1,44.90
102454,ACE-004,Caneca Grão Capixaba,1,49.90
102454,ACE-002,Coador V60 Cerâmica,1,159.90
102455,CAF-005,Blend Espresso 1kg,1,119.90
102456,CAF-002,Café Catuaí Vermelho 250g,1,49.90
102457,CAF-001,Café Bourbon Amarelo 250g,2,54.90
102458,CAF-007,Café Gelado Cold Brew 300ml,2,18.90
102459,CAF-002,Café Catuaí Vermelho 250g,1,49.90
102460,ACE-004,Caneca Grão Capixaba,2,49.90
102461,KIT-001,Kit Degustação 4x100g,2,89.90
102462,CAF-004,Blend da Casa 500g,1,69.90
102463,CAF-001,Café Bourbon Amarelo 250g,1,54.90
102463,CAF-003,Café Conilon Especial 250g,1,44.90
102463,CAF-005,Blend Espresso 1kg,3,119.90
102464,ACE-002,Coador V60 Cerâmica,1,159.90
102465,CAF-004,Blend da Casa 500g,1,69.90
102465,ACE-003,Filtro de Papel 102 (100un),2,24.90
102465,CAF-003,Café Conilon Especial 250g,1,44.90
102466,CAF-004,Blend da Casa 500g,1,69.90
102467,CAF-005,Blend Espresso 1kg,1,119.90
102467,CAF-001,Café Bourbon Amarelo 250g,1,54.90
102468,CAF-006,Microlote Caparaó 250g,1,79.90
102468,ACE-001,Prensa Francesa 600ml,1,139.90
102468,CAF-007,Café Gelado Cold Brew 300ml,1,18.90
102469,CAF-003,Café Conilon Especial 250g,2,44.90
102470,KIT-001,Kit Degustação 4x100g,1,89.90
102471,KIT-001,Kit Degustação 4x100g,1,89.90
102471,CAF-006,Microlote Caparaó 250g,2,79.90
102472,CAF-002,Café Catuaí Vermelho 250g,1,49.90
102472,ACE-001,Prensa Francesa 600ml,1,139.90
102472,CAF-005,Blend Espresso 1kg,1,119.90
102473,ACE-003,Filtro de Papel 102 (100un),1,24.90
102473,CAF-006,Microlote Caparaó 250g,1,79.90
102474,CAF-001,Café Bourbon Amarelo 250g,2,54.90
102474,KIT-001,Kit Degustação 4x100g,1,89.90
102475,CAF-005,Blend Espresso 1kg,1,119.90
102476,CAF-005,Blend Espresso 1kg,1,119.90
102477,CAF-005,Blend Espresso 1kg,1,119.90
102477,ACE-002,Coador V60 Cerâmica,1,159.90
102477,CAF-002,Café Catuaí Vermelho 250g,1,49.90
102478,CAF-006,Microlote Caparaó 250g,1,79.90
102479,CAF-007,Café Gelado Cold Brew 300ml,2,18.90
102480,CAF-001,Café Bourbon Amarelo 250g,1,54.90
102481,CAF-005,Blend Espresso 1kg,1,119.90
102482,CAF-002,Café Catuaí Vermelho 250g,1,49.90
102482,ACE-002,Coador V60 Cerâmica,1,159.90
102483,KIT-001,Kit Degustação 4x100g,2,89.90
102484,ACE-003,Filtro de Papel 102 (100un),3,24.90
102484,KIT-001,Kit Degustação 4x100g,1,89.90
102484,CAF-001,Café Bourbon Amarelo 250g,1,54.90
102485,ACE-004,Caneca Grão Capixaba,1,49.90
102485,KIT-001,Kit Degustação 4x100g,2,89.90
102486,ACE-001,Prensa Francesa 600ml,1,139.90
102486,CAF-001,Café Bourbon Amarelo 250g,1,54.90
102487,CAF-002,Café Catuaí Vermelho 250g,1,49.90
102488,CAF-004,Blend da Casa 500g,1,69.90
102489,CAF-002,Café Catuaí Vermelho 250g,1,49.90
102489,ACE-002,Coador V60 Cerâmica,3,159.90
102489,CAF-001,Café Bourbon Amarelo 250g,1,54.90
102489,CAF-006,Microlote Caparaó 250g,1,79.90
102490,ACE-002,Coador V60 Cerâmica,1,159.90
102491,ACE-001,Prensa Francesa 600ml,1,139.90
102491,CAF-004,Blend da Casa 500g,1,69.90
102492,CAF-004,Blend da Casa 500g,1,69.90
102492,CAF-001,Café Bourbon Amarelo 250g,2,54.90
102493,CAF-005,Blend Espresso 1kg,1,119.90
102493,CAF-002,Café Catuaí Vermelho 250g,1,49.90
102493,CAF-007,Café Gelado Cold Brew 300ml,1,18.90
102493,CAF-001,Café Bourbon Amarelo 250g,1,54.90
102494,CAF-004,Blend da Casa 500g,1,69.90
102495,CAF-004,Blend da Casa 500g,1,69.90
102496,CAF-004,Blend da Casa 500g,1,69.90
102497,CAF-003,Café Conilon Especial 250g,1,44.90
102497,CAF-006,Microlote Caparaó 250g,1,79.90
102498,ACE-001,Prensa Francesa 600ml,3,139.90
102499,CAF-004,Blend da Casa 500g,1,69.90
102500,ACE-004,Caneca Grão Capixaba,2,49.90
102501,CAF-006,Microlote Caparaó 250g,1,79.90
102502,CAF-007,Café Gelado Cold Brew 300ml,1,18.90
102502,KIT-001,Kit Degustação 4x100g,3,89.90
102503,KIT-001,Kit Degustação 4x100g,1,89.90
102503,CAF-004,Blend da Casa 500g,1,69.90
102503,CAF-006,Microlote Caparaó 250g,1,79.90
102503,ACE-001,Prensa Francesa 600ml,1,139.90
102504,CAF-006,Microlote Caparaó 250g,1,79.90
102505,ACE-002,Coador V60 Cerâmica,3,159.90
102506,CAF-007,Café Gelado Cold Brew 300ml,1,18.90
102507,CAF-004,Blend da Casa 500g,1,69.90
102507,CAF-007,Café Gelado Cold Brew 300ml,1,18.90
102508,CAF-004,Blend da Casa 500g,1,69.90
102509,ACE-003,Filtro de Papel 102 (100un),3,24.90
102510,ACE-004,Caneca Grão Capixaba,1,49.90
102510,CAF-002,Café Catuaí Vermelho 250g,1,49.90
102511,CAF-004,Blend da Casa 500g,1,69.90
102512,CAF-007,Café Gelado Cold Brew 300ml,1,18.90
102513,CAF-007,Café Gelado Cold Brew 300ml,1,18.90
102514,ACE-004,Caneca Grão Capixaba,1,49.90
102515,CAF-005,Blend Espresso 1kg,1,119.90
102515,CAF-001,Café Bourbon Amarelo 250g,1,54.90
102516,CAF-004,Blend da Casa 500g,1,69.90
102517,KIT-001,Kit Degustação 4x100g,1,89.90
102518,CAF-004,Blend da Casa 500g,2,69.90
102519,ACE-003,Filtro de Papel 102 (100un),1,24.90
102519,CAF-003,Café Conilon Especial 250g,2,44.90
102519,ACE-002,Coador V60 Cerâmica,1,159.90
102519,ACE-004,Caneca Grão Capixaba,1,49.90
102520,CAF-005,Blend Espresso 1kg,1,119.90
102520,ACE-002,Coador V60 Cerâmica,1,159.90
102521,CAF-004,Blend da Casa 500g,1,69.90
102522,CAF-004,Blend da Casa 500g,1,69.90
102523,CAF-003,Café Conilon Especial 250g,1,44.90
102524,CAF-004,Blend da Casa 500g,1,69.90
102525,CAF-004,Blend da Casa 500g,1,69.90
102526,CAF-003,Café Conilon Especial 250g,3,44.90
102527,ACE-002,Coador V60 Cerâmica,1,159.90
102527,CAF-003,Café Conilon Especial 250g,1,44.90
102527,CAF-001,Café Bourbon Amarelo 250g,1,54.90
102527,ACE-004,Caneca Grão Capixaba,2,49.90
102528,ACE-004,Caneca Grão Capixaba,1,49.90
102529,CAF-001,Café Bourbon Amarelo 250g,2,54.90
102530,CAF-001,Café Bourbon Amarelo 250g,1,54.90
102531,CAF-003,Café Conilon Especial 250g,2,44.90
102531,ACE-003,Filtro de Papel 102 (100un),2,24.90
102532,CAF-001,Café Bourbon Amarelo 250g,1,54.90
102532,CAF-005,Blend Espresso 1kg,1,119.90
102533,CAF-004,Blend da Casa 500g,1,69.90
102533,ACE-002,Coador V60 Cerâmica,2,159.90
102534,KIT-001,Kit Degustação 4x100g,1,89.90
102534,ACE-003,Filtro de Papel 102 (100un),2,24.90
102535,CAF-002,Café Catuaí Vermelho 250g,1,49.90
102535,ACE-001,Prensa Francesa 600ml,1,139.90
102536,ACE-004,Caneca Grão Capixaba,1,49.90
102536,CAF-005,Blend Espresso 1kg,1,119.90
102536,CAF-004,Blend da Casa 500g,1,69.90
102536,CAF-001,Café Bourbon Amarelo 250g,1,54.90
102537,CAF-003,Café Conilon Especial 250g,1,44.90
102538,CAF-004,Blend da Casa 500g,1,69.90
102538,ACE-001,Prensa Francesa 600ml,1,139.90
102539,ACE-001,Prensa Francesa 600ml,1,139.90
102539,CAF-003,Café Conilon Especial 250g,1,44.90
102540,CAF-002,Café Catuaí Vermelho 250g,1,49.90
102540,CAF-007,Café Gelado Cold Brew 300ml,1,18.90
102541,ACE-003,Filtro de Papel 102 (100un),1,24.90
102542,CAF-007,Café Gelado Cold Brew 300ml,3,18.90
102542,KIT-001,Kit Degustação 4x100g,1,89.90
102543,CAF-001,Café Bourbon Amarelo 250g,1,54.90
102543,CAF-005,Blend Espresso 1kg,1,119.90
102544,CAF-007,Café Gelado Cold Brew 300ml,1,18.90
102544,ACE-001,Prensa Francesa 600ml,1,139.90
102544,ACE-003,Filtro de Papel 102 (100un),1,24.90
102545,ACE-002,Coador V60 Cerâmica,1,159.90
102546,CAF-004,Blend da Casa 500g,1,69.90
102547,CAF-006,Microlote Caparaó 250g,1,79.90
102547,CAF-003,Café Conilon Especial 250g,1,44.90
102548,CAF-001,Café Bourbon Amarelo 250g,1,54.90
102548,KIT-001,Kit Degustação 4x100g,1,89.90
102549,CAF-004,Blend da Casa 500g,1,69.90
102550,CAF-004,Blend da Casa 500g,1,69.90
102550,CAF-005,Blend Espresso 1kg,2,119.90
102550,ACE-004,Caneca Grão Capixaba,1,49.90
102551,ACE-001,Prensa Francesa 600ml,1,139.90
102551,CAF-007,Café Gelado Cold Brew 300ml,2,18.90
102552,CAF-004,Blend da Casa 500g,1,69.90
102553,CAF-004,Blend da Casa 500g,1,69.90
102554,CAF-005,Blend Espresso 1kg,1,119.90
102554,CAF-006,Microlote Caparaó 250g,1,79.90
102554,ACE-001,Prensa Francesa 600ml,1,139.90
102554,CAF-004,Blend da Casa 500g,1,69.90
102555,CAF-005,Blend Espresso 1kg,1,119.90
102556,CAF-006,Microlote Caparaó 250g,1,79.90
102557,ACE-001,Prensa Francesa 600ml,1,139.90
102558,CAF-006,Microlote Caparaó 250g,2,79.90
102559,CAF-002,Café Catuaí Vermelho 250g,2,49.90
102559,ACE-001,Prensa Francesa 600ml,2,139.90
102560,CAF-006,Microlote Caparaó 250g,2,79.90
102560,ACE-002,Coador V60 Cerâmica,1,159.90
102561,CAF-007,Café Gelado Cold Brew 300ml,1,18.90
102561,ACE-002,Coador V60 Cerâmica,2,159.90
102561,KIT-001,Kit Degustação 4x100g,1,89.90
102562,ACE-002,Coador V60 Cerâmica,1,159.90
102563,CAF-006,Microlote Caparaó 250g,1,79.90
102564,CAF-004,Blend da Casa 500g,1,69.90
102565,CAF-001,Café Bourbon Amarelo 250g,1,54.90
102565,CAF-005,Blend Espresso 1kg,2,119.90
102566,CAF-002,Café Catuaí Vermelho 250g,1,49.90
102566,KIT-001,Kit Degustação 4x100g,1,89.90
102566,CAF-007,Café Gelado Cold Brew 300ml,1,18.90
102566,ACE-002,Coador V60 Cerâmica,1,159.90
102567,KIT-001,Kit Degustação 4x100g,1,89.90
102568,CAF-004,Blend da Casa 500g,1,69.90
102569,ACE-002,Coador V60 Cerâmica,1,159.90
102569,ACE-001,Prensa Francesa 600ml,1,139.90
102569,CAF-001,Café Bourbon Amarelo 250g,1,54.90
102570,CAF-003,Café Conilon Especial 250g,1,44.90
102571,CAF-007,Café Gelado Cold Brew 300ml,1,18.90
102571,ACE-002,Coador V60 Cerâmica,2,159.90
102572,CAF-005,Blend Espresso 1kg,3,119.90
102572,ACE-003,Filtro de Papel 102 (100un),1,24.90
102573,CAF-004,Blend da Casa 500g,1,69.90
102574,CAF-001,Café Bourbon Amarelo 250g,1,54.90
102575,ACE-003,Filtro de Papel 102 (100un),1,24.90
102576,CAF-007,Café Gelado Cold Brew 300ml,1,18.90
102576,ACE-003,Filtro de Papel 102 (100un),1,24.90
102576,CAF-003,Café Conilon Especial 250g,1,44.90
102576,KIT-001,Kit Degustação 4x100g,1,89.90
102577,ACE-001,Prensa Francesa 600ml,1,139.90
102578,CAF-007,Café Gelado Cold Brew 300ml,1,18.90
102578,CAF-004,Blend da Casa 500g,1,69.90
102578,KIT-001,Kit Degustação 4x100g,1,89.90
102579,CAF-006,Microlote Caparaó 250g,1,79.90
102579,CAF-004,Blend da Casa 500g,1,69.90
102580,CAF-003,Café Conilon Especial 250g,2,44.90
102580,ACE-004,Caneca Grão Capixaba,2,49.90
102581,ACE-002,Coador V60 Cerâmica,1,159.90
102582,CAF-004,Blend da Casa 500g,1,69.90
102583,ACE-002,Coador V60 Cerâmica,1,159.90
102583,CAF-006,Microlote Caparaó 250g,2,79.90
102584,ACE-003,Filtro de Papel 102 (100un),2,24.90
102585,CAF-005,Blend Espresso 1kg,1,119.90
102585,ACE-004,Caneca Grão Capixaba,1,49.90
102585,ACE-002,Coador V60 Cerâmica,3,159.90
102586,CAF-005,Blend Espresso 1kg,2,119.90
102586,CAF-006,Microlote Caparaó 250g,1,79.90
102586,CAF-001,Café Bourbon Amarelo 250g,1,54.90
102587,CAF-004,Blend da Casa 500g,1,69.90
102588,ACE-004,Caneca Grão Capixaba,1,49.90
102589,CAF-004,Blend da Casa 500g,1,69.90
102590,CAF-005,Blend Espresso 1kg,1,119.90
102591,KIT-001,Kit Degustação 4x100g,1,89.90
102591,CAF-006,Microlote Caparaó 250g,2,79.90
102592,CAF-006,Microlote Caparaó 250g,3,79.90
102593,KIT-001,Kit Degustação 4x100g,2,89.90
102594,CAF-006,Microlote Caparaó 250g,1,79.90
102594,CAF-007,Café Gelado Cold Brew 300ml,1,18.90
102595,ACE-002,Coador V60 Cerâmica,2,159.90
102596,ACE-001,Prensa Francesa 600ml,2,139.90
102596,ACE-002,Coador V60 Cerâmica,1,159.90
102597,CAF-007,Café Gelado Cold Brew 300ml,1,18.90
102598,CAF-004,Blend da Casa 500g,1,69.90
102599,KIT-001,Kit Degustação 4x100g,2,89.90
102600,CAF-006,Microlote Caparaó 250g,2,79.90
102600,CAF-007,Café Gelado Cold Brew 300ml,1,18.90
102600,CAF-005,Blend Espresso 1kg,1,119.90
102601,CAF-004,Blend da Casa 500g,2,69.90
102601,CAF-001,Café Bourbon Amarelo 250g,1,54.90
102602,CAF-002,Café Catuaí Vermelho 250g,1,49.90
102603,CAF-003,Café Conilon Especial 250g,2,44.90
102603,ACE-003,Filtro de Papel 102 (100un),2,24.90
102604,CAF-004,Blend da Casa 500g,1,69.90
102605,ACE-003,Filtro de Papel 102 (100un),1,24.90
102606,CAF-001,Café Bourbon Amarelo 250g,1,54.90
102606,ACE-004,Caneca Grão Capixaba,2,49.90
102607,CAF-001,Café Bourbon Amarelo 250g,1,54.90
102607,CAF-007,Café Gelado Cold Brew 300ml,1,18.90
102607,CAF-004,Blend da Casa 500g,1,69.90
102608,CAF-002,Café Catuaí Vermelho 250g,1,49.90
102608,CAF-003,Café Conilon Especial 250g,1,44.90
102609,KIT-001,Kit Degustação 4x100g,1,89.90
102609,CAF-004,Blend da Casa 500g,1,69.90
102610,ACE-004,Caneca Grão Capixaba,1,49.90
102610,CAF-003,Café Conilon Especial 250g,1,44.90
102611,CAF-002,Café Catuaí Vermelho 250g,1,49.90
102612,CAF-001,Café Bourbon Amarelo 250g,1,54.90
102612,ACE-004,Caneca Grão Capixaba,1,49.90
102612,CAF-002,Café Catuaí Vermelho 250g,1,49.90
102613,CAF-001,Café Bourbon Amarelo 250g,1,54.90
102613,CAF-004,Blend da Casa 500g,2,69.90
102614,ACE-002,Coador V60 Cerâmica,1,159.90
102614,CAF-001,Café Bourbon Amarelo 250g,1,54.90
102615,ACE-001,Prensa Francesa 600ml,1,139.90
102615,CAF-006,Microlote Caparaó 250g,1,79.90
102615,ACE-003,Filtro de Papel 102 (100un),1,24.90
102616,CAF-007,Café Gelado Cold Brew 300ml,1,18.90
102617,KIT-001,Kit Degustação 4x100g,1,89.90
102617,ACE-002,Coador V60 Cerâmica,1,159.90
102618,CAF-007,Café Gelado Cold Brew 300ml,3,18.90
102619,ACE-004,Caneca Grão Capixaba,1,49.90
102619,CAF-003,Café Conilon Especial 250g,2,44.90
102619,ACE-002,Coador V60 Cerâmica,1,159.90
102620,CAF-004,Blend da Casa 500g,1,69.90
102621,CAF-003,Café Conilon Especial 250g,1,44.90
102621,CAF-005,Blend Espresso 1kg,3,119.90
102622,CAF-007,Café Gelado Cold Brew 300ml,2,18.90
102623,ACE-004,Caneca Grão Capixaba,1,49.90
102624,CAF-004,Blend da Casa 500g,1,69.90
102624,ACE-001,Prensa Francesa 600ml,1,139.90
102624,CAF-002,Café Catuaí Vermelho 250g,1,49.90
102625,ACE-003,Filtro de Papel 102 (100un),1,24.90
102626,CAF-006,Microlote Caparaó 250g,1,79.90
102627,CAF-007,Café Gelado Cold Brew 300ml,1,18.90
102628,CAF-003,Café Conilon Especial 250g,1,44.90
102628,ACE-003,Filtro de Papel 102 (100un),2,24.90
102629,ACE-004,Caneca Grão Capixaba,2,49.90
102630,CAF-005,Blend Espresso 1kg,1,119.90
102630,CAF-004,Blend da Casa 500g,1,69.90
102631,ACE-004,Caneca Grão Capixaba,2,49.90
102632,CAF-004,Blend da Casa 500g,1,69.90
102633,KIT-001,Kit Degustação 4x100g,2,89.90
102633,ACE-002,Coador V60 Cerâmica,1,159.90
102633,CAF-006,Microlote Caparaó 250g,1,79.90
102634,CAF-001,Café Bourbon Amarelo 250g,1,54.90
102634,CAF-003,Café Conilon Especial 250g,1,44.90
102635,ACE-004,Caneca Grão Capixaba,2,49.90
102635,ACE-001,Prensa Francesa 600ml,1,139.90
102636,CAF-006,Microlote Caparaó 250g,1,79.90
102637,CAF-002,Café Catuaí Vermelho 250g,1,49.90
102638,CAF-004,Blend da Casa 500g,1,69.90
102638,CAF-007,Café Gelado Cold Brew 300ml,1,18.90
102639,CAF-007,Café Gelado Cold Brew 300ml,2,18.90
102639,CAF-003,Café Conilon Especial 250g,1,44.90
102639,CAF-005,Blend Espresso 1kg,1,119.90
102640,KIT-001,Kit Degustação 4x100g,1,89.90
102640,ACE-003,Filtro de Papel 102 (100un),1,24.90
102640,ACE-002,Coador V60 Cerâmica,1,159.90
102641,KIT-001,Kit Degustação 4x100g,1,89.90
102641,CAF-006,Microlote Caparaó 250g,1,79.90
102642,CAF-004,Blend da Casa 500g,1,69.90
102643,CAF-004,Blend da Casa 500g,1,69.90
102643,CAF-001,Café Bourbon Amarelo 250g,1,54.90
102644,CAF-005,Blend Espresso 1kg,1,119.90
102644,ACE-002,Coador V60 Cerâmica,1,159.90
102644,ACE-004,Caneca Grão Capixaba,1,49.90
102645,KIT-001,Kit Degustação 4x100g,1,89.90
102646,CAF-004,Blend da Casa 500g,2,69.90
102646,CAF-005,Blend Espresso 1kg,1,119.90
102647,ACE-004,Caneca Grão Capixaba,1,49.90
102647,KIT-001,Kit Degustação 4x100g,1,89.90
102648,ACE-004,Caneca Grão Capixaba,1,49.90
102649,ACE-002,Coador V60 Cerâmica,2,159.90
102649,CAF-007,Café Gelado Cold Brew 300ml,2,18.90
102649,CAF-005,Blend Espresso 1kg,1,119.90
102650,CAF-002,Café Catuaí Vermelho 250g,1,49.90
102651,ACE-003,Filtro de Papel 102 (100un),2,24.90
102652,CAF-004,Blend da Casa 500g,1,69.90
102653,ACE-003,Filtro de Papel 102 (100un),1,24.90
102653,CAF-005,Blend Espresso 1kg,2,119.90
102654,ACE-002,Coador V60 Cerâmica,1,159.90
102654,CAF-003,Café Conilon Especial 250g,1,44.90
102655,CAF-004,Blend da Casa 500g,1,69.90
102656,KIT-001,Kit Degustação 4x100g,1,89.90
102657,CAF-005,Blend Espresso 1kg,1,119.90
102658,CAF-002,Café Catuaí Vermelho 250g,1,49.90
102659,CAF-005,Blend Espresso 1kg,1,119.90
102659,CAF-001,Café Bourbon Amarelo 250g,2,54.90
102659,ACE-004,Caneca Grão Capixaba,1,49.90
102660,CAF-004,Blend da Casa 500g,1,69.90
102661,ACE-001,Prensa Francesa 600ml,1,139.90
102662,CAF-003,Café Conilon Especial 250g,1,44.90
102662,CAF-006,Microlote Caparaó 250g,2,79.90
102663,CAF-004,Blend da Casa 500g,1,69.90
102663,ACE-002,Coador V60 Cerâmica,1,159.90
102664,CAF-005,Blend Espresso 1kg,1,119.90
102664,ACE-002,Coador V60 Cerâmica,1,159.90
102665,CAF-004,Blend da Casa 500g,1,69.90
102666,ACE-004,Caneca Grão Capixaba,3,49.90
102667,ACE-003,Filtro de Papel 102 (100un),2,24.90
102668,CAF-003,Café Conilon Especial 250g,1,44.90
102668,ACE-003,Filtro de Papel 102 (100un),1,24.90
102669,ACE-004,Caneca Grão Capixaba,1,49.90
102670,CAF-003,Café Conilon Especial 250g,1,44.90
102670,CAF-001,Café Bourbon Amarelo 250g,2,54.90
102671,KIT-001,Kit Degustação 4x100g,1,89.90
102671,CAF-005,Blend Espresso 1kg,1,119.90
102671,ACE-004,Caneca Grão Capixaba,1,49.90
102672,KIT-001,Kit Degustação 4x100g,1,89.90
102672,CAF-007,Café Gelado Cold Brew 300ml,1,18.90
102673,CAF-004,Blend da Casa 500g,2,69.90
102673,CAF-005,Blend Espresso 1kg,1,119.90
102673,CAF-003,Café Conilon Especial 250g,1,44.90
102674,CAF-007,Café Gelado Cold Brew 300ml,1,18.90
102675,CAF-005,Blend Espresso 1kg,1,119.90
102675,KIT-001,Kit Degustação 4x100g,1,89.90
102676,KIT-001,Kit Degustação 4x100g,1,89.90
102676,ACE-003,Filtro de Papel 102 (100un),2,24.90
102677,CAF-002,Café Catuaí Vermelho 250g,3,49.90
102677,ACE-003,Filtro de Papel 102 (100un),1,24.90
102678,KIT-001,Kit Degustação 4x100g,1,89.90
102679,CAF-004,Blend da Casa 500g,1,69.90
102679,CAF-006,Microlote Caparaó 250g,1,79.90
102680,CAF-007,Café Gelado Cold Brew 300ml,1,18.90
102680,CAF-004,Blend da Casa 500g,1,69.90
102681,CAF-005,Blend Espresso 1kg,1,119.90
102681,CAF-006,Microlote Caparaó 250g,1,79.90
102682,ACE-004,Caneca Grão Capixaba,1,49.90
102682,ACE-003,Filtro de Papel 102 (100un),1,24.90
102683,CAF-004,Blend da Casa 500g,1,69.90
102684,CAF-002,Café Catuaí Vermelho 250g,1,49.90
102685,ACE-004,Caneca Grão Capixaba,2,49.90
102685,CAF-007,Café Gelado Cold Brew 300ml,1,18.90
102685,CAF-006,Microlote Caparaó 250g,1,79.90
102685,ACE-002,Coador V60 Cerâmica,1,159.90
102686,CAF-003,Café Conilon Especial 250g,1,44.90
102686,ACE-002,Coador V60 Cerâmica,1,159.90
102687,CAF-002,Café Catuaí Vermelho 250g,1,49.90
102688,ACE-001,Prensa Francesa 600ml,1,139.90
102688,ACE-004,Caneca Grão Capixaba,1,49.90
102689,ACE-001,Prensa Francesa 600ml,1,139.90
102689,CAF-007,Café Gelado Cold Brew 300ml,2,18.90
102689,CAF-006,Microlote Caparaó 250g,1,79.90
102690,ACE-004,Caneca Grão Capixaba,2,49.90
102691,CAF-007,Café Gelado Cold Brew 300ml,1,18.90
102691,CAF-003,Café Conilon Especial 250g,2,44.90
102691,ACE-001,Prensa Francesa 600ml,1,139.90
102692,ACE-001,Prensa Francesa 600ml,1,139.90
102693,CAF-004,Blend da Casa 500g,1,69.90
102694,KIT-001,Kit Degustação 4x100g,1,89.90
102694,CAF-006,Microlote Caparaó 250g,1,79.90
102694,CAF-003,Café Conilon Especial 250g,2,44.90
102695,CAF-005,Blend Espresso 1kg,1,119.90
102695,CAF-007,Café Gelado Cold Brew 300ml,1,18.90
102696,CAF-004,Blend da Casa 500g,1,69.90
102697,KIT-001,Kit Degustação 4x100g,1,89.90
102697,ACE-002,Coador V60 Cerâmica,1,159.90
102697,CAF-007,Café Gelado Cold Brew 300ml,1,18.90
102698,CAF-006,Microlote Caparaó 250g,1,79.90
102698,CAF-002,Café Catuaí Vermelho 250g,1,49.90
102698,CAF-007,Café Gelado Cold Brew 300ml,1,18.90
102699,CAF-002,Café Catuaí Vermelho 250g,1,49.90
102699,CAF-001,Café Bourbon Amarelo 250g,1,54.90
102700,CAF-006,Microlote Caparaó 250g,1,79.90
102700,ACE-001,Prensa Francesa 600ml,1,139.90
102700,ACE-003,Filtro de Papel 102 (100un),2,24.90
102700,KIT-001,Kit Degustação 4x100g,1,89.90
102701,CAF-003,Café Conilon Especial 250g,1,44.90
102701,CAF-002,Café Catuaí Vermelho 250g,1,49.90
102701,ACE-002,Coador V60 Cerâmica,1,159.90
102701,CAF-005,Blend Espresso 1kg,1,119.90
102702,CAF-007,Café Gelado Cold Brew 300ml,1,18.90
102703,CAF-005,Blend Espresso 1kg,1,119.90
102703,KIT-001,Kit Degustação 4x100g,1,89.90
102703,CAF-007,Café Gelado Cold Brew 300ml,1,18.90
102704,CAF-003,Café Conilon Especial 250g,1,44.90
102705,CAF-002,Café Catuaí Vermelho 250g,2,49.90
102706,CAF-001,Café Bourbon Amarelo 250g,2,54.90
102707,ACE-001,Prensa Francesa 600ml,1,139.90
102707,CAF-005,Blend Espresso 1kg,1,119.90
102707,ACE-002,Coador V60 Cerâmica,1,159.90
102708,CAF-006,Microlote Caparaó 250g,1,79.90
102709,CAF-002,Café Catuaí Vermelho 250g,1,49.90
102710,ACE-004,Caneca Grão Capixaba,1,49.90
102710,CAF-007,Café Gelado Cold Brew 300ml,2,18.90
102710,CAF-006,Microlote Caparaó 250g,3,79.90
102711,KIT-001,Kit Degustação 4x100g,2,89.90
102711,ACE-002,Coador V60 Cerâmica,1,159.90
102712,CAF-005,Blend Espresso 1kg,1,119.90
102713,CAF-007,Café Gelado Cold Brew 300ml,1,18.90
102714,ACE-002,Coador V60 Cerâmica,1,159.90
102714,ACE-004,Caneca Grão Capixaba,1,49.90
102714,CAF-005,Blend Espresso 1kg,1,119.90
102715,CAF-005,Blend Espresso 1kg,1,119.90
102716,ACE-002,Coador V60 Cerâmica,1,159.90
102717,CAF-001,Café Bourbon Amarelo 250g,1,54.90
102718,ACE-003,Filtro de Papel 102 (100un),1,24.90
102719,ACE-002,Coador V60 Cerâmica,1,159.90
102720,CAF-004,Blend da Casa 500g,1,69.90
102721,ACE-004,Caneca Grão Capixaba,1,49.90
102722,ACE-001,Prensa Francesa 600ml,2,139.90
102723,CAF-004,Blend da Casa 500g,1,69.90
102724,KIT-001,Kit Degustação 4x100g,1,89.90
102724,ACE-003,Filtro de Papel 102 (100un),1,24.90
102724,ACE-001,Prensa Francesa 600ml,1,139.90
102725,CAF-005,Blend Espresso 1kg,2,119.90
102725,ACE-001,Prensa Francesa 600ml,1,139.90
102726,CAF-001,Café Bourbon Amarelo 250g,2,54.90
102727,CAF-001,Café Bourbon Amarelo 250g,2,54.90
102727,ACE-003,Filtro de Papel 102 (100un),1,24.90
102728,CAF-003,Café Conilon Especial 250g,1,44.90
102729,CAF-002,Café Catuaí Vermelho 250g,1,49.90
102729,CAF-005,Blend Espresso 1kg,2,119.90
102730,CAF-003,Café Conilon Especial 250g,1,44.90
102731,CAF-006,Microlote Caparaó 250g,3,79.90
102732,CAF-001,Café Bourbon Amarelo 250g,1,54.90
102733,CAF-003,Café Conilon Especial 250g,1,44.90
102734,CAF-005,Blend Espresso 1kg,2,119.90
102735,ACE-003,Filtro de Papel 102 (100un),1,24.90
102736,ACE-001,Prensa Francesa 600ml,1,139.90
102736,ACE-003,Filtro de Papel 102 (100un),2,24.90
102737,CAF-002,Café Catuaí Vermelho 250g,1,49.90
102738,KIT-001,Kit Degustação 4x100g,1,89.90
102738,CAF-005,Blend Espresso 1kg,1,119.90
102739,ACE-002,Coador V60 Cerâmica,1,159.90
102739,CAF-006,Microlote Caparaó 250g,1,79.90
102740,CAF-002,Café Catuaí Vermelho 250g,2,49.90
102740,KIT-001,Kit Degustação 4x100g,1,89.90
102741,ACE-004,Caneca Grão Capixaba,1,49.90
102741,CAF-004,Blend da Casa 500g,1,69.90
102741,CAF-002,Café Catuaí Vermelho 250g,1,49.90
102742,ACE-002,Coador V60 Cerâmica,1,159.90
102743,ACE-003,Filtro de Papel 102 (100un),2,24.90
102744,CAF-006,Microlote Caparaó 250g,3,79.90
102744,ACE-002,Coador V60 Cerâmica,1,159.90
102744,CAF-001,Café Bourbon Amarelo 250g,3,54.90
102744,ACE-004,Caneca Grão Capixaba,1,49.90
102745,CAF-004,Blend da Casa 500g,1,69.90
102746,ACE-002,Coador V60 Cerâmica,1,159.90
102747,CAF-002,Café Catuaí Vermelho 250g,1,49.90
102748,CAF-001,Café Bourbon Amarelo 250g,1,54.90
102749,CAF-005,Blend Espresso 1kg,1,119.90
102750,CAF-006,Microlote Caparaó 250g,1,79.90
102751,CAF-005,Blend Espresso 1kg,1,119.90
102751,CAF-007,Café Gelado Cold Brew 300ml,1,18.90
102752,ACE-001,Prensa Francesa 600ml,2,139.90
102753,CAF-003,Café Conilon Especial 250g,1,44.90
102753,CAF-007,Café Gelado Cold Brew 300ml,1,18.90
102753,ACE-004,Caneca Grão Capixaba,3,49.90
102754,CAF-004,Blend da Casa 500g,1,69.90
102755,ACE-003,Filtro de Papel 102 (100un),1,24.90
102756,CAF-007,Café Gelado Cold Brew 300ml,1,18.90
102756,KIT-001,Kit Degustação 4x100g,1,89.90
102756,ACE-002,Coador V60 Cerâmica,1,159.90
102757,ACE-002,Coador V60 Cerâmica,1,159.90
102757,CAF-001,Café Bourbon Amarelo 250g,2,54.90
102757,CAF-004,Blend da Casa 500g,1,69.90
102758,CAF-004,Blend da Casa 500g,1,69.90
102759,ACE-002,Coador V60 Cerâmica,1,159.90
102759,CAF-004,Blend da Casa 500g,1,69.90
102759,CAF-007,Café Gelado Cold Brew 300ml,1,18.90
102760,ACE-001,Prensa Francesa 600ml,1,139.90
102760,CAF-005,Blend Espresso 1kg,1,119.90
102761,ACE-004,Caneca Grão Capixaba,3,49.90
102762,CAF-007,Café Gelado Cold Brew 300ml,1,18.90
102763,CAF-007,Café Gelado Cold Brew 300ml,1,18.90
102764,CAF-001,Café Bourbon Amarelo 250g,1,54.90
102764,CAF-004,Blend da Casa 500g,1,69.90
102765,CAF-003,Café Conilon Especial 250g,1,44.90
102765,ACE-001,Prensa Francesa 600ml,1,139.90
102766,ACE-002,Coador V60 Cerâmica,1,159.90
102767,CAF-004,Blend da Casa 500g,1,69.90
102768,ACE-002,Coador V60 Cerâmica,1,159.90
102768,CAF-001,Café Bourbon Amarelo 250g,1,54.90
102769,ACE-003,Filtro de Papel 102 (100un),1,24.90
102769,CAF-003,Café Conilon Especial 250g,1,44.90
102770,ACE-004,Caneca Grão Capixaba,1,49.90
102771,CAF-005,Blend Espresso 1kg,1,119.90
102771,KIT-001,Kit Degustação 4x100g,1,89.90
102772,ACE-004,Caneca Grão Capixaba,1,49.90
102772,CAF-006,Microlote Caparaó 250g,2,79.90
102772,CAF-001,Café Bourbon Amarelo 250g,1,54.90
102773,CAF-001,Café Bourbon Amarelo 250g,1,54.90
102773,ACE-002,Coador V60 Cerâmica,1,159.90
102774,CAF-005,Blend Espresso 1kg,1,119.90
102774,CAF-007,Café Gelado Cold Brew 300ml,2,18.90
102774,ACE-003,Filtro de Papel 102 (100un),1,24.90
102774,ACE-004,Caneca Grão Capixaba,1,49.90
102775,ACE-002,Coador V60 Cerâmica,1,159.90
102776,CAF-006,Microlote Caparaó 250g,1,79.90
102777,CAF-003,Café Conilon Especial 250g,1,44.90
102777,CAF-005,Blend Espresso 1kg,1,119.90
102778,CAF-002,Café Catuaí Vermelho 250g,1,49.90
102778,ACE-004,Caneca Grão Capixaba,1,49.90
102779,CAF-001,Café Bourbon Amarelo 250g,1,54.90
102779,CAF-007,Café Gelado Cold Brew 300ml,1,18.90
102780,CAF-001,Café Bourbon Amarelo 250g,1,54.90
102780,ACE-002,Coador V60 Cerâmica,1,159.90
102781,CAF-007,Café Gelado Cold Brew 300ml,1,18.90
102781,CAF-004,Blend da Casa 500g,1,69.90
102781,KIT-001,Kit Degustação 4x100g,2,89.90
102782,CAF-001,Café Bourbon Amarelo 250g,3,54.90
102783,CAF-003,Café Conilon Especial 250g,1,44.90
102784,CAF-004,Blend da Casa 500g,2,69.90
102784,ACE-002,Coador V60 Cerâmica,2,159.90
102784,CAF-001,Café Bourbon Amarelo 250g,1,54.90
102785,CAF-004,Blend da Casa 500g,3,69.90
102786,CAF-002,Café Catuaí Vermelho 250g,2,49.90
102787,CAF-005,Blend Espresso 1kg,1,119.90
102787,CAF-001,Café Bourbon Amarelo 250g,1,54.90
102788,CAF-004,Blend da Casa 500g,1,69.90
102789,CAF-004,Blend da Casa 500g,1,69.90
102789,CAF-002,Café Catuaí Vermelho 250g,1,49.90
102790,CAF-003,Café Conilon Especial 250g,1,44.90
102790,CAF-002,Café Catuaí Vermelho 250g,1,49.90
102791,CAF-003,Café Conilon Especial 250g,1,44.90
102791,ACE-001,Prensa Francesa 600ml,2,139.90
102792,CAF-002,Café Catuaí Vermelho 250g,1,49.90
102792,CAF-004,Blend da Casa 500g,1,69.90
102793,CAF-001,Café Bourbon Amarelo 250g,1,54.90
102794,CAF-002,Café Catuaí Vermelho 250g,2,49.90
102794,ACE-004,Caneca Grão Capixaba,1,49.90
102795,CAF-002,Café Catuaí Vermelho 250g,1,49.90
102795,CAF-003,Café Conilon Especial 250g,2,44.90
102795,ACE-003,Filtro de Papel 102 (100un),1,24.90
102796,CAF-002,Café Catuaí Vermelho 250g,1,49.90
102797,CAF-001,Café Bourbon Amarelo 250g,1,54.90
102797,CAF-006,Microlote Caparaó 250g,3,79.90
102798,CAF-006,Microlote Caparaó 250g,2,79.90
102798,ACE-003,Filtro de Papel 102 (100un),1,24.90
102798,CAF-005,Blend Espresso 1kg,2,119.90
102799,ACE-004,Caneca Grão Capixaba,1,49.90
102799,CAF-003,Café Conilon Especial 250g,2,44.90
102800,KIT-001,Kit Degustação 4x100g,1,89.90
102801,ACE-003,Filtro de Papel 102 (100un),1,24.90
102801,CAF-004,Blend da Casa 500g,1,69.90
102802,CAF-006,Microlote Caparaó 250g,2,79.90
102803,CAF-003,Café Conilon Especial 250g,2,44.90
102804,CAF-005,Blend Espresso 1kg,1,119.90
102804,CAF-002,Café Catuaí Vermelho 250g,1,49.90
102805,ACE-002,Coador V60 Cerâmica,2,159.90
102806,CAF-007,Café Gelado Cold Brew 300ml,1,18.90
102806,ACE-001,Prensa Francesa 600ml,1,139.90
102807,CAF-006,Microlote Caparaó 250g,2,79.90
102807,CAF-001,Café Bourbon Amarelo 250g,2,54.90
102807,CAF-005,Blend Espresso 1kg,1,119.90
102807,CAF-004,Blend da Casa 500g,1,69.90
102808,CAF-005,Blend Espresso 1kg,1,119.90
102808,ACE-002,Coador V60 Cerâmica,1,159.90
102808,CAF-007,Café Gelado Cold Brew 300ml,2,18.90
102809,ACE-004,Caneca Grão Capixaba,1,49.90
102810,CAF-005,Blend Espresso 1kg,1,119.90
102810,CAF-007,Café Gelado Cold Brew 300ml,1,18.90
102811,ACE-002,Coador V60 Cerâmica,1,159.90
102811,CAF-003,Café Conilon Especial 250g,1,44.90
102812,CAF-001,Café Bourbon Amarelo 250g,2,54.90
102813,CAF-007,Café Gelado Cold Brew 300ml,1,18.90
102813,ACE-004,Caneca Grão Capixaba,2,49.90
102814,CAF-004,Blend da Casa 500g,1,69.90
102814,CAF-006,Microlote Caparaó 250g,1,79.90
102815,CAF-006,Microlote Caparaó 250g,1,79.90
102815,CAF-007,Café Gelado Cold Brew 300ml,1,18.90
102816,ACE-002,Coador V60 Cerâmica,1,159.90
102817,CAF-001,Café Bourbon Amarelo 250g,2,54.90
102818,CAF-001,Café Bourbon Amarelo 250g,1,54.90
102819,CAF-001,Café Bourbon Amarelo 250g,1,54.90
102819,CAF-004,Blend da Casa 500g,3,69.90
102820,CAF-007,Café Gelado Cold Brew 300ml,1,18.90
102821,ACE-002,Coador V60 Cerâmica,1,159.90
102822,CAF-004,Blend da Casa 500g,1,69.90
102823,ACE-003,Filtro de Papel 102 (100un),1,24.90
102823,CAF-007,Café Gelado Cold Brew 300ml,1,18.90
102824,CAF-003,Café Conilon Especial 250g,1,44.90
102824,ACE-004,Caneca Grão Capixaba,2,49.90
102824,CAF-004,Blend da Casa 500g,2,69.90
102825,ACE-001,Prensa Francesa 600ml,1,139.90
102826,KIT-001,Kit Degustação 4x100g,1,89.90
102827,CAF-004,Blend da Casa 500g,1,69.90
102828,CAF-002,Café Catuaí Vermelho 250g,1,49.90
102828,KIT-001,Kit Degustação 4x100g,2,89.90
102829,CAF-006,Microlote Caparaó 250g,1,79.90
102830,CAF-004,Blend da Casa 500g,1,69.90
102831,ACE-002,Coador V60 Cerâmica,1,159.90
102832,ACE-002,Coador V60 Cerâmica,1,159.90
102833,ACE-002,Coador V60 Cerâmica,2,159.90
102833,CAF-005,Blend Espresso 1kg,1,119.90
102833,CAF-001,Café Bourbon Amarelo 250g,1,54.90
102834,CAF-002,Café Catuaí Vermelho 250g,1,49.90
102835,CAF-004,Blend da Casa 500g,1,69.90
102835,CAF-003,Café Conilon Especial 250g,2,44.90
102835,CAF-001,Café Bourbon Amarelo 250g,2,54.90
102836,CAF-005,Blend Espresso 1kg,2,119.90
102837,CAF-006,Microlote Caparaó 250g,3,79.90
102838,CAF-004,Blend da Casa 500g,2,69.90
102839,ACE-003,Filtro de Papel 102 (100un),2,24.90
102839,CAF-001,Café Bourbon Amarelo 250g,1,54.90
102840,ACE-004,Caneca Grão Capixaba,1,49.90
102840,ACE-002,Coador V60 Cerâmica,1,159.90
102841,CAF-004,Blend da Casa 500g,1,69.90
102842,CAF-002,Café Catuaí Vermelho 250g,1,49.90
102842,CAF-001,Café Bourbon Amarelo 250g,1,54.90
102843,CAF-001,Café Bourbon Amarelo 250g,1,54.90
102844,CAF-003,Café Conilon Especial 250g,1,44.90
102844,ACE-001,Prensa Francesa 600ml,1,139.90
102844,CAF-007,Café Gelado Cold Brew 300ml,2,18.90
102845,CAF-006,Microlote Caparaó 250g,1,79.90
102845,CAF-002,Café Catuaí Vermelho 250g,2,49.90
102846,CAF-006,Microlote Caparaó 250g,1,79.90
102847,CAF-004,Blend da Casa 500g,1,69.90
102848,CAF-002,Café Catuaí Vermelho 250g,3,49.90
102848,ACE-003,Filtro de Papel 102 (100un),1,24.90
102849,KIT-001,Kit Degustação 4x100g,1,89.90
102850,CAF-003,Café Conilon Especial 250g,1,44.90
102850,ACE-004,Caneca Grão Capixaba,1,49.90
102851,ACE-003,Filtro de Papel 102 (100un),1,24.90
102851,ACE-002,Coador V60 Cerâmica,2,159.90
102852,CAF-004,Blend da Casa 500g,1,69.90
102853,CAF-006,Microlote Caparaó 250g,1,79.90
102853,CAF-001,Café Bourbon Amarelo 250g,1,54.90
102854,CAF-007,Café Gelado Cold Brew 300ml,2,18.90
102855,CAF-001,Café Bourbon Amarelo 250g,1,54.90
102856,CAF-004,Blend da Casa 500g,1,69.90
102857,CAF-004,Blend da Casa 500g,1,69.90
102858,CAF-004,Blend da Casa 500g,1,69.90
102859,CAF-004,Blend da Casa 500g,1,69.90
102860,CAF-003,Café Conilon Especial 250g,2,44.90
102861,ACE-002,Coador V60 Cerâmica,1,159.90
102861,ACE-001,Prensa Francesa 600ml,1,139.90
102862,ACE-004,Caneca Grão Capixaba,1,49.90
102862,CAF-006,Microlote Caparaó 250g,2,79.90
102863,CAF-001,Café Bourbon Amarelo 250g,2,54.90
102864,CAF-004,Blend da Casa 500g,2,69.90
102864,CAF-006,Microlote Caparaó 250g,1,79.90
102865,ACE-003,Filtro de Papel 102 (100un),1,24.90
102865,CAF-007,Café Gelado Cold Brew 300ml,1,18.90
102866,CAF-007,Café Gelado Cold Brew 300ml,1,18.90
102867,ACE-001,Prensa Francesa 600ml,2,139.90
102868,KIT-001,Kit Degustação 4x100g,1,89.90
102869,ACE-004,Caneca Grão Capixaba,1,49.90
102870,CAF-001,Café Bourbon Amarelo 250g,3,54.90
102871,ACE-001,Prensa Francesa 600ml,1,139.90
102872,ACE-001,Prensa Francesa 600ml,2,139.90
102873,CAF-006,Microlote Caparaó 250g,1,79.90
102873,ACE-002,Coador V60 Cerâmica,1,159.90
102873,KIT-001,Kit Degustação 4x100g,1,89.90
102874,ACE-004,Caneca Grão Capixaba,1,49.90
102874,CAF-001,Café Bourbon Amarelo 250g,2,54.90
102875,ACE-001,Prensa Francesa 600ml,1,139.90
102876,CAF-006,Microlote Caparaó 250g,1,79.90
102876,ACE-001,Prensa Francesa 600ml,1,139.90
102877,CAF-002,Café Catuaí Vermelho 250g,1,49.90
102877,CAF-004,Blend da Casa 500g,1,69.90
102878,ACE-002,Coador V60 Cerâmica,1,159.90
102878,CAF-002,Café Catuaí Vermelho 250g,1,49.90
102879,CAF-006,Microlote Caparaó 250g,1,79.90
102879,CAF-004,Blend da Casa 500g,3,69.90
102879,KIT-001,Kit Degustação 4x100g,1,89.90
102880,CAF-003,Café Conilon Especial 250g,1,44.90
102881,CAF-005,Blend Espresso 1kg,1,119.90
102882,ACE-004,Caneca Grão Capixaba,1,49.90
102883,CAF-004,Blend da Casa 500g,2,69.90
102883,CAF-003,Café Conilon Especial 250g,1,44.90
102883,ACE-001,Prensa Francesa 600ml,1,139.90
102884,KIT-001,Kit Degustação 4x100g,3,89.90
102884,CAF-004,Blend da Casa 500g,2,69.90
102884,CAF-006,Microlote Caparaó 250g,1,79.90
102884,ACE-003,Filtro de Papel 102 (100un),1,24.90
102885,CAF-004,Blend da Casa 500g,1,69.90
102885,CAF-003,Café Conilon Especial 250g,1,44.90
102885,ACE-002,Coador V60 Cerâmica,1,159.90
102886,ACE-003,Filtro de Papel 102 (100un),2,24.90
102886,ACE-004,Caneca Grão Capixaba,1,49.90
102887,CAF-003,Café Conilon Especial 250g,1,44.90
102887,ACE-004,Caneca Grão Capixaba,1,49.90
102888,ACE-003,Filtro de Papel 102 (100un),1,24.90
102888,CAF-002,Café Catuaí Vermelho 250g,2,49.90
102888,ACE-004,Caneca Grão Capixaba,2,49.90
102888,ACE-002,Coador V60 Cerâmica,2,159.90
102889,CAF-006,Microlote Caparaó 250g,1,79.90
102889,CAF-004,Blend da Casa 500g,1,69.90
102890,KIT-001,Kit Degustação 4x100g,1,89.90
102890,ACE-001,Prensa Francesa 600ml,1,139.90
102890,ACE-002,Coador V60 Cerâmica,2,159.90
102890,CAF-007,Café Gelado Cold Brew 300ml,1,18.90
102891,CAF-006,Microlote Caparaó 250g,1,79.90
102892,KIT-001,Kit Degustação 4x100g,1,89.90
102893,ACE-001,Prensa Francesa 600ml,1,139.90
102893,CAF-007,Café Gelado Cold Brew 300ml,2,18.90
102894,CAF-004,Blend da Casa 500g,1,69.90
102895,ACE-004,Caneca Grão Capixaba,1,49.90
102895,CAF-002,Café Catuaí Vermelho 250g,1,49.90
102896,ACE-002,Coador V60 Cerâmica,1,159.90
102897,ACE-003,Filtro de Papel 102 (100un),1,24.90
102897,CAF-007,Café Gelado Cold Brew 300ml,1,18.90
102897,CAF-001,Café Bourbon Amarelo 250g,3,54.90
102898,CAF-007,Café Gelado Cold Brew 300ml,2,18.90
102899,ACE-002,Coador V60 Cerâmica,1,159.90
102899,ACE-004,Caneca Grão Capixaba,2,49.90
102900,CAF-006,Microlote Caparaó 250g,1,79.90
102900,ACE-002,Coador V60 Cerâmica,1,159.90
102900,CAF-005,Blend Espresso 1kg,3,119.90
102901,CAF-004,Blend da Casa 500g,1,69.90
102902,CAF-007,Café Gelado Cold Brew 300ml,1,18.90
102903,CAF-005,Blend Espresso 1kg,1,119.90
102903,ACE-002,Coador V60 Cerâmica,1,159.90
102903,CAF-003,Café Conilon Especial 250g,1,44.90
102904,ACE-003,Filtro de Papel 102 (100un),1,24.90
102904,CAF-001,Café Bourbon Amarelo 250g,2,54.90
102905,ACE-004,Caneca Grão Capixaba,1,49.90
102906,ACE-004,Caneca Grão Capixaba,1,49.90
102907,CAF-004,Blend da Casa 500g,2,69.90
102908,ACE-001,Prensa Francesa 600ml,1,139.90
102909,KIT-001,Kit Degustação 4x100g,1,89.90
102910,ACE-001,Prensa Francesa 600ml,1,139.90
102911,CAF-003,Café Conilon Especial 250g,1,44.90
102911,KIT-001,Kit Degustação 4x100g,1,89.90
102912,CAF-004,Blend da Casa 500g,1,69.90
102913,CAF-004,Blend da Casa 500g,1,69.90
102914,CAF-004,Blend da Casa 500g,1,69.90
102915,ACE-004,Caneca Grão Capixaba,1,49.90
102916,CAF-003,Café Conilon Especial 250g,1,44.90
102916,CAF-001,Café Bourbon Amarelo 250g,1,54.90
102916,ACE-003,Filtro de Papel 102 (100un),1,24.90
102917,CAF-001,Café Bourbon Amarelo 250g,1,54.90
102917,CAF-004,Blend da Casa 500g,1,69.90
102917,ACE-002,Coador V60 Cerâmica,1,159.90
102917,CAF-003,Café Conilon Especial 250g,1,44.90
102918,ACE-004,Caneca Grão Capixaba,1,49.90
102919,CAF-007,Café Gelado Cold Brew 300ml,2,18.90
102919,CAF-002,Café Catuaí Vermelho 250g,2,49.90
102920,KIT-001,Kit Degustação 4x100g,3,89.90
102921,CAF-004,Blend da Casa 500g,1,69.90
102922,CAF-006,Microlote Caparaó 250g,1,79.90
102922,ACE-003,Filtro de Papel 102 (100un),2,24.90
102922,CAF-005,Blend Espresso 1kg,1,119.90
102923,ACE-004,Caneca Grão Capixaba,1,49.90
102923,CAF-001,Café Bourbon Amarelo 250g,2,54.90
102923,CAF-007,Café Gelado Cold Brew 300ml,1,18.90
102923,KIT-001,Kit Degustação 4x100g,1,89.90
102924,CAF-001,Café Bourbon Amarelo 250g,1,54.90
102925,ACE-001,Prensa Francesa 600ml,1,139.90
102925,CAF-003,Café Conilon Especial 250g,2,44.90
102926,ACE-004,Caneca Grão Capixaba,1,49.90
102926,ACE-003,Filtro de Papel 102 (100un),1,24.90
102927,KIT-001,Kit Degustação 4x100g,1,89.90
102928,KIT-001,Kit Degustação 4x100g,1,89.90
102928,CAF-004,Blend da Casa 500g,1,69.90
102928,ACE-001,Prensa Francesa 600ml,1,139.90
102929,CAF-004,Blend da Casa 500g,1,69.90
102930,CAF-003,Café Conilon Especial 250g,1,44.90
102931,KIT-001,Kit Degustação 4x100g,1,89.90
102932,CAF-007,Café Gelado Cold Brew 300ml,1,18.90
102932,CAF-002,Café Catuaí Vermelho 250g,1,49.90
102933,CAF-003,Café Conilon Especial 250g,1,44.90
102934,KIT-001,Kit Degustação 4x100g,1,89.90
102934,ACE-002,Coador V60 Cerâmica,1,159.90
102935,CAF-001,Café Bourbon Amarelo 250g,2,54.90
102935,ACE-004,Caneca Grão Capixaba,1,49.90
102936,ACE-004,Caneca Grão Capixaba,1,49.90
102936,CAF-001,Café Bourbon Amarelo 250g,1,54.90
102936,KIT-001,Kit Degustação 4x100g,1,89.90
102937,CAF-007,Café Gelado Cold Brew 300ml,1,18.90
102937,CAF-006,Microlote Caparaó 250g,2,79.90
102937,CAF-002,Café Catuaí Vermelho 250g,1,49.90
102937,ACE-004,Caneca Grão Capixaba,1,49.90
102938,ACE-004,Caneca Grão Capixaba,2,49.90
102938,CAF-006,Microlote Caparaó 250g,1,79.90
102938,KIT-001,Kit Degustação 4x100g,1,89.90
102938,ACE-002,Coador V60 Cerâmica,1,159.90
102939,ACE-004,Caneca Grão Capixaba,1,49.90
102940,CAF-007,Café Gelado Cold Brew 300ml,1,18.90
102940,CAF-005,Blend Espresso 1kg,1,119.90
102940,ACE-003,Filtro de Papel 102 (100un),1,24.90
102941,ACE-003,Filtro de Papel 102 (100un),1,24.90
102941,KIT-001,Kit Degustação 4x100g,1,89.90
102941,CAF-004,Blend da Casa 500g,1,69.90
102942,KIT-001,Kit Degustação 4x100g,3,89.90
102943,ACE-003,Filtro de Papel 102 (100un),2,24.90
102943,KIT-001,Kit Degustação 4x100g,1,89.90
102944,ACE-001,Prensa Francesa 600ml,1,139.90
102945,CAF-002,Café Catuaí Vermelho 250g,1,49.90
102946,ACE-002,Coador V60 Cerâmica,1,159.90
102947,ACE-003,Filtro de Papel 102 (100un),2,24.90
102947,CAF-006,Microlote Caparaó 250g,1,79.90
102948,CAF-004,Blend da Casa 500g,1,69.90
102949,CAF-003,Café Conilon Especial 250g,1,44.90
102949,CAF-004,Blend da Casa 500g,2,69.90
102950,ACE-002,Coador V60 Cerâmica,1,159.90
102950,ACE-003,Filtro de Papel 102 (100un),2,24.90
102951,KIT-001,Kit Degustação 4x100g,1,89.90
102951,ACE-002,Coador V60 Cerâmica,3,159.90
102952,CAF-002,Café Catuaí Vermelho 250g,1,49.90
102953,ACE-002,Coador V60 Cerâmica,1,159.90
102953,ACE-004,Caneca Grão Capixaba,1,49.90
102954,CAF-006,Microlote Caparaó 250g,1,79.90
102955,CAF-004,Blend da Casa 500g,1,69.90
102956,ACE-003,Filtro de Papel 102 (100un),1,24.90
102957,ACE-003,Filtro de Papel 102 (100un),2,24.90
102957,CAF-004,Blend da Casa 500g,2,69.90
102958,KIT-001,Kit Degustação 4x100g,2,89.90
102959,KIT-001,Kit Degustação 4x100g,1,89.90
102959,ACE-001,Prensa Francesa 600ml,2,139.90
102960,CAF-004,Blend da Casa 500g,1,69.90
102960,CAF-005,Blend Espresso 1kg,1,119.90
102961,CAF-006,Microlote Caparaó 250g,1,79.90
102961,CAF-005,Blend Espresso 1kg,1,119.90
102962,CAF-002,Café Catuaí Vermelho 250g,1,49.90
102963,CAF-004,Blend da Casa 500g,2,69.90
102963,CAF-001,Café Bourbon Amarelo 250g,1,54.90
102963,ACE-002,Coador V60 Cerâmica,2,159.90
102964,CAF-005,Blend Espresso 1kg,1,119.90
102964,CAF-007,Café Gelado Cold Brew 300ml,1,18.90
102964,CAF-001,Café Bourbon Amarelo 250g,3,54.90
102965,ACE-002,Coador V60 Cerâmica,3,159.90
102965,CAF-007,Café Gelado Cold Brew 300ml,1,18.90
102966,CAF-004,Blend da Casa 500g,1,69.90
102967,CAF-004,Blend da Casa 500g,1,69.90
102967,ACE-004,Caneca Grão Capixaba,1,49.90
102967,ACE-002,Coador V60 Cerâmica,1,159.90
102968,ACE-003,Filtro de Papel 102 (100un),2,24.90
102969,ACE-003,Filtro de Papel 102 (100un),1,24.90
102969,CAF-004,Blend da Casa 500g,1,69.90
102970,KIT-001,Kit Degustação 4x100g,1,89.90
102971,CAF-001,Café Bourbon Amarelo 250g,1,54.90
102972,ACE-001,Prensa Francesa 600ml,1,139.90
102973,CAF-003,Café Conilon Especial 250g,1,44.90
102973,ACE-003,Filtro de Papel 102 (100un),1,24.90
102974,CAF-007,Café Gelado Cold Brew 300ml,2,18.90
102975,CAF-004,Blend da Casa 500g,2,69.90
102976,ACE-004,Caneca Grão Capixaba,2,49.90
102976,CAF-004,Blend da Casa 500g,1,69.90
102977,CAF-006,Microlote Caparaó 250g,1,79.90
102978,CAF-004,Blend da Casa 500g,1,69.90
102979,CAF-006,Microlote Caparaó 250g,1,79.90
102980,CAF-004,Blend da Casa 500g,1,69.90
102981,ACE-003,Filtro de Papel 102 (100un),1,24.90
102981,ACE-004,Caneca Grão Capixaba,1,49.90
102981,CAF-001,Café Bourbon Amarelo 250g,1,54.90
102982,CAF-004,Blend da Casa 500g,1,69.90
102983,CAF-007,Café Gelado Cold Brew 300ml,1,18.90
102984,CAF-001,Café Bourbon Amarelo 250g,1,54.90
102984,CAF-005,Blend Espresso 1kg,1,119.90
102984,CAF-006,Microlote Caparaó 250g,2,79.90
102985,CAF-004,Blend da Casa 500g,1,69.90
102985,CAF-001,Café Bourbon Amarelo 250g,1,54.90
102986,CAF-006,Microlote Caparaó 250g,1,79.90
102986,CAF-001,Café Bourbon Amarelo 250g,1,54.90
102987,ACE-004,Caneca Grão Capixaba,3,49.90
102988,ACE-004,Caneca Grão Capixaba,2,49.90
102989,ACE-001,Prensa Francesa 600ml,2,139.90
102990,ACE-002,Coador V60 Cerâmica,1,159.90
102991,KIT-001,Kit Degustação 4x100g,1,89.90
102992,CAF-006,Microlote Caparaó 250g,2,79.90
102992,CAF-004,Blend da Casa 500g,1,69.90
102992,CAF-005,Blend Espresso 1kg,1,119.90
102993,CAF-007,Café Gelado Cold Brew 300ml,1,18.90
102993,CAF-006,Microlote Caparaó 250g,2,79.90
102993,ACE-002,Coador V60 Cerâmica,2,159.90
102994,CAF-004,Blend da Casa 500g,1,69.90
102995,CAF-001,Café Bourbon Amarelo 250g,1,54.90
102995,ACE-001,Prensa Francesa 600ml,2,139.90
102995,ACE-004,Caneca Grão Capixaba,1,49.90
102996,CAF-004,Blend da Casa 500g,1,69.90
102997,ACE-003,Filtro de Papel 102 (100un),1,24.90
102997,ACE-001,Prensa Francesa 600ml,1,139.90
102997,CAF-003,Café Conilon Especial 250g,1,44.90
102998,CAF-006,Microlote Caparaó 250g,1,79.90
102999,KIT-001,Kit Degustação 4x100g,1,89.90
102999,CAF-002,Café Catuaí Vermelho 250g,1,49.90
103000,CAF-007,Café Gelado Cold Brew 300ml,3,18.90
103000,ACE-003,Filtro de Papel 102 (100un),2,24.90
103000,ACE-004,Caneca Grão Capixaba,1,49.90
103001,ACE-001,Prensa Francesa 600ml,1,139.90
103001,CAF-006,Microlote Caparaó 250g,1,79.90
103002,CAF-004,Blend da Casa 500g,1,69.90
103003,ACE-001,Prensa Francesa 600ml,2,139.90
103003,KIT-001,Kit Degustação 4x100g,1,89.90
103003,CAF-001,Café Bourbon Amarelo 250g,2,54.90
103004,CAF-006,Microlote Caparaó 250g,2,79.90
103005,CAF-007,Café Gelado Cold Brew 300ml,2,18.90
103006,CAF-004,Blend da Casa 500g,3,69.90
103007,ACE-003,Filtro de Papel 102 (100un),2,24.90
103008,ACE-001,Prensa Francesa 600ml,1,139.90
103008,CAF-004,Blend da Casa 500g,1,69.90
103009,ACE-002,Coador V60 Cerâmica,1,159.90
103009,CAF-006,Microlote Caparaó 250g,2,79.90
103009,CAF-001,Café Bourbon Amarelo 250g,1,54.90
103010,KIT-001,Kit Degustação 4x100g,3,89.90
103011,KIT-001,Kit Degustação 4x100g,1,89.90
103012,CAF-003,Café Conilon Especial 250g,1,44.90
103013,CAF-002,Café Catuaí Vermelho 250g,1,49.90
103014,CAF-004,Blend da Casa 500g,1,69.90
103015,ACE-003,Filtro de Papel 102 (100un),1,24.90
103015,CAF-006,Microlote Caparaó 250g,1,79.90
103015,CAF-004,Blend da Casa 500g,1,69.90
103016,ACE-003,Filtro de Papel 102 (100un),1,24.90
103016,CAF-004,Blend da Casa 500g,2,69.90
103017,CAF-003,Café Conilon Especial 250g,1,44.90
103017,CAF-005,Blend Espresso 1kg,2,119.90
103018,CAF-006,Microlote Caparaó 250g,1,79.90
103018,ACE-002,Coador V60 Cerâmica,2,159.90
103019,CAF-004,Blend da Casa 500g,2,69.90
103019,CAF-002,Café Catuaí Vermelho 250g,2,49.90
103020,CAF-004,Blend da Casa 500g,1,69.90
103021,CAF-007,Café Gelado Cold Brew 300ml,1,18.90
103021,CAF-006,Microlote Caparaó 250g,1,79.90
103022,CAF-003,Café Conilon Especial 250g,1,44.90
103023,CAF-007,Café Gelado Cold Brew 300ml,1,18.90
103024,CAF-007,Café Gelado Cold Brew 300ml,1,18.90
103024,CAF-004,Blend da Casa 500g,1,69.90
103025,ACE-003,Filtro de Papel 102 (100un),2,24.90
103025,CAF-007,Café Gelado Cold Brew 300ml,3,18.90
103025,CAF-002,Café Catuaí Vermelho 250g,1,49.90
103026,CAF-003,Café Conilon Especial 250g,1,44.90
103026,KIT-001,Kit Degustação 4x100g,1,89.90
103026,CAF-005,Blend Espresso 1kg,1,119.90
103027,ACE-001,Prensa Francesa 600ml,1,139.90
103027,CAF-002,Café Catuaí Vermelho 250g,1,49.90
103028,CAF-004,Blend da Casa 500g,1,69.90
103029,CAF-006,Microlote Caparaó 250g,1,79.90
103030,KIT-001,Kit Degustação 4x100g,1,89.90
103030,CAF-004,Blend da Casa 500g,3,69.90
103030,CAF-005,Blend Espresso 1kg,1,119.90
103031,CAF-005,Blend Espresso 1kg,1,119.90
103032,CAF-006,Microlote Caparaó 250g,1,79.90
103032,ACE-002,Coador V60 Cerâmica,1,159.90
103033,CAF-002,Café Catuaí Vermelho 250g,2,49.90
103033,ACE-001,Prensa Francesa 600ml,1,139.90
103033,CAF-006,Microlote Caparaó 250g,1,79.90
103033,KIT-001,Kit Degustação 4x100g,2,89.90
103034,CAF-005,Blend Espresso 1kg,1,119.90
103035,ACE-003,Filtro de Papel 102 (100un),1,24.90
103036,CAF-004,Blend da Casa 500g,1,69.90
103037,KIT-001,Kit Degustação 4x100g,2,89.90
103038,CAF-005,Blend Espresso 1kg,2,119.90
103038,CAF-007,Café Gelado Cold Brew 300ml,1,18.90
103039,CAF-001,Café Bourbon Amarelo 250g,1,54.90
103039,CAF-003,Café Conilon Especial 250g,2,44.90
103040,CAF-007,Café Gelado Cold Brew 300ml,1,18.90
103040,ACE-003,Filtro de Papel 102 (100un),1,24.90
103040,CAF-006,Microlote Caparaó 250g,1,79.90
103041,ACE-001,Prensa Francesa 600ml,1,139.90
103042,CAF-002,Café Catuaí Vermelho 250g,1,49.90
103042,ACE-003,Filtro de Papel 102 (100un),1,24.90
103042,KIT-001,Kit Degustação 4x100g,1,89.90
103043,CAF-002,Café Catuaí Vermelho 250g,1,49.90
103043,KIT-001,Kit Degustação 4x100g,2,89.90
103044,CAF-003,Café Conilon Especial 250g,2,44.90
103044,ACE-002,Coador V60 Cerâmica,1,159.90
103045,CAF-007,Café Gelado Cold Brew 300ml,1,18.90
103046,CAF-004,Blend da Casa 500g,2,69.90
103046,ACE-004,Caneca Grão Capixaba,1,49.90
103047,CAF-001,Café Bourbon Amarelo 250g,2,54.90
103047,KIT-001,Kit Degustação 4x100g,1,89.90
103048,ACE-003,Filtro de Papel 102 (100un),2,24.90
103048,CAF-005,Blend Espresso 1kg,1,119.90
103049,CAF-001,Café Bourbon Amarelo 250g,1,54.90
103050,CAF-004,Blend da Casa 500g,1,69.90
103050,CAF-005,Blend Espresso 1kg,2,119.90
103051,ACE-001,Prensa Francesa 600ml,1,139.90
103052,ACE-003,Filtro de Papel 102 (100un),2,24.90
103052,CAF-001,Café Bourbon Amarelo 250g,2,54.90
103053,CAF-004,Blend da Casa 500g,2,69.90
103053,KIT-001,Kit Degustação 4x100g,1,89.90
103054,CAF-004,Blend da Casa 500g,1,69.90
103055,CAF-004,Blend da Casa 500g,1,69.90
103056,CAF-004,Blend da Casa 500g,1,69.90
103057,CAF-003,Café Conilon Especial 250g,1,44.90
103058,ACE-003,Filtro de Papel 102 (100un),1,24.90
103058,CAF-006,Microlote Caparaó 250g,1,79.90
103059,CAF-001,Café Bourbon Amarelo 250g,2,54.90
103060,ACE-002,Coador V60 Cerâmica,2,159.90
103060,KIT-001,Kit Degustação 4x100g,1,89.90
103061,CAF-003,Café Conilon Especial 250g,1,44.90
103062,CAF-005,Blend Espresso 1kg,2,119.90
103063,CAF-004,Blend da Casa 500g,1,69.90
103063,ACE-002,Coador V60 Cerâmica,2,159.90
103064,CAF-007,Café Gelado Cold Brew 300ml,1,18.90
103065,CAF-003,Café Conilon Especial 250g,2,44.90
103065,CAF-006,Microlote Caparaó 250g,1,79.90
103066,CAF-004,Blend da Casa 500g,1,69.90
103067,CAF-004,Blend da Casa 500g,1,69.90
103068,ACE-002,Coador V60 Cerâmica,1,159.90
103068,CAF-006,Microlote Caparaó 250g,1,79.90
103069,CAF-003,Café Conilon Especial 250g,1,44.90
103069,CAF-002,Café Catuaí Vermelho 250g,1,49.90
103070,CAF-005,Blend Espresso 1kg,1,119.90
103071,CAF-001,Café Bourbon Amarelo 250g,3,54.90
103072,ACE-003,Filtro de Papel 102 (100un),1,24.90
103072,ACE-002,Coador V60 Cerâmica,1,159.90
103073,ACE-004,Caneca Grão Capixaba,3,49.90
103073,KIT-001,Kit Degustação 4x100g,1,89.90
103073,ACE-001,Prensa Francesa 600ml,1,139.90
103074,CAF-005,Blend Espresso 1kg,1,119.90
103074,ACE-002,Coador V60 Cerâmica,2,159.90
103075,ACE-004,Caneca Grão Capixaba,1,49.90
103075,ACE-002,Coador V60 Cerâmica,1,159.90
103076,ACE-001,Prensa Francesa 600ml,1,139.90
103077,CAF-001,Café Bourbon Amarelo 250g,2,54.90
103077,CAF-004,Blend da Casa 500g,1,69.90
103078,ACE-001,Prensa Francesa 600ml,2,139.90
103079,ACE-003,Filtro de Papel 102 (100un),1,24.90
103080,ACE-004,Caneca Grão Capixaba,3,49.90
103081,ACE-001,Prensa Francesa 600ml,1,139.90
103082,KIT-001,Kit Degustação 4x100g,1,89.90
103082,CAF-006,Microlote Caparaó 250g,1,79.90
103083,CAF-004,Blend da Casa 500g,1,69.90
103084,CAF-006,Microlote Caparaó 250g,1,79.90
103084,ACE-004,Caneca Grão Capixaba,1,49.90
103085,CAF-004,Blend da Casa 500g,1,69.90
103086,CAF-003,Café Conilon Especial 250g,1,44.90
103086,ACE-004,Caneca Grão Capixaba,1,49.90
103086,ACE-003,Filtro de Papel 102 (100un),1,24.90
103087,ACE-003,Filtro de Papel 102 (100un),1,24.90
103088,ACE-002,Coador V60 Cerâmica,1,159.90
103089,CAF-007,Café Gelado Cold Brew 300ml,1,18.90
103089,CAF-005,Blend Espresso 1kg,1,119.90
103090,ACE-002,Coador V60 Cerâmica,1,159.90
103090,CAF-003,Café Conilon Especial 250g,2,44.90
103091,CAF-004,Blend da Casa 500g,1,69.90
103092,CAF-002,Café Catuaí Vermelho 250g,1,49.90
103093,ACE-004,Caneca Grão Capixaba,2,49.90
103094,CAF-005,Blend Espresso 1kg,1,119.90
103095,ACE-002,Coador V60 Cerâmica,1,159.90
103095,CAF-004,Blend da Casa 500g,1,69.90
103096,ACE-002,Coador V60 Cerâmica,1,159.90
103097,ACE-004,Caneca Grão Capixaba,1,49.90
103097,ACE-001,Prensa Francesa 600ml,1,139.90
103098,CAF-005,Blend Espresso 1kg,2,119.90
103098,CAF-004,Blend da Casa 500g,1,69.90
103099,CAF-007,Café Gelado Cold Brew 300ml,1,18.90
103100,CAF-007,Café Gelado Cold Brew 300ml,3,18.90
103101,CAF-004,Blend da Casa 500g,1,69.90
103102,CAF-006,Microlote Caparaó 250g,1,79.90
103102,ACE-002,Coador V60 Cerâmica,1,159.90
103103,ACE-002,Coador V60 Cerâmica,1,159.90
103104,CAF-005,Blend Espresso 1kg,2,119.90
103104,CAF-006,Microlote Caparaó 250g,1,79.90
103104,CAF-001,Café Bourbon Amarelo 250g,1,54.90
103105,CAF-002,Café Catuaí Vermelho 250g,1,49.90
103106,CAF-005,Blend Espresso 1kg,1,119.90
103107,CAF-004,Blend da Casa 500g,2,69.90
103107,KIT-001,Kit Degustação 4x100g,1,89.90
103108,CAF-005,Blend Espresso 1kg,1,119.90
103109,CAF-001,Café Bourbon Amarelo 250g,1,54.90
103109,ACE-004,Caneca Grão Capixaba,1,49.90
103110,KIT-001,Kit Degustação 4x100g,1,89.90
103111,CAF-003,Café Conilon Especial 250g,1,44.90
103111,CAF-002,Café Catuaí Vermelho 250g,3,49.90
103112,ACE-002,Coador V60 Cerâmica,3,159.90
103113,CAF-001,Café Bourbon Amarelo 250g,1,54.90
103114,ACE-003,Filtro de Papel 102 (100un),3,24.90
103115,CAF-006,Microlote Caparaó 250g,1,79.90
103115,CAF-005,Blend Espresso 1kg,1,119.90
103116,CAF-001,Café Bourbon Amarelo 250g,1,54.90
103117,CAF-005,Blend Espresso 1kg,1,119.90
103118,CAF-001,Café Bourbon Amarelo 250g,1,54.90
103119,CAF-004,Blend da Casa 500g,1,69.90
103119,ACE-003,Filtro de Papel 102 (100un),1,24.90
103119,CAF-006,Microlote Caparaó 250g,1,79.90
103120,ACE-004,Caneca Grão Capixaba,1,49.90
103120,ACE-003,Filtro de Papel 102 (100un),1,24.90
103121,CAF-001,Café Bourbon Amarelo 250g,1,54.90
103121,CAF-005,Blend Espresso 1kg,1,119.90
103122,CAF-005,Blend Espresso 1kg,1,119.90
103123,ACE-003,Filtro de Papel 102 (100un),1,24.90
103123,ACE-002,Coador V60 Cerâmica,1,159.90
103124,ACE-004,Caneca Grão Capixaba,2,49.90
103124,CAF-004,Blend da Casa 500g,1,69.90
103125,ACE-001,Prensa Francesa 600ml,2,139.90
103126,CAF-002,Café Catuaí Vermelho 250g,1,49.90
103126,CAF-005,Blend Espresso 1kg,1,119.90
103127,ACE-001,Prensa Francesa 600ml,1,139.90
103128,ACE-001,Prensa Francesa 600ml,1,139.90
103128,CAF-006,Microlote Caparaó 250g,1,79.90
103129,CAF-005,Blend Espresso 1kg,2,119.90
103129,ACE-001,Prensa Francesa 600ml,3,139.90
103129,KIT-001,Kit Degustação 4x100g,1,89.90
103130,CAF-004,Blend da Casa 500g,1,69.90
103131,ACE-004,Caneca Grão Capixaba,1,49.90
103132,CAF-005,Blend Espresso 1kg,2,119.90
103133,ACE-001,Prensa Francesa 600ml,3,139.90
103133,ACE-003,Filtro de Papel 102 (100un),1,24.90
103133,CAF-007,Café Gelado Cold Brew 300ml,1,18.90
103133,CAF-001,Café Bourbon Amarelo 250g,1,54.90
103134,ACE-003,Filtro de Papel 102 (100un),1,24.90
103134,ACE-002,Coador V60 Cerâmica,3,159.90
103135,CAF-004,Blend da Casa 500g,1,69.90
103136,CAF-007,Café Gelado Cold Brew 300ml,1,18.90
103137,CAF-002,Café Catuaí Vermelho 250g,2,49.90
103137,CAF-005,Blend Espresso 1kg,2,119.90
103137,CAF-003,Café Conilon Especial 250g,1,44.90
103137,CAF-007,Café Gelado Cold Brew 300ml,1,18.90
103138,CAF-005,Blend Espresso 1kg,1,119.90
103139,CAF-004,Blend da Casa 500g,1,69.90
103140,CAF-002,Café Catuaí Vermelho 250g,1,49.90
103141,CAF-003,Café Conilon Especial 250g,1,44.90
103142,ACE-002,Coador V60 Cerâmica,2,159.90
103142,CAF-001,Café Bourbon Amarelo 250g,1,54.90
103143,CAF-003,Café Conilon Especial 250g,1,44.90
103143,CAF-001,Café Bourbon Amarelo 250g,2,54.90
103143,ACE-002,Coador V60 Cerâmica,1,159.90
103144,ACE-001,Prensa Francesa 600ml,1,139.90
103144,ACE-004,Caneca Grão Capixaba,1,49.90
103145,CAF-007,Café Gelado Cold Brew 300ml,1,18.90
103145,ACE-002,Coador V60 Cerâmica,2,159.90
103146,CAF-007,Café Gelado Cold Brew 300ml,1,18.90
103147,CAF-004,Blend da Casa 500g,1,69.90
103147,ACE-003,Filtro de Papel 102 (100un),1,24.90
103148,CAF-004,Blend da Casa 500g,1,69.90
103148,KIT-001,Kit Degustação 4x100g,3,89.90
103149,ACE-004,Caneca Grão Capixaba,1,49.90
103149,ACE-002,Coador V60 Cerâmica,1,159.90
103149,CAF-006,Microlote Caparaó 250g,1,79.90
103150,ACE-001,Prensa Francesa 600ml,1,139.90
103151,CAF-002,Café Catuaí Vermelho 250g,2,49.90
103152,ACE-002,Coador V60 Cerâmica,1,159.90
103152,ACE-001,Prensa Francesa 600ml,1,139.90
103152,CAF-005,Blend Espresso 1kg,1,119.90
103152,CAF-001,Café Bourbon Amarelo 250g,1,54.90
103153,CAF-007,Café Gelado Cold Brew 300ml,1,18.90
103154,ACE-002,Coador V60 Cerâmica,2,159.90
103154,ACE-004,Caneca Grão Capixaba,1,49.90
103155,ACE-001,Prensa Francesa 600ml,1,139.90
103156,CAF-001,Café Bourbon Amarelo 250g,1,54.90
103156,KIT-001,Kit Degustação 4x100g,1,89.90
103156,ACE-003,Filtro de Papel 102 (100un),2,24.90
103157,ACE-001,Prensa Francesa 600ml,1,139.90
103157,CAF-004,Blend da Casa 500g,1,69.90
103158,CAF-005,Blend Espresso 1kg,1,119.90
103158,ACE-002,Coador V60 Cerâmica,1,159.90
103159,ACE-004,Caneca Grão Capixaba,1,49.90
103160,ACE-004,Caneca Grão Capixaba,1,49.90
103160,CAF-003,Café Conilon Especial 250g,2,44.90
103160,ACE-001,Prensa Francesa 600ml,2,139.90
103161,CAF-004,Blend da Casa 500g,2,69.90
103162,CAF-002,Café Catuaí Vermelho 250g,1,49.90
103163,CAF-001,Café Bourbon Amarelo 250g,2,54.90
103164,CAF-004,Blend da Casa 500g,1,69.90
103165,CAF-006,Microlote Caparaó 250g,1,79.90
103165,ACE-002,Coador V60 Cerâmica,1,159.90
103166,CAF-006,Microlote Caparaó 250g,1,79.90
103166,KIT-001,Kit Degustação 4x100g,1,89.90
103167,ACE-001,Prensa Francesa 600ml,1,139.90
103168,CAF-001,Café Bourbon Amarelo 250g,1,54.90
103168,ACE-003,Filtro de Papel 102 (100un),1,24.90
103168,CAF-004,Blend da Casa 500g,1,69.90
103169,CAF-004,Blend da Casa 500g,1,69.90
103170,CAF-001,Café Bourbon Amarelo 250g,1,54.90
103170,ACE-003,Filtro de Papel 102 (100un),1,24.90
103171,CAF-005,Blend Espresso 1kg,2,119.90
103171,CAF-002,Café Catuaí Vermelho 250g,1,49.90
103171,CAF-004,Blend da Casa 500g,1,69.90
103172,CAF-002,Café Catuaí Vermelho 250g,1,49.90
103173,ACE-003,Filtro de Papel 102 (100un),2,24.90
103173,CAF-004,Blend da Casa 500g,1,69.90
103173,CAF-005,Blend Espresso 1kg,1,119.90
103174,CAF-003,Café Conilon Especial 250g,1,44.90
103175,CAF-002,Café Catuaí Vermelho 250g,1,49.90
103175,ACE-001,Prensa Francesa 600ml,1,139.90
103176,ACE-004,Caneca Grão Capixaba,1,49.90
103177,CAF-001,Café Bourbon Amarelo 250g,1,54.90
103178,CAF-004,Blend da Casa 500g,1,69.90
103179,KIT-001,Kit Degustação 4x100g,1,89.90
103180,ACE-004,Caneca Grão Capixaba,1,49.90
103180,CAF-007,Café Gelado Cold Brew 300ml,2,18.90
103181,CAF-003,Café Conilon Especial 250g,1,44.90
103182,KIT-001,Kit Degustação 4x100g,1,89.90
103182,ACE-001,Prensa Francesa 600ml,1,139.90
103183,ACE-003,Filtro de Papel 102 (100un),1,24.90
103183,CAF-006,Microlote Caparaó 250g,1,79.90
103183,CAF-007,Café Gelado Cold Brew 300ml,1,18.90
103184,CAF-004,Blend da Casa 500g,1,69.90
103185,CAF-001,Café Bourbon Amarelo 250g,3,54.90
103185,CAF-006,Microlote Caparaó 250g,2,79.90
103185,KIT-001,Kit Degustação 4x100g,1,89.90
103185,ACE-001,Prensa Francesa 600ml,1,139.90
103186,CAF-005,Blend Espresso 1kg,1,119.90
103186,ACE-001,Prensa Francesa 600ml,2,139.90
103187,CAF-007,Café Gelado Cold Brew 300ml,1,18.90
103188,CAF-002,Café Catuaí Vermelho 250g,1,49.90
103189,CAF-005,Blend Espresso 1kg,1,119.90
103190,CAF-007,Café Gelado Cold Brew 300ml,3,18.90
103191,CAF-006,Microlote Caparaó 250g,1,79.90
103192,CAF-006,Microlote Caparaó 250g,1,79.90
103192,ACE-003,Filtro de Papel 102 (100un),2,24.90
103193,ACE-001,Prensa Francesa 600ml,1,139.90
103193,ACE-003,Filtro de Papel 102 (100un),3,24.90
103194,CAF-004,Blend da Casa 500g,1,69.90
103195,ACE-002,Coador V60 Cerâmica,1,159.90
103196,CAF-004,Blend da Casa 500g,1,69.90
103197,ACE-002,Coador V60 Cerâmica,1,159.90
103198,CAF-004,Blend da Casa 500g,1,69.90
103199,CAF-004,Blend da Casa 500g,1,69.90
103199,ACE-004,Caneca Grão Capixaba,1,49.90
103199,CAF-006,Microlote Caparaó 250g,1,79.90
103200,CAF-004,Blend da Casa 500g,2,69.90
103200,CAF-006,Microlote Caparaó 250g,1,79.90
103201,CAF-004,Blend da Casa 500g,2,69.90
103202,CAF-007,Café Gelado Cold Brew 300ml,2,18.90
103202,CAF-003,Café Conilon Especial 250g,2,44.90
103203,CAF-002,Café Catuaí Vermelho 250g,2,49.90
103203,CAF-007,Café Gelado Cold Brew 300ml,1,18.90
103204,CAF-004,Blend da Casa 500g,2,69.90
103204,KIT-001,Kit Degustação 4x100g,1,89.90
103205,CAF-002,Café Catuaí Vermelho 250g,1,49.90
103206,CAF-004,Blend da Casa 500g,1,69.90
103207,CAF-002,Café Catuaí Vermelho 250g,1,49.90
103207,ACE-003,Filtro de Papel 102 (100un),2,24.90
103208,ACE-002,Coador V60 Cerâmica,1,159.90
103209,CAF-007,Café Gelado Cold Brew 300ml,1,18.90
103209,CAF-001,Café Bourbon Amarelo 250g,1,54.90
103209,CAF-006,Microlote Caparaó 250g,1,79.90
103210,CAF-003,Café Conilon Especial 250g,1,44.90
103210,CAF-007,Café Gelado Cold Brew 300ml,1,18.90
103211,CAF-006,Microlote Caparaó 250g,1,79.90
103211,KIT-001,Kit Degustação 4x100g,1,89.90
103211,ACE-001,Prensa Francesa 600ml,3,139.90
103212,CAF-006,Microlote Caparaó 250g,1,79.90
103212,CAF-004,Blend da Casa 500g,2,69.90
103213,CAF-005,Blend Espresso 1kg,2,119.90
103213,ACE-001,Prensa Francesa 600ml,1,139.90
103214,KIT-001,Kit Degustação 4x100g,1,89.90
103214,ACE-001,Prensa Francesa 600ml,1,139.90
103215,CAF-002,Café Catuaí Vermelho 250g,2,49.90
103215,CAF-007,Café Gelado Cold Brew 300ml,3,18.90
103215,KIT-001,Kit Degustação 4x100g,1,89.90
103215,CAF-003,Café Conilon Especial 250g,1,44.90
103216,CAF-004,Blend da Casa 500g,2,69.90
103216,CAF-002,Café Catuaí Vermelho 250g,1,49.90
103216,CAF-005,Blend Espresso 1kg,1,119.90
103216,KIT-001,Kit Degustação 4x100g,1,89.90
103217,CAF-006,Microlote Caparaó 250g,1,79.90
103217,ACE-004,Caneca Grão Capixaba,1,49.90
103217,CAF-001,Café Bourbon Amarelo 250g,1,54.90
103218,CAF-004,Blend da Casa 500g,1,69.90
103219,CAF-002,Café Catuaí Vermelho 250g,3,49.90
103219,CAF-003,Café Conilon Especial 250g,1,44.90
103219,ACE-003,Filtro de Papel 102 (100un),1,24.90
103219,CAF-006,Microlote Caparaó 250g,2,79.90
103220,CAF-004,Blend da Casa 500g,1,69.90
103220,CAF-006,Microlote Caparaó 250g,1,79.90
103221,ACE-002,Coador V60 Cerâmica,2,159.90
103222,CAF-006,Microlote Caparaó 250g,1,79.90
103222,CAF-007,Café Gelado Cold Brew 300ml,1,18.90
103223,CAF-003,Café Conilon Especial 250g,1,44.90
103224,CAF-005,Blend Espresso 1kg,1,119.90
103224,ACE-003,Filtro de Papel 102 (100un),1,24.90
103225,CAF-005,Blend Espresso 1kg,2,119.90
103225,ACE-002,Coador V60 Cerâmica,1,159.90
103226,ACE-001,Prensa Francesa 600ml,1,139.90
103226,ACE-003,Filtro de Papel 102 (100un),1,24.90
103226,KIT-001,Kit Degustação 4x100g,1,89.90
103227,KIT-001,Kit Degustação 4x100g,1,89.90
103228,CAF-007,Café Gelado Cold Brew 300ml,2,18.90
103228,ACE-003,Filtro de Papel 102 (100un),3,24.90
103229,CAF-006,Microlote Caparaó 250g,1,79.90
103229,CAF-005,Blend Espresso 1kg,1,119.90
103230,ACE-002,Coador V60 Cerâmica,3,159.90
103231,CAF-007,Café Gelado Cold Brew 300ml,2,18.90
103232,CAF-004,Blend da Casa 500g,1,69.90
103233,KIT-001,Kit Degustação 4x100g,1,89.90
103233,CAF-003,Café Conilon Especial 250g,1,44.90
103233,ACE-002,Coador V60 Cerâmica,1,159.90
103234,ACE-003,Filtro de Papel 102 (100un),1,24.90
103234,ACE-001,Prensa Francesa 600ml,1,139.90
103235,CAF-007,Café Gelado Cold Brew 300ml,1,18.90
103236,CAF-001,Café Bourbon Amarelo 250g,1,54.90
103237,CAF-006,Microlote Caparaó 250g,2,79.90
103237,CAF-005,Blend Espresso 1kg,1,119.90
103238,ACE-003,Filtro de Papel 102 (100un),1,24.90
103238,ACE-001,Prensa Francesa 600ml,1,139.90
103239,KIT-001,Kit Degustação 4x100g,1,89.90
103240,CAF-004,Blend da Casa 500g,1,69.90
103240,CAF-007,Café Gelado Cold Brew 300ml,1,18.90
103240,CAF-001,Café Bourbon Amarelo 250g,1,54.90
103241,CAF-004,Blend da Casa 500g,1,69.90
103242,ACE-002,Coador V60 Cerâmica,1,159.90
103243,CAF-002,Café Catuaí Vermelho 250g,1,49.90
103243,CAF-003,Café Conilon Especial 250g,1,44.90
103244,CAF-001,Café Bourbon Amarelo 250g,1,54.90
103244,ACE-003,Filtro de Papel 102 (100un),1,24.90
103245,ACE-001,Prensa Francesa 600ml,1,139.90
103245,CAF-001,Café Bourbon Amarelo 250g,1,54.90
103246,CAF-001,Café Bourbon Amarelo 250g,3,54.90
103246,ACE-002,Coador V60 Cerâmica,1,159.90
103247,CAF-004,Blend da Casa 500g,1,69.90
103247,KIT-001,Kit Degustação 4x100g,1,89.90
103247,CAF-003,Café Conilon Especial 250g,1,44.90
103248,CAF-003,Café Conilon Especial 250g,3,44.90
103248,ACE-002,Coador V60 Cerâmica,1,159.90
103249,CAF-006,Microlote Caparaó 250g,1,79.90
103250,ACE-004,Caneca Grão Capixaba,1,49.90
103250,ACE-003,Filtro de Papel 102 (100un),2,24.90
103251,CAF-005,Blend Espresso 1kg,1,119.90
103251,CAF-003,Café Conilon Especial 250g,3,44.90
103252,ACE-004,Caneca Grão Capixaba,1,49.90
103252,ACE-001,Prensa Francesa 600ml,1,139.90
103253,CAF-005,Blend Espresso 1kg,1,119.90
103254,CAF-001,Café Bourbon Amarelo 250g,1,54.90
103255,ACE-004,Caneca Grão Capixaba,2,49.90
103255,ACE-001,Prensa Francesa 600ml,1,139.90
103255,CAF-004,Blend da Casa 500g,1,69.90
103255,ACE-003,Filtro de Papel 102 (100un),1,24.90
103256,KIT-001,Kit Degustação 4x100g,1,89.90
103256,ACE-001,Prensa Francesa 600ml,3,139.90
103256,CAF-005,Blend Espresso 1kg,1,119.90
103256,CAF-002,Café Catuaí Vermelho 250g,1,49.90
103257,ACE-003,Filtro de Papel 102 (100un),3,24.90
103258,ACE-004,Caneca Grão Capixaba,1,49.90
103258,CAF-006,Microlote Caparaó 250g,1,79.90
103259,CAF-005,Blend Espresso 1kg,1,119.90
103260,ACE-001,Prensa Francesa 600ml,1,139.90
103261,CAF-005,Blend Espresso 1kg,1,119.90
103262,ACE-004,Caneca Grão Capixaba,1,49.90
103263,CAF-004,Blend da Casa 500g,1,69.90
103264,CAF-007,Café Gelado Cold Brew 300ml,1,18.90
103265,CAF-006,Microlote Caparaó 250g,1,79.90
103265,ACE-004,Caneca Grão Capixaba,1,49.90
103266,ACE-002,Coador V60 Cerâmica,1,159.90
103267,ACE-004,Caneca Grão Capixaba,1,49.90
103267,KIT-001,Kit Degustação 4x100g,1,89.90
103268,ACE-003,Filtro de Papel 102 (100un),1,24.90
103269,CAF-006,Microlote Caparaó 250g,1,79.90
103269,CAF-007,Café Gelado Cold Brew 300ml,2,18.90
103270,CAF-007,Café Gelado Cold Brew 300ml,1,18.90
103270,ACE-002,Coador V60 Cerâmica,1,159.90
103271,ACE-004,Caneca Grão Capixaba,2,49.90
103271,CAF-006,Microlote Caparaó 250g,1,79.90
103271,CAF-007,Café Gelado Cold Brew 300ml,1,18.90
103271,CAF-003,Café Conilon Especial 250g,1,44.90
103272,CAF-004,Blend da Casa 500g,1,69.90
103273,CAF-004,Blend da Casa 500g,1,69.90
103274,CAF-006,Microlote Caparaó 250g,2,79.90
103274,CAF-001,Café Bourbon Amarelo 250g,3,54.90
103275,CAF-001,Café Bourbon Amarelo 250g,1,54.90
103276,CAF-005,Blend Espresso 1kg,1,119.90
103277,KIT-001,Kit Degustação 4x100g,1,89.90
103278,ACE-002,Coador V60 Cerâmica,1,159.90
103279,CAF-003,Café Conilon Especial 250g,1,44.90
103280,CAF-004,Blend da Casa 500g,1,69.90
103281,CAF-004,Blend da Casa 500g,1,69.90
103282,ACE-003,Filtro de Papel 102 (100un),1,24.90
103283,CAF-004,Blend da Casa 500g,1,69.90
103284,CAF-001,Café Bourbon Amarelo 250g,1,54.90
103285,CAF-001,Café Bourbon Amarelo 250g,1,54.90
103285,ACE-004,Caneca Grão Capixaba,1,49.90
103286,CAF-007,Café Gelado Cold Brew 300ml,2,18.90
103287,CAF-003,Café Conilon Especial 250g,1,44.90
103288,ACE-002,Coador V60 Cerâmica,1,159.90
103289,ACE-002,Coador V60 Cerâmica,1,159.90
103290,ACE-003,Filtro de Papel 102 (100un),1,24.90
103290,CAF-001,Café Bourbon Amarelo 250g,1,54.90
103290,CAF-003,Café Conilon Especial 250g,1,44.90
103291,CAF-005,Blend Espresso 1kg,1,119.90
103291,CAF-002,Café Catuaí Vermelho 250g,1,49.90
103292,CAF-004,Blend da Casa 500g,1,69.90
103292,CAF-001,Café Bourbon Amarelo 250g,1,54.90
103292,ACE-004,Caneca Grão Capixaba,1,49.90
103293,ACE-004,Caneca Grão Capixaba,1,49.90
103294,CAF-003,Café Conilon Especial 250g,1,44.90
103294,ACE-002,Coador V60 Cerâmica,1,159.90
103294,ACE-004,Caneca Grão Capixaba,1,49.90
103294,ACE-003,Filtro de Papel 102 (100un),1,24.90
103295,CAF-004,Blend da Casa 500g,1,69.90
103296,CAF-005,Blend Espresso 1kg,2,119.90
103296,CAF-004,Blend da Casa 500g,1,69.90
103297,ACE-003,Filtro de Papel 102 (100un),1,24.90
103297,CAF-001,Café Bourbon Amarelo 250g,1,54.90
103298,ACE-004,Caneca Grão Capixaba,1,49.90
103299,ACE-001,Prensa Francesa 600ml,1,139.90
103300,KIT-001,Kit Degustação 4x100g,2,89.90
103301,CAF-006,Microlote Caparaó 250g,1,79.90
103301,CAF-004,Blend da Casa 500g,2,69.90
103302,CAF-002,Café Catuaí Vermelho 250g,1,49.90
103303,CAF-001,Café Bourbon Amarelo 250g,1,54.90
103303,CAF-006,Microlote Caparaó 250g,1,79.90
103304,ACE-003,Filtro de Papel 102 (100un),1,24.90
103304,CAF-003,Café Conilon Especial 250g,1,44.90
103305,CAF-007,Café Gelado Cold Brew 300ml,1,18.90
103305,CAF-005,Blend Espresso 1kg,1,119.90
103305,CAF-003,Café Conilon Especial 250g,1,44.90
103306,ACE-004,Caneca Grão Capixaba,1,49.90
103307,CAF-001,Café Bourbon Amarelo 250g,1,54.90
103307,CAF-003,Café Conilon Especial 250g,1,44.90
103308,ACE-002,Coador V60 Cerâmica,1,159.90
103309,ACE-004,Caneca Grão Capixaba,2,49.90
103309,KIT-001,Kit Degustação 4x100g,1,89.90
103310,KIT-001,Kit Degustação 4x100g,1,89.90
103311,CAF-006,Microlote Caparaó 250g,1,79.90
103311,KIT-001,Kit Degustação 4x100g,2,89.90
103311,CAF-007,Café Gelado Cold Brew 300ml,1,18.90
103312,CAF-002,Café Catuaí Vermelho 250g,2,49.90
103312,CAF-006,Microlote Caparaó 250g,1,79.90
103313,CAF-005,Blend Espresso 1kg,1,119.90
103313,CAF-006,Microlote Caparaó 250g,3,79.90
103314,KIT-001,Kit Degustação 4x100g,1,89.90
103314,ACE-004,Caneca Grão Capixaba,1,49.90
103315,KIT-001,Kit Degustação 4x100g,1,89.90
103316,KIT-001,Kit Degustação 4x100g,1,89.90
103317,ACE-001,Prensa Francesa 600ml,1,139.90
103317,ACE-004,Caneca Grão Capixaba,1,49.90
103318,ACE-001,Prensa Francesa 600ml,1,139.90
103318,CAF-005,Blend Espresso 1kg,1,119.90
103319,ACE-003,Filtro de Papel 102 (100un),1,24.90
103319,ACE-001,Prensa Francesa 600ml,1,139.90
103319,CAF-004,Blend da Casa 500g,1,69.90
103320,CAF-006,Microlote Caparaó 250g,1,79.90
103320,CAF-002,Café Catuaí Vermelho 250g,1,49.90
103320,CAF-007,Café Gelado Cold Brew 300ml,1,18.90
103321,KIT-001,Kit Degustação 4x100g,1,89.90
103322,CAF-007,Café Gelado Cold Brew 300ml,1,18.90
103322,CAF-006,Microlote Caparaó 250g,1,79.90
103323,CAF-007,Café Gelado Cold Brew 300ml,1,18.90
103324,CAF-006,Microlote Caparaó 250g,1,79.90
103325,ACE-004,Caneca Grão Capixaba,1,49.90
103325,CAF-006,Microlote Caparaó 250g,1,79.90
103326,CAF-001,Café Bourbon Amarelo 250g,1,54.90
103326,CAF-006,Microlote Caparaó 250g,1,79.90
103327,CAF-006,Microlote Caparaó 250g,1,79.90
103328,CAF-006,Microlote Caparaó 250g,1,79.90
103328,CAF-004,Blend da Casa 500g,1,69.90
103328,ACE-004,Caneca Grão Capixaba,1,49.90
103328,CAF-005,Blend Espresso 1kg,1,119.90
103329,CAF-002,Café Catuaí Vermelho 250g,1,49.90
103329,ACE-003,Filtro de Papel 102 (100un),1,24.90
103330,CAF-002,Café Catuaí Vermelho 250g,2,49.90
103331,CAF-004,Blend da Casa 500g,1,69.90
103332,ACE-001,Prensa Francesa 600ml,1,139.90
103333,ACE-002,Coador V60 Cerâmica,1,159.90
103334,CAF-004,Blend da Casa 500g,1,69.90
103335,CAF-003,Café Conilon Especial 250g,3,44.90
103335,CAF-006,Microlote Caparaó 250g,1,79.90
103335,CAF-004,Blend da Casa 500g,2,69.90
103336,ACE-004,Caneca Grão Capixaba,1,49.90
103336,ACE-001,Prensa Francesa 600ml,1,139.90
103336,CAF-005,Blend Espresso 1kg,1,119.90
103336,CAF-002,Café Catuaí Vermelho 250g,1,49.90
103337,ACE-004,Caneca Grão Capixaba,1,49.90
103338,ACE-001,Prensa Francesa 600ml,1,139.90
103338,CAF-004,Blend da Casa 500g,1,69.90
103339,KIT-001,Kit Degustação 4x100g,2,89.90
103339,CAF-001,Café Bourbon Amarelo 250g,2,54.90
103339,ACE-004,Caneca Grão Capixaba,1,49.90
103340,CAF-006,Microlote Caparaó 250g,1,79.90
103340,CAF-005,Blend Espresso 1kg,3,119.90
103341,ACE-004,Caneca Grão Capixaba,2,49.90
103341,CAF-003,Café Conilon Especial 250g,2,44.90
103342,CAF-006,Microlote Caparaó 250g,1,79.90
103343,CAF-003,Café Conilon Especial 250g,1,44.90
103344,CAF-001,Café Bourbon Amarelo 250g,1,54.90
103345,CAF-003,Café Conilon Especial 250g,1,44.90
103345,CAF-005,Blend Espresso 1kg,1,119.90
103346,CAF-004,Blend da Casa 500g,1,69.90
103347,CAF-004,Blend da Casa 500g,1,69.90
103348,CAF-005,Blend Espresso 1kg,1,119.90
103349,CAF-004,Blend da Casa 500g,1,69.90
103350,KIT-001,Kit Degustação 4x100g,2,89.90
103350,ACE-004,Caneca Grão Capixaba,1,49.90
103350,CAF-006,Microlote Caparaó 250g,2,79.90
103351,CAF-003,Café Conilon Especial 250g,1,44.90
103352,CAF-006,Microlote Caparaó 250g,1,79.90
103353,ACE-002,Coador V60 Cerâmica,2,159.90
103354,CAF-004,Blend da Casa 500g,1,69.90
103355,CAF-003,Café Conilon Especial 250g,1,44.90
103356,ACE-001,Prensa Francesa 600ml,2,139.90
103356,CAF-004,Blend da Casa 500g,1,69.90
103356,ACE-004,Caneca Grão Capixaba,1,49.90
103357,ACE-002,Coador V60 Cerâmica,1,159.90
103357,CAF-003,Café Conilon Especial 250g,1,44.90
103358,CAF-004,Blend da Casa 500g,1,69.90
103359,CAF-002,Café Catuaí Vermelho 250g,1,49.90
103360,CAF-007,Café Gelado Cold Brew 300ml,2,18.90
103360,CAF-001,Café Bourbon Amarelo 250g,1,54.90
103361,CAF-004,Blend da Casa 500g,1,69.90
103362,CAF-007,Café Gelado Cold Brew 300ml,1,18.90
103363,CAF-006,Microlote Caparaó 250g,2,79.90
103363,KIT-001,Kit Degustação 4x100g,1,89.90
103363,ACE-001,Prensa Francesa 600ml,2,139.90
103363,CAF-005,Blend Espresso 1kg,1,119.90
103364,ACE-004,Caneca Grão Capixaba,1,49.90
103365,KIT-001,Kit Degustação 4x100g,1,89.90
103366,CAF-003,Café Conilon Especial 250g,2,44.90
103366,ACE-004,Caneca Grão Capixaba,1,49.90
103366,CAF-004,Blend da Casa 500g,2,69.90
103367,ACE-002,Coador V60 Cerâmica,2,159.90
103368,ACE-002,Coador V60 Cerâmica,1,159.90
103369,CAF-007,Café Gelado Cold Brew 300ml,1,18.90
103369,CAF-002,Café Catuaí Vermelho 250g,1,49.90
103369,CAF-001,Café Bourbon Amarelo 250g,1,54.90
103370,ACE-001,Prensa Francesa 600ml,2,139.90
103370,CAF-007,Café Gelado Cold Brew 300ml,1,18.90
103371,ACE-002,Coador V60 Cerâmica,1,159.90
103372,CAF-007,Café Gelado Cold Brew 300ml,2,18.90
103372,CAF-001,Café Bourbon Amarelo 250g,1,54.90
103373,ACE-001,Prensa Francesa 600ml,2,139.90
103374,CAF-002,Café Catuaí Vermelho 250g,3,49.90
103374,CAF-006,Microlote Caparaó 250g,1,79.90
103375,CAF-003,Café Conilon Especial 250g,1,44.90
103376,CAF-006,Microlote Caparaó 250g,1,79.90
103377,ACE-003,Filtro de Papel 102 (100un),1,24.90
103378,CAF-006,Microlote Caparaó 250g,2,79.90
103378,ACE-003,Filtro de Papel 102 (100un),3,24.90
103378,CAF-002,Café Catuaí Vermelho 250g,1,49.90
103379,KIT-001,Kit Degustação 4x100g,1,89.90
103380,KIT-001,Kit Degustação 4x100g,2,89.90
103381,ACE-002,Coador V60 Cerâmica,2,159.90
103381,CAF-001,Café Bourbon Amarelo 250g,1,54.90
103381,CAF-007,Café Gelado Cold Brew 300ml,1,18.90
103382,ACE-004,Caneca Grão Capixaba,1,49.90
103383,CAF-006,Microlote Caparaó 250g,2,79.90
103384,CAF-004,Blend da Casa 500g,2,69.90
103384,CAF-001,Café Bourbon Amarelo 250g,3,54.90
103385,CAF-004,Blend da Casa 500g,1,69.90
103385,ACE-003,Filtro de Papel 102 (100un),1,24.90
103385,CAF-006,Microlote Caparaó 250g,1,79.90
103385,CAF-002,Café Catuaí Vermelho 250g,2,49.90
103386,CAF-002,Café Catuaí Vermelho 250g,1,49.90
103387,CAF-006,Microlote Caparaó 250g,1,79.90
103388,ACE-001,Prensa Francesa 600ml,1,139.90
103389,CAF-004,Blend da Casa 500g,1,69.90
103390,CAF-001,Café Bourbon Amarelo 250g,1,54.90
103390,ACE-003,Filtro de Papel 102 (100un),1,24.90
103391,ACE-002,Coador V60 Cerâmica,1,159.90
103392,CAF-003,Café Conilon Especial 250g,1,44.90
103392,CAF-001,Café Bourbon Amarelo 250g,2,54.90
103393,CAF-006,Microlote Caparaó 250g,2,79.90
103394,CAF-007,Café Gelado Cold Brew 300ml,1,18.90
103394,ACE-003,Filtro de Papel 102 (100un),2,24.90
103395,ACE-003,Filtro de Papel 102 (100un),1,24.90
103396,CAF-003,Café Conilon Especial 250g,1,44.90
103397,ACE-003,Filtro de Papel 102 (100un),1,24.90
103397,ACE-001,Prensa Francesa 600ml,1,139.90
103398,CAF-004,Blend da Casa 500g,2,69.90
103399,CAF-004,Blend da Casa 500g,1,69.90
103400,CAF-004,Blend da Casa 500g,1,69.90
103401,ACE-001,Prensa Francesa 600ml,1,139.90
103402,ACE-004,Caneca Grão Capixaba,1,49.90
103402,ACE-003,Filtro de Papel 102 (100un),1,24.90
103402,CAF-002,Café Catuaí Vermelho 250g,1,49.90
103403,CAF-001,Café Bourbon Amarelo 250g,1,54.90
103404,CAF-006,Microlote Caparaó 250g,3,79.90
103405,ACE-003,Filtro de Papel 102 (100un),1,24.90
103406,CAF-003,Café Conilon Especial 250g,1,44.90
103406,KIT-001,Kit Degustação 4x100g,1,89.90
103406,CAF-007,Café Gelado Cold Brew 300ml,2,18.90
103407,CAF-003,Café Conilon Especial 250g,3,44.90
103407,CAF-001,Café Bourbon Amarelo 250g,2,54.90
103408,CAF-004,Blend da Casa 500g,1,69.90
103409,CAF-007,Café Gelado Cold Brew 300ml,1,18.90
103410,CAF-001,Café Bourbon Amarelo 250g,1,54.90
103411,CAF-002,Café Catuaí Vermelho 250g,1,49.90
103411,CAF-006,Microlote Caparaó 250g,1,79.90
103412,CAF-004,Blend da Casa 500g,1,69.90
103413,ACE-003,Filtro de Papel 102 (100un),2,24.90
103414,CAF-004,Blend da Casa 500g,2,69.90
103415,ACE-003,Filtro de Papel 102 (100un),1,24.90
103416,ACE-003,Filtro de Papel 102 (100un),1,24.90
103417,ACE-001,Prensa Francesa 600ml,1,139.90
103417,CAF-007,Café Gelado Cold Brew 300ml,2,18.90
103417,CAF-006,Microlote Caparaó 250g,1,79.90
103417,CAF-003,Café Conilon Especial 250g,1,44.90
103418,ACE-001,Prensa Francesa 600ml,2,139.90
103418,CAF-007,Café Gelado Cold Brew 300ml,3,18.90
103418,CAF-005,Blend Espresso 1kg,1,119.90
103419,CAF-003,Café Conilon Especial 250g,1,44.90
103419,CAF-002,Café Catuaí Vermelho 250g,2,49.90
103420,CAF-007,Café Gelado Cold Brew 300ml,1,18.90
103420,ACE-001,Prensa Francesa 600ml,1,139.90
103421,CAF-005,Blend Espresso 1kg,1,119.90
103422,CAF-004,Blend da Casa 500g,1,69.90
103423,CAF-002,Café Catuaí Vermelho 250g,1,49.90
103424,ACE-003,Filtro de Papel 102 (100un),1,24.90
103425,ACE-004,Caneca Grão Capixaba,1,49.90
103425,ACE-002,Coador V60 Cerâmica,1,159.90
103425,CAF-001,Café Bourbon Amarelo 250g,3,54.90
103426,CAF-005,Blend Espresso 1kg,1,119.90
103426,CAF-001,Café Bourbon Amarelo 250g,1,54.90
103426,ACE-002,Coador V60 Cerâmica,1,159.90
103426,CAF-003,Café Conilon Especial 250g,1,44.90
103427,CAF-005,Blend Espresso 1kg,1,119.90
103427,CAF-007,Café Gelado Cold Brew 300ml,1,18.90
103428,CAF-002,Café Catuaí Vermelho 250g,1,49.90
103429,ACE-001,Prensa Francesa 600ml,1,139.90
103430,CAF-004,Blend da Casa 500g,1,69.90
103430,ACE-001,Prensa Francesa 600ml,1,139.90
103431,ACE-004,Caneca Grão Capixaba,2,49.90
103432,CAF-002,Café Catuaí Vermelho 250g,1,49.90
103433,KIT-001,Kit Degustação 4x100g,1,89.90
103434,CAF-003,Café Conilon Especial 250g,1,44.90
103434,CAF-007,Café Gelado Cold Brew 300ml,1,18.90
103434,ACE-002,Coador V60 Cerâmica,3,159.90
103434,ACE-003,Filtro de Papel 102 (100un),1,24.90
103435,ACE-003,Filtro de Papel 102 (100un),3,24.90
103436,ACE-004,Caneca Grão Capixaba,1,49.90
103436,ACE-002,Coador V60 Cerâmica,1,159.90
103436,CAF-005,Blend Espresso 1kg,1,119.90
103436,CAF-001,Café Bourbon Amarelo 250g,1,54.90
103437,CAF-003,Café Conilon Especial 250g,2,44.90
103438,KIT-001,Kit Degustação 4x100g,3,89.90
103438,CAF-003,Café Conilon Especial 250g,2,44.90
103438,CAF-004,Blend da Casa 500g,1,69.90
103438,ACE-001,Prensa Francesa 600ml,1,139.90
103439,CAF-004,Blend da Casa 500g,1,69.90
103440,ACE-004,Caneca Grão Capixaba,1,49.90
103440,CAF-005,Blend Espresso 1kg,1,119.90
103441,ACE-003,Filtro de Papel 102 (100un),1,24.90
103442,KIT-001,Kit Degustação 4x100g,1,89.90
103443,CAF-001,Café Bourbon Amarelo 250g,1,54.90
103444,CAF-001,Café Bourbon Amarelo 250g,1,54.90
103445,CAF-006,Microlote Caparaó 250g,1,79.90
103445,CAF-007,Café Gelado Cold Brew 300ml,1,18.90
103445,ACE-001,Prensa Francesa 600ml,1,139.90
103445,CAF-003,Café Conilon Especial 250g,1,44.90
103446,CAF-007,Café Gelado Cold Brew 300ml,2,18.90
103446,CAF-001,Café Bourbon Amarelo 250g,1,54.90
103447,CAF-004,Blend da Casa 500g,2,69.90
103447,ACE-004,Caneca Grão Capixaba,1,49.90
103447,CAF-001,Café Bourbon Amarelo 250g,1,54.90
103448,CAF-004,Blend da Casa 500g,1,69.90
103449,CAF-007,Café Gelado Cold Brew 300ml,2,18.90
103450,ACE-004,Caneca Grão Capixaba,1,49.90
103450,CAF-004,Blend da Casa 500g,1,69.90
103450,CAF-005,Blend Espresso 1kg,1,119.90
103451,CAF-006,Microlote Caparaó 250g,2,79.90
103452,CAF-006,Microlote Caparaó 250g,1,79.90
103452,CAF-002,Café Catuaí Vermelho 250g,1,49.90
103453,CAF-004,Blend da Casa 500g,2,69.90
103453,KIT-001,Kit Degustação 4x100g,2,89.90
103453,ACE-004,Caneca Grão Capixaba,2,49.90
103454,CAF-001,Café Bourbon Amarelo 250g,1,54.90
103455,CAF-002,Café Catuaí Vermelho 250g,1,49.90
103455,ACE-004,Caneca Grão Capixaba,1,49.90
103456,CAF-001,Café Bourbon Amarelo 250g,1,54.90
103457,CAF-004,Blend da Casa 500g,2,69.90
103458,ACE-001,Prensa Francesa 600ml,1,139.90
103458,CAF-004,Blend da Casa 500g,1,69.90
103459,CAF-003,Café Conilon Especial 250g,1,44.90
103460,CAF-004,Blend da Casa 500g,1,69.90
103460,ACE-003,Filtro de Papel 102 (100un),2,24.90
103460,CAF-002,Café Catuaí Vermelho 250g,1,49.90
103460,CAF-007,Café Gelado Cold Brew 300ml,3,18.90
103461,ACE-001,Prensa Francesa 600ml,1,139.90
103461,CAF-004,Blend da Casa 500g,1,69.90
103462,CAF-004,Blend da Casa 500g,1,69.90
103463,CAF-001,Café Bourbon Amarelo 250g,1,54.90
103464,ACE-003,Filtro de Papel 102 (100un),1,24.90
103464,CAF-006,Microlote Caparaó 250g,1,79.90
103464,CAF-005,Blend Espresso 1kg,2,119.90
103465,CAF-005,Blend Espresso 1kg,2,119.90
103466,ACE-003,Filtro de Papel 102 (100un),1,24.90
103466,CAF-004,Blend da Casa 500g,1,69.90
103467,CAF-007,Café Gelado Cold Brew 300ml,1,18.90
103468,KIT-001,Kit Degustação 4x100g,1,89.90
103469,CAF-001,Café Bourbon Amarelo 250g,1,54.90
103469,ACE-004,Caneca Grão Capixaba,1,49.90
103469,CAF-003,Café Conilon Especial 250g,1,44.90
103470,CAF-002,Café Catuaí Vermelho 250g,1,49.90
103470,CAF-003,Café Conilon Especial 250g,1,44.90
103470,CAF-007,Café Gelado Cold Brew 300ml,2,18.90
103471,ACE-004,Caneca Grão Capixaba,1,49.90
103471,ACE-001,Prensa Francesa 600ml,1,139.90
103472,CAF-004,Blend da Casa 500g,1,69.90
103473,CAF-007,Café Gelado Cold Brew 300ml,3,18.90
103474,ACE-002,Coador V60 Cerâmica,1,159.90
103474,ACE-001,Prensa Francesa 600ml,1,139.90
103474,CAF-003,Café Conilon Especial 250g,1,44.90
103475,CAF-004,Blend da Casa 500g,1,69.90
103476,CAF-001,Café Bourbon Amarelo 250g,2,54.90
103477,CAF-003,Café Conilon Especial 250g,1,44.90
103477,ACE-002,Coador V60 Cerâmica,1,159.90
103478,ACE-002,Coador V60 Cerâmica,1,159.90
103478,CAF-005,Blend Espresso 1kg,3,119.90
103479,CAF-002,Café Catuaí Vermelho 250g,1,49.90
103479,ACE-002,Coador V60 Cerâmica,1,159.90
103480,ACE-001,Prensa Francesa 600ml,1,139.90
103480,CAF-007,Café Gelado Cold Brew 300ml,1,18.90
103481,CAF-004,Blend da Casa 500g,1,69.90
103482,KIT-001,Kit Degustação 4x100g,1,89.90
103483,ACE-001,Prensa Francesa 600ml,2,139.90
103483,CAF-003,Café Conilon Especial 250g,1,44.90
103483,CAF-001,Café Bourbon Amarelo 250g,2,54.90
103484,CAF-003,Café Conilon Especial 250g,1,44.90
103485,CAF-004,Blend da Casa 500g,2,69.90
103486,CAF-003,Café Conilon Especial 250g,1,44.90
103486,CAF-007,Café Gelado Cold Brew 300ml,2,18.90
103487,CAF-007,Café Gelado Cold Brew 300ml,1,18.90
103488,ACE-004,Caneca Grão Capixaba,1,49.90
103488,KIT-001,Kit Degustação 4x100g,2,89.90
103488,CAF-003,Café Conilon Especial 250g,2,44.90
103489,CAF-005,Blend Espresso 1kg,2,119.90
103490,CAF-007,Café Gelado Cold Brew 300ml,1,18.90
103491,CAF-004,Blend da Casa 500g,1,69.90
103492,CAF-006,Microlote Caparaó 250g,1,79.90
103492,ACE-002,Coador V60 Cerâmica,1,159.90
103492,CAF-002,Café Catuaí Vermelho 250g,1,49.90
103493,CAF-004,Blend da Casa 500g,1,69.90
103494,ACE-002,Coador V60 Cerâmica,1,159.90
103494,KIT-001,Kit Degustação 4x100g,2,89.90
103495,ACE-001,Prensa Francesa 600ml,1,139.90
103495,CAF-001,Café Bourbon Amarelo 250g,1,54.90
103495,CAF-007,Café Gelado Cold Brew 300ml,1,18.90
103496,ACE-003,Filtro de Papel 102 (100un),1,24.90
103496,ACE-002,Coador V60 Cerâmica,1,159.90
103497,ACE-001,Prensa Francesa 600ml,2,139.90
103498,CAF-001,Café Bourbon Amarelo 250g,2,54.90
103499,KIT-001,Kit Degustação 4x100g,1,89.90
103499,ACE-002,Coador V60 Cerâmica,1,159.90
103499,CAF-005,Blend Espresso 1kg,2,119.90
103499,ACE-003,Filtro de Papel 102 (100un),1,24.90
103500,CAF-004,Blend da Casa 500g,2,69.90
103501,CAF-006,Microlote Caparaó 250g,1,79.90
103501,CAF-002,Café Catuaí Vermelho 250g,2,49.90
103501,ACE-002,Coador V60 Cerâmica,1,159.90
103501,CAF-001,Café Bourbon Amarelo 250g,1,54.90
103502,CAF-001,Café Bourbon Amarelo 250g,1,54.90
103502,CAF-006,Microlote Caparaó 250g,2,79.90
103503,ACE-002,Coador V60 Cerâmica,1,159.90
103503,CAF-007,Café Gelado Cold Brew 300ml,1,18.90
103503,CAF-003,Café Conilon Especial 250g,1,44.90
103504,CAF-004,Blend da Casa 500g,1,69.90
103505,CAF-006,Microlote Caparaó 250g,1,79.90
103505,CAF-007,Café Gelado Cold Brew 300ml,1,18.90
103506,CAF-004,Blend da Casa 500g,1,69.90
103507,ACE-003,Filtro de Papel 102 (100un),1,24.90
103508,CAF-006,Microlote Caparaó 250g,1,79.90
103509,ACE-002,Coador V60 Cerâmica,2,159.90
103510,CAF-004,Blend da Casa 500g,1,69.90
103511,CAF-004,Blend da Casa 500g,1,69.90
103512,CAF-006,Microlote Caparaó 250g,1,79.90
103512,CAF-007,Café Gelado Cold Brew 300ml,1,18.90
103513,ACE-004,Caneca Grão Capixaba,1,49.90
103514,ACE-002,Coador V60 Cerâmica,1,159.90
103514,CAF-006,Microlote Caparaó 250g,1,79.90
103515,CAF-004,Blend da Casa 500g,1,69.90
103516,ACE-002,Coador V60 Cerâmica,1,159.90
103516,ACE-004,Caneca Grão Capixaba,3,49.90
103516,CAF-006,Microlote Caparaó 250g,1,79.90
103516,ACE-003,Filtro de Papel 102 (100un),1,24.90
103517,CAF-001,Café Bourbon Amarelo 250g,2,54.90
103517,CAF-007,Café Gelado Cold Brew 300ml,1,18.90
103518,CAF-001,Café Bourbon Amarelo 250g,1,54.90
103518,ACE-001,Prensa Francesa 600ml,1,139.90
103519,CAF-004,Blend da Casa 500g,1,69.90
103520,CAF-006,Microlote Caparaó 250g,1,79.90
103520,CAF-003,Café Conilon Especial 250g,1,44.90
103521,CAF-003,Café Conilon Especial 250g,2,44.90
103521,CAF-004,Blend da Casa 500g,1,69.90
103521,ACE-003,Filtro de Papel 102 (100un),1,24.90
103522,KIT-001,Kit Degustação 4x100g,2,89.90
103523,ACE-003,Filtro de Papel 102 (100un),1,24.90
103523,CAF-005,Blend Espresso 1kg,1,119.90
103524,CAF-002,Café Catuaí Vermelho 250g,1,49.90
103525,ACE-001,Prensa Francesa 600ml,2,139.90
103525,ACE-003,Filtro de Papel 102 (100un),1,24.90
103526,CAF-003,Café Conilon Especial 250g,1,44.90
103527,CAF-007,Café Gelado Cold Brew 300ml,1,18.90
