id_pedido,data_pedido,email_cliente,canal_venda,utm_source,utm_medium,utm_campaign,cupom,valor_produtos,desconto,frete,valor_total,status
100001,2026-01-01 08:28:17, thais.costa1990@gmail.com,site,google,cpc,google_search_generico,,338.60,0.00,0.00,338.60,Pago
100002,2026-01-01 22:26:40,caio.carvalho1982@outlook.com,site,google,cpc,GOOGLE_SEARCH_GENERICO,,323.60,0.00,0.00,323.60,Pago
100003,2026-01-01 23:09:11,fernanda.ribeiro1999@gmail.com,site,google,cpc,GOOGLE_SEARCH_MARCA,,359.70,0.00,0.00,359.70,Cancelado
100004,2026-01-02 06:06:47, leticia.nascimento96@hotmail.com,site,google,organic,,,319.80,0.00,0.00,319.80,Pago
100004,2026-01-02 06:06:47, leticia.nascimento96@hotmail.com,site,google,organic,,,319.80,0.00,0.00,319.80,Pago
100005,2026-01-02 08:15:25,juliana.souza73@gmail.com,site,google,cpc,GOOGLE_SEARCH_GENERICO,CAFE20,144.70,28.94,27.90,143.66,Pago
100006,2026-01-02 14:17:03,leonardo.pimentel28@gmail.com,site,instagram,cpc,META_PROSPECCAO_BLENDS,primeiracompra,159.80,23.97,31.50,167.33,Pago
100007,2026-01-02 18:20:43,maria.rocha2001@hotmail.com,site,,,,,247.60,0.00,0.00,247.60,Pago
100008,2026-01-03 07:32:05,priscila.carvalho16@yahoo.com.br,site,google,cpc,GOOGLE_SEARCH_MARCA,BEMVINDO10,54.90,5.49,31.50,80.91,Pago
100009,2026-01-03 17:19:11,fabio.carvalho18@gmail.com,site,google,cpc,GOOGLE_SEARCH_GENERICO,BEMVINDO10,164.80,16.48,14.90,163.22,Pago
100010,2026-01-03 20:33:13,rodrigo.pimentel@gmail.com,site,facebook,cpc,META_PROSPECCAO_BLENDS,,118.70,0.00,14.90,133.60,Pago
100011,2026-01-04 14:49:31,julia.carvalho@gmail.com,site,google,cpc,GOOGLE_SEARCH_MARCA,CAFE20,94.80,18.96,14.90,90.74,Pago
100012,2026-01-04 19:30:20,carlos.silva@gmail.com,site,google,shopping,GOOGLE_SHOPPING,,44.90,0.00,27.90,72.80,Pago
100013,2026-01-04 21:53:04,MATEUS.ZANOTTI55@GMAIL.COM,site,google,cpc,GOOGLE_SEARCH_GENERICO,BEMVINDO10,49.80,4.98,14.90,59.72,Pago
100014,2026-01-05 18:21:56,carolina.rodrigues@outlook.com,site,facebook,cpc,META_PROSPECCAO_BLENDS,CAFE20,299.70,59.94,0.00,239.76,Pago
100015,2026-01-05 18:35:29,joao.mercon1992@gmail.com,site,instagram,cpc,META_REMARKETING,CAFE20,239.70,47.94,0.00,191.76,Pago
100016,2026-01-05 23:11:29,gabriela.barbosa2001@outlook.com,site,,,,,44.90,0.00,14.90,59.80,Pago
100017,2026-01-06 06:19:35,larissa.gomes@outlook.com,site,,,,,18.90,0.00,14.90,33.80,Pago
100018,2026-01-06 07:15:28,leticia.loureiro@gmail.com,site,ig,cpc,Meta_Prospeccao_Blends ,,37.80,0.00,14.90,52.70,Pago
100019,2026-01-06 12:15:13,FERNANDA.LIMA@ICLOUD.COM,site,google,cpc,GOOGLE_SEARCH_MARCA,,24.90,0.00,14.90,39.80,Pago
100020,2026-01-06 16:30:41,debora.araujo@gmail.com,site,whatsapp,referral,indique_ganhe,INDIQUE15,49.90,7.48,14.90,57.32,Pago
100021,2026-01-06 20:07:27,lucas.lima1999@outlook.com,site,instagram,influencer,INFLU_CAFE_COM_BIA,BIA10,344.50,34.45,0.00,310.05,Pago
100022,2026-01-06 20:58:27,priscila.lima@yahoo.com.br,site,whatsapp,referral,indique_ganhe,INDIQUE15,49.90,7.48,14.90,57.32,Pago
100023,2026-01-07 09:28:02,gabriel.carvalho1996@hotmail.com,site,instagram,cpc,META_PROSPECCAO_BLENDS,CAFE20,319.80,63.96,0.00,255.84,Pago
100024,2026-01-07 16:50:15, luiza.simoes42@gmail.com,site,google,shopping,GOOGLE_SHOPPING,,127.70,0.00,14.90,142.60,Pago
100025,2026-01-07 18:06:08,rafael.nascimento47@yahoo.com.br,site,fb,paid,meta_prospeccao_blends,PRIMEIRACOMPRA,249.50,37.42,0.00,212.08,Pago
100026,2026-01-07 18:21:52,bruna.costa63@gmail.com,site,facebook,cpc,META_PROSPECCAO_BLENDS,,119.70,0.00,27.90,147.60,Pago
100027,2026-01-07 18:53:06,ana.pereira878@gmail.com,site,fb,paid,meta_prospeccao_blends,BEMVINDO10,139.80,13.98,14.90,140.72,Pago
100028,2026-01-07 19:37:27,beatriz.barbosa95@gmail.com,site,instagram,influencer,INFLU_DUDA_BARISTA, DUDA15,44.90,6.73,14.90,53.07,Pago
100029,2026-01-07 19:44:59,gabriela.moreira2003@gmail.com,site,google,cpc,google_search_generico,,69.90,0.00,14.90,84.80,Pago
100030,2026-01-07 23:57:17,thiago.rocha1985@gmail.com,site,facebook,cpc,META_PROSPECCAO_BLENDS,PRIMEIRACOMPRA,62.70,9.40,14.90,68.20,Pago
100031,2026-01-08 06:41:27,maria.ferreira21@gmail.com,site,whatsapp,referral,indique_ganhe,,252.50,0.00,0.00,252.50,Pago
100032,2026-01-08 08:47:28,juliana.souza2003@gmail.com,site,,,,INDIQUE15,209.70,31.45,0.00,178.25,Pago
100033,2026-01-08 11:57:35,caio.moreira67@gmail.com,site,google,cpc,GOOGLE_SEARCH_GENERICO,,159.90,0.00,0.00,159.90,Pago
100034,2026-01-08 14:18:15,lucas.nascimento83@gmail.com,site,google,cpc,GOOGLE_SHOPPING,CAFE20,49.90,9.98,14.90,54.82,Pago
100035,2026-01-08 16:39:41,leonardo.pimentel28@gmail.com,assinatura,,,,,69.90,6.99,0.00,62.91,Pago
100036,2026-01-09 07:37:52,thiago.dallabernardina967@gmail.com,site,google,organic,,,319.80,0.00,0.00,319.80,Pago
100037,2026-01-09 20:29:48,patricia.carvalho@icloud.com,site,instagram,cpc,META_PROSPECCAO_BLENDS,BEMVINDO10,159.80,15.98,14.90,158.72,Pago
100038,2026-01-09 22:19:37,larissa.gomes2005@gmail.com,site,google,cpc,google_search_generico,,334.70,0.00,0.00,334.70,Pago
100039,2026-01-10 07:51:23,larissa.loureiro@gmail.com,site,google,cpc,GOOGLE_SEARCH_GENERICO,,279.80,0.00,0.00,279.80,Pago
100040,2026-01-10 11:27:41,beatriz.souza@gmail.com,site,google,cpc,GOOGLE_SEARCH_MARCA,,49.80,0.00,22.90,72.70,Pago
100041,2026-01-10 11:31:13,beatriz.silva22@hotmail.com,site,google,cpc,GOOGLE_SEARCH_MARCA,,139.80,0.00,31.50,171.30,Pago
100042,2026-01-10 17:41:50,patricia.carvalho9@gmail.com,site,google,cpc,google_search_generico,PRIMEIRACOMPRA,189.80,28.47,0.00,161.33,Pago
100043,2026-01-10 18:10:34, camila.costa44@gmail.com,site,google,cpc,GOOGLE_SEARCH_GENERICO,,174.80,0.00,0.00,174.80,Pago
100044,2026-01-10 20:49:46,THAIS.SANTOS2002@GMAIL.COM,site,google,cpc,google_search_generico,,109.80,0.00,14.90,124.70,Pago
100045,2026-01-10 22:28:20,luiza.araujo581@gmail.com,site,,,,,399.50,0.00,0.00,399.50,Pago
100046,2026-01-11 08:33:44,fabio.carvalho44@gmail.com,site,google,cpc,GOOGLE_SEARCH_MARCA,,49.90,0.00,14.90,64.80,Pago
100047,2026-01-11 09:10:45,juliana.simoes@hotmail.com,site,ig,cpc,Meta_Prospeccao_Blends ,CAFE20,44.90,8.98,27.90,63.82,Pago
100048,2026-01-11 11:46:26,pedro.barbosa8@gmail.com,site,google,cpc,GOOGLE_SEARCH_GENERICO,PRIMEIRACOMPRA,89.90,13.49,14.90,91.31,Pago
100049,2026-01-11 15:23:56,felipe.loureiro415@icloud.com,site,instagram,cpc,META_PROSPECCAO_BLENDS,CAFE20,139.90,27.98,14.90,126.82,Pago
100050,2026-01-12 06:21:03,julia.silva2006@icloud.com,site,google,cpc,GOOGLE_SEARCH_MARCA,,139.80,0.00,14.90,154.70,Pago
100051,2026-01-12 10:07:01,debora.almeida43@gmail.com,site,,,,,99.80,0.00,14.90,114.70,Pago
100052,2026-01-12 16:57:05,bruna.oliveira91@outlook.com,site,fb,paid,meta_prospeccao_blends,BEMVINDO10,49.90,4.99,14.90,59.81,Pago
100053,2026-01-12 17:40:54,thiago.rodrigues@gmail.com,site,facebook,cpc,META_PROSPECCAO_BLENDS,BEMVINDO10,129.80,12.98,14.90,131.72,Pago
100054,2026-01-12 19:03:47,fabio.souza1994@gmail.com,site,whatsapp,referral,indique_ganhe,,114.70,0.00,14.90,129.60,Pago
100055,2026-01-13 08:53:07,maria.loureiro80@yahoo.com.br,site,google,cpc,GOOGLE_SEARCH_GENERICO,CAFE20,37.80,7.56,14.90,45.14,Reembolsado
100056,2026-01-13 09:51:50,priscila.simoes@icloud.com,site,google,cpc,google_search_generico,,44.90,0.00,22.90,67.80,Pago
100057,2026-01-13 16:49:53,julia.nascimento31@hotmail.com,site,google,cpc,GOOGLE_SEARCH_MARCA,,319.80,0.00,0.00,319.80,Pago
100058,2026-01-13 18:54:03,renata.ribeiro1997@gmail.com,site,fb,paid,meta_prospeccao_blends,PRIMEIRACOMPRA,114.80,17.22,14.90,112.48,Pago
100059,2026-01-13 19:34:50,GABRIEL.SANTOS58@ICLOUD.COM,site,google,shopping,GOOGLE_SHOPPING,,49.90,0.00,14.90,64.80,Pago
100060,2026-01-13 20:14:18,juliana.araujo2005@icloud.com,site,,,,BIA10,139.90,13.99,14.90,140.81,Pago
100061,2026-01-13 20:53:23,bruno.ferreira@icloud.com,site,google,shopping,GOOGLE_SHOPPING,,44.90,0.00,27.90,72.80,Pago
100062,2026-01-13 21:15:18,beatriz.ribeiro@outlook.com,site,google,shopping,GOOGLE_SHOPPING,,74.80,0.00,14.90,89.70,Pago
100063,2026-01-13 23:56:51,maria.simoes8@gmail.com,site,google,cpc,google_search_generico,,69.90,0.00,14.90,84.80,Pago
100064,2026-01-14 09:20:07,thais.pereira99@gmail.com,site,facebook,cpc,META_REMARKETING,,264.70,0.00,0.00,264.70,Pago
100065,2026-01-14 14:06:59,andre.costa1999@gmail.com,site,,,,DUDA15,49.90,7.48,31.50,73.92,Pago
100066,2026-01-14 19:11:38,rodrigo.costa615@yahoo.com.br,site,google,cpc,GOOGLE_SEARCH_GENERICO,BEMVINDO10,139.90,13.99,14.90,140.81,Pago
100067,2026-01-14 21:24:22,aline.souza1991@gmail.com,site,ig,cpc,Meta_Prospeccao_Blends ,,56.70,0.00,14.90,71.60,Cancelado
100068,2026-01-15 08:53:08,felipe.nascimento44@hotmail.com,site,instagram,cpc,META_REMARKETING,,369.50,0.00,0.00,369.50,Pago
100069,2026-01-15 23:12:40,beatriz.nascimento1983@gmail.com,site,fb,paid,meta_prospeccao_blends,,49.90,0.00,31.50,81.40,Pago
100070,2026-01-16 06:49:23,carolina.carvalho@gmail.com,site,instagram,cpc,META_REMARKETING,BEMVINDO10,98.70,9.87,14.90,103.73,Pago
100071,2026-01-16 13:36:48,juliana.araujo@hotmail.com,site,google,shopping,GOOGLE_SHOPPING,,54.90,0.00,22.90,77.80,Pago
100072,2026-01-16 17:50:37,beatriz.nascimento12@yahoo.com.br,site,instagram,influencer,INFLU_CAFE_COM_BIA,BIA10,119.90,11.99,31.50,139.41,Pago
100073,2026-01-16 20:01:49,luiza.lima@hotmail.com,site,google,cpc,GOOGLE_SEARCH_MARCA,,79.90,0.00,31.50,111.40,Pago
100074,2026-01-16 20:36:22,beatriz.carvalho@gmail.com,site,google,cpc,GOOGLE_SEARCH_MARCA,PRIMEIRACOMPRA,63.80,9.57,22.90,77.13,Pago
100075,2026-01-16 22:12:44,priscila.zanotti48@hotmail.com,site,ig,cpc,Meta_Prospeccao_Blends ,CAFE20,254.60,50.92,0.00,203.68,Pago
100076,2026-01-17 11:44:51, beatriz.nascimento65@outlook.com,site,facebook,cpc,META_REMARKETING,CAFE20,79.90,15.98,14.90,78.82,Pago
100077,2026-01-17 15:45:24,patricia.carvalho1999@outlook.com,site,,,,,44.90,0.00,14.90,59.80,Pago
100078,2026-01-17 16:19:17,julia.moreira1981@hotmail.com,site,google,cpc,GOOGLE_SHOPPING,,24.90,0.00,14.90,39.80,Pago
100079,2026-01-17 19:05:56,rodrigo.pimentel81@gmail.com,site,,,,,499.40,0.00,0.00,499.40,Pago
100080,2026-01-18 12:00:45,aline.araujo72@hotmail.com,site,google,cpc,GOOGLE_SEARCH_MARCA,,409.60,0.00,0.00,409.60,Pago
100081,2026-01-18 12:56:53,bruno.dallabernardina@gmail.com,site,instagram,influencer,INFLU_DUDA_BARISTA,bia10,394.60,39.46,0.00,355.14,Pago
100082,2026-01-18 14:15:05,juliana.araujo805@yahoo.com.br,site,facebook,cpc,META_REMARKETING,,88.80,0.00,14.90,103.70,Pago
100083,2026-01-18 14:25:28,thais.santos2002@gmail.com,assinatura,,,,,69.90,6.99,0.00,62.91,Cancelado
100084,2026-01-18 17:45:49,bruna.araujo@icloud.com,site,google,cpc,GOOGLE_SHOPPING,,239.70,0.00,0.00,239.70,Cancelado
100085,2026-01-19 10:50:42,joao.carvalho811@yahoo.com.br,site,fb,paid,meta_prospeccao_blends,PRIMEIRACOMPRA,159.90,23.98,14.90,150.82,Pago
100086,2026-01-19 11:02:36,aline.silva78@gmail.com,site,google,cpc,GOOGLE_SHOPPING,,319.80,0.00,0.00,319.80,Pago
100087,2026-01-19 13:01:38,ana.pereira12@gmail.com,site,google,cpc,GOOGLE_SHOPPING,CAFE20,49.90,9.98,31.50,71.42,Pago
100088,2026-01-19 15:35:26,diego.oliveira768@gmail.com,site,instagram,cpc,META_PROSPECCAO_BLENDS,BEMVINDO10,239.70,23.97,0.00,215.73,Pago
100089,2026-01-19 16:14:11,maria.zanotti2001@gmail.com,site,facebook,cpc,META_PROSPECCAO_BLENDS, PRIMEIRACOMPRA,119.90,17.98,14.90,116.82,Pago
100090,2026-01-19 16:42:14,luiza.nascimento@outlook.com,site,google,cpc,google_search_generico,,279.80,0.00,0.00,279.80,Pago
100091,2026-01-19 19:22:13,ana.moreira1980@gmail.com,site,google,organic,,,54.90,0.00,14.90,69.80,Pago
100092,2026-01-19 19:41:08,julia.souza77@yahoo.com.br,site,google,cpc,GOOGLE_SHOPPING,,24.90,0.00,22.90,47.80,Reembolsado
100093,2026-01-20 10:00:20,bruna.rodrigues1993@gmail.com,site,google,cpc,GOOGLE_SEARCH_MARCA,BEMVINDO10,169.70,16.97,0.00,152.73,Pago
100094,2026-01-20 10:05:58,maria.araujo1992@gmail.com,site,google,shopping,GOOGLE_SHOPPING,,159.90,0.00,0.00,159.90,Pago
100095,2026-01-20 14:43:53,diego.rocha@hotmail.com,site,,,,,204.60,0.00,0.00,204.60,Pago
100096,2026-01-20 14:44:23,juliana.pimentel12@gmail.com,site,google,cpc,GOOGLE_SHOPPING,,167.60,0.00,0.00,167.60,Pago
100097,2026-01-20 15:02:27,bruno.simoes1993@yahoo.com.br,site,google,organic,,,109.80,0.00,27.90,137.70,Pago
100098,2026-01-20 19:30:56,larissa.simoes1982@gmail.com,site,google,cpc,GOOGLE_SEARCH_MARCA,,44.90,0.00,27.90,72.80,Pago
100099,2026-01-21 06:01:00,renata.carvalho@gmail.com,site,instagram,influencer,INFLU_CAFE_COM_BIA,BIA10,24.90,2.49,14.90,37.31,Pago
100099,2026-01-21 06:01:00,renata.carvalho@gmail.com,site,instagram,influencer,INFLU_CAFE_COM_BIA,BIA10,24.90,2.49,14.90,37.31,Pago
100100,2026-01-21 09:13:36,pedro.dallabernardina1982@outlook.com,site,whatsapp,referral,indique_ganhe,INDIQUE15,44.90,6.73,14.90,53.07,Pago
100101,2026-01-21 13:40:48,aline.santos1999@icloud.com,site,google,cpc,GOOGLE_SEARCH_GENERICO,,159.90,0.00,0.00,159.90,Pago
100102,2026-01-21 17:12:22, mateus.moreira@gmail.com,site,instagram,social,bio_link,,99.80,0.00,27.90,127.70,Pago
100103,2026-01-21 17:20:16,leticia.souza81@yahoo.com.br,site,instagram,social,bio_link,,119.90,0.00,14.90,134.80,Pago
100104,2026-01-21 23:54:29,julia.nascimento1987@gmail.com,site,fb,paid,meta_prospeccao_blends,,244.60,0.00,0.00,244.60,Pago
100105,2026-01-22 13:48:44,debora.silva1999@gmail.com,site,google,cpc,GOOGLE_SHOPPING,,214.70,0.00,0.00,214.70,Pago
100106,2026-01-22 15:09:16,mariana.santos92@gmail.com,site,google,cpc,google_search_generico,,299.70,0.00,0.00,299.70,Pago
100107,2026-01-22 15:32:44,bruna.simoes@outlook.com,site,google,cpc,GOOGLE_SEARCH_MARCA,,239.80,0.00,0.00,239.80,Pago
100108,2026-01-22 16:30:13,carlos.pimentel790@yahoo.com.br,site,google,cpc,GOOGLE_SEARCH_MARCA,BEMVINDO10,143.70,14.37,14.90,144.23,Pago
100109,2026-01-22 18:29:01,aline.silva2004@gmail.com,site,google,cpc,GOOGLE_SEARCH_MARCA,,104.80,0.00,14.90,119.70,Pago
100110,2026-01-23 12:34:07,rodrigo.araujo2002@gmail.com,site,google,shopping,GOOGLE_SHOPPING,,239.80,0.00,0.00,239.80,Pago
100111,2026-01-23 15:49:12,carlos.barbosa66@gmail.com,site,,,,,49.90,0.00,27.90,77.80,Pago
100112,2026-01-23 17:42:49,fernanda.ribeiro@gmail.com,site,instagram,social,bio_link,,49.80,0.00,14.90,64.70,Pago
100113,2026-01-23 21:52:41,julia.santos@outlook.com,site,instagram,cpc,META_REMARKETING,CAFE20,89.90,17.98,14.90,86.82,Pago
100114,2026-01-23 23:50:46,debora.mercon@gmail.com,site,google,cpc,GOOGLE_SEARCH_MARCA,,89.90,0.00,14.90,104.80,Pago
100115,2026-01-24 08:22:43,lucas.silva2@gmail.com,site,,,,DUDA15,438.60,65.79,0.00,372.81,Cancelado
100116,2026-01-24 08:34:10,mariana.santos@hotmail.com,site,ig,cpc,Meta_Prospeccao_Blends ,PRIMEIRACOMPRA,379.60,56.94,0.00,322.66,Pago
100117,2026-01-24 10:51:06, aline.dallabernardina1997@hotmail.com,site,facebook,cpc,META_REMARKETING,,159.80,0.00,0.00,159.80,Pago
100118,2026-01-24 11:52:25,fabio.moreira@icloud.com,site,instagram,social,bio_link,CAFE20,18.90,3.78,14.90,30.02,Pago
100119,2026-01-24 12:43:49,aline.gomes53@hotmail.com,site,whatsapp,referral,indique_ganhe,,124.80,0.00,14.90,139.70,Pago
100120,2026-01-24 18:10:54,carolina.ferreira1985@gmail.com,site,facebook,cpc,META_REMARKETING,,214.70,0.00,0.00,214.70,Pago
100121,2026-01-24 22:15:36,vinicius.oliveira1984@gmail.com,site,instagram,social,bio_link,,159.80,0.00,0.00,159.80,Cancelado
100122,2026-01-25 17:17:36,camila.lima1998@gmail.com,site,whatsapp,referral,indique_ganhe,INDIQUE15,119.90,17.98,31.50,133.42,Reembolsado
100123,2026-01-25 18:13:01,LARISSA.CARVALHO2005@YAHOO.COM.BR,site,instagram,cpc,META_REMARKETING,CAFE20,54.90,10.98,14.90,58.82,Pago
100124,2026-01-25 21:50:00,thais.gomes425@icloud.com,site,facebook,cpc,META_REMARKETING,,498.50,0.00,0.00,498.50,Pago
100125,2026-01-25 22:46:11,debora.pereira1988@yahoo.com.br,site,fb,paid,meta_prospeccao_blends,BEMVINDO10,179.80,17.98,0.00,161.82,Pago
100126,2026-01-26 07:38:09, diego.costa@gmail.com,site,instagram,social,bio_link,,79.80,0.00,22.90,102.70,Pago
100127,2026-01-26 13:00:52,gabriel.gomes1998@gmail.com,site,instagram,cpc,META_REMARKETING,CAFE20,89.90,17.98,14.90,86.82,Pago
100128,2026-01-26 14:07:53,rodrigo.almeida30@gmail.com,site,google,cpc,google_search_generico,PRIMEIRACOMPRA,119.90,17.98,14.90,116.82,Pago
100129,2026-01-26 14:18:05, renata.martins83@yahoo.com.br,site,google,cpc,google_search_generico,,49.80,0.00,14.90,64.70,Aguardando pagamento
100130,2026-01-26 16:49:16,leticia.nascimento96@hotmail.com,site,google,organic,,,344.70,0.00,0.00,344.70,Cancelado
100131,2026-01-26 18:32:10, juliana.costa98@gmail.com,site,google,shopping,GOOGLE_SHOPPING,,344.60,0.00,0.00,344.60,Pago
100132,2026-01-27 06:26:27,CAROLINA.BARBOSA60@GMAIL.COM,site,google,cpc,GOOGLE_SEARCH_MARCA,,184.70,0.00,0.00,184.70,Aguardando pagamento
100133,2026-01-27 07:02:46,andre.rodrigues58@gmail.com,site,,,,CAFE20,169.80,33.96,14.90,150.74,Pago
100134,2026-01-27 09:33:13,gustavo.rocha41@hotmail.com,site,google,cpc,GOOGLE_SEARCH_GENERICO,,339.60,0.00,0.00,339.60,Cancelado
100135,2026-01-27 10:25:04,andre.pereira25@gmail.com,site,google,cpc,google_search_generico,,159.90,0.00,0.00,159.90,Pago
100136,2026-01-27 16:24:16,leticia.araujo1984@hotmail.com,site,ig,cpc,Meta_Prospeccao_Blends ,,139.90,0.00,14.90,154.80,Pago
100137,2026-01-27 17:03:15, eduardo.ferreira1982@gmail.com,site,google,cpc,GOOGLE_SEARCH_MARCA,,233.70,0.00,0.00,233.70,Pago
100138,2026-01-28 07:49:29,bruno.rodrigues71@icloud.com,site,instagram,social,bio_link,,49.90,0.00,22.90,72.80,Cancelado
100139,2026-01-28 10:27:33,juliana.dallabernardina@outlook.com,site,google,cpc,GOOGLE_SEARCH_MARCA,,79.90,0.00,14.90,94.80,Pago
100140,2026-01-28 19:22:51,leticia.costa80@gmail.com,site,,,,,69.90,0.00,14.90,84.80,Pago
100141,2026-01-28 19:53:53,GABRIEL.SANTOS52@GMAIL.COM,site,google,organic,,,54.90,0.00,14.90,69.80,Pago
100142,2026-01-28 22:05:27,gabriel.ferreira@yahoo.com.br,site,google,cpc,GOOGLE_SEARCH_MARCA,,339.70,0.00,0.00,339.70,Pago
100143,2026-01-29 08:19:44,larissa.carvalho@hotmail.com,site,instagram,influencer,INFLU_CAFE_COM_BIA,DUDA15,49.90,7.48,14.90,57.32,Pago
100144,2026-01-29 09:38:12,rafael.moreira2000@icloud.com,site,google,cpc,GOOGLE_SEARCH_MARCA,,269.70,0.00,0.00,269.70,Pago
100145,2026-01-29 15:53:37,ana.santos1999@icloud.com,site,facebook,cpc,META_REMARKETING,,379.60,0.00,0.00,379.60,Pago
100146,2026-01-29 18:24:44,rafael.zanotti34@gmail.com,site,google,organic,,,149.70,0.00,14.90,164.60,Pago
100147,2026-01-29 21:15:27,debora.ferreira1988@gmail.com,site,google,organic,,,114.80,0.00,31.50,146.30,Pago
100148,2026-01-29 21:18:18,rafael.martins204@outlook.com,site,,,,,24.90,0.00,14.90,39.80,Pago
100149,2026-01-29 23:13:23,thais.santos1@gmail.com,site,google,shopping,GOOGLE_SHOPPING,,18.90,0.00,31.50,50.40,Pago
100150,2026-01-30 09:20:01,bruna.carvalho2005@icloud.com,site,google,shopping,GOOGLE_SHOPPING,,329.50,0.00,0.00,329.50,Pago
100150,2026-01-30 09:20:01,bruna.carvalho2005@icloud.com,site,google,shopping,GOOGLE_SHOPPING,,329.50,0.00,0.00,329.50,Pago
100151,2026-01-30 11:38:10,beatriz.zanotti@hotmail.com,site,google,cpc,GOOGLE_SHOPPING,,189.80,0.00,0.00,189.80,Pago
100152,2026-01-30 20:26:57,maria.rocha2001@hotmail.com,site,google,cpc,GOOGLE_SEARCH_MARCA,,209.80,0.00,0.00,209.80,Pago
100153,2026-01-30 23:37:36,marcelo.pimentel1995@gmail.com,site,google,cpc,GOOGLE_SEARCH_MARCA,,204.70,0.00,0.00,204.70,Pago
100154,2026-01-31 08:35:36, lucas.simoes98@gmail.com,site,instagram,cpc,META_PROSPECCAO_BLENDS,PRIMEIRACOMPRA,119.80,17.97,27.90,129.73,Pago
100155,2026-01-31 12:14:07,gabriel.ferreira658@gmail.com,site,ig,cpc,Meta_Prospeccao_Blends ,,219.80,0.00,0.00,219.80,Cancelado
100156,2026-01-31 14:24:15,luiza.ribeiro93@gmail.com,site,,,,INDIQUE15,79.80,11.97,14.90,82.73,Pago
100157,2026-01-31 15:15:37,carolina.lima479@gmail.com,site,instagram,social,bio_link,,24.90,0.00,14.90,39.80,Pago
100158,2026-01-31 19:48:53,carolina.rodrigues21@gmail.com,site,google,cpc,google_search_generico,,44.90,0.00,14.90,59.80,Pago
100159,2026-02-01 06:10:20,priscila.pereira35@gmail.com,site,google,cpc,GOOGLE_SEARCH_MARCA,,319.80,0.00,0.00,319.80,Pago
100160,2026-02-01 06:29:15,luiza.lima1996@gmail.com,site,facebook,cpc,META_REMARKETING,BEMVINDO10,79.90,7.99,14.90,86.81,Pago
100161,2026-02-01 07:27:26,juliana.ferreira@gmail.com,site,google,cpc,GOOGLE_SEARCH_MARCA,,139.90,0.00,14.90,154.80,Pago
100162,2026-02-01 09:30:26,priscila.santos46@gmail.com,site,ig,cpc,Meta_Prospeccao_Blends ,CAFE20,174.80,34.96,14.90,154.74,Pago
100163,2026-02-01 10:46:37,bruno.zanotti397@hotmail.com,site,fb,paid,meta_prospeccao_blends,PRIMEIRACOMPRA,159.80,23.97,14.90,150.73,Pago
100164,2026-02-01 11:13:18,marcelo.costa1990@hotmail.com,site,google,organic,,,73.80,0.00,14.90,88.70,Pago
100165,2026-02-01 13:42:28,fernanda.costa27@gmail.com,site,instagram,cpc,META_PROSPECCAO_BLENDS,CAFE20 ,54.90,10.98,31.50,75.42,Pago
100166,2026-02-01 14:51:23,felipe.dallabernardina1995@outlook.com,site,,,,,44.90,0.00,14.90,59.80,Aguardando pagamento
100167,2026-02-01 14:54:25,gabriela.pimentel@gmail.com,site,instagram,influencer,INFLU_DUDA_BARISTA,BIA10 ,199.80,19.98,0.00,179.82,Pago
100168,2026-02-01 22:37:15,patricia.martins@hotmail.com,site,,,,,489.40,0.00,0.00,489.40,Pago
100169,2026-02-01 23:27:32,rafael.costa1991@icloud.com,site,instagram,cpc,META_PROSPECCAO_BLENDS,CAFE20,238.60,47.72,0.00,190.88,Pago
100170,2026-02-02 06:43:36,caio.oliveira@gmail.com,site,facebook,cpc,META_REMARKETING,,464.60,0.00,0.00,464.60,Cancelado
100171,2026-02-02 09:19:15, thiago.rocha1985@gmail.com,site,,,,,169.80,0.00,0.00,169.80,Pago
100172,2026-02-02 09:21:55,julia.simoes@hotmail.com,site,google,cpc,google_search_generico,,189.70,0.00,0.00,189.70,Pago
100173,2026-02-02 09:46:02,THIAGO.ZANOTTI37@GMAIL.COM,site,google,cpc,google_search_generico,BEMVINDO10,49.80,4.98,27.90,72.72,Pago
100174,2026-02-02 09:54:01,fabio.santos90@outlook.com,site,google,cpc,GOOGLE_SHOPPING,,18.90,0.00,14.90,33.80,Aguardando pagamento
100175,2026-02-02 10:27:10,julia.costa1998@gmail.com,site,google,cpc,GOOGLE_SEARCH_MARCA,,204.60,0.00,0.00,204.60,Pago
100176,2026-02-02 12:01:26,carolina.martins1995@icloud.com,site,google,cpc,GOOGLE_SEARCH_GENERICO,,24.90,0.00,14.90,39.80,Pago
100177,2026-02-03 06:16:55,bruna.ribeiro@gmail.com,site,google,organic,,,364.60,0.00,0.00,364.60,Pago
100178,2026-02-03 08:58:10,leonardo.almeida1992@outlook.com,site,google,shopping,GOOGLE_SHOPPING,CAFE20,339.60,67.92,0.00,271.68,Pago
100179,2026-02-03 10:25:32,gabriel.nascimento1980@gmail.com,site,google,cpc,GOOGLE_SEARCH_GENERICO,CAFE20,49.90,9.98,14.90,54.82,Pago
100180,2026-02-03 12:58:58,maria.silva1992@gmail.com,site,facebook,cpc,META_PROSPECCAO_BLENDS,CAFE20,179.80,35.96,14.90,158.74,Pago
100181,2026-02-03 14:39:47,maria.nascimento@gmail.com,site,google,cpc,GOOGLE_SHOPPING,,229.70,0.00,0.00,229.70,Pago
100182,2026-02-03 14:42:11,bruno.costa1984@yahoo.com.br,site,google,cpc,GOOGLE_SEARCH_GENERICO,,319.80,0.00,0.00,319.80,Pago
100183,2026-02-03 15:22:48,maria.almeida46@gmail.com,site,,,,,44.90,0.00,14.90,59.80,Pago
100184,2026-02-03 17:26:43, eduardo.lima@gmail.com,site,google,cpc,GOOGLE_SHOPPING,,294.70,0.00,0.00,294.70,Pago
100185,2026-02-03 17:40:04,larissa.souza89@outlook.com,site,instagram,social,bio_link,,364.40,0.00,0.00,364.40,Pago
100186,2026-02-03 18:34:26,mariana.moreira98@hotmail.com,site,google,cpc,google_search_generico,,87.60,0.00,14.90,102.50,Pago
100187,2026-02-03 20:28:42,gustavo.zanotti@gmail.com,site,,,,,267.50,0.00,0.00,267.50,Pago
100188,2026-02-03 23:45:58,andre.moreira1980@hotmail.com,site,whatsapp,referral,indique_ganhe,,219.80,0.00,0.00,219.80,Pago
100189,2026-02-04 07:39:16,carlos.carvalho1994@gmail.com,site,,,,DUDA15,24.90,3.73,14.90,36.07,Pago
100190,2026-02-04 12:06:35,fabio.carvalho44@gmail.com,site,instagram,social,bio_link,,69.90,0.00,14.90,84.80,Pago
100191,2026-02-04 13:10:36,gabriela.mercon2006@gmail.com,site,google,cpc,google_search_generico,,49.90,0.00,14.90,64.80,Pago
100192,2026-02-05 10:50:09,debora.pimentel@outlook.com,site,facebook,cpc,META_PROSPECCAO_BLENDS,,239.80,0.00,0.00,239.80,Pago
100193,2026-02-05 10:55:43,rodrigo.barbosa99@gmail.com,site,instagram,influencer,INFLU_CAFE_COM_BIA,DUDA15,44.90,6.73,14.90,53.07,Pago
100194,2026-02-05 11:23:50, gabriela.almeida2002@icloud.com,site,google,shopping,GOOGLE_SHOPPING, PRIMEIRACOMPRA,49.90,7.48,14.90,57.32,Pago
100195,2026-02-05 15:26:41,larissa.souza@gmail.com,site,instagram,cpc,META_REMARKETING,,268.70,0.00,0.00,268.70,Pago
100196,2026-02-05 17:32:00,carlos.pimentel@gmail.com,site,facebook,cpc,META_REMARKETING,CAFE20,169.80,33.96,14.90,150.74,Pago
100197,2026-02-05 17:42:04,leticia.loureiro@gmail.com,site,email,newsletter,news_feb,,409.60,0.00,0.00,409.60,Pago
100198,2026-02-06 06:10:59,debora.santos52@gmail.com,site,google,cpc,GOOGLE_SEARCH_GENERICO,,24.90,0.00,22.90,47.80,Pago
100199,2026-02-06 07:03:19,renata.mercon1993@gmail.com,site,facebook,cpc,META_PROSPECCAO_BLENDS,CAFE20,163.60,32.72,27.90,158.78,Cancelado
100200,2026-02-06 18:30:36,lucas.nascimento1997@hotmail.com,site,,,,BIA10,239.70,23.97,0.00,215.73,Pago
100201,2026-02-06 21:15:21,larissa.moreira@gmail.com,site,instagram,cpc,META_REMARKETING,,74.80,0.00,27.90,102.70,Aguardando pagamento
100202,2026-02-06 23:49:03,bruna.pereira@outlook.com,site,instagram,social,bio_link,,444.60,0.00,0.00,444.60,Pago
100203,2026-02-07 06:43:18,ana.gomes@hotmail.com,site,google,cpc,GOOGLE_SEARCH_GENERICO,,49.80,0.00,14.90,64.70,Pago
100204,2026-02-07 06:49:32,thais.moreira1982@gmail.com,site,facebook,cpc,META_REMARKETING,,127.70,0.00,14.90,142.60,Pago
100205,2026-02-07 11:50:51,carlos.santos1983@outlook.com,site,google,cpc,GOOGLE_SHOPPING,,119.80,0.00,14.90,134.70,Reembolsado
100206,2026-02-07 13:24:01,felipe.silva72@gmail.com,site,instagram,cpc,META_REMARKETING,,49.90,0.00,31.50,81.40,Pago
100207,2026-02-07 16:39:01,leonardo.pimentel28@gmail.com,assinatura,,,,,69.90,6.99,0.00,62.91,Cancelado
100208,2026-02-07 17:48:28,leonardo.loureiro@hotmail.com,site,instagram,influencer,INFLU_CAFE_COM_BIA,DUDA15,139.70,20.95,22.90,141.65,Pago
100209,2026-02-07 20:57:44,camila.costa44@gmail.com,site,google,cpc,GOOGLE_SEARCH_GENERICO,,49.90,0.00,14.90,64.80,Pago
100210,2026-02-07 21:08:29,lucas.carvalho1993@gmail.com,site,fb,paid,meta_prospeccao_blends,PRIMEIRACOMPRA,229.80,34.47,0.00,195.33,Pago
100211,2026-02-07 22:02:16,renata.ribeiro2000@gmail.com,site,facebook,cpc,META_PROSPECCAO_BLENDS, CAFE20,18.90,3.78,14.90,30.02,Pago
100212,2026-02-07 23:42:46,aline.gomes53@hotmail.com,assinatura,,,,,69.90,6.99,0.00,62.91,Pago
100213,2026-02-08 06:26:08,aline.gomes37@gmail.com,site,fb,paid,meta_prospeccao_blends,CAFE20,229.80,45.96,0.00,183.84,Pago
100214,2026-02-08 16:44:22,julia.costa@gmail.com,site,,,,,89.90,0.00,27.90,117.80,Pago
100215,2026-02-08 17:45:33, priscila.moreira@gmail.com,site,ig,cpc,Meta_Prospeccao_Blends ,BEMVINDO10,69.90,6.99,14.90,77.81,Pago
100216,2026-02-08 18:14:31,rodrigo.pimentel81@gmail.com,site,,,,,153.70,0.00,0.00,153.70,Pago
100217,2026-02-08 18:42:55,joao.lima62@gmail.com,site,facebook,cpc,META_PROSPECCAO_BLENDS,,43.80,0.00,14.90,58.70,Reembolsado
100218,2026-02-08 19:01:45,priscila.lima1982@yahoo.com.br,site,google,shopping,GOOGLE_SHOPPING,,204.60,0.00,0.00,204.60,Pago
100219,2026-02-08 19:25:16, fabio.araujo@gmail.com,site,instagram,influencer,INFLU_DUDA_BARISTA,duda15,54.90,8.23,14.90,61.57,Pago
100220,2026-02-08 20:16:12,beatriz.gomes655@yahoo.com.br,site,facebook,cpc,META_REMARKETING,PRIMEIRACOMPRA,159.90,23.98,14.90,150.82,Pago
100221,2026-02-08 21:28:42,larissa.costa25@gmail.com,site,,,,,119.90,0.00,14.90,134.80,Pago
100222,2026-02-09 06:54:39,diego.moreira@gmail.com,site,google,cpc,GOOGLE_SHOPPING,,204.80,0.00,0.00,204.80,Pago
100223,2026-02-09 09:47:18,leonardo.ribeiro1994@gmail.com,site,fb,paid,meta_prospeccao_blends,PRIMEIRACOMPRA,163.70,24.55,22.90,162.05,Pago
100224,2026-02-09 12:40:51,mariana.santos19@gmail.com,site,instagram,influencer,INFLU_CAFE_COM_BIA,DUDA15,139.90,20.98,14.90,133.82,Pago
100225,2026-02-09 14:02:21,juliana.simoes@gmail.com,site,google,cpc,GOOGLE_SEARCH_MARCA,CAFE20,164.70,32.94,27.90,159.66,Cancelado
100226,2026-02-09 18:02:56,bruna.ferreira67@gmail.com,site,facebook,cpc,META_REMARKETING,,374.50,0.00,0.00,374.50,Pago
100227,2026-02-09 18:43:36,renata.nascimento1990@gmail.com,site,google,cpc,GOOGLE_SHOPPING,PRIMEIRACOMPRA,178.80,26.82,0.00,151.98,Pago
100228,2026-02-09 19:13:19,ana.ferreira@gmail.com,site,google,cpc,GOOGLE_SEARCH_MARCA,,239.80,0.00,0.00,239.80,Pago
100229,2026-02-09 20:27:17,gabriel.lima@gmail.com,site,google,cpc,GOOGLE_SEARCH_MARCA,PRIMEIRACOMPRA,18.90,2.83,14.90,30.97,Pago
100230,2026-02-09 21:19:43,carolina.araujo41@gmail.com,site,google,cpc,GOOGLE_SEARCH_GENERICO,,49.90,0.00,14.90,64.80,Aguardando pagamento
100231,2026-02-09 21:52:16,rodrigo.ferreira1984@hotmail.com,site,,,,,49.90,0.00,14.90,64.80,Pago
100232,2026-02-09 22:56:59, gabriela.dallabernardina3@gmail.com,site,google,cpc,GOOGLE_SEARCH_MARCA,,94.80,0.00,31.50,126.30,Pago
100233,2026-02-10 06:30:12,eduardo.almeida1994@gmail.com,site,whatsapp,referral,indique_ganhe,indique15,69.90,10.49,14.90,74.31,Pago
100234,2026-02-10 06:51:51,maria.ferreira21@gmail.com,assinatura,,,,,69.90,6.99,0.00,62.91,Pago
100235,2026-02-10 07:51:11,diego.almeida2006@yahoo.com.br,site,google,cpc,GOOGLE_SEARCH_GENERICO,BEMVINDO10,24.90,2.49,14.90,37.31,Pago
100236,2026-02-10 17:50:16,diego.moreira89@outlook.com,site,google,organic,,,119.90,0.00,31.50,151.40,Pago
100237,2026-02-10 18:41:24,priscila.rocha1998@gmail.com,site,instagram,influencer,INFLU_CAFE_COM_BIA,bia10,99.80,9.98,14.90,104.72,Cancelado
100238,2026-02-11 08:37:19, larissa.rocha@hotmail.com,site,google,cpc,GOOGLE_SEARCH_MARCA,,274.70,0.00,0.00,274.70,Pago
100239,2026-02-11 15:13:35,juliana.simoes1983@hotmail.com,site,google,cpc,GOOGLE_SEARCH_MARCA,,109.80,0.00,14.90,124.70,Pago
100240,2026-02-11 15:45:57,rafael.barbosa1988@icloud.com,site,google,shopping,GOOGLE_SHOPPING, PRIMEIRACOMPRA,289.60,43.44,0.00,246.16,Pago
100241,2026-02-11 21:59:41,ana.dallabernardina94@icloud.com,site,,,,,139.90,0.00,14.90,154.80,Pago
100242,2026-02-11 22:29:47, fernanda.rocha16@outlook.com,site,google,organic,,,389.70,0.00,0.00,389.70,Pago
100243,2026-02-12 09:52:24,gustavo.rodrigues59@gmail.com,site,,,,BIA10,114.80,11.48,14.90,118.22,Pago
100244,2026-02-12 15:52:57,thais.costa1990@gmail.com,site,instagram,social,bio_link,,24.90,0.00,27.90,52.80,Pago
100245,2026-02-12 19:58:57,gabriel.santos58@icloud.com,site,instagram,social,bio_link,,274.70,0.00,0.00,274.70,Pago
100246,2026-02-12 20:25:10,THAIS.PEREIRA70@GMAIL.COM,site,instagram,cpc,META_PROSPECCAO_BLENDS,PRIMEIRACOMPRA,18.90,2.83,14.90,30.97,Pago
100247,2026-02-12 20:38:03,debora.rocha@gmail.com,site,facebook,cpc,META_REMARKETING,,219.70,0.00,0.00,219.70,Pago
100248,2026-02-12 22:38:03,beatriz.ribeiro@outlook.com,site,instagram,social,bio_link,,319.70,0.00,0.00,319.70,Pago
100249,2026-02-12 23:26:04,DEBORA.ARAUJO1999@GMAIL.COM,site,facebook,cpc,META_PROSPECCAO_BLENDS,,69.90,0.00,14.90,84.80,Pago
100250,2026-02-13 06:56:54,juliana.souza73@gmail.com,site,,,,,153.70,0.00,0.00,153.70,Pago
100251,2026-02-13 07:31:22,ANA.MOREIRA1980@GMAIL.COM,assinatura,,,,,69.90,6.99,0.00,62.91,Pago
100252,2026-02-13 08:22:27,patricia.araujo2003@gmail.com,site,,,,,277.40,0.00,0.00,277.40,Pago
100253,2026-02-13 09:51:38,rodrigo.lima@gmail.com,site,,,,,184.80,0.00,0.00,184.80,Pago
100254,2026-02-13 14:43:48,pedro.carvalho36@hotmail.com,site,ig,cpc,Meta_Prospeccao_Blends ,,174.60,0.00,0.00,174.60,Pago
100255,2026-02-13 15:31:08,priscila.lima@yahoo.com.br,site,google,cpc,GOOGLE_SEARCH_MARCA,,149.60,0.00,14.90,164.50,Cancelado
100256,2026-02-13 19:38:42,thais.barbosa1991@gmail.com,site,google,cpc,google_search_generico,BEMVINDO10,18.90,1.89,14.90,31.91,Pago
100257,2026-02-13 21:25:57,beatriz.barbosa95@gmail.com,site,,,,,54.90,0.00,14.90,69.80,Cancelado
100258,2026-02-13 23:10:18,lucas.barbosa2006@hotmail.com,site,instagram,influencer,INFLU_DUDA_BARISTA,BIA10,569.60,56.96,0.00,512.64,Pago
100259,2026-02-14 06:04:00,renata.barbosa24@gmail.com,site,instagram,cpc,META_REMARKETING,,134.80,0.00,14.90,149.70,Pago
100260,2026-02-14 10:07:49,camila.martins392@outlook.com,site,,,,CAFE20,184.70,36.94,14.90,162.66,Pago
100261,2026-02-14 11:10:11,debora.rocha1985@gmail.com,site,,,,,134.80,0.00,22.90,157.70,Pago
100262,2026-02-14 19:06:01,rafael.mercon84@gmail.com,site,whatsapp,referral,indique_ganhe,,89.90,0.00,14.90,104.80,Pago
100263,2026-02-14 21:07:23,carolina.rodrigues21@gmail.com,assinatura,,,,,69.90,6.99,0.00,62.91,Pago
100264,2026-02-15 06:42:28, fernanda.ribeiro1999@gmail.com,site,,,,,389.70,0.00,0.00,389.70,Pago
100265,2026-02-15 07:12:55,camila.santos@hotmail.com,site,google,cpc,google_search_generico,,309.60,0.00,0.00,309.60,Pago
100266,2026-02-15 08:34:05,fernanda.rodrigues1997@gmail.com,site,google,cpc,google_search_generico,,739.50,0.00,0.00,739.50,Pago
100267,2026-02-15 13:27:35,mariana.dallabernardina75@hotmail.com,site,ig,cpc,Meta_Prospeccao_Blends ,primeiracompra,69.90,10.49,14.90,74.31,Pago
100268,2026-02-15 13:32:07,debora.araujo@gmail.com,assinatura,,,,,69.90,6.99,0.00,62.91,Pago
100269,2026-02-15 13:54:55,gabriela.ribeiro@gmail.com,site,,,,,249.70,0.00,0.00,249.70,Pago
100270,2026-02-15 18:56:53,bruna.araujo@gmail.com,site,google,cpc,GOOGLE_SEARCH_GENERICO,CAFE20,209.80,41.96,0.00,167.84,Cancelado
100271,2026-02-15 23:26:47,beatriz.carvalho@gmail.com,site,google,cpc,GOOGLE_SEARCH_MARCA,,139.80,0.00,27.90,167.70,Pago
100272,2026-02-16 07:30:44,beatriz.mercon@hotmail.com,site,,,,,54.90,0.00,14.90,69.80,Pago
100273,2026-02-16 07:48:06, bruna.araujo@icloud.com,assinatura,,,,,69.90,6.99,0.00,62.91,Pago
100274,2026-02-16 09:57:58,fabio.santos82@gmail.com,site,google,cpc,GOOGLE_SEARCH_MARCA,CAFE20,18.90,3.78,14.90,30.02,Pago
100275,2026-02-16 11:34:01,carolina.rocha@outlook.com,site,google,cpc,GOOGLE_SEARCH_MARCA,,214.60,0.00,0.00,214.60,Pago
100276,2026-02-16 12:25:13,gabriela.pereira1994@yahoo.com.br,site,google,shopping,GOOGLE_SHOPPING,,204.80,0.00,0.00,204.80,Pago
100277,2026-02-16 18:54:13,vinicius.zanotti@gmail.com,site,google,cpc,GOOGLE_SEARCH_GENERICO,,18.90,0.00,14.90,33.80,Pago
100278,2026-02-16 19:31:56,carlos.barbosa66@gmail.com,site,,,,,49.90,0.00,27.90,77.80,Aguardando pagamento
100279,2026-02-16 20:15:47,diego.costa@gmail.com,site,,,,,279.80,0.00,0.00,279.80,Pago
100280,2026-02-16 21:39:41,patricia.costa88@gmail.com,site,google,shopping,GOOGLE_SHOPPING,CAFE20,99.80,19.96,14.90,94.74,Aguardando pagamento
100281,2026-02-17 06:22:29,leticia.rocha489@hotmail.com,site,facebook,cpc,META_PROSPECCAO_BLENDS,BEMVINDO10,119.90,11.99,14.90,122.81,Pago
100282,2026-02-17 07:16:09,caio.barbosa@gmail.com,site,google,shopping,GOOGLE_SHOPPING,,129.70,0.00,14.90,144.60,Aguardando pagamento
100283,2026-02-17 09:35:40,RODRIGO.ARAUJO2002@GMAIL.COM,site,email,newsletter,news_feb,,479.70,0.00,0.00,479.70,Pago
100284,2026-02-17 11:01:00,leonardo.souza1989@icloud.com,site,google,cpc,GOOGLE_SEARCH_GENERICO,,179.70,0.00,0.00,179.70,Pago
100285,2026-02-17 13:06:53,marcelo.pereira2006@gmail.com,site,google,cpc,GOOGLE_SEARCH_MARCA,,89.80,0.00,14.90,104.70,Reembolsado
100286,2026-02-17 13:09:53,debora.almeida43@gmail.com,site,email,newsletter,news_feb,,18.90,0.00,14.90,33.80,Pago
100287,2026-02-17 13:36:44,felipe.nascimento44@hotmail.com,assinatura,,,,,69.90,6.99,0.00,62.91,Pago
100288,2026-02-17 13:56:25,felipe.silva72@gmail.com,assinatura,,,,,69.90,6.99,0.00,62.91,Pago
100289,2026-02-17 15:35:23,priscila.pereira35@gmail.com,assinatura,,,,,69.90,6.99,0.00,62.91,Pago
100290,2026-02-17 18:04:46,patricia.oliveira59@icloud.com,site,google,cpc,GOOGLE_SHOPPING,,209.80,0.00,0.00,209.80,Pago
100291,2026-02-17 18:22:17,mateus.ribeiro@hotmail.com,site,instagram,influencer,INFLU_CAFE_COM_BIA,BIA10,144.80,14.48,14.90,145.22,Pago
100292,2026-02-17 18:48:36,thais.santos2002@gmail.com,assinatura,,,,,69.90,6.99,0.00,62.91,Pago
100293,2026-02-17 20:54:43,rafael.santos@gmail.com,site,google,cpc,google_search_generico,,169.80,0.00,0.00,169.80,Cancelado
100294,2026-02-17 21:55:08,caio.pimentel@gmail.com,site,instagram,cpc,META_PROSPECCAO_BLENDS, PRIMEIRACOMPRA,109.80,16.47,14.90,108.23,Pago
100295,2026-02-17 22:08:32,ana.souza98@hotmail.com,site,google,cpc,GOOGLE_SEARCH_GENERICO,,249.80,0.00,0.00,249.80,Pago
100296,2026-02-18 11:06:48,luiza.araujo581@gmail.com,site,,,,,419.60,0.00,0.00,419.60,Pago
100297,2026-02-18 15:00:55, maria.nascimento1996@gmail.com,site,google,cpc,GOOGLE_SEARCH_GENERICO,BEMVINDO10,74.80,7.48,14.90,82.22,Pago
100298,2026-02-18 15:20:53,juliana.loureiro90@yahoo.com.br,site,ig,cpc,Meta_Prospeccao_Blends ,PRIMEIRACOMPRA,179.80,26.97,0.00,152.83,Pago
100299,2026-02-18 15:24:48,luiza.nascimento1982@outlook.com,site,instagram,influencer,INFLU_CAFE_COM_BIA,DUDA15,319.80,47.97,0.00,271.83,Pago
100300,2026-02-18 18:54:06,carlos.barbosa1999@gmail.com,site,google,cpc,GOOGLE_SEARCH_MARCA,,269.70,0.00,0.00,269.70,Pago
100301,2026-02-18 19:43:22,maria.martins1993@icloud.com,site,google,cpc,GOOGLE_SHOPPING,,18.90,0.00,14.90,33.80,Pago
100302,2026-02-18 20:38:50,debora.ribeiro2003@gmail.com,site,,,,,49.90,0.00,14.90,64.80,Pago
100303,2026-02-19 10:53:54,bruna.rodrigues1993@gmail.com,site,instagram,social,bio_link,,24.90,0.00,14.90,39.80,Cancelado
100304,2026-02-19 15:04:05,leticia.zanotti48@gmail.com,site,google,cpc,GOOGLE_SEARCH_MARCA,,224.70,0.00,0.00,224.70,Pago
100305,2026-02-19 15:53:08,bruno.almeida1@outlook.com,site,fb,paid,meta_prospeccao_blends, BEMVINDO10,54.90,5.49,14.90,64.31,Pago
100306,2026-02-19 19:05:39,carolina.rodrigues@outlook.com,site,instagram,social,bio_link,,24.90,0.00,14.90,39.80,Cancelado
100307,2026-02-19 19:12:13,julia.santos@outlook.com,site,,,,,184.80,0.00,0.00,184.80,Pago
100308,2026-02-19 19:58:57,andre.rocha1993@outlook.com,site,instagram,cpc,META_REMARKETING,,139.90,0.00,14.90,154.80,Pago
100309,2026-02-19 23:32:37,maria.moreira6@icloud.com,site,instagram,cpc,META_REMARKETING,PRIMEIRACOMPRA,89.90,13.49,14.90,91.31,Pago
100310,2026-02-20 08:00:46,larissa.ribeiro@gmail.com,site,google,cpc,google_search_generico,,18.90,0.00,14.90,33.80,Pago
100311,2026-02-20 08:53:42, carlos.mercon536@icloud.com,site,google,cpc,GOOGLE_SEARCH_MARCA,,129.80,0.00,14.90,144.70,Pago
100312,2026-02-20 10:21:40,FERNANDA.LIMA2003@OUTLOOK.COM,site,google,cpc,GOOGLE_SHOPPING,primeiracompra,104.80,15.72,14.90,103.98,Pago
100313,2026-02-20 12:20:06,bruna.ribeiro@gmail.com,assinatura,,,,,69.90,6.99,0.00,62.91,Pago
100314,2026-02-20 13:14:27,fernanda.ribeiro1995@gmail.com,site,google,shopping,GOOGLE_SHOPPING,PRIMEIRACOMPRA,139.90,20.98,27.90,146.82,Pago
100315,2026-02-20 14:57:46,marcelo.mercon64@gmail.com,site,fb,paid,meta_prospeccao_blends,CAFE20,18.90,3.78,14.90,30.02,Pago
100316,2026-02-20 15:27:44,bruno.moreira1998@outlook.com,site,google,cpc,GOOGLE_SEARCH_MARCA,BEMVINDO10,188.70,18.87,0.00,169.83,Pago
100317,2026-02-20 18:34:47,priscila.rodrigues17@yahoo.com.br,site,google,organic,,,49.90,0.00,14.90,64.80,Pago
100318,2026-02-20 20:06:25,larissa.simoes1982@gmail.com,site,email,newsletter,news_feb,,139.80,0.00,31.50,171.30,Pago
100319,2026-02-20 22:23:30,maria.ferreira1988@outlook.com,site,google,cpc,GOOGLE_SHOPPING,,69.90,0.00,14.90,84.80,Pago
100320,2026-02-20 22:51:21,gabriel.simoes91@gmail.com,site,google,shopping,GOOGLE_SHOPPING,CAFE20,119.90,23.98,14.90,110.82,Cancelado
100321,2026-02-20 23:51:30,carolina.ribeiro1986@gmail.com,site,google,cpc,GOOGLE_SHOPPING,,399.60,0.00,0.00,399.60,Pago
100322,2026-02-20 23:58:51,caio.ribeiro1981@gmail.com,site,google,organic,,,104.80,0.00,14.90,119.70,Pago
100323,2026-02-21 07:58:34,rafael.costa93@hotmail.com,site,fb,paid,meta_prospeccao_blends,CAFE20,279.80,55.96,0.00,223.84,Pago
100324,2026-02-21 08:22:07,fabio.santos82@gmail.com,assinatura,,,,,69.90,6.99,0.00,62.91,Pago
100325,2026-02-21 09:35:33,larissa.pereira1983@yahoo.com.br,site,instagram,cpc,META_PROSPECCAO_BLENDS,,49.90,0.00,14.90,64.80,Pago
100326,2026-02-21 10:41:36,bruna.costa63@gmail.com,site,,,,CAFE20,269.60,53.92,0.00,215.68,Pago
100327,2026-02-21 11:32:25,ana.santos1999@icloud.com,site,google,cpc,GOOGLE_SEARCH_MARCA,,479.70,0.00,0.00,479.70,Cancelado
100328,2026-02-21 13:10:16, maria.simoes@gmail.com,site,fb,paid,meta_prospeccao_blends,PRIMEIRACOMPRA,279.80,41.97,0.00,237.83,Pago
100329,2026-02-21 15:34:27,andre.ferreira47@gmail.com,site,google,cpc,google_search_generico,,319.60,0.00,0.00,319.60,Pago
100330,2026-02-21 19:17:43, juliana.rocha98@gmail.com,site,,,,DUDA15,279.80,41.97,0.00,237.83,Pago
100331,2026-02-22 07:00:45,rafael.lima5@gmail.com,site,instagram,cpc,META_PROSPECCAO_BLENDS, BEMVINDO10,239.70,23.97,0.00,215.73,Pago
100332,2026-02-22 14:30:39,rodrigo.dallabernardina81@hotmail.com,site,facebook,cpc,META_REMARKETING,BEMVINDO10,224.60,22.46,0.00,202.14,Pago
100333,2026-02-22 15:08:19,carolina.martins1995@icloud.com,site,email,newsletter,news_feb,,194.80,0.00,0.00,194.80,Aguardando pagamento
100334,2026-02-22 17:14:40,BRUNA.OLIVEIRA1981@GMAIL.COM,site,instagram,influencer,INFLU_DUDA_BARISTA,DUDA15,24.90,3.73,14.90,36.07,Pago
100335,2026-02-22 18:59:08,julia.carvalho@gmail.com,site,,,,,54.90,0.00,14.90,69.80,Pago
100336,2026-02-22 21:43:13,BRUNA.COSTA1988@GMAIL.COM,site,instagram,cpc,META_REMARKETING,BEMVINDO10,139.90,13.99,14.90,140.81,Pago
100337,2026-02-22 23:18:10,priscila.souza1994@hotmail.com,site,google,cpc,GOOGLE_SHOPPING,,149.80,0.00,31.50,181.30,Pago
100338,2026-02-23 06:28:00,fabio.mercon13@outlook.com,site,google,cpc,google_search_generico,,139.90,0.00,14.90,154.80,Pago
100339,2026-02-23 07:00:33,aline.costa2000@gmail.com,site,google,cpc,GOOGLE_SEARCH_GENERICO,PRIMEIRACOMPRA,124.80,18.72,14.90,120.98,Pago
100340,2026-02-23 07:52:51,thiago.dallabernardina94@icloud.com,site,google,cpc,GOOGLE_SEARCH_MARCA,,329.60,0.00,0.00,329.60,Pago
100341,2026-02-23 09:37:28,juliana.simoes@yahoo.com.br,site,facebook,cpc,META_PROSPECCAO_BLENDS,CAFE20,234.60,46.92,0.00,187.68,Pago
100342,2026-02-23 09:44:52,marcelo.pimentel1995@gmail.com,assinatura,,,,,69.90,6.99,0.00,62.91,Pago
100343,2026-02-23 09:50:14,gabriel.ferreira@yahoo.com.br,site,email,newsletter,news_feb,,18.90,0.00,14.90,33.80,Reembolsado
100344,2026-02-23 12:19:54,CARLOS.PIMENTEL1985@GMAIL.COM,site,google,shopping,GOOGLE_SHOPPING,,279.80,0.00,0.00,279.80,Pago
100345,2026-02-23 14:13:50,leticia.oliveira60@gmail.com,site,google,cpc,GOOGLE_SEARCH_MARCA,,144.70,0.00,14.90,159.60,Pago
100346,2026-02-23 14:57:49,renata.zanotti@gmail.com,site,google,cpc,GOOGLE_SEARCH_MARCA,,159.80,0.00,0.00,159.80,Pago
100347,2026-02-23 15:25:27,leonardo.gomes@yahoo.com.br,site,google,cpc,GOOGLE_SHOPPING,,18.90,0.00,14.90,33.80,Pago
100348,2026-02-23 19:39:54,priscila.carvalho16@yahoo.com.br,site,google,cpc,GOOGLE_SEARCH_MARCA,,89.80,0.00,22.90,112.70,Pago
100349,2026-02-23 21:59:40,gabriela.barbosa2001@outlook.com,site,google,cpc,GOOGLE_SEARCH_MARCA,,24.90,0.00,14.90,39.80,Pago
100350,2026-02-23 22:10:16,gabriela.gomes890@hotmail.com,site,google,cpc,GOOGLE_SHOPPING,,119.90,0.00,22.90,142.80,Pago
100351,2026-02-24 06:14:40,andre.moreira1980@hotmail.com,site,instagram,social,bio_link,,269.70,0.00,0.00,269.70,Pago
100352,2026-02-24 06:20:32,luiza.barbosa4@gmail.com,site,fb,paid,meta_prospeccao_blends,CAFE20,129.80,25.96,14.90,118.74,Pago
100353,2026-02-24 06:49:27,gustavo.loureiro2000@yahoo.com.br,site,whatsapp,referral,indique_ganhe,,259.50,0.00,0.00,259.50,Pago
100354,2026-02-24 09:28:51,renata.souza@gmail.com,site,google,cpc,google_search_generico,,49.90,0.00,14.90,64.80,Pago
100355,2026-02-24 09:30:41,fernanda.dallabernardina@icloud.com,site,facebook,cpc,META_PROSPECCAO_BLENDS, PRIMEIRACOMPRA,379.70,56.95,0.00,322.75,Pago
100356,2026-02-24 13:40:31,PATRICIA.FERREIRA@GMAIL.COM,site,google,cpc,GOOGLE_SEARCH_MARCA, PRIMEIRACOMPRA,139.80,20.97,14.90,133.73,Pago
100357,2026-02-24 14:07:10,rafael.silva1994@icloud.com,site,facebook,cpc,META_REMARKETING,,49.90,0.00,14.90,64.80,Pago
100358,2026-02-24 16:39:30,marcelo.souza@gmail.com,site,google,cpc,GOOGLE_SEARCH_GENERICO,,24.90,0.00,14.90,39.80,Pago
100359,2026-02-24 19:17:26,maria.rocha2001@hotmail.com,site,email,newsletter,news_feb,,389.60,0.00,0.00,389.60,Pago
100360,2026-02-24 19:55:44,mariana.barbosa@outlook.com,site,whatsapp,referral,indique_ganhe,,134.80,0.00,22.90,157.70,Pago
100361,2026-02-24 21:30:41,aline.araujo1986@gmail.com,site,google,cpc,GOOGLE_SEARCH_MARCA,,189.70,0.00,0.00,189.70,Pago
100362,2026-02-25 15:50:17,carlos.gomes@gmail.com,site,fb,paid,meta_prospeccao_blends,BEMVINDO10,79.80,7.98,31.50,103.32,Pago
100363,2026-02-25 17:59:20,renata.lima912@outlook.com,site,google,cpc,GOOGLE_SHOPPING,PRIMEIRACOMPRA,258.60,38.79,0.00,219.81,Cancelado
100364,2026-02-25 19:05:26,carlos.rocha69@gmail.com,site,instagram,influencer,INFLU_DUDA_BARISTA,BIA10,164.70,16.47,14.90,163.13,Pago
100365,2026-02-25 22:07:44,juliana.souza2003@gmail.com,site,google,cpc,GOOGLE_SEARCH_MARCA,,159.90,0.00,0.00,159.90,Pago
100366,2026-02-25 23:17:57,julia.costa1998@gmail.com,assinatura,,,,,69.90,6.99,0.00,62.91,Pago
100367,2026-02-26 08:06:33,leticia.loureiro@gmail.com,site,google,cpc,GOOGLE_SEARCH_MARCA,,203.70,0.00,0.00,203.70,Pago
100368,2026-02-26 08:28:10,caio.ribeiro1981@gmail.com,assinatura,,,,,69.90,6.99,0.00,62.91,Cancelado
100369,2026-02-26 11:24:20,ana.dallabernardina94@icloud.com,assinatura,,,,,69.90,6.99,0.00,62.91,Pago
100370,2026-02-26 12:12:20,thais.zanotti@outlook.com,site,instagram,cpc,META_PROSPECCAO_BLENDS,cafe20,99.80,19.96,31.50,111.34,Pago
100371,2026-02-27 06:07:13,larissa.loureiro1985@yahoo.com.br,site,,,,,159.80,0.00,0.00,159.80,Pago
100372,2026-02-27 06:35:57,beatriz.mercon@hotmail.com,assinatura,,,,,69.90,6.99,0.00,62.91,Pago
100373,2026-02-27 08:33:17,gabriel.nascimento1980@gmail.com,site,,,,,279.80,0.00,0.00,279.80,Pago
100374,2026-02-27 10:30:39,rodrigo.loureiro82@gmail.com,site,google,cpc,GOOGLE_SEARCH_MARCA,,144.80,0.00,27.90,172.70,Pago
100375,2026-02-27 11:03:16,thais.zanotti@yahoo.com.br,site,google,cpc,google_search_generico,,99.80,0.00,14.90,114.70,Cancelado
100376,2026-02-27 14:59:24,carlos.pereira1994@gmail.com,site,google,cpc,GOOGLE_SEARCH_GENERICO,,279.80,0.00,0.00,279.80,Pago
100377,2026-02-27 15:08:47,maria.loureiro80@yahoo.com.br,site,google,cpc,GOOGLE_SEARCH_MARCA,,159.90,0.00,0.00,159.90,Pago
100378,2026-02-27 19:36:50,LETICIA.MERCON70@OUTLOOK.COM,site,google,cpc,GOOGLE_SEARCH_GENERICO,,44.90,0.00,27.90,72.80,Pago
100379,2026-02-27 22:25:21,DEBORA.OLIVEIRA1994@ICLOUD.COM,site,whatsapp,referral,indique_ganhe,INDIQUE15,89.90,13.49,14.90,91.31,Pago
100380,2026-02-28 11:08:58,gabriela.souza75@yahoo.com.br,site,facebook,cpc,META_PROSPECCAO_BLENDS,PRIMEIRACOMPRA,239.80,35.97,0.00,203.83,Pago
100381,2026-02-28 17:36:59,larissa.gomes@outlook.com,site,,,,,249.70,0.00,0.00,249.70,Pago
100382,2026-02-28 19:05:02,fernanda.moreira82@gmail.com,site,facebook,cpc,META_PROSPECCAO_BLENDS,CAFE20,139.90,27.98,14.90,126.82,Aguardando pagamento
100383,2026-02-28 19:50:01,joao.lima@gmail.com,site,,,,BIA10,214.70,21.47,0.00,193.23,Pago
100384,2026-02-28 19:54:17,diego.mercon2004@gmail.com,site,google,shopping,GOOGLE_SHOPPING,,89.90,0.00,14.90,104.80,Pago
100385,2026-03-01 10:55:50,debora.araujo1999@gmail.com,assinatura,,,,,69.90,6.99,0.00,62.91,Pago
100386,2026-03-01 12:18:04,thais.gomes425@icloud.com,site,google,cpc,GOOGLE_SEARCH_MARCA,,209.80,0.00,0.00,209.80,Aguardando pagamento
100387,2026-03-01 12:25:25,felipe.mercon2003@gmail.com,site,fb,paid,meta_prospeccao_blends,BEMVINDO10,18.90,1.89,27.90,44.91,Pago
100388,2026-03-01 12:49:43,bruna.simoes@outlook.com,site,google,cpc,GOOGLE_SEARCH_MARCA,,18.90,0.00,14.90,33.80,Pago
100389,2026-03-01 13:16:23,fernanda.barbosa1990@outlook.com,site,google,cpc,GOOGLE_SEARCH_MARCA,,69.90,0.00,14.90,84.80,Pago
100390,2026-03-01 13:32:41,fernanda.ribeiro@yahoo.com.br,site,google,cpc,GOOGLE_SHOPPING,,49.90,0.00,14.90,64.80,Pago
100391,2026-03-01 17:12:44,debora.zanotti1991@hotmail.com,site,,,,,99.80,0.00,14.90,114.70,Pago
100392,2026-03-01 18:43:29,ana.ferreira@gmail.com,site,,,,,54.90,0.00,14.90,69.80,Pago
100393,2026-03-01 19:12:05,leonardo.rocha48@gmail.com,site,fb,paid,meta_prospeccao_blends,CAFE20,154.70,30.94,14.90,138.66,Pago
100394,2026-03-01 19:15:07,RAFAEL.PEREIRA93@GMAIL.COM,site,instagram,social,bio_link,,49.90,0.00,14.90,64.80,Cancelado
100395,2026-03-02 07:14:15,bruna.souza1981@gmail.com,site,instagram,cpc,META_REMARKETING,,69.90,0.00,14.90,84.80,Pago
100396,2026-03-02 08:56:36,renata.almeida1982@gmail.com,site,,,,,89.90,0.00,14.90,104.80,Pago
100397,2026-03-02 09:10:32,felipe.loureiro415@icloud.com,site,email,newsletter,news_mar,,24.90,0.00,14.90,39.80,Pago
100398,2026-03-02 10:06:23,priscila.santos46@gmail.com,assinatura,,,,,69.90,6.99,0.00,62.91,Pago
100399,2026-03-02 11:58:41,aline.almeida245@yahoo.com.br,site,google,cpc,GOOGLE_SEARCH_GENERICO,,249.60,0.00,0.00,249.60,Pago
100400,2026-03-02 12:25:34, renata.pimentel2006@gmail.com,site,google,shopping,GOOGLE_SHOPPING,,79.90,0.00,14.90,94.80,Pago
100401,2026-03-02 12:52:50,leticia.martins@gmail.com,site,instagram,cpc,META_REMARKETING,,108.80,0.00,14.90,123.70,Cancelado
100402,2026-03-02 13:02:48,bruno.simoes55@gmail.com,site,facebook,cpc,META_PROSPECCAO_BLENDS,BEMVINDO10,274.60,27.46,0.00,247.14,Cancelado
100403,2026-03-02 16:58:08,patricia.simoes1991@hotmail.com,site,google,shopping,GOOGLE_SHOPPING,,37.80,0.00,31.50,69.30,Pago
100403,2026-03-02 16:58:08,patricia.simoes1991@hotmail.com,site,google,shopping,GOOGLE_SHOPPING,,37.80,0.00,31.50,69.30,Pago
100404,2026-03-02 18:57:39,rafael.martins1989@gmail.com,site,google,cpc,GOOGLE_SEARCH_MARCA,CAFE20,44.90,8.98,14.90,50.82,Pago
100405,2026-03-02 19:06:16,luiza.simoes91@hotmail.com,site,ig,cpc,Meta_Prospeccao_Blends ,PRIMEIRACOMPRA,134.80,20.22,22.90,137.48,Pago
100406,2026-03-02 20:11:38,vinicius.oliveira1984@gmail.com,site,,,,,49.90,0.00,22.90,72.80,Pago
100407,2026-03-02 21:53:39,vinicius.lima1987@gmail.com,site,,,,,214.60,0.00,0.00,214.60,Pago
100408,2026-03-03 06:02:06,patricia.dallabernardina1995@hotmail.com,site,ig,cpc,Meta_Prospeccao_Blends ,BEMVINDO10,24.90,2.49,14.90,37.31,Pago
100409,2026-03-03 06:52:56,larissa.gomes2005@gmail.com,site,email,newsletter,news_mar,,139.80,0.00,14.90,154.70,Pago
100410,2026-03-03 07:57:28,mariana.santos19@gmail.com,site,,,,,69.80,0.00,14.90,84.70,Pago
100411,2026-03-03 08:01:32,rodrigo.pimentel2004@gmail.com,site,,,,DUDA15,108.80,16.32,14.90,107.38,Pago
100412,2026-03-03 09:11:41,maria.almeida46@gmail.com,site,google,organic,,,194.70,0.00,0.00,194.70,Aguardando pagamento
100413,2026-03-03 09:18:38,fabio.oliveira1995@hotmail.com,site,fb,paid,meta_prospeccao_blends,BEMVINDO10,54.90,5.49,14.90,64.31,Pago
100414,2026-03-03 12:03:39,leticia.souza81@yahoo.com.br,site,google,organic,,,489.60,0.00,0.00,489.60,Pago
100415,2026-03-03 12:16:35,rafael.santos2003@outlook.com,site,,,,,44.90,0.00,14.90,59.80,Pago
100416,2026-03-03 13:17:59,gabriela.ferreira2001@gmail.com,site,facebook,cpc,META_REMARKETING,,129.70,0.00,22.90,152.60,Pago
100417,2026-03-03 15:52:38,renata.simoes28@gmail.com,site,instagram,influencer,INFLU_CAFE_COM_BIA,BIA10,279.60,27.96,0.00,251.64,Pago
100418,2026-03-03 21:30:08,thiago.mercon@gmail.com,site,,,,,74.80,0.00,14.90,89.70,Pago
100419,2026-03-03 23:11:24,fabio.almeida2002@gmail.com,site,instagram,cpc,META_REMARKETING,BEMVINDO10,37.80,3.78,14.90,48.92,Pago
100420,2026-03-04 12:30:47, maria.dallabernardina1996@gmail.com,site,,,,,159.90,0.00,0.00,159.90,Pago
100421,2026-03-04 12:57:02,diego.dallabernardina1989@gmail.com,site,google,cpc,GOOGLE_SEARCH_MARCA,,309.60,0.00,0.00,309.60,Pago
100422,2026-03-04 20:33:34,beatriz.martins2001@gmail.com,site,instagram,cpc,META_REMARKETING,BEMVINDO10,109.80,10.98,14.90,113.72,Pago
100423,2026-03-04 21:11:51,larissa.mercon1993@hotmail.com,site,google,cpc,google_search_generico,,219.50,0.00,0.00,219.50,Pago
100424,2026-03-05 06:19:55,camila.santos1999@gmail.com,site,google,cpc,GOOGLE_SEARCH_MARCA,,159.90,0.00,0.00,159.90,Pago
100425,2026-03-05 06:22:02,carlos.loureiro1990@icloud.com,site,instagram,cpc,META_PROSPECCAO_BLENDS,BEMVINDO10,109.80,10.98,14.90,113.72,Cancelado
100426,2026-03-05 18:04:31, leonardo.ribeiro53@outlook.com,site,google,cpc,google_search_generico,,174.80,0.00,0.00,174.80,Pago
100427,2026-03-05 18:15:13,fernanda.moreira@gmail.com,site,instagram,cpc,META_REMARKETING,,139.80,0.00,14.90,154.70,Pago
100427,2026-03-05 18:15:13,fernanda.moreira@gmail.com,site,instagram,cpc,META_REMARKETING,,139.80,0.00,14.90,154.70,Pago
100428,2026-03-05 19:31:58,gustavo.rocha41@hotmail.com,assinatura,,,,,69.90,6.99,0.00,62.91,Cancelado
100429,2026-03-05 20:37:36,fabio.carvalho18@gmail.com,site,google,cpc,GOOGLE_SEARCH_GENERICO,,18.90,0.00,14.90,33.80,Pago
100430,2026-03-06 08:19:49, rodrigo.ribeiro36@yahoo.com.br,site,google,cpc,google_search_generico,,298.50,0.00,0.00,298.50,Pago
100431,2026-03-06 09:23:37,marcelo.dallabernardina1981@gmail.com,site,google,organic,,,179.80,0.00,0.00,179.80,Pago
100432,2026-03-06 11:17:18,thais.carvalho46@hotmail.com,site,google,cpc,GOOGLE_SEARCH_GENERICO,,49.90,0.00,14.90,64.80,Pago
100433,2026-03-06 13:38:05,rafael.martins204@outlook.com,site,google,organic,,FRETEGRATIS,54.90,0.00,0.00,54.90,Pago
100434,2026-03-06 15:04:00, gabriel.mercon4@gmail.com,site,facebook,cpc,META_PROSPECCAO_BLENDS,PRIMEIRACOMPRA,269.70,40.45,0.00,229.25,Pago
100435,2026-03-06 16:51:15,joao.zanotti@outlook.com,site,instagram,influencer,INFLU_DUDA_BARISTA,BIA10,307.50,30.75,0.00,276.75,Pago
100436,2026-03-06 19:59:09,gabriel.silva74@hotmail.com,site,fb,paid,meta_prospeccao_blends,CAFE20,117.70,23.54,14.90,109.06,Pago
100437,2026-03-07 09:15:04,leonardo.rocha48@gmail.com,assinatura,,,,,69.90,6.99,0.00,62.91,Pago
100438,2026-03-07 18:17:32,aline.souza1991@gmail.com,site,google,cpc,GOOGLE_SEARCH_MARCA,,37.80,0.00,14.90,52.70,Pago
100439,2026-03-07 20:01:15,larissa.rodrigues28@icloud.com,site,google,cpc,GOOGLE_SEARCH_MARCA,,108.80,0.00,14.90,123.70,Pago
100440,2026-03-07 20:12:52, larissa.loureiro1985@yahoo.com.br,assinatura,,,,,69.90,6.99,0.00,62.91,Pago
100441,2026-03-07 23:30:47,patricia.barbosa@gmail.com,site,whatsapp,referral,indique_ganhe,INDIQUE15,159.90,23.98,22.90,158.82,Pago
100442,2026-03-07 23:40:13,aline.zanotti@gmail.com,site,google,cpc,GOOGLE_SHOPPING,,319.80,0.00,0.00,319.80,Pago
100443,2026-03-08 06:30:19,felipe.araujo@hotmail.com,site,instagram,influencer,INFLU_DUDA_BARISTA,BIA10,54.90,5.49,14.90,64.31,Pago
100444,2026-03-08 06:55:20,bruna.rocha93@gmail.com,site,google,cpc,google_search_generico,,89.90,0.00,14.90,104.80,Pago
100445,2026-03-08 16:29:24,gabriela.rocha84@gmail.com,site,google,cpc,GOOGLE_SEARCH_MARCA,,436.40,0.00,0.00,436.40,Pago
100446,2026-03-08 16:39:33,leticia.mercon70@outlook.com,assinatura,,,,,69.90,6.99,0.00,62.91,Pago
100447,2026-03-08 19:56:14,renata.moreira1980@outlook.com,site,ig,cpc,Meta_Prospeccao_Blends ,BEMVINDO10,54.90,5.49,14.90,64.31,Pago
100448,2026-03-08 20:40:18,thais.nascimento1999@outlook.com,site,,,,,438.50,0.00,0.00,438.50,Pago
100449,2026-03-08 20:58:47,luiza.ferreira67@gmail.com,site,ig,cpc,Meta_Prospeccao_Blends ,,279.80,0.00,0.00,279.80,Pago
100450,2026-03-08 21:07:20,carolina.araujo41@gmail.com,site,,,,,384.40,0.00,0.00,384.40,Cancelado
100451,2026-03-08 21:12:04,carolina.dallabernardina1983@gmail.com,site,instagram,influencer,INFLU_DUDA_BARISTA,BIA10,139.90,13.99,14.90,140.81,Pago
100452,2026-03-08 22:03:09,DEBORA.SOUZA89@HOTMAIL.COM,site,,,,DUDA15,62.70,9.40,14.90,68.20,Pago
100453,2026-03-08 22:55:10,carolina.barbosa60@gmail.com,site,,,,FRETEGRATIS,159.90,0.00,0.00,159.90,Pago
100454,2026-03-08 23:07:04,juliana.souza367@icloud.com,site,google,shopping,GOOGLE_SHOPPING,CAFE20,89.90,17.98,14.90,86.82,Pago
100455,2026-03-08 23:49:01,juliana.nascimento30@hotmail.com,site,google,cpc,google_search_generico,,299.80,0.00,0.00,299.80,Pago
100456,2026-03-09 07:40:11,gabriela.zanotti47@yahoo.com.br,site,facebook,cpc,META_PROSPECCAO_BLENDS,CAFE20,554.30,110.86,0.00,443.44,Pago
100457,2026-03-09 08:14:37,bruna.simoes579@gmail.com,site,google,cpc,GOOGLE_SEARCH_MARCA,,279.80,0.00,0.00,279.80,Pago
100458,2026-03-09 09:11:59,mariana.lima@yahoo.com.br,site,,,,,159.90,0.00,0.00,159.90,Pago
100458,2026-03-09 09:11:59,mariana.lima@yahoo.com.br,site,,,,,159.90,0.00,0.00,159.90,Pago
100459,2026-03-09 09:36:52,debora.ferreira1988@gmail.com,site,instagram,social,bio_link,,49.90,0.00,31.50,81.40,Pago
100460,2026-03-09 14:49:25,rodrigo.silva@yahoo.com.br,site,ig,cpc,Meta_Prospeccao_Blends ,BEMVINDO10,18.90,1.89,14.90,31.91,Pago
100461,2026-03-09 15:30:41,aline.santos2006@hotmail.com,site,google,shopping,GOOGLE_SHOPPING,,18.90,0.00,27.90,46.80,Pago
100462,2026-03-09 17:46:50,mateus.rodrigues68@gmail.com,site,,,,BIA10,44.90,4.49,14.90,55.31,Pago
100463,2026-03-09 19:09:48,luiza.lima@hotmail.com,site,google,cpc,GOOGLE_SEARCH_MARCA,,54.90,0.00,31.50,86.40,Pago
100464,2026-03-09 21:41:47,ana.gomes@hotmail.com,site,email,newsletter,news_mar,,204.80,0.00,0.00,204.80,Pago
100465,2026-03-10 08:32:41,leonardo.rodrigues@gmail.com,site,google,cpc,GOOGLE_SEARCH_GENERICO,,529.60,0.00,0.00,529.60,Pago
100466,2026-03-10 09:42:49,leticia.nascimento2002@gmail.com,site,google,cpc,GOOGLE_SEARCH_MARCA,PRIMEIRACOMPRA,44.90,6.73,14.90,53.07,Pago
100467,2026-03-10 10:49:35,fabio.rodrigues@gmail.com,site,google,cpc,GOOGLE_SHOPPING,CAFE20,139.90,27.98,14.90,126.82,Pago
100468,2026-03-10 11:59:50,aline.gomes@yahoo.com.br,site,google,shopping,GOOGLE_SHOPPING,BEMVINDO10,99.80,9.98,22.90,112.72,Pago
100469,2026-03-10 13:41:24,leticia.oliveira1981@hotmail.com,site,google,cpc,GOOGLE_SEARCH_MARCA,,319.70,0.00,0.00,319.70,Pago
100470,2026-03-10 17:44:45,maria.martins1994@gmail.com,site,facebook,cpc,META_REMARKETING,PRIMEIRACOMPRA,144.80,21.72,14.90,137.98,Pago
100471,2026-03-10 19:18:59,thais.carvalho74@hotmail.com,site,google,cpc,GOOGLE_SEARCH_MARCA,BEMVINDO10,209.80,20.98,0.00,188.82,Pago
100472,2026-03-10 20:14:19,leticia.costa80@gmail.com,site,,,,,89.90,0.00,14.90,104.80,Pago
100473,2026-03-10 21:01:48,aline.zanotti1998@gmail.com,site,,,,,154.70,0.00,0.00,154.70,Aguardando pagamento
100474,2026-03-11 08:38:15,bruna.nascimento80@hotmail.com,site,google,cpc,GOOGLE_SEARCH_MARCA,,54.90,0.00,14.90,69.80,Cancelado
100475,2026-03-11 10:04:16,rafael.santos831@gmail.com,site,instagram,influencer,INFLU_DUDA_BARISTA,DUDA15,89.90,13.49,14.90,91.31,Pago
100476,2026-03-11 12:23:48,beatriz.silva22@hotmail.com,site,,,,fretegratis,219.50,0.00,0.00,219.50,Pago
100477,2026-03-11 12:24:45,vinicius.loureiro63@gmail.com,site,instagram,cpc,META_REMARKETING,,159.70,0.00,0.00,159.70,Pago
100478,2026-03-11 14:26:45,caio.moreira67@gmail.com,site,instagram,social,bio_link,,214.60,0.00,0.00,214.60,Cancelado
100479,2026-03-11 17:42:40, renata.santos@gmail.com,site,google,cpc,GOOGLE_SHOPPING,CAFE20,89.90,17.98,14.90,86.82,Pago
100480,2026-03-11 17:47:32,camila.barbosa151@outlook.com,site,google,cpc,GOOGLE_SEARCH_MARCA,,49.90,0.00,14.90,64.80,Pago
100481,2026-03-12 06:53:39,marcelo.gomes1999@gmail.com,site,fb,paid,meta_prospeccao_blends,CAFE20,99.70,19.94,14.90,94.66,Pago
100482,2026-03-12 06:54:43,rodrigo.loureiro82@gmail.com,assinatura,,,,,69.90,6.99,0.00,62.91,Pago
100483,2026-03-12 15:42:30,gabriela.nascimento@hotmail.com,site,google,cpc,GOOGLE_SHOPPING,,409.70,0.00,0.00,409.70,Pago
100484,2026-03-12 16:57:41,leticia.dallabernardina47@gmail.com,site,facebook,cpc,META_REMARKETING,,134.70,0.00,14.90,149.60,Pago
100485,2026-03-12 18:31:04,renata.pimentel2006@gmail.com,assinatura,,,,,69.90,6.99,0.00,62.91,Pago
100486,2026-03-12 18:42:10,juliana.barbosa2@hotmail.com,site,google,cpc,GOOGLE_SEARCH_GENERICO,,139.90,0.00,14.90,154.80,Pago
100487,2026-03-12 19:50:18,fabio.souza1994@gmail.com,site,instagram,social,bio_link,,363.50,0.00,0.00,363.50,Pago
100488,2026-03-12 21:09:52,vinicius.nascimento@gmail.com,site,ig,cpc,Meta_Prospeccao_Blends ,PRIMEIRACOMPRA,99.70,14.96,14.90,99.64,Pago
100489,2026-03-12 21:21:36,aline.silva2004@gmail.com,site,,,,,123.70,0.00,14.90,138.60,Pago
100490,2026-03-13 07:43:08,bruna.rodrigues1993@gmail.com,site,,,,,49.90,0.00,14.90,64.80,Pago
100491,2026-03-13 10:24:52,LUCAS.ROCHA@GMAIL.COM,site,,,,DUDA15,239.70,35.95,0.00,203.75,Pago
100492,2026-03-13 11:28:13,MARIA.SANTOS35@HOTMAIL.COM,site,facebook,cpc,META_PROSPECCAO_BLENDS,,49.90,0.00,14.90,64.80,Pago
100493,2026-03-13 11:41:45,bruno.dallabernardina@icloud.com,site,google,cpc,GOOGLE_SEARCH_MARCA,,319.80,0.00,0.00,319.80,Cancelado
100494,2026-03-13 13:07:35,leonardo.souza1989@icloud.com,site,,,,,138.70,0.00,22.90,161.60,Pago
100495,2026-03-13 18:57:27,larissa.barbosa@gmail.com,site,instagram,cpc,META_REMARKETING,,109.80,0.00,14.90,124.70,Pago
100496,2026-03-13 19:00:38,leticia.araujo1984@hotmail.com,site,google,cpc,GOOGLE_SEARCH_MARCA,,164.80,0.00,0.00,164.80,Pago
100497,2026-03-13 21:39:26,carolina.moreira70@gmail.com,site,fb,paid,meta_prospeccao_blends,BEMVINDO10,279.70,27.97,0.00,251.73,Pago
100498,2026-03-13 21:43:51,beatriz.carvalho@gmail.com,site,email,newsletter,news_mar, FRETEGRATIS,164.80,0.00,0.00,164.80,Pago
100499,2026-03-14 06:21:43,rodrigo.costa34@icloud.com,site,google,cpc,GOOGLE_SHOPPING,,349.60,0.00,0.00,349.60,Cancelado
100500,2026-03-14 06:43:05,LUIZA.DALLABERNARDINA2005@GMAIL.COM,site,instagram,cpc,META_PROSPECCAO_BLENDS,CAFE20,359.40,71.88,0.00,287.52,Pago
100501,2026-03-14 09:21:56,felipe.zanotti51@gmail.com,site,,,,,139.90,0.00,14.90,154.80,Pago
100502,2026-03-14 11:02:02,RAFAEL.FERREIRA64@OUTLOOK.COM,site,google,cpc,google_search_generico,,89.90,0.00,14.90,104.80,Pago
100503,2026-03-14 14:08:22,gabriela.dallabernardina842@gmail.com,site,instagram,cpc,META_PROSPECCAO_BLENDS,CAFE20,378.50,75.70,0.00,302.80,Pago
100504,2026-03-14 14:19:53,leticia.rocha489@hotmail.com,assinatura,,,,,69.90,6.99,0.00,62.91,Pago
100505,2026-03-14 16:04:01,mariana.gomes33@hotmail.com,site,google,cpc,GOOGLE_SEARCH_MARCA,,159.90,0.00,0.00,159.90,Pago
100506,2026-03-14 16:33:11,debora.rocha1999@outlook.com,site,instagram,influencer,INFLU_CAFE_COM_BIA,BIA10,189.80,18.98,0.00,170.82,Pago
100507,2026-03-14 19:16:48,fabio.carvalho44@gmail.com,site,google,cpc,GOOGLE_SEARCH_MARCA,CAFE20,394.50,78.90,0.00,315.60,Pago
100508,2026-03-14 19:59:47,gabriel.oliveira78@icloud.com,site,whatsapp,referral,indique_ganhe,,268.40,0.00,0.00,268.40,Pago
100509,2026-03-15 07:15:25,bruna.mercon2003@gmail.com,site,ig,cpc,Meta_Prospeccao_Blends ,,379.40,0.00,0.00,379.40,Aguardando pagamento
100510,2026-03-15 07:27:27,lucas.costa1997@gmail.com,site,google,cpc,google_search_generico,,169.80,0.00,0.00,169.80,Pago
100511,2026-03-15 09:18:34,ALINE.FERREIRA82@GMAIL.COM,site,google,cpc,GOOGLE_SHOPPING,,44.90,0.00,14.90,59.80,Pago
100512,2026-03-15 10:47:21,MARIA.OLIVEIRA@GMAIL.COM,site,google,cpc,GOOGLE_SEARCH_GENERICO,bemvindo10,159.90,15.99,14.90,158.81,Pago
100513,2026-03-15 16:17:57,ana.moreira1980@gmail.com,assinatura,,,,,69.90,6.99,0.00,62.91,Reembolsado
100514,2026-03-15 19:16:21,leticia.costa@hotmail.com,site,google,cpc,GOOGLE_SEARCH_GENERICO,,99.80,0.00,14.90,114.70,Pago
100515,2026-03-15 19:51:18,beatriz.pereira@gmail.com,site,instagram,influencer,INFLU_CAFE_COM_BIA,DUDA15,139.90,20.98,14.90,133.82,Pago
100516,2026-03-15 20:11:14,thais.martins1@yahoo.com.br,site,instagram,cpc,META_PROSPECCAO_BLENDS,BEMVINDO10 ,68.80,6.88,14.90,76.82,Pago
100517,2026-03-15 21:05:24,camila.lima1998@gmail.com,site,,,,,99.80,0.00,31.50,131.30,Pago
100518,2026-03-15 21:46:32,juliana.silva@hotmail.com,site,ig,cpc,Meta_Prospeccao_Blends ,bemvindo10,109.80,10.98,14.90,113.72,Pago
100519,2026-03-15 23:56:48,aline.rocha24@hotmail.com,site,,,,,149.80,0.00,14.90,164.70,Pago
100520,2026-03-16 07:09:08,camila.souza@gmail.com,site,fb,paid,meta_prospeccao_blends,PRIMEIRACOMPRA,89.90,13.49,14.90,91.31,Pago
100521,2026-03-16 07:21:53,rodrigo.barbosa99@gmail.com,site,google,cpc,GOOGLE_SEARCH_MARCA,,119.90,0.00,14.90,134.80,Pago
100522,2026-03-16 10:18:41,aline.rocha@gmail.com,site,google,shopping,GOOGLE_SHOPPING,,89.80,0.00,27.90,117.70,Pago
100523,2026-03-16 11:15:28,renata.martins83@yahoo.com.br,site,,,,CAFE20,177.70,35.54,14.90,157.06,Pago
100524,2026-03-16 11:50:04,carolina.rodrigues21@gmail.com,assinatura,,,,,69.90,6.99,0.00,62.91,Pago
100525,2026-03-16 13:37:22,carolina.almeida1981@yahoo.com.br,site,facebook,cpc,META_PROSPECCAO_BLENDS,,24.90,0.00,22.90,47.80,Pago
100526,2026-03-16 20:03:05,debora.ribeiro2003@gmail.com,site,instagram,social,bio_link,,229.70,0.00,0.00,229.70,Pago
100527,2026-03-16 20:31:38,eduardo.oliveira2002@hotmail.com,site,instagram,cpc,META_PROSPECCAO_BLENDS,BEMVINDO10,129.80,12.98,14.90,131.72,Pago
100528,2026-03-16 21:16:03,ana.pimentel1987@hotmail.com,site,google,cpc,google_search_generico,,549.40,0.00,0.00,549.40,Pago
100529,2026-03-17 06:13:59,gabriela.mercon2006@gmail.com,site,google,cpc,GOOGLE_SEARCH_MARCA,FRETEGRATIS,119.90,0.00,0.00,119.90,Pago
100530,2026-03-17 07:57:35,julia.oliveira50@outlook.com,site,fb,paid,meta_prospeccao_blends,PRIMEIRACOMPRA,144.60,21.69,14.90,137.81,Pago
100531,2026-03-17 08:02:53,pedro.ferreira@gmail.com,site,google,shopping,GOOGLE_SHOPPING,,209.60,0.00,0.00,209.60,Pago
100532,2026-03-17 08:07:33,bruna.ferreira67@gmail.com,site,facebook,cpc,META_REMARKETING,,79.90,0.00,14.90,94.80,Aguardando pagamento
100533,2026-03-17 08:51:09,leticia.pimentel1998@gmail.com,site,instagram,cpc,META_REMARKETING,,138.80,0.00,14.90,153.70,Pago
100534,2026-03-17 11:39:20,luiza.ribeiro93@gmail.com,site,google,cpc,GOOGLE_SEARCH_MARCA,,44.90,0.00,14.90,59.80,Pago
100535,2026-03-17 13:21:46,fernanda.ribeiro1999@gmail.com,site,instagram,social,bio_link,,18.90,0.00,14.90,33.80,Pago
100536,2026-03-17 14:15:50,debora.souza89@hotmail.com,assinatura,,,,,69.90,6.99,0.00,62.91,Pago
100537,2026-03-17 18:09:17,aline.oliveira1988@gmail.com,site,google,cpc,GOOGLE_SEARCH_MARCA,CAFE20,168.50,33.70,31.50,166.30,Pago
100538,2026-03-17 18:48:10,lucas.rocha1994@gmail.com,site,google,cpc,GOOGLE_SEARCH_MARCA,,164.80,0.00,0.00,164.80,Pago
100539,2026-03-17 21:41:39,debora.araujo@gmail.com,assinatura,,,,,69.90,6.99,0.00,62.91,Pago
100540,2026-03-17 23:04:15,priscila.pereira@gmail.com,site,,,,,139.90,0.00,14.90,154.80,Pago
100541,2026-03-17 23:38:03,pedro.almeida1981@gmail.com,site,google,cpc,GOOGLE_SHOPPING,CAFE20,459.70,91.94,0.00,367.76,Pago
100542,2026-03-18 06:09:13,patricia.araujo2003@gmail.com,site,,,,,214.80,0.00,0.00,214.80,Pago
100543,2026-03-18 09:05:27,larissa.ribeiro@gmail.com,site,,,,,159.90,0.00,0.00,159.90,Pago
100544,2026-03-18 15:19:50,gabriela.araujo92@outlook.com,site,instagram,influencer,INFLU_CAFE_COM_BIA,,119.80,0.00,14.90,134.70,Reembolsado
100545,2026-03-18 18:21:41,debora.mercon@gmail.com,site,,,,,194.70,0.00,0.00,194.70,Aguardando pagamento
100546,2026-03-18 19:42:09,leticia.gomes32@outlook.com,site,google,cpc,google_search_generico,BEMVINDO10,79.90,7.99,14.90,86.81,Pago
100547,2026-03-18 21:19:42,beatriz.souza@gmail.com,site,google,cpc,GOOGLE_SEARCH_MARCA,,294.40,0.00,0.00,294.40,Pago
100548,2026-03-18 22:13:51,aline.santos29@gmail.com,site,facebook,cpc,META_PROSPECCAO_BLENDS,BEMVINDO10,139.90,13.99,14.90,140.81,Pago
100549,2026-03-18 22:52:39,mariana.barbosa@outlook.com,site,,,,,164.70,0.00,0.00,164.70,Pago
100550,2026-03-19 08:26:38,felipe.silva72@gmail.com,assinatura,,,,,69.90,6.99,0.00,62.91,Pago
100551,2026-03-19 08:50:47,felipe.nascimento44@hotmail.com,assinatura,,,,,69.90,6.99,0.00,62.91,Pago
100552,2026-03-19 08:58:27,gabriela.ribeiro@icloud.com,site,facebook,cpc,META_REMARKETING,,184.80,0.00,0.00,184.80,Cancelado
100553,2026-03-19 09:26:31,mariana.moreira87@outlook.com,site,facebook,cpc,META_REMARKETING,,139.80,0.00,14.90,154.70,Pago
100554,2026-03-19 09:35:03,fernanda.loureiro1989@gmail.com,site,google,cpc,GOOGLE_SHOPPING,,44.90,0.00,14.90,59.80,Pago
100555,2026-03-19 10:18:18,camila.moreira619@gmail.com,site,ig,cpc,Meta_Prospeccao_Blends ,CAFE20,159.70,31.94,14.90,142.66,Pago
100556,2026-03-19 11:09:38,leonardo.ferreira@outlook.com,site,instagram,cpc,META_PROSPECCAO_BLENDS,CAFE20 ,157.70,31.54,14.90,141.06,Aguardando pagamento
100557,2026-03-19 11:25:47,priscila.pereira35@gmail.com,assinatura,,,,,69.90,6.99,0.00,62.91,Pago
100558,2026-03-19 11:55:40,joao.zanotti@outlook.com,assinatura,,,,,69.90,6.99,0.00,62.91,Pago
100559,2026-03-19 12:46:37,rafael.simoes64@yahoo.com.br,site,google,cpc,GOOGLE_SEARCH_MARCA,bemvindo10,24.90,2.49,27.90,50.31,Pago
100560,2026-03-19 13:38:13,larissa.souza89@outlook.com,site,,,,,228.70,0.00,0.00,228.70,Pago
100561,2026-03-19 15:02:11,joao.nascimento@gmail.com,site,ig,cpc,Meta_Prospeccao_Blends ,PRIMEIRACOMPRA,63.80,9.57,14.90,69.13,Pago
100562,2026-03-19 17:33:29,thais.ribeiro@hotmail.com,site,,,,,79.90,0.00,14.90,94.80,Pago
100563,2026-03-19 19:07:39,JULIA.CARVALHO1990@HOTMAIL.COM,site,instagram,cpc,META_PROSPECCAO_BLENDS,,259.70,0.00,0.00,259.70,Pago
100564,2026-03-19 19:27:23,andre.loureiro90@gmail.com,site,instagram,cpc,META_REMARKETING,,114.80,0.00,14.90,129.70,Pago
100565,2026-03-19 22:20:36,thais.santos2002@gmail.com,assinatura,,,,,69.90,6.99,0.00,62.91,Pago
100566,2026-03-20 07:16:25,gustavo.ferreira@hotmail.com,site,google,cpc,google_search_generico,,214.80,0.00,0.00,214.80,Cancelado
100567,2026-03-20 07:17:14,andre.pimentel@gmail.com,site,google,cpc,GOOGLE_SHOPPING,,54.90,0.00,14.90,69.80,Pago
100568,2026-03-20 08:02:36,MARCELO.OLIVEIRA1985@GMAIL.COM,site,google,cpc,GOOGLE_SEARCH_MARCA,,18.90,0.00,14.90,33.80,Pago
100569,2026-03-20 09:32:25,carlos.pimentel790@yahoo.com.br,site,google,cpc,GOOGLE_SEARCH_MARCA,,44.90,0.00,14.90,59.80,Pago
100570,2026-03-20 12:58:24,patricia.ribeiro@gmail.com,site,google,cpc,GOOGLE_SHOPPING,,159.90,0.00,0.00,159.90,Cancelado
100571,2026-03-20 14:01:43,eduardo.ferreira1982@gmail.com,site,email,newsletter,news_mar,,159.70,0.00,0.00,159.70,Pago
100572,2026-03-20 15:26:04,vinicius.mercon1987@hotmail.com,site,whatsapp,referral,indique_ganhe,,239.60,0.00,0.00,239.60,Pago
100573,2026-03-20 16:28:08,thais.zanotti96@outlook.com,site,google,cpc,GOOGLE_SEARCH_MARCA,,132.50,0.00,14.90,147.40,Pago
100574,2026-03-20 17:29:29,luiza.rodrigues979@gmail.com,site,google,cpc,GOOGLE_SEARCH_MARCA,,44.90,0.00,14.90,59.80,Pago
100575,2026-03-20 17:45:56,camila.pereira29@gmail.com,site,facebook,cpc,META_REMARKETING,PRIMEIRACOMPRA,54.90,8.23,31.50,78.17,Aguardando pagamento
100576,2026-03-20 19:42:16,FABIO.RIBEIRO1995@GMAIL.COM,site,google,cpc,google_search_generico,CAFE20,254.60,50.92,0.00,203.68,Pago
100577,2026-03-20 20:10:08,thais.dallabernardina1990@gmail.com,site,google,shopping,GOOGLE_SHOPPING,cafe20,148.60,29.72,31.50,150.38,Pago
100578,2026-03-20 20:29:23,renata.dallabernardina93@gmail.com,site,ig,cpc,Meta_Prospeccao_Blends ,,49.90,0.00,14.90,64.80,Pago
100579,2026-03-20 22:54:59,FELIPE.SIMOES1989@ICLOUD.COM,site,google,cpc,GOOGLE_SEARCH_MARCA,,204.60,0.00,0.00,204.60,Pago
100580,2026-03-20 23:13:12,diego.rocha@hotmail.com,site,email,newsletter,news_mar,,429.60,0.00,0.00,429.60,Pago
100581,2026-03-21 06:22:11,GABRIELA.PIMENTEL1994@GMAIL.COM,site,google,cpc,GOOGLE_SEARCH_MARCA,,98.80,0.00,14.90,113.70,Pago
100582,2026-03-21 07:03:16,fernanda.nascimento53@gmail.com,site,,,,,49.90,0.00,14.90,64.80,Pago
100583,2026-03-21 11:14:02,julia.nascimento31@hotmail.com,site,email,newsletter,news_mar,,44.90,0.00,22.90,67.80,Pago
100584,2026-03-21 11:17:17,debora.nascimento67@hotmail.com,site,whatsapp,referral,indique_ganhe,,79.90,0.00,14.90,94.80,Pago
100585,2026-03-21 12:08:30,juliana.araujo@hotmail.com,site,,,,,18.90,0.00,31.50,50.40,Pago
100586,2026-03-21 21:55:49,thiago.dallabernardina967@gmail.com,site,instagram,social,bio_link,,119.80,0.00,14.90,134.70,Pago
100587,2026-03-22 07:10:52,debora.almeida@hotmail.com,site,google,cpc,GOOGLE_SHOPPING,,49.90,0.00,14.90,64.80,Aguardando pagamento
100588,2026-03-22 07:14:06,GUSTAVO.PEREIRA48@ICLOUD.COM,site,google,cpc,GOOGLE_SEARCH_MARCA,,69.90,0.00,14.90,84.80,Aguardando pagamento
100589,2026-03-22 07:18:16,thais.santos87@hotmail.com,site,,,,,259.70,0.00,0.00,259.70,Pago
100590,2026-03-22 09:44:37,beatriz.oliveira1@gmail.com,site,instagram,influencer,INFLU_DUDA_BARISTA,BIA10,54.90,5.49,31.50,80.91,Pago
100591,2026-03-22 10:00:40,fernanda.lima@icloud.com,site,,,,,249.70,0.00,0.00,249.70,Pago
100592,2026-03-22 11:30:06,carlos.santos1983@outlook.com,site,,,,,207.50,0.00,0.00,207.50,Pago
100593,2026-03-22 13:16:47,debora.martins84@gmail.com,site,instagram,influencer,INFLU_DUDA_BARISTA,DUDA15,234.70,35.20,0.00,199.50,Pago
100594,2026-03-22 15:17:01,bruna.ribeiro@gmail.com,assinatura,,,,,69.90,6.99,0.00,62.91,Pago
100595,2026-03-22 15:45:33,maria.zanotti2001@gmail.com,site,,,,,279.80,0.00,0.00,279.80,Pago
100596,2026-03-22 16:10:07, andre.rocha1993@outlook.com,site,,,,,319.80,0.00,0.00,319.80,Pago
100597,2026-03-22 16:10:07,PATRICIA.COSTA88@GMAIL.COM,site,instagram,social,bio_link,,204.70,0.00,0.00,204.70,Pago
100598,2026-03-22 17:16:32,juliana.silva@gmail.com,site,,,,,89.80,0.00,14.90,104.70,Pago
100599,2026-03-22 17:56:54,andre.mercon@gmail.com,site,ig,cpc,Meta_Prospeccao_Blends ,,199.80,0.00,0.00,199.80,Pago
100600,2026-03-22 17:57:00,rodrigo.oliveira@gmail.com,site,instagram,cpc,META_REMARKETING,CAFE20 ,339.60,67.92,0.00,271.68,Pago
100601,2026-03-22 19:26:08,beatriz.nascimento91@gmail.com,site,google,cpc,GOOGLE_SEARCH_MARCA,,249.80,0.00,0.00,249.80,Pago
100602,2026-03-22 23:55:21, fabio.moreira@icloud.com,site,google,organic,,,139.90,0.00,14.90,154.80,Pago
100603,2026-03-23 08:32:03,RAFAEL.LIMA78@GMAIL.COM,site,google,cpc,GOOGLE_SHOPPING,BEMVINDO10,388.60,38.86,0.00,349.74,Pago
100604,2026-03-23 11:43:34,fabio.santos82@gmail.com,assinatura,,,,,69.90,6.99,0.00,62.91,Pago
100605,2026-03-23 16:45:57,carolina.martins1995@icloud.com,site,email,newsletter,news_mar,,37.80,0.00,14.90,52.70,Pago
100606,2026-03-23 18:08:38,priscila.lima@yahoo.com.br,site,,,,,159.90,0.00,0.00,159.90,Pago
100607,2026-03-23 18:11:51,ana.ribeiro11@outlook.com,site,instagram,influencer,INFLU_DUDA_BARISTA,BIA10,164.80,16.48,14.90,163.22,Pago
100608,2026-03-23 18:42:59,bruna.rodrigues64@yahoo.com.br,site,google,cpc,GOOGLE_SEARCH_MARCA,,94.80,0.00,31.50,126.30,Pago
100609,2026-03-23 19:01:00, luiza.martins73@gmail.com,site,,,,,339.50,0.00,0.00,339.50,Pago
100610,2026-03-23 22:40:30,gustavo.lima5@outlook.com,site,,,,,139.90,0.00,14.90,154.80,Pago
100611,2026-03-24 09:09:28,CAIO.BARBOSA@HOTMAIL.COM,site,instagram,social,bio_link,,108.80,0.00,14.90,123.70,Pago
100612,2026-03-24 15:17:29,joao.loureiro16@outlook.com,site,facebook,cpc,META_PROSPECCAO_BLENDS,CAFE20,44.90,8.98,14.90,50.82,Pago
100613,2026-03-24 16:41:13,fabio.barbosa1983@gmail.com,site,ig,cpc,Meta_Prospeccao_Blends ,CAFE20,298.70,59.74,0.00,238.96,Pago
100614,2026-03-24 19:19:49,thiago.zanotti37@gmail.com,site,google,cpc,GOOGLE_SEARCH_MARCA,,49.90,0.00,22.90,72.80,Cancelado
100615,2026-03-24 22:26:35,carolina.rocha@outlook.com,site,email,newsletter,news_mar,,328.50,0.00,0.00,328.50,Pago
100616,2026-03-25 06:29:04,LETICIA.SANTOS93@GMAIL.COM,site,google,cpc,GOOGLE_SHOPPING,,144.70,0.00,22.90,167.60,Aguardando pagamento
100617,2026-03-25 07:57:45,caio.rodrigues@icloud.com,site,,,,,139.90,0.00,14.90,154.80,Aguardando pagamento
100618,2026-03-25 08:42:27,camila.rocha@hotmail.com,site,,,,,44.90,0.00,27.90,72.80,Pago
100619,2026-03-25 09:34:00,andre.pereira2006@icloud.com,site,google,cpc,GOOGLE_SHOPPING,,292.50,0.00,0.00,292.50,Pago
100620,2026-03-25 10:12:41,gustavo.zanotti@gmail.com,site,,,,,369.70,0.00,0.00,369.70,Pago
100621,2026-03-25 11:38:44,thais.pereira99@gmail.com,site,,,,,49.90,0.00,14.90,64.80,Pago
100622,2026-03-25 11:52:35,gabriel.dallabernardina87@icloud.com,site,google,cpc,GOOGLE_SEARCH_GENERICO, PRIMEIRACOMPRA,54.90,8.23,14.90,61.57,Pago
100623,2026-03-25 12:08:25,julia.loureiro1988@icloud.com,site,google,shopping,GOOGLE_SHOPPING,,119.90,0.00,14.90,134.80,Pago
100624,2026-03-25 12:42:58,rodrigo.lima@gmail.com,assinatura,,,,,69.90,6.99,0.00,62.91,Pago
100625,2026-03-25 19:59:32,marcelo.pimentel1995@gmail.com,assinatura,,,,,69.90,6.99,0.00,62.91,Pago
100626,2026-03-25 21:02:30,julia.carvalho@gmail.com,site,email,newsletter,news_mar,CAFE20,114.80,22.96,14.90,106.74,Pago
100627,2026-03-25 21:39:56,patricia.ferreira@gmail.com,site,google,cpc,GOOGLE_SEARCH_MARCA,,89.90,0.00,14.90,104.80,Pago
100628,2026-03-26 06:02:47,joao.zanotti68@gmail.com,site,ig,cpc,Meta_Prospeccao_Blends ,PRIMEIRACOMPRA,209.70,31.45,0.00,178.25,Pago
100629,2026-03-26 06:36:39,mariana.pereira@gmail.com,site,instagram,social,bio_link,,189.80,0.00,0.00,189.80,Pago
100630,2026-03-26 07:49:45,GABRIEL.ARAUJO75@YAHOO.COM.BR,site,,,,INDIQUE15,98.80,14.82,27.90,111.88,Pago
100631,2026-03-26 07:56:31,carlos.pereira1994@gmail.com,site,email,newsletter,news_mar,,18.90,0.00,14.90,33.80,Pago
100632,2026-03-26 10:19:06,leticia.nascimento80@icloud.com,site,google,cpc,GOOGLE_SEARCH_MARCA,,119.90,0.00,14.90,134.80,Pago
100633,2026-03-26 10:42:33,aline.simoes93@yahoo.com.br,site,instagram,influencer,INFLU_DUDA_BARISTA,DUDA15,154.70,23.20,14.90,146.40,Pago
100634,2026-03-26 10:48:38,fernanda.barbosa1990@outlook.com,site,instagram,social,bio_link,,24.90,0.00,14.90,39.80,Pago
100635,2026-03-26 13:20:43,juliana.nascimento31@gmail.com,site,instagram,social,bio_link,,259.70,0.00,0.00,259.70,Pago
100636,2026-03-26 15:47:50,lucas.ribeiro2006@gmail.com,site,google,shopping,GOOGLE_SHOPPING,,139.70,0.00,14.90,154.60,Pago
100637,2026-03-26 17:26:48,rafael.moreira2000@icloud.com,site,google,cpc,GOOGLE_SEARCH_MARCA,,189.80,0.00,0.00,189.80,Pago
100638,2026-03-26 18:42:38,FERNANDA.SIMOES2004@ICLOUD.COM,site,whatsapp,referral,indique_ganhe,,113.70,0.00,14.90,128.60,Pago
100639,2026-03-26 21:43:30,gabriela.oliveira38@gmail.com,site,google,shopping,GOOGLE_SHOPPING,,89.90,0.00,14.90,104.80,Cancelado
100640,2026-03-26 22:38:50,beatriz.almeida1995@yahoo.com.br,site,ig,cpc,Meta_Prospeccao_Blends ,,49.90,0.00,27.90,77.80,Pago
100641,2026-03-26 23:46:02,beatriz.martins2001@gmail.com,site,,,,,24.90,0.00,14.90,39.80,Pago
100642,2026-03-27 12:12:20,rodrigo.costa1984@gmail.com,site,google,cpc,google_search_generico,,18.90,0.00,14.90,33.80,Pago
100643,2026-03-27 13:48:35,fernanda.ribeiro@gmail.com,site,instagram,social,bio_link,,208.70,0.00,0.00,208.70,Pago
100644,2026-03-27 14:31:38,fernanda.moreira82@gmail.com,assinatura,,,,,69.90,6.99,0.00,62.91,Pago
100645,2026-03-27 17:03:35,eduardo.pereira1989@hotmail.com,site,,,,DUDA15,209.80,31.47,0.00,178.33,Pago
100646,2026-03-27 18:23:46,carlos.barbosa66@gmail.com,site,,,,,469.40,0.00,0.00,469.40,Pago
100647,2026-03-27 19:04:29,gabriel.santos58@icloud.com,site,email,newsletter,news_mar,,54.90,0.00,14.90,69.80,Pago
100648,2026-03-27 19:32:27,gabriela.pimentel@yahoo.com.br,site,google,cpc,google_search_generico,CAFE20,289.70,57.94,0.00,231.76,Pago
100649,2026-03-27 23:40:39,JULIA.MOREIRA1981@HOTMAIL.COM,site,email,newsletter,news_mar,,138.80,0.00,14.90,153.70,Pago
100650,2026-03-28 06:33:49,juliana.simoes1983@hotmail.com,site,instagram,social,bio_link,,238.40,0.00,0.00,238.40,Pago
100651,2026-03-28 08:26:29,caio.ribeiro1981@gmail.com,assinatura,,,,,69.90,6.99,0.00,62.91,Pago
100652,2026-03-28 08:35:57, leonardo.almeida1992@outlook.com,site,,,,,24.90,0.00,22.90,47.80,Pago
100653,2026-03-28 08:52:07,fabio.ribeiro@gmail.com,site,google,cpc,GOOGLE_SHOPPING,,18.90,0.00,14.90,33.80,Cancelado
100654,2026-03-28 09:50:31,fabio.oliveira1995@hotmail.com,site,,,,,119.90,0.00,14.90,134.80,Pago
100655,2026-03-28 10:00:23,leticia.rocha787@outlook.com,site,,,,,278.60,0.00,0.00,278.60,Pago
100656,2026-03-28 10:32:49,GABRIELA.PEREIRA1994@YAHOO.COM.BR,assinatura,,,,,69.90,6.99,0.00,62.91,Pago
100657,2026-03-28 11:13:09,larissa.mercon1981@gmail.com,site,google,shopping,GOOGLE_SHOPPING,,234.70,0.00,0.00,234.70,Pago
100658,2026-03-28 12:51:19,maria.araujo1988@yahoo.com.br,site,google,cpc,google_search_generico,,49.90,0.00,14.90,64.80,Pago
100659,2026-03-28 18:35:24,rodrigo.pimentel2004@gmail.com,site,email,newsletter,news_mar,,399.70,0.00,0.00,399.70,Pago
100660,2026-03-28 18:47:17,fabio.simoes1986@gmail.com,site,fb,paid,meta_prospeccao_blends, BEMVINDO10,18.90,1.89,14.90,31.91,Pago
100661,2026-03-28 19:24:49,camila.barbosa151@outlook.com,assinatura,,,,,69.90,6.99,0.00,62.91,Pago
100662,2026-03-28 19:40:53,maria.santos35@hotmail.com,assinatura,,,,,69.90,6.99,0.00,62.91,Pago
100663,2026-03-28 20:13:16,thais.gomes425@icloud.com,site,google,cpc,GOOGLE_SEARCH_MARCA,,68.80,0.00,27.90,96.70,Pago
100664,2026-03-28 21:26:01,julia.lima1993@hotmail.com,site,google,cpc,GOOGLE_SEARCH_GENERICO,,184.70,0.00,0.00,184.70,Pago
100665,2026-03-29 11:38:25,luiza.ferreira89@outlook.com,site,google,cpc,GOOGLE_SEARCH_MARCA,,139.80,0.00,14.90,154.70,Pago
100666,2026-03-29 12:12:41,felipe.dallabernardina1995@outlook.com,site,,,,,139.80,0.00,14.90,154.70,Pago
100667,2026-03-29 12:21:34,marcelo.silva@hotmail.com,site,facebook,cpc,META_REMARKETING, CAFE20,219.70,43.94,0.00,175.76,Pago
100668,2026-03-29 12:58:10,gabriel.carvalho@gmail.com,site,google,shopping,GOOGLE_SHOPPING,,98.80,0.00,14.90,113.70,Pago
100669,2026-03-29 15:25:50,beatriz.mercon@hotmail.com,assinatura,,,,,69.90,6.99,0.00,62.91,Pago
100670,2026-03-29 16:01:31,luiza.barbosa4@gmail.com,assinatura,,,,,69.90,6.99,0.00,62.91,Pago
100671,2026-03-29 16:58:18,bruno.costa1984@yahoo.com.br,site,google,cpc,GOOGLE_SEARCH_GENERICO,,134.80,0.00,14.90,149.70,Pago
100672,2026-03-30 10:05:32,camila.barbosa1980@gmail.com,site,google,cpc,GOOGLE_SHOPPING,CAFE20,139.90,27.98,14.90,126.82,Pago
100673,2026-03-30 10:20:22,gabriel.silva92@hotmail.com,site,,,,INDIQUE15 ,119.90,17.98,31.50,133.42,Pago
100674,2026-03-30 11:41:46,beatriz.gomes655@yahoo.com.br,site,,,,,164.70,0.00,0.00,164.70,Pago
100675,2026-03-30 12:50:17,carlos.moreira2005@yahoo.com.br,site,,,,,224.60,0.00,0.00,224.60,Reembolsado
100676,2026-03-30 14:42:12,larissa.oliveira@gmail.com,site,instagram,influencer,INFLU_CAFE_COM_BIA,DUDA15,178.80,26.82,0.00,151.98,Pago
100677,2026-03-30 17:55:01,carolina.ribeiro1986@gmail.com,site,instagram,social,bio_link,,409.70,0.00,0.00,409.70,Pago
100678,2026-03-30 20:20:47,eduardo.loureiro2002@gmail.com,site,google,cpc,google_search_generico,,124.70,0.00,27.90,152.60,Pago
100679,2026-03-30 21:10:08,pedro.barbosa4@hotmail.com,site,facebook,cpc,META_REMARKETING,BEMVINDO10,139.90,13.99,14.90,140.81,Aguardando pagamento
100680,2026-03-31 06:07:34,rodrigo.ferreira1984@hotmail.com,site,,,,,79.90,0.00,14.90,94.80,Pago
100681,2026-03-31 07:55:19,larissa.carvalho2005@yahoo.com.br,site,,,,CAFE20,49.90,9.98,14.90,54.82,Reembolsado
100682,2026-03-31 11:26:11,larissa.rocha46@hotmail.com,site,,,,,89.90,0.00,14.90,104.80,Pago
100683,2026-03-31 12:45:45,carolina.pereira7@gmail.com,site,google,cpc,GOOGLE_SEARCH_MARCA,,139.80,0.00,14.90,154.70,Pago
100684,2026-03-31 17:23:28,fernanda.dallabernardina1996@yahoo.com.br,site,ig,cpc,Meta_Prospeccao_Blends ,CAFE20,439.60,87.92,0.00,351.68,Pago
100685,2026-03-31 19:03:16,juliana.souza2003@gmail.com,site,,,,,49.90,0.00,14.90,64.80,Pago
100686,2026-03-31 19:05:52,luiza.martins2005@gmail.com,site,,,,,94.80,0.00,14.90,109.70,Pago
100687,2026-04-01 06:20:13,priscila.santos46@gmail.com,assinatura,,,,,69.90,6.99,0.00,62.91,Pago
100688,2026-04-01 06:27:36,caio.santos@hotmail.com,site,instagram,cpc,META_PROSPECCAO_BLENDS,CAFE20,339.70,67.94,0.00,271.76,Pago
100689,2026-04-01 07:41:14,ana.araujo55@outlook.com,site,google,shopping,GOOGLE_SHOPPING,,89.90,0.00,31.50,121.40,Pago
100690,2026-04-01 18:00:40,aline.santos1999@icloud.com,site,,,,,259.50,0.00,0.00,259.50,Pago
100691,2026-04-01 18:41:27,debora.oliveira1994@icloud.com,site,email,newsletter,news_apr,,184.70,0.00,0.00,184.70,Pago
100692,2026-04-01 20:30:03,gustavo.loureiro2000@yahoo.com.br,site,instagram,social,bio_link, CAFE20,49.90,9.98,14.90,54.82,Pago
100693,2026-04-01 20:38:49,joao.pereira95@icloud.com,site,whatsapp,referral,indique_ganhe,,134.70,0.00,22.90,157.60,Pago
100694,2026-04-01 21:31:21,fernanda.pimentel@gmail.com,site,whatsapp,referral,indique_ganhe,INDIQUE15,89.90,13.49,14.90,91.31,Pago
100695,2026-04-01 22:28:51,andre.costa@gmail.com,site,whatsapp,referral,indique_ganhe,,54.90,0.00,22.90,77.80,Cancelado
100696,2026-04-01 22:55:25,andre.ferreira47@gmail.com,site,,,,,369.70,0.00,0.00,369.70,Pago
100697,2026-04-02 08:34:26,CAMILA.MARTINS392@OUTLOOK.COM,site,,,,,489.60,0.00,0.00,489.60,Pago
100698,2026-04-02 13:52:14,fernanda.rocha16@outlook.com,site,google,cpc,GOOGLE_SEARCH_MARCA,FRETEGRATIS,119.90,0.00,0.00,119.90,Pago
100699,2026-04-02 16:04:37,fabio.dallabernardina@icloud.com,site,google,organic,,PRIMEIRACOMPRA,44.90,6.73,14.90,53.07,Pago
100700,2026-04-02 16:39:03,gustavo.barbosa@hotmail.com,site,google,cpc,google_search_generico,CAFE20,153.70,30.74,14.90,137.86,Pago
100701,2026-04-02 18:12:09, diego.mercon@gmail.com,site,facebook,cpc,META_PROSPECCAO_BLENDS,BEMVINDO10,139.90,13.99,14.90,140.81,Pago
100702,2026-04-02 23:19:37,julia.silva1980@yahoo.com.br,site,instagram,influencer,INFLU_DUDA_BARISTA,BIA10,269.50,26.95,0.00,242.55,Pago
100703,2026-04-03 06:04:53,rafael.zanotti34@gmail.com,site,google,cpc,GOOGLE_SEARCH_MARCA,,69.90,0.00,14.90,84.80,Pago
100704,2026-04-03 06:11:58,mariana.lima@yahoo.com.br,assinatura,,,,,69.90,6.99,0.00,62.91,Pago
100705,2026-04-03 06:58:22,gustavo.mercon56@gmail.com,site,instagram,cpc,META_PROSPECCAO_BLENDS,,408.50,0.00,0.00,408.50,Pago
100706,2026-04-03 08:08:05, leticia.nascimento2002@gmail.com,site,instagram,social,bio_link,,239.80,0.00,0.00,239.80,Pago
100707,2026-04-03 08:24:56,ana.simoes@gmail.com,site,google,cpc,GOOGLE_SEARCH_GENERICO,,49.90,0.00,14.90,64.80,Pago
100708,2026-04-03 11:20:20,aline.pereira@outlook.com,site,facebook,cpc,META_PROSPECCAO_BLENDS,,204.70,0.00,0.00,204.70,Pago
100709,2026-04-03 12:39:00,priscila.moreira@gmail.com,site,instagram,social,bio_link,,149.70,0.00,14.90,164.60,Pago
100710,2026-04-03 13:27:14,marcelo.pereira2006@gmail.com,site,email,newsletter,news_apr,,44.90,0.00,14.90,59.80,Pago
100711,2026-04-03 13:59:48,lucas.martins28@gmail.com,site,instagram,cpc,META_PROSPECCAO_BLENDS,PRIMEIRACOMPRA,49.90,7.48,14.90,57.32,Pago
100712,2026-04-03 16:57:53,juliana.martins@hotmail.com,site,,,,,49.90,0.00,22.90,72.80,Pago
100713,2026-04-03 18:35:37,thiago.silva@hotmail.com,site,google,shopping,GOOGLE_SHOPPING,,49.90,0.00,27.90,77.80,Pago
100714,2026-04-03 20:20:50,beatriz.carvalho@gmail.com,site,email,newsletter,news_apr,,69.90,0.00,22.90,92.80,Pago
100715,2026-04-03 20:41:50,debora.nascimento1985@yahoo.com.br,site,instagram,cpc,META_PROSPECCAO_BLENDS,BEMVINDO10,194.80,19.48,0.00,175.32,Pago
100716,2026-04-03 21:09:47,camila.santos1999@gmail.com,site,,,,,18.90,0.00,14.90,33.80,Pago
100717,2026-04-03 21:30:38,LARISSA.ZANOTTI@GMAIL.COM,site,ig,cpc,Meta_Prospeccao_Blends ,BEMVINDO10,414.60,41.46,0.00,373.14,Aguardando pagamento
100718,2026-04-03 22:40:18,priscila.dallabernardina@icloud.com,site,google,shopping,GOOGLE_SHOPPING,,449.60,0.00,0.00,449.60,Pago
100719,2026-04-03 23:41:39,carlos.mercon@gmail.com,site,instagram,social,bio_link,,54.90,0.00,14.90,69.80,Pago
100720,2026-04-04 06:27:44,BEATRIZ.MERCON30@OUTLOOK.COM,site,instagram,cpc,META_REMARKETING,,319.70,0.00,0.00,319.70,Pago
100721,2026-04-04 07:39:37,LETICIA.PEREIRA91@GMAIL.COM,site,instagram,cpc,META_PROSPECCAO_BLENDS,CAFE20,354.50,70.90,0.00,283.60,Pago
100722,2026-04-04 07:44:54,gabriel.simoes@hotmail.com,site,whatsapp,referral,indique_ganhe,,69.90,0.00,14.90,84.80,Pago
100723,2026-04-04 10:25:27,camila.costa1995@gmail.com,site,instagram,cpc,META_PROSPECCAO_BLENDS,BEMVINDO10,144.80,14.48,14.90,145.22,Pago
100724,2026-04-04 12:26:10,beatriz.rocha@yahoo.com.br,site,,,,DUDA15,289.70,43.45,0.00,246.25,Pago
100725,2026-04-04 14:05:36, rafael.silva1994@icloud.com,site,google,cpc,GOOGLE_SEARCH_MARCA,,99.80,0.00,14.90,114.70,Pago
100726,2026-04-04 14:50:59,pedro.dallabernardina1982@outlook.com,site,instagram,social,bio_link,,44.90,0.00,14.90,59.80,Pago
100727,2026-04-04 16:08:05,pedro.araujo2000@gmail.com,site,google,shopping,GOOGLE_SHOPPING,,214.80,0.00,0.00,214.80,Pago
100728,2026-04-04 16:48:44,beatriz.martins@gmail.com,site,google,cpc,GOOGLE_SHOPPING,,219.60,0.00,0.00,219.60,Pago
100729,2026-04-04 17:02:52,fabio.rocha@yahoo.com.br,site,instagram,influencer,INFLU_DUDA_BARISTA, BIA10,79.90,7.99,14.90,86.81,Pago
100730,2026-04-04 17:08:03,luiza.simoes@gmail.com,site,instagram,cpc,META_PROSPECCAO_BLENDS,BEMVINDO10,329.50,32.95,0.00,296.55,Pago
100731,2026-04-04 18:11:51,patricia.martins@hotmail.com,site,,,,,49.90,0.00,14.90,64.80,Pago
100732,2026-04-04 19:47:03,beatriz.martins81@outlook.com,site,google,cpc,GOOGLE_SEARCH_GENERICO,,259.80,0.00,0.00,259.80,Pago
100733,2026-04-04 21:48:04,bruno.dallabernardina@icloud.com,site,google,cpc,GOOGLE_SEARCH_MARCA,CAFE20,44.90,8.98,22.90,58.82,Pago
100734,2026-04-04 23:14:30,gustavo.rocha41@hotmail.com,assinatura,,,,,69.90,6.99,0.00,62.91,Pago
100735,2026-04-05 06:20:38,bruna.pereira@outlook.com,site,instagram,social,bio_link,,69.90,0.00,22.90,92.80,Pago
100736,2026-04-05 07:22:33,renata.zanotti@gmail.com,site,google,cpc,GOOGLE_SEARCH_MARCA,,399.40,0.00,0.00,399.40,Aguardando pagamento
100737,2026-04-05 09:34:03,mateus.moreira@gmail.com,site,,,,,447.40,0.00,0.00,447.40,Pago
100738,2026-04-05 10:00:54,fernanda.loureiro96@yahoo.com.br,site,google,cpc,GOOGLE_SEARCH_GENERICO,PRIMEIRACOMPRA ,68.80,10.32,27.90,86.38,Pago
100739,2026-04-05 13:23:38,juliana.simoes@gmail.com,site,,,,,304.60,0.00,0.00,304.60,Pago
100740,2026-04-05 13:48:44, rafael.dallabernardina31@gmail.com,site,google,cpc,GOOGLE_SEARCH_MARCA,,318.60,0.00,0.00,318.60,Pago
100741,2026-04-05 15:09:08,juliana.carvalho@hotmail.com,site,fb,paid,meta_prospeccao_blends,,89.80,0.00,27.90,117.70,Aguardando pagamento
100742,2026-04-05 16:17:23,diego.rodrigues79@icloud.com,site,google,cpc,google_search_generico,,49.80,0.00,14.90,64.70,Pago
100743,2026-04-05 21:48:31,BRUNA.RODRIGUES1993@GMAIL.COM,site,instagram,social,bio_link,,63.80,0.00,14.90,78.70,Pago
100744,2026-04-05 23:26:52,patricia.pereira69@hotmail.com,site,instagram,cpc,META_REMARKETING,,119.80,0.00,14.90,134.70,Pago
100745,2026-04-06 06:47:39,carolina.oliveira6@hotmail.com,site,instagram,influencer,INFLU_CAFE_COM_BIA,DUDA15,89.90,13.49,31.50,107.91,Pago
100746,2026-04-06 08:16:08,gabriel.souza2005@gmail.com,site,google,cpc,google_search_generico,,79.90,0.00,14.90,94.80,Pago
100747,2026-04-06 12:50:09,patricia.dallabernardina1988@outlook.com,site,ig,cpc,Meta_Prospeccao_Blends ,PRIMEIRACOMPRA,234.60,35.19,0.00,199.41,Reembolsado
100748,2026-04-06 13:08:56,ana.costa72@icloud.com,site,google,cpc,GOOGLE_SHOPPING,,44.90,0.00,14.90,59.80,Pago
100749,2026-04-06 13:41:49,BRUNA.BARBOSA16@HOTMAIL.COM,site,instagram,cpc,META_PROSPECCAO_BLENDS,BEMVINDO10,54.90,5.49,14.90,64.31,Pago
100750,2026-04-06 14:44:50,gabriela.dallabernardina98@gmail.com,site,google,cpc,GOOGLE_SEARCH_GENERICO, BEMVINDO10,209.80,20.98,0.00,188.82,Pago
100751,2026-04-06 18:02:10,gustavo.lima5@outlook.com,assinatura,,,,,69.90,6.99,0.00,62.91,Pago
100752,2026-04-06 18:24:36,caio.oliveira@gmail.com,site,facebook,cpc,META_REMARKETING,,374.60,0.00,0.00,374.60,Pago
100753,2026-04-06 20:07:29,bruna.moreira@outlook.com,site,google,cpc,GOOGLE_SEARCH_MARCA,,54.90,0.00,14.90,69.80,Pago
100754,2026-04-06 20:09:52, caio.costa@hotmail.com,site,instagram,cpc,META_REMARKETING,,309.60,0.00,0.00,309.60,Pago
100755,2026-04-06 20:14:52,larissa.loureiro1985@yahoo.com.br,assinatura,,,,,69.90,6.99,0.00,62.91,Pago
100756,2026-04-06 20:36:35, lucas.loureiro@yahoo.com.br,site,instagram,cpc,META_PROSPECCAO_BLENDS,,683.40,0.00,0.00,683.40,Pago
100757,2026-04-06 21:05:13,leonardo.rocha48@gmail.com,assinatura,,,,,69.90,6.99,0.00,62.91,Pago
100758,2026-04-07 08:34:24,patricia.almeida@gmail.com,site,google,cpc,GOOGLE_SHOPPING,,144.70,0.00,14.90,159.60,Pago
100759,2026-04-07 08:59:34,rafael.santos2003@outlook.com,site,google,cpc,GOOGLE_SEARCH_MARCA,,143.60,0.00,14.90,158.50,Pago
100760,2026-04-07 11:46:47,gabriela.rocha84@gmail.com,site,,,,,139.90,0.00,14.90,154.80,Cancelado
100761,2026-04-07 12:00:07,carlos.barbosa1999@gmail.com,site,email,newsletter,news_apr,,184.80,0.00,0.00,184.80,Cancelado
100762,2026-04-07 12:44:14,debora.pereira1997@hotmail.com,site,google,cpc,GOOGLE_SEARCH_GENERICO,,56.70,0.00,14.90,71.60,Pago
100763,2026-04-07 13:16:08,leticia.nascimento91@hotmail.com,site,google,cpc,google_search_generico,,79.90,0.00,27.90,107.80,Pago
100764,2026-04-07 14:38:10,fernanda.costa27@gmail.com,site,email,newsletter,news_apr,,209.80,0.00,0.00,209.80,Cancelado
100765,2026-04-07 14:45:57,juliana.simoes68@gmail.com,site,,,,,18.90,0.00,14.90,33.80,Pago
100766,2026-04-07 16:06:28,renata.silva1981@hotmail.com,site,whatsapp,referral,indique_ganhe,,244.60,0.00,0.00,244.60,Pago
100767,2026-04-07 16:39:26,leticia.mercon70@outlook.com,assinatura,,,,,69.90,6.99,0.00,62.91,Pago
100768,2026-04-07 18:49:30,diego.costa@gmail.com,site,,,,,639.50,0.00,0.00,639.50,Pago
100769,2026-04-07 19:00:50,beatriz.barbosa95@gmail.com,site,google,cpc,GOOGLE_SEARCH_MARCA,,364.50,0.00,0.00,364.50,Aguardando pagamento
100770,2026-04-07 21:44:18,patricia.araujo@gmail.com,site,google,cpc,GOOGLE_SEARCH_GENERICO, CAFE20,68.80,13.76,14.90,69.94,Pago
100771,2026-04-07 22:23:55,fabio.araujo58@yahoo.com.br,site,,,,,144.80,0.00,14.90,159.70,Pago
100772,2026-04-07 23:06:53,rodrigo.pimentel81@gmail.com,site,instagram,social,bio_link,,99.80,0.00,14.90,114.70,Pago
100773,2026-04-07 23:07:43,ana.moreira1983@gmail.com,site,google,cpc,GOOGLE_SEARCH_MARCA,,49.90,0.00,14.90,64.80,Pago
100773,2026-04-07 23:07:43,ana.moreira1983@gmail.com,site,google,cpc,GOOGLE_SEARCH_MARCA,,49.90,0.00,14.90,64.80,Pago
100774,2026-04-07 23:51:20,fabio.souza@gmail.com,site,google,cpc,GOOGLE_SHOPPING,,204.60,0.00,0.00,204.60,Pago
100775,2026-04-08 07:32:29,rafael.costa1984@gmail.com,site,instagram,influencer,INFLU_DUDA_BARISTA,DUDA15,374.60,56.19,0.00,318.41,Reembolsado
100776,2026-04-08 11:23:42,diego.silva@outlook.com,site,whatsapp,referral,indique_ganhe,,209.80,0.00,0.00,209.80,Pago
100777,2026-04-08 13:21:12,aline.costa2000@gmail.com,site,,,,FRETEGRATIS ,239.70,0.00,0.00,239.70,Cancelado
100778,2026-04-08 13:26:04,julia.santos@outlook.com,site,,,,,139.90,0.00,14.90,154.80,Pago
100779,2026-04-08 13:42:46, caio.rodrigues@icloud.com,assinatura,,,,,69.90,6.99,0.00,62.91,Pago
100780,2026-04-08 13:48:03,debora.dallabernardina93@hotmail.com,site,facebook,cpc,META_PROSPECCAO_BLENDS,CAFE20,119.80,23.96,14.90,110.74,Pago
100781,2026-04-08 14:05:11,bruna.silva1987@gmail.com,site,instagram,cpc,META_REMARKETING,CAFE20,94.70,18.94,14.90,90.66,Pago
100782,2026-04-08 15:35:18,fabio.mercon@hotmail.com,site,instagram,social,bio_link,,54.90,0.00,14.90,69.80,Pago
100783,2026-04-08 16:58:14,felipe.martins1984@gmail.com,site,google,cpc,GOOGLE_SHOPPING,BEMVINDO10,79.90,7.99,14.90,86.81,Pago
100784,2026-04-08 17:03:46,gabriel.moreira48@hotmail.com,site,facebook,cpc,META_PROSPECCAO_BLENDS,CAFE20,359.60,71.92,0.00,287.68,Pago
100785,2026-04-08 17:18:27,vinicius.nascimento1991@gmail.com,site,instagram,cpc,META_REMARKETING,BEMVINDO10,68.80,6.88,14.90,76.82,Pago
100786,2026-04-08 18:52:40,carolina.almeida1981@yahoo.com.br,site,instagram,social,bio_link,,94.80,0.00,27.90,122.70,Pago
100787,2026-04-08 19:53:30,diego.araujo@gmail.com,site,instagram,cpc,META_REMARKETING,BEMVINDO10,258.60,25.86,0.00,232.74,Pago
100788,2026-04-08 23:38:00,carolina.silva2005@icloud.com,site,ig,cpc,Meta_Prospeccao_Blends ,BEMVINDO10,54.90,5.49,27.90,77.31,Pago
100789,2026-04-09 07:34:28,eduardo.oliveira1993@gmail.com,site,instagram,cpc,META_REMARKETING,CAFE20 ,114.70,22.94,14.90,106.66,Pago
100790,2026-04-09 12:15:50,aline.santos2006@hotmail.com,site,email,newsletter,news_apr,,159.90,0.00,0.00,159.90,Pago
100791,2026-04-09 15:23:24, gabriela.mercon2006@gmail.com,site,instagram,social,bio_link,,49.90,0.00,14.90,64.80,Pago
100792,2026-04-09 15:47:29,aline.dallabernardina1997@hotmail.com,site,google,cpc,GOOGLE_SEARCH_MARCA,,68.80,0.00,14.90,83.70,Pago
100793,2026-04-09 16:40:30,eduardo.loureiro2001@gmail.com,site,facebook,cpc,META_PROSPECCAO_BLENDS,CAFE20,89.80,17.96,14.90,86.74,Pago
100794,2026-04-09 17:05:41,larissa.costa25@gmail.com,site,google,cpc,GOOGLE_SEARCH_MARCA,,49.90,0.00,14.90,64.80,Pago
100795,2026-04-09 19:11:37,leticia.mercon72@hotmail.com,site,instagram,cpc,META_PROSPECCAO_BLENDS,CAFE20,89.90,17.98,14.90,86.82,Pago
100796,2026-04-09 19:47:31,thais.pereira70@gmail.com,site,,,,,158.70,0.00,0.00,158.70,Cancelado
100797,2026-04-09 22:47:10,maria.nascimento1996@gmail.com,site,,,,,209.70,0.00,0.00,209.70,Pago
100798,2026-04-09 22:56:40,carlos.silva7@outlook.com,site,instagram,cpc,META_PROSPECCAO_BLENDS,BEMVINDO10,24.90,2.49,14.90,37.31,Pago
100798,2026-04-09 22:56:40,carlos.silva7@outlook.com,site,instagram,cpc,META_PROSPECCAO_BLENDS,BEMVINDO10,24.90,2.49,14.90,37.31,Pago
100799,2026-04-10 10:31:03,diego.dallabernardina1989@gmail.com,assinatura,,,,,69.90,6.99,0.00,62.91,Pago
100800,2026-04-10 10:33:17,bruna.simoes@gmail.com,site,instagram,influencer,INFLU_CAFE_COM_BIA,BIA10,143.70,14.37,14.90,144.23,Pago
100801,2026-04-10 13:08:32, thiago.costa@yahoo.com.br,site,google,cpc,GOOGLE_SEARCH_MARCA,,234.50,0.00,0.00,234.50,Reembolsado
100802,2026-04-10 13:26:02,bruna.souza81@hotmail.com,site,,,,,194.70,0.00,0.00,194.70,Pago
100803,2026-04-10 13:38:57, gustavo.martins@icloud.com,site,google,cpc,GOOGLE_SEARCH_MARCA,,279.80,0.00,0.00,279.80,Pago
100804,2026-04-10 15:42:33,caio.carvalho60@gmail.com,site,,,,DUDA15,184.60,27.69,0.00,156.91,Pago
100805,2026-04-10 16:31:40,priscila.mercon@gmail.com,site,instagram,cpc,META_PROSPECCAO_BLENDS,CAFE20,429.60,85.92,0.00,343.68,Pago
100806,2026-04-10 16:43:52,diego.pimentel2006@hotmail.com,site,fb,paid,meta_prospeccao_blends,PRIMEIRACOMPRA,49.90,7.48,14.90,57.32,Pago
100807,2026-04-10 19:15:29,renata.simoes10@gmail.com,site,instagram,social,bio_link,,18.90,0.00,31.50,50.40,Pago
100808,2026-04-10 19:41:21,renata.almeida1982@gmail.com,site,,,,,24.90,0.00,14.90,39.80,Pago
100809,2026-04-10 19:48:55,larissa.simoes@gmail.com,site,ig,cpc,Meta_Prospeccao_Blends ,PRIMEIRACOMPRA,309.70,46.45,0.00,263.25,Pago
100810,2026-04-10 19:51:13,renata.nascimento79@yahoo.com.br,site,google,shopping,GOOGLE_SHOPPING,,113.60,0.00,14.90,128.50,Pago
100811,2026-04-11 06:06:23,RENATA.PIMENTEL2006@GMAIL.COM,assinatura,,,,,69.90,6.99,0.00,62.91,Pago
100812,2026-04-11 08:24:54,carlos.pimentel790@yahoo.com.br,site,,,,,409.60,0.00,0.00,409.60,Pago
100813,2026-04-11 08:38:34,andre.moreira1980@hotmail.com,site,google,cpc,GOOGLE_SEARCH_MARCA,,69.90,0.00,14.90,84.80,Pago
100814,2026-04-11 09:27:54,maria.gomes1998@gmail.com,site,google,organic,,,264.70,0.00,0.00,264.70,Cancelado
100815,2026-04-11 10:22:56,debora.ferreira32@hotmail.com,site,google,cpc,GOOGLE_SEARCH_MARCA,,69.90,0.00,14.90,84.80,Pago
100816,2026-04-11 12:11:08,leticia.dallabernardina47@gmail.com,site,,,,,69.90,0.00,14.90,84.80,Pago
100817,2026-04-11 12:38:56,thais.martins1996@gmail.com,site,google,cpc,GOOGLE_SEARCH_MARCA,,49.90,0.00,14.90,64.80,Pago
100818,2026-04-11 12:53:21,thais.santos87@hotmail.com,assinatura,,,,,69.90,6.99,0.00,62.91,Pago
100819,2026-04-11 14:19:08,camila.ferreira1981@gmail.com,site,google,shopping,GOOGLE_SHOPPING,,49.90,0.00,14.90,64.80,Pago
100820,2026-04-11 19:05:43,gabriela.ribeiro@gmail.com,site,,,,,159.90,0.00,0.00,159.90,Cancelado
100821,2026-04-11 21:15:27,rodrigo.loureiro82@gmail.com,assinatura,,,,,69.90,6.99,0.00,62.91,Pago
100822,2026-04-11 21:42:47,carolina.gomes@icloud.com,site,instagram,influencer,INFLU_DUDA_BARISTA,BIA10,159.90,15.99,14.90,158.81,Pago
100823,2026-04-11 23:00:41,julia.souza2004@outlook.com,site,google,organic,,,184.70,0.00,0.00,184.70,Pago
100824,2026-04-11 23:27:52,joao.carvalho@icloud.com,site,instagram,cpc,META_PROSPECCAO_BLENDS,PRIMEIRACOMPRA,159.90,23.98,22.90,158.82,Pago
100825,2026-04-11 23:41:27,debora.lima1987@gmail.com,site,google,cpc,GOOGLE_SEARCH_MARCA,,164.70,0.00,0.00,164.70,Pago
100826,2026-04-12 06:55:53,priscila.moreira4@hotmail.com,site,,,,,99.80,0.00,14.90,114.70,Pago
100827,2026-04-12 09:10:49,renata.simoes16@hotmail.com,site,google,shopping,GOOGLE_SHOPPING,PRIMEIRACOMPRA,49.80,7.47,14.90,57.23,Pago
100828,2026-04-12 09:14:02,julia.loureiro87@gmail.com,site,instagram,influencer,INFLU_CAFE_COM_BIA,DUDA15,249.80,37.47,0.00,212.33,Pago
100829,2026-04-12 09:57:53,gabriel.lima@gmail.com,site,email,newsletter,news_apr,,123.70,0.00,14.90,138.60,Pago
100830,2026-04-12 12:31:46,BRUNA.PEREIRA2006@GMAIL.COM,site,facebook,cpc,META_PROSPECCAO_BLENDS,PRIMEIRACOMPRA,329.40,49.41,0.00,279.99,Pago
100831,2026-04-12 13:07:11,patricia.gomes@hotmail.com,site,google,cpc,GOOGLE_SHOPPING,,99.80,0.00,14.90,114.70,Pago
100832,2026-04-12 13:34:36,gabriela.almeida2002@icloud.com,site,,,,,49.90,0.00,14.90,64.80,Pago
100833,2026-04-12 13:41:50, priscila.ferreira83@gmail.com,site,google,organic,,,419.70,0.00,0.00,419.70,Pago
100834,2026-04-12 15:17:59,rafael.barbosa1988@icloud.com,site,,,,,269.60,0.00,0.00,269.60,Pago
100835,2026-04-12 18:30:46,eduardo.rocha@yahoo.com.br,site,,,,BIA10,234.70,23.47,0.00,211.23,Aguardando pagamento
100836,2026-04-12 19:53:12,camila.pimentel32@yahoo.com.br,site,instagram,cpc,META_REMARKETING,,18.90,0.00,14.90,33.80,Pago
100837,2026-04-12 20:33:49,diego.nascimento25@gmail.com,site,instagram,influencer,INFLU_CAFE_COM_BIA,DUDA15,109.80,16.47,14.90,108.23,Pago
100838,2026-04-12 20:49:45,aline.oliveira@hotmail.com,site,google,cpc,GOOGLE_SEARCH_MARCA,,219.70,0.00,0.00,219.70,Pago
100839,2026-04-12 21:33:31,vinicius.mercon1987@hotmail.com,site,instagram,social,bio_link,,37.80,0.00,27.90,65.70,Pago
100840,2026-04-12 23:47:54,luiza.pimentel1990@gmail.com,site,instagram,influencer,INFLU_DUDA_BARISTA,DUDA15,424.40,63.66,0.00,360.74,Aguardando pagamento
100841,2026-04-12 23:52:21,larissa.barbosa@gmail.com,site,facebook,cpc,META_REMARKETING,,159.80,0.00,0.00,159.80,Pago
100842,2026-04-13 06:50:11,vinicius.oliveira1984@gmail.com,site,,,,CAFE20,139.90,27.98,31.50,143.42,Pago
100843,2026-04-13 07:05:45,maria.ferreira1988@outlook.com,site,,,,,159.90,0.00,0.00,159.90,Pago
100844,2026-04-13 07:29:10,gabriela.oliveira@gmail.com,site,instagram,social,bio_link,,79.90,0.00,14.90,94.80,Pago
100845,2026-04-13 08:13:19,luiza.araujo581@gmail.com,site,google,cpc,GOOGLE_SEARCH_MARCA,,109.80,0.00,14.90,124.70,Pago
100846,2026-04-13 08:59:08,camila.gomes33@hotmail.com,site,fb,paid,meta_prospeccao_blends,CAFE20,119.90,23.98,14.90,110.82,Pago
100847,2026-04-13 10:32:50,fabio.mercon13@outlook.com,site,google,cpc,GOOGLE_SEARCH_MARCA,,304.50,0.00,0.00,304.50,Pago
100848,2026-04-13 12:17:06,mariana.rodrigues@gmail.com,site,google,cpc,GOOGLE_SEARCH_GENERICO,BEMVINDO10,274.70,27.47,0.00,247.23,Cancelado
100849,2026-04-13 12:58:11,larissa.martins2@hotmail.com,site,instagram,social,bio_link,,198.60,0.00,0.00,198.60,Pago
100850,2026-04-13 14:37:23,marcelo.costa46@gmail.com,site,ig,cpc,Meta_Prospeccao_Blends ,primeiracompra,54.90,8.23,14.90,61.57,Pago
100851,2026-04-13 15:34:47,renata.ferreira1998@icloud.com,site,instagram,influencer,INFLU_DUDA_BARISTA,BIA10,139.90,13.99,14.90,140.81,Aguardando pagamento
100852,2026-04-13 15:41:57,julia.pimentel1999@gmail.com,site,google,cpc,GOOGLE_SEARCH_GENERICO,,278.60,0.00,0.00,278.60,Pago
100853,2026-04-13 16:06:21,pedro.nascimento1989@outlook.com,site,fb,paid,meta_prospeccao_blends,BEMVINDO10,89.90,8.99,14.90,95.81,Pago
100854,2026-04-13 16:43:17,ana.loureiro47@yahoo.com.br,site,instagram,social,bio_link,,119.90,0.00,14.90,134.80,Cancelado
100855,2026-04-13 20:23:50, camila.araujo1989@icloud.com,site,facebook,cpc,META_REMARKETING,,18.90,0.00,14.90,33.80,Pago
100856,2026-04-13 20:25:04,mariana.lima93@gmail.com,site,instagram,cpc,META_PROSPECCAO_BLENDS,,409.60,0.00,0.00,409.60,Pago
100857,2026-04-14 06:32:45,marcelo.oliveira1985@gmail.com,site,,,,,44.90,0.00,14.90,59.80,Pago
100858,2026-04-14 06:47:43,julia.barbosa28@gmail.com,site,,,,,394.50,0.00,0.00,394.50,Pago
100859,2026-04-14 08:05:18,renata.barbosa1999@gmail.com,site,facebook,cpc,META_PROSPECCAO_BLENDS,CAFE20,479.70,95.94,0.00,383.76,Pago
100860,2026-04-14 08:41:56,gabriela.barbosa2001@outlook.com,site,google,cpc,GOOGLE_SEARCH_MARCA,,164.70,0.00,0.00,164.70,Pago
100861,2026-04-14 10:16:49,mariana.araujo28@hotmail.com,site,fb,paid,meta_prospeccao_blends,CAFE20,299.80,59.96,0.00,239.84,Cancelado
100862,2026-04-14 10:42:06, andre.almeida@gmail.com,site,instagram,influencer,INFLU_DUDA_BARISTA,BIA10,169.80,16.98,0.00,152.82,Pago
100863,2026-04-14 10:49:00,julia.nascimento31@hotmail.com,site,instagram,social,bio_link,,49.90,0.00,31.50,81.40,Pago
100864,2026-04-14 11:08:14,pedro.almeida1981@gmail.com,site,instagram,social,bio_link,,18.90,0.00,22.90,41.80,Pago
100865,2026-04-14 13:04:53,bruna.simoes579@gmail.com,assinatura,,,,,69.90,6.99,0.00,62.91,Pago
100866,2026-04-14 13:51:18,ana.ferreira@gmail.com,site,,,,,239.80,0.00,0.00,239.80,Pago
100867,2026-04-14 14:56:17, bruna.oliveira1981@gmail.com,site,instagram,influencer,INFLU_CAFE_COM_BIA,,176.50,0.00,0.00,176.50,Pago
100868,2026-04-14 15:11:46,ana.moreira1980@gmail.com,assinatura,,,,,69.90,6.99,0.00,62.91,Pago
100869,2026-04-14 15:15:43,debora.almeida43@gmail.com,site,,,,,319.60,0.00,0.00,319.60,Pago
100870,2026-04-14 15:21:22, leonardo.silva22@gmail.com,site,google,cpc,google_search_generico,,104.80,0.00,31.50,136.30,Cancelado
100871,2026-04-14 16:43:28,thais.dallabernardina1990@gmail.com,site,instagram,social,bio_link,,49.80,0.00,31.50,81.30,Pago
100872,2026-04-14 17:37:18,beatriz.gomes@gmail.com,site,facebook,cpc,META_PROSPECCAO_BLENDS, BEMVINDO10,319.70,31.97,0.00,287.73,Pago
100873,2026-04-14 22:12:26,bruna.nascimento2001@outlook.com,site,ig,cpc,Meta_Prospeccao_Blends ,CAFE20,139.90,27.98,14.90,126.82,Pago
100874,2026-04-14 22:29:47,leticia.almeida48@hotmail.com,site,ig,cpc,Meta_Prospeccao_Blends ,,259.80,0.00,0.00,259.80,Pago
100875,2026-04-15 06:33:09,andre.zanotti@hotmail.com,site,google,cpc,google_search_generico,,44.90,0.00,27.90,72.80,Pago
100876,2026-04-15 06:57:10,aline.gomes@yahoo.com.br,site,google,cpc,GOOGLE_SEARCH_MARCA,,79.90,0.00,27.90,107.80,Pago
100877,2026-04-15 07:25:23,fabio.carvalho18@gmail.com,site,,,,CAFE20,24.90,4.98,14.90,34.82,Pago
100878,2026-04-15 07:51:09, gabriel.ferreira1995@hotmail.com,site,,,,,809.40,0.00,0.00,809.40,Pago
100879,2026-04-15 11:43:20,gabriela.lima@hotmail.com,site,google,cpc,GOOGLE_SEARCH_GENERICO,CAFE20,149.70,29.94,27.90,147.66,Pago
100879,2026-04-15 11:43:20,gabriela.lima@hotmail.com,site,google,cpc,GOOGLE_SEARCH_GENERICO,CAFE20,149.70,29.94,27.90,147.66,Pago
100879,2026-04-15 11:43:20,gabriela.lima@hotmail.com,site,google,cpc,GOOGLE_SEARCH_GENERICO,CAFE20,149.70,29.94,27.90,147.66,Pago
100880,2026-04-15 13:42:54,camila.santos@hotmail.com,site,email,newsletter,news_apr,,49.90,0.00,14.90,64.80,Pago
100881,2026-04-15 15:31:06,mariana.martins299@gmail.com,site,instagram,cpc,META_PROSPECCAO_BLENDS,PRIMEIRACOMPRA,514.50,77.17,0.00,437.33,Pago
100882,2026-04-15 16:15:48, fernanda.ferreira2000@gmail.com,site,google,cpc,google_search_generico,,114.70,0.00,14.90,129.60,Pago
100883,2026-04-15 18:07:02,gabriela.pereira@icloud.com,site,google,organic,,,164.80,0.00,0.00,164.80,Pago
100884,2026-04-15 18:51:38,aline.ferreira82@gmail.com,site,,,,,189.70,0.00,0.00,189.70,Pago
100885,2026-04-15 19:36:37,lucas.barbosa50@gmail.com,site,whatsapp,referral,indique_ganhe,,54.90,0.00,14.90,69.80,Pago
100886,2026-04-15 19:47:38,carolina.rodrigues21@gmail.com,assinatura,,,,,69.90,6.99,0.00,62.91,Pago
100887,2026-04-15 20:59:24,maria.rocha2001@hotmail.com,site,,,,,298.70,0.00,0.00,298.70,Pago
100888,2026-04-15 21:05:00,thais.zanotti@outlook.com,site,,,,,106.60,0.00,31.50,138.10,Aguardando pagamento
100889,2026-04-15 23:57:32,felipe.simoes1989@icloud.com,site,,,,,144.70,0.00,14.90,159.60,Pago
100890,2026-04-16 06:42:29,renata.ferreira88@gmail.com,site,google,organic,,,54.90,0.00,27.90,82.80,Pago
100891,2026-04-16 15:08:24,larissa.souza@gmail.com,site,instagram,social,bio_link,,354.50,0.00,0.00,354.50,Pago
100892,2026-04-16 15:12:40,renata.pimentel@hotmail.com,site,fb,paid,meta_prospeccao_blends,,139.90,0.00,14.90,154.80,Pago
100893,2026-04-16 15:39:25,debora.souza89@hotmail.com,assinatura,,,,,69.90,6.99,0.00,62.91,Cancelado
100894,2026-04-16 16:17:40,rodrigo.ribeiro1993@gmail.com,site,facebook,cpc,META_PROSPECCAO_BLENDS,,209.80,0.00,0.00,209.80,Pago
100895,2026-04-16 17:56:26,carlos.ferreira@icloud.com,site,whatsapp,referral,indique_ganhe,,54.90,0.00,14.90,69.80,Pago
100896,2026-04-16 17:59:40,rodrigo.oliveira@hotmail.com,site,google,cpc,GOOGLE_SEARCH_MARCA,,407.50,0.00,0.00,407.50,Pago
100897,2026-04-16 19:21:03,priscila.costa@gmail.com,site,instagram,influencer,INFLU_DUDA_BARISTA,,229.70,0.00,0.00,229.70,Pago
100898,2026-04-16 20:09:03,aline.oliveira1988@gmail.com,site,email,newsletter,news_apr,,139.90,0.00,27.90,167.80,Pago
100899,2026-04-16 20:11:16,debora.araujo@gmail.com,assinatura,,,,,69.90,6.99,0.00,62.91,Pago
100900,2026-04-16 20:12:15,fabio.carvalho1988@outlook.com,site,instagram,influencer,INFLU_CAFE_COM_BIA,DUDA15,94.70,14.21,14.90,95.39,Pago
100901,2026-04-16 21:16:38,camila.rocha@gmail.com,site,instagram,influencer,INFLU_DUDA_BARISTA,DUDA15,288.60,43.29,0.00,245.31,Pago
100902,2026-04-16 22:44:39,thais.moreira1982@gmail.com,site,email,newsletter,news_apr,,73.80,0.00,14.90,88.70,Pago
100903,2026-04-17 08:36:19,juliana.ribeiro1982@gmail.com,site,google,cpc,GOOGLE_SHOPPING,,159.90,0.00,0.00,159.90,Pago
100904,2026-04-17 09:50:21,debora.souza34@icloud.com,site,fb,paid,meta_prospeccao_blends,PRIMEIRACOMPRA,99.80,14.97,14.90,99.73,Pago
100905,2026-04-17 14:30:32,pedro.ribeiro1988@hotmail.com,site,google,cpc,GOOGLE_SEARCH_GENERICO,,239.80,0.00,0.00,239.80,Cancelado
100906,2026-04-17 15:17:39,bruna.simoes@outlook.com,site,google,cpc,GOOGLE_SEARCH_MARCA,,49.90,0.00,14.90,64.80,Pago
100907,2026-04-17 15:47:47,rafael.martins204@outlook.com,site,email,newsletter,news_apr,,18.90,0.00,14.90,33.80,Pago
100908,2026-04-17 16:36:50,debora.costa@gmail.com,site,ig,cpc,Meta_Prospeccao_Blends ,,364.60,0.00,0.00,364.60,Pago
100909,2026-04-17 16:39:23,bruna.rocha93@gmail.com,site,google,cpc,GOOGLE_SEARCH_GENERICO,,89.80,0.00,14.90,104.70,Cancelado
100910,2026-04-17 17:25:53,patricia.dallabernardina1988@outlook.com,assinatura,,,,,69.90,6.99,0.00,62.91,Pago
100911,2026-04-17 21:39:55,larissa.nascimento1990@gmail.com,site,google,cpc,GOOGLE_SEARCH_GENERICO,,89.90,0.00,14.90,104.80,Pago
100912,2026-04-17 22:47:05,renata.gomes@hotmail.com,site,fb,paid,meta_prospeccao_blends,,18.90,0.00,14.90,33.80,Pago
100913,2026-04-17 23:58:44,juliana.rocha1991@outlook.com,site,google,cpc,GOOGLE_SEARCH_GENERICO,BEMVINDO10,229.70,22.97,0.00,206.73,Pago
100914,2026-04-18 06:10:02,maria.nascimento@gmail.com,site,instagram,social,bio_link,,54.90,0.00,14.90,69.80,Pago
100915,2026-04-18 06:31:03,camila.rocha@hotmail.com,site,email,newsletter,news_apr,,819.20,0.00,0.00,819.20,Pago
100916,2026-04-18 07:25:09,felipe.silva72@gmail.com,assinatura,,,,,69.90,6.99,0.00,62.91,Reembolsado
100917,2026-04-18 09:05:48,felipe.zanotti@outlook.com,site,instagram,cpc,META_PROSPECCAO_BLENDS,PRIMEIRACOMPRA,54.90,8.23,14.90,61.57,Pago
100918,2026-04-18 09:06:33,priscila.pereira35@gmail.com,assinatura,,,,,69.90,6.99,0.00,62.91,Pago
100919,2026-04-18 09:11:52,joao.zanotti@outlook.com,assinatura,,,,,69.90,6.99,0.00,62.91,Pago
100920,2026-04-18 09:33:34,rodrigo.barbosa1990@gmail.com,site,facebook,cpc,META_PROSPECCAO_BLENDS,BEMVINDO10,44.90,4.49,14.90,55.31,Pago
100921,2026-04-18 12:38:59, thais.pereira99@gmail.com,site,,,,,304.70,0.00,0.00,304.70,Pago
100922,2026-04-18 13:04:13,thais.dallabernardina289@hotmail.com,site,google,cpc,GOOGLE_SEARCH_MARCA,,239.60,0.00,0.00,239.60,Aguardando pagamento
100923,2026-04-18 13:59:08,vinicius.ribeiro6@outlook.com,site,instagram,influencer,INFLU_DUDA_BARISTA,BIA10,24.90,2.49,22.90,45.31,Pago
100924,2026-04-18 14:44:12,fabio.silva48@gmail.com,site,facebook,cpc,META_PROSPECCAO_BLENDS,BEMVINDO10,379.40,37.94,0.00,341.46,Pago
100925,2026-04-18 15:08:59,thais.santos2002@gmail.com,assinatura,,,,,69.90,6.99,0.00,62.91,Pago
100926,2026-04-18 18:54:41,felipe.nascimento44@hotmail.com,assinatura,,,,,69.90,6.99,0.00,62.91,Cancelado
100927,2026-04-18 20:18:21,leticia.oliveira60@gmail.com,site,google,cpc,GOOGLE_SEARCH_MARCA,,319.80,0.00,0.00,319.80,Reembolsado
100928,2026-04-18 22:12:09,patricia.oliveira59@icloud.com,site,email,newsletter,news_apr,,134.70,0.00,14.90,149.60,Pago
100929,2026-04-18 22:20:31,beatriz.nascimento47@gmail.com,site,fb,paid,meta_prospeccao_blends,CAFE20,414.60,82.92,0.00,331.68,Cancelado
100930,2026-04-18 23:55:48,carlos.moreira628@icloud.com,site,fb,paid,meta_prospeccao_blends,,144.80,0.00,31.50,176.30,Pago
100931,2026-04-19 06:38:42,thiago.dallabernardina94@icloud.com,site,,,,,89.90,0.00,14.90,104.80,Pago
100932,2026-04-19 06:47:57,patricia.mercon691@gmail.com,site,google,cpc,GOOGLE_SHOPPING,BEMVINDO10,93.70,9.37,14.90,99.23,Pago
100933,2026-04-19 07:37:33,debora.nascimento67@hotmail.com,site,,,,,139.70,0.00,14.90,154.60,Pago
100934,2026-04-19 09:38:24,beatriz.barbosa2002@icloud.com,site,ig,cpc,Meta_Prospeccao_Blends ,CAFE20,44.90,8.98,14.90,50.82,Pago
100935,2026-04-19 16:01:59,debora.mercon34@yahoo.com.br,site,facebook,cpc,META_REMARKETING,,49.90,0.00,31.50,81.40,Pago
100936,2026-04-19 16:54:41,lucas.rodrigues2002@gmail.com,site,ig,cpc,Meta_Prospeccao_Blends , BEMVINDO10,308.50,30.85,0.00,277.65,Pago
100937,2026-04-19 18:14:59,debora.ribeiro379@gmail.com,site,instagram,cpc,META_REMARKETING,,419.70,0.00,0.00,419.70,Reembolsado
100938,2026-04-19 19:55:32, rafael.pereira93@gmail.com,site,,,,,649.20,0.00,0.00,649.20,Reembolsado
100939,2026-04-19 19:55:44, patricia.simoes1991@hotmail.com,site,google,cpc,GOOGLE_SEARCH_MARCA,,239.70,0.00,0.00,239.70,Pago
100940,2026-04-20 06:25:35,thais.carvalho@gmail.com,site,google,organic,,,334.60,0.00,0.00,334.60,Pago
100941,2026-04-20 07:05:48,thiago.mercon1984@icloud.com,site,facebook,cpc,META_REMARKETING,,89.90,0.00,27.90,117.80,Pago
100942,2026-04-20 07:42:49,mariana.lima88@gmail.com,site,instagram,cpc,META_PROSPECCAO_BLENDS,PRIMEIRACOMPRA,54.90,8.23,14.90,61.57,Cancelado
100943,2026-04-20 10:22:49,bruna.moreira2003@hotmail.com,site,facebook,cpc,META_PROSPECCAO_BLENDS,,209.70,0.00,0.00,209.70,Pago
100944,2026-04-20 11:45:12, renata.souza@gmail.com,site,,,,,519.60,0.00,0.00,519.60,Pago
100945,2026-04-20 12:06:39,mariana.carvalho@outlook.com,site,instagram,cpc,META_REMARKETING,CAFE20,179.70,35.94,22.90,166.66,Pago
100946,2026-04-20 12:59:14,eduardo.carvalho@icloud.com,site,facebook,cpc,META_PROSPECCAO_BLENDS,BEMVINDO10,184.80,18.48,0.00,166.32,Pago
100947,2026-04-20 14:10:36,thais.ferreira2003@outlook.com,site,instagram,influencer,INFLU_CAFE_COM_BIA,bia10,233.70,23.37,0.00,210.33,Pago
100948,2026-04-20 15:34:40,maria.pimentel49@hotmail.com,site,instagram,cpc,META_PROSPECCAO_BLENDS,PRIMEIRACOMPRA ,18.90,2.83,14.90,30.97,Aguardando pagamento
100949,2026-04-20 15:42:05,leonardo.ribeiro@hotmail.com,site,fb,paid,meta_prospeccao_blends,BEMVINDO10,139.90,13.99,14.90,140.81,Pago
100950,2026-04-20 16:40:43,bruna.moreira@hotmail.com,site,instagram,cpc,META_PROSPECCAO_BLENDS,,164.80,0.00,0.00,164.80,Pago
100951,2026-04-20 18:07:29,felipe.zanotti51@gmail.com,site,,,,,24.90,0.00,14.90,39.80,Pago
100952,2026-04-20 18:34:28,leticia.almeida96@gmail.com,site,ig,cpc,Meta_Prospeccao_Blends ,,319.80,0.00,0.00,319.80,Pago
100953,2026-04-20 22:33:12,thiago.rodrigues@yahoo.com.br,site,fb,paid,meta_prospeccao_blends,,579.40,0.00,0.00,579.40,Pago
100954,2026-04-20 22:51:39,fabio.almeida2002@gmail.com,site,email,newsletter,news_apr,,54.90,0.00,14.90,69.80,Pago
100955,2026-04-21 06:16:29,maria.araujo1989@outlook.com,site,ig,cpc,Meta_Prospeccao_Blends ,CAFE20,219.70,43.94,0.00,175.76,Pago
100956,2026-04-21 06:22:47,leticia.moreira1984@yahoo.com.br,site,ig,cpc,Meta_Prospeccao_Blends ,BEMVINDO10,124.80,12.48,14.90,127.22,Pago
100957,2026-04-21 06:30:14,diego.rocha@hotmail.com,site,,,,,88.80,0.00,22.90,111.70,Pago
100958,2026-04-21 06:49:37,debora.rocha1985@gmail.com,site,,,,,124.80,0.00,22.90,147.70,Pago
100959,2026-04-21 07:45:21,mariana.gomes33@hotmail.com,assinatura,,,,,69.90,6.99,0.00,62.91,Pago
100960,2026-04-21 08:27:42,felipe.almeida1985@gmail.com,site,,,,DUDA15,89.90,13.49,14.90,91.31,Pago
100961,2026-04-21 10:07:44,carlos.costa64@gmail.com,site,instagram,cpc,META_REMARKETING,BEMVINDO10,18.90,1.89,14.90,31.91,Pago
100962,2026-04-21 10:15:44,felipe.dallabernardina71@hotmail.com,site,instagram,social,bio_link,,99.80,0.00,27.90,127.70,Pago
100963,2026-04-21 11:24:40,diego.mercon@hotmail.com,site,,,,,299.60,0.00,0.00,299.60,Pago
100964,2026-04-21 12:26:38,fernanda.lima2003@outlook.com,site,,,,cafe20,49.80,9.96,14.90,54.74,Pago
100965,2026-04-21 12:45:54,beatriz.souza2006@gmail.com,site,facebook,cpc,META_PROSPECCAO_BLENDS,PRIMEIRACOMPRA,119.90,17.98,14.90,116.82,Pago
100966,2026-04-21 12:54:44,mariana.silva1980@gmail.com,site,instagram,cpc,META_REMARKETING,PRIMEIRACOMPRA,289.60,43.44,0.00,246.16,Pago
100967,2026-04-21 13:55:35,bruna.ribeiro@gmail.com,assinatura,,,,,69.90,6.99,0.00,62.91,Pago
100968,2026-04-21 16:10:48,aline.ferreira57@gmail.com,site,whatsapp,referral,indique_ganhe,,203.70,0.00,0.00,203.70,Pago
100969,2026-04-21 17:25:00,juliana.silva@gmail.com,assinatura,,,,,69.90,6.99,0.00,62.91,Pago
100970,2026-04-21 18:29:45,debora.pimentel90@gmail.com,site,whatsapp,referral,indique_ganhe,,269.60,0.00,0.00,269.60,Pago
100971,2026-04-21 18:33:59,gabriel.carvalho56@icloud.com,site,google,cpc,GOOGLE_SEARCH_MARCA,PRIMEIRACOMPRA,79.90,11.99,31.50,99.41,Pago
100972,2026-04-21 20:13:21,camila.mercon28@gmail.com,site,whatsapp,referral,indique_ganhe,INDIQUE15,239.80,35.97,0.00,203.83,Pago
100973,2026-04-21 20:40:08,fernanda.ribeiro@gmail.com,site,instagram,social,bio_link,,119.80,0.00,14.90,134.70,Pago
100974,2026-04-21 22:04:18,aline.mercon2006@icloud.com,site,facebook,cpc,META_PROSPECCAO_BLENDS,CAFE20,69.80,13.96,14.90,70.74,Pago
100975,2026-04-21 23:25:15,joao.costa@gmail.com,site,,,,,469.60,0.00,0.00,469.60,Pago
100976,2026-04-22 07:14:35,thais.martins2002@yahoo.com.br,site,instagram,cpc,META_PROSPECCAO_BLENDS,,18.90,0.00,14.90,33.80,Pago
100977,2026-04-22 08:39:43,debora.rocha@gmail.com,site,email,newsletter,news_apr,,219.70,0.00,0.00,219.70,Pago
100978,2026-04-22 10:09:57, aline.dallabernardina@icloud.com,site,google,cpc,GOOGLE_SHOPPING,,264.70,0.00,0.00,264.70,Pago
100979,2026-04-22 11:02:56,fabio.dallabernardina1981@gmail.com,site,instagram,cpc,META_PROSPECCAO_BLENDS,CAFE20,529.50,105.90,0.00,423.60,Pago
100980,2026-04-22 13:05:13,rodrigo.nascimento1984@icloud.com,site,ig,cpc,Meta_Prospeccao_Blends ,,164.80,0.00,0.00,164.80,Pago
100981,2026-04-22 15:50:18,juliana.simoes1983@hotmail.com,site,email,newsletter,news_apr,,149.80,0.00,14.90,164.70,Pago
100982,2026-04-22 18:35:38,thiago.simoes@gmail.com,site,,,,,24.90,0.00,14.90,39.80,Pago
100983,2026-04-22 20:23:04,priscila.silva8@hotmail.com,site,facebook,cpc,META_PROSPECCAO_BLENDS,PRIMEIRACOMPRA,159.90,23.98,14.90,150.82,Pago
100984,2026-04-22 21:02:57,CAMILA.LIMA1998@GMAIL.COM,site,email,newsletter,news_apr,,159.90,0.00,0.00,159.90,Pago
100985,2026-04-22 22:17:18,fabio.moreira@icloud.com,site,,,,FRETEGRATIS,269.70,0.00,0.00,269.70,Pago
100986,2026-04-22 23:20:00,rafael.martins1989@gmail.com,site,google,cpc,GOOGLE_SEARCH_MARCA,,239.80,0.00,0.00,239.80,Pago
100987,2026-04-23 06:11:35,caio.barbosa@gmail.com,site,google,cpc,GOOGLE_SEARCH_MARCA,,169.70,0.00,0.00,169.70,Cancelado
100988,2026-04-23 06:19:45,fernanda.nascimento53@gmail.com,site,,,,,119.80,0.00,14.90,134.70,Pago
100989,2026-04-23 07:36:18,LETICIA.FERREIRA@HOTMAIL.COM,site,google,cpc,GOOGLE_SEARCH_GENERICO,,119.90,0.00,14.90,134.80,Pago
100990,2026-04-23 10:38:32,LARISSA.SIMOES1982@GMAIL.COM,site,instagram,social,bio_link,,44.90,0.00,31.50,76.40,Reembolsado
100991,2026-04-23 11:48:07,andre.zanotti@hotmail.com,assinatura,,,,,69.90,6.99,0.00,62.91,Pago
100992,2026-04-23 14:50:59,juliana.silva16@gmail.com,site,instagram,social,bio_link,,44.90,0.00,14.90,59.80,Pago
100993,2026-04-23 15:18:37,pedro.carvalho36@hotmail.com,site,,,,,69.90,0.00,14.90,84.80,Pago
100994,2026-04-23 16:48:50,gabriela.rodrigues90@gmail.com,site,fb,paid,meta_prospeccao_blends,BEMVINDO10,164.80,16.48,14.90,163.22,Pago
100995,2026-04-23 21:12:32,juliana.simoes68@gmail.com,assinatura,,,,,69.90,6.99,0.00,62.91,Pago
100996,2026-04-23 22:24:51,luiza.martins73@gmail.com,assinatura,,,,,69.90,6.99,0.00,62.91,Reembolsado
100997,2026-04-23 22:45:43,vinicius.mercon71@gmail.com,site,google,shopping,GOOGLE_SHOPPING,,239.80,0.00,0.00,239.80,Pago
100998,2026-04-23 23:01:56,BRUNO.GOMES1983@OUTLOOK.COM,site,instagram,social,bio_link,,199.60,0.00,0.00,199.60,Cancelado
100999,2026-04-23 23:16:30,gustavo.ferreira@hotmail.com,assinatura,,,,,69.90,6.99,0.00,62.91,Pago
101000,2026-04-24 06:52:30,julia.silva27@gmail.com,site,ig,cpc,Meta_Prospeccao_Blends ,CAFE20,94.80,18.96,14.90,90.74,Pago
101001,2026-04-24 07:05:19,andre.loureiro90@gmail.com,site,instagram,social,bio_link,,404.50,0.00,0.00,404.50,Pago
101002,2026-04-24 07:15:58,bruno.nascimento1991@outlook.com,site,google,cpc,GOOGLE_SEARCH_MARCA,BEMVINDO10,169.80,16.98,0.00,152.82,Pago
101003,2026-04-24 08:34:45,bruna.barbosa16@hotmail.com,assinatura,,,,,69.90,6.99,0.00,62.91,Pago
101004,2026-04-24 11:59:55,bruna.gomes2001@outlook.com,site,google,cpc,google_search_generico,BEMVINDO10,79.90,7.99,14.90,86.81,Pago
101005,2026-04-24 12:49:51,eduardo.almeida1994@gmail.com,site,instagram,social,bio_link,,209.70,0.00,0.00,209.70,Pago
101006,2026-04-24 14:52:37,debora.simoes@yahoo.com.br,site,instagram,cpc,META_PROSPECCAO_BLENDS,CAFE20,119.90,23.98,14.90,110.82,Pago
101007,2026-04-24 15:49:06,luiza.lima@hotmail.com,site,google,cpc,GOOGLE_SEARCH_MARCA,,299.60,0.00,0.00,299.60,Pago
101008,2026-04-24 16:40:00, lucas.zanotti@yahoo.com.br,site,,,,INDIQUE15,284.50,42.67,0.00,241.83,Pago
101009,2026-04-24 16:51:16,marcelo.pimentel1995@gmail.com,assinatura,,,,,69.90,6.99,0.00,62.91,Pago
101010,2026-04-24 17:47:18,larissa.nascimento1990@gmail.com,assinatura,,,,,69.90,6.99,0.00,62.91,Pago
101011,2026-04-24 18:08:46,priscila.ferreira93@gmail.com,site,fb,paid,meta_prospeccao_blends,PRIMEIRACOMPRA ,159.80,23.97,22.90,158.73,Reembolsado
101012,2026-04-24 18:47:04,luiza.rodrigues979@gmail.com,site,google,cpc,GOOGLE_SEARCH_MARCA,,89.90,0.00,14.90,104.80,Pago
101013,2026-04-25 08:57:20,aline.almeida245@yahoo.com.br,site,google,cpc,GOOGLE_SEARCH_GENERICO,,379.60,0.00,0.00,379.60,Pago
101014,2026-04-25 09:08:43,juliana.nascimento31@gmail.com,site,google,cpc,GOOGLE_SEARCH_MARCA,FRETEGRATIS,324.70,0.00,0.00,324.70,Pago
101015,2026-04-25 11:05:54,camila.gomes1999@gmail.com,site,instagram,influencer,INFLU_DUDA_BARISTA,DUDA15,168.70,25.30,14.90,158.30,Pago
101016,2026-04-25 13:23:23,bruno.moreira1985@gmail.com,site,fb,paid,meta_prospeccao_blends,PRIMEIRACOMPRA,119.80,17.97,14.90,116.73,Pago
101017,2026-04-25 13:44:08,julia.souza61@outlook.com,site,facebook,cpc,META_REMARKETING,,24.90,0.00,14.90,39.80,Pago
101018,2026-04-25 18:15:17,mateus.oliveira@gmail.com,site,,,,BIA10,239.60,23.96,0.00,215.64,Pago
101019,2026-04-25 18:29:23,priscila.almeida15@outlook.com,site,google,cpc,GOOGLE_SEARCH_GENERICO,,149.80,0.00,22.90,172.70,Pago
101020,2026-04-25 18:32:02, renata.simoes12@hotmail.com,site,google,organic,,,294.50,0.00,0.00,294.50,Pago
101021,2026-04-25 19:11:51,carlos.rocha2002@yahoo.com.br,site,,,,DUDA15,119.90,17.98,14.90,116.82,Pago
101022,2026-04-25 19:48:52,priscila.carvalho16@yahoo.com.br,site,google,cpc,GOOGLE_SEARCH_MARCA,,54.90,0.00,22.90,77.80,Pago
101023,2026-04-25 21:25:29,larissa.gomes@outlook.com,site,,,,,18.90,0.00,14.90,33.80,Pago
101024,2026-04-25 21:34:30,pedro.araujo@hotmail.com,site,facebook,cpc,META_PROSPECCAO_BLENDS,,388.60,0.00,0.00,388.60,Pago
101025,2026-04-25 23:36:35,debora.gomes16@gmail.com,site,facebook,cpc,META_PROSPECCAO_BLENDS,BEMVINDO10,159.90,15.99,27.90,171.81,Pago
101026,2026-04-25 23:39:43, gabriela.loureiro@icloud.com,site,google,organic,,,99.80,0.00,14.90,114.70,Pago
101027,2026-04-26 06:19:11,fernanda.almeida2006@icloud.com,site,google,cpc,GOOGLE_SEARCH_MARCA,BEMVINDO10,49.90,4.99,14.90,59.81,Pago
101028,2026-04-26 06:43:28,aline.araujo@gmail.com,site,ig,cpc,Meta_Prospeccao_Blends ,,18.90,0.00,14.90,33.80,Pago
101029,2026-04-26 08:18:03,fernanda.moreira82@gmail.com,assinatura,,,,,69.90,6.99,0.00,62.91,Pago
101030,2026-04-26 10:25:04,larissa.mercon1992@outlook.com,site,instagram,influencer,INFLU_DUDA_BARISTA,BIA10,264.50,26.45,0.00,238.05,Pago
101031,2026-04-26 12:05:42,diego.almeida2006@yahoo.com.br,site,google,cpc,GOOGLE_SEARCH_GENERICO,,49.90,0.00,14.90,64.80,Pago
101032,2026-04-26 12:09:20,larissa.rocha@hotmail.com,site,google,cpc,GOOGLE_SEARCH_MARCA,,49.90,0.00,14.90,64.80,Pago
101033,2026-04-26 12:29:11,juliana.martins22@yahoo.com.br,site,,,,,54.90,0.00,14.90,69.80,Pago
101034,2026-04-26 13:03:41,larissa.souza89@outlook.com,site,,,,,44.90,0.00,14.90,59.80,Pago
101035,2026-04-26 13:57:31,bruno.ferreira1994@gmail.com,site,instagram,cpc,META_PROSPECCAO_BLENDS,BEMVINDO10,219.70,21.97,0.00,197.73,Pago
101036,2026-04-26 14:57:37,MARIA.FERREIRA@GMAIL.COM,site,facebook,cpc,META_PROSPECCAO_BLENDS,PRIMEIRACOMPRA,159.90,23.98,14.90,150.82,Pago
101037,2026-04-26 15:21:51,JULIA.DALLABERNARDINA78@GMAIL.COM,site,instagram,influencer,INFLU_DUDA_BARISTA,BIA10,149.80,14.98,22.90,157.72,Pago
101038,2026-04-26 16:00:58,rodrigo.ribeiro11@yahoo.com.br,site,facebook,cpc,META_REMARKETING,PRIMEIRACOMPRA,69.90,10.49,22.90,82.31,Pago
101039,2026-04-26 16:01:42,renata.santos@gmail.com,site,,,,,129.80,0.00,14.90,144.70,Pago
101040,2026-04-26 17:59:04,gabriel.oliveira78@icloud.com,site,email,newsletter,news_apr,,139.80,0.00,22.90,162.70,Pago
101041,2026-04-26 18:27:18,carolina.moreira70@gmail.com,site,google,cpc,GOOGLE_SEARCH_MARCA,,63.80,0.00,22.90,86.70,Pago
101042,2026-04-26 18:55:27,carlos.pereira65@hotmail.com,site,instagram,influencer,INFLU_CAFE_COM_BIA,BIA10,49.80,4.98,14.90,59.72,Pago
101043,2026-04-26 21:01:31,thiago.costa1982@hotmail.com,site,google,cpc,GOOGLE_SEARCH_GENERICO,BEMVINDO10,189.80,18.98,0.00,170.82,Pago
101044,2026-04-26 21:30:58,andre.rodrigues@gmail.com,site,google,cpc,GOOGLE_SEARCH_GENERICO,,49.90,0.00,31.50,81.40,Reembolsado
101045,2026-04-27 08:07:35,leonardo.almeida47@gmail.com,site,google,cpc,GOOGLE_SEARCH_GENERICO,,134.70,0.00,14.90,149.60,Pago
101046,2026-04-27 09:21:43,MARIANA.NASCIMENTO2001@GMAIL.COM,site,facebook,cpc,META_REMARKETING,CAFE20,408.60,81.72,0.00,326.88,Pago
101047,2026-04-27 14:10:01,renata.dallabernardina93@gmail.com,site,,,,CAFE20,319.50,63.90,0.00,255.60,Pago
101048,2026-04-27 15:22:57,bruno.moreira1998@outlook.com,site,,,,,49.90,0.00,27.90,77.80,Pago
101049,2026-04-27 15:42:50,pedro.dallabernardina1982@outlook.com,site,,,,,104.80,0.00,14.90,119.70,Pago
101050,2026-04-27 17:30:57,MARIA.DALLABERNARDINA1996@GMAIL.COM,site,,,,,54.90,0.00,14.90,69.80,Pago
101051,2026-04-27 17:55:03,camila.barbosa151@outlook.com,assinatura,,,,,69.90,6.99,0.00,62.91,Pago
101052,2026-04-27 18:01:50,aline.araujo1986@gmail.com,site,,,,,69.90,0.00,14.90,84.80,Pago
101053,2026-04-27 18:24:38,caio.ribeiro1981@gmail.com,assinatura,,,,,69.90,6.99,0.00,62.91,Pago
101054,2026-04-27 18:30:48,diego.ferreira1988@gmail.com,site,instagram,influencer,INFLU_CAFE_COM_BIA,BIA10,209.80,20.98,0.00,188.82,Pago
101055,2026-04-27 18:48:47,rodrigo.nascimento@icloud.com,site,google,cpc,google_search_generico,,449.60,0.00,0.00,449.60,Pago
101056,2026-04-27 19:23:32,julia.santos38@gmail.com,site,,,,BIA10,254.70,25.47,0.00,229.23,Pago
101057,2026-04-27 21:30:12,CAMILA.RODRIGUES12@GMAIL.COM,site,instagram,cpc,META_REMARKETING,CAFE20,119.90,23.98,22.90,118.82,Pago
101058,2026-04-27 22:52:51,gabriela.pereira1994@yahoo.com.br,assinatura,,,,,69.90,6.99,0.00,62.91,Pago
101059,2026-04-28 06:11:17,mariana.oliveira1984@gmail.com,site,instagram,cpc,META_REMARKETING,,159.90,0.00,0.00,159.90,Pago
101060,2026-04-28 07:37:23,ana.oliveira@gmail.com,site,ig,cpc,Meta_Prospeccao_Blends ,BEMVINDO10 ,89.90,8.99,14.90,95.81,Pago
101061,2026-04-28 08:05:01,rafael.santos@gmail.com,site,google,cpc,GOOGLE_SEARCH_MARCA,,69.90,0.00,14.90,84.80,Pago
101062,2026-04-28 09:02:06,maria.almeida46@gmail.com,site,google,cpc,GOOGLE_SEARCH_MARCA,,189.80,0.00,0.00,189.80,Pago
101063,2026-04-28 10:39:06,fernanda.dallabernardina1996@yahoo.com.br,site,google,cpc,GOOGLE_SEARCH_MARCA,,329.60,0.00,0.00,329.60,Pago
101064,2026-04-28 12:12:59,maria.costa13@gmail.com,site,,,,,959.20,0.00,0.00,959.20,Pago
101065,2026-04-28 13:55:29,luiza.barbosa4@gmail.com,assinatura,,,,,69.90,6.99,0.00,62.91,Pago
101066,2026-04-28 14:42:07,fernanda.silva1993@gmail.com,site,google,cpc,GOOGLE_SEARCH_GENERICO,,216.60,0.00,0.00,216.60,Pago
101067,2026-04-28 19:51:08,aline.lima1986@gmail.com,site,google,cpc,google_search_generico,BEMVINDO10,89.90,8.99,14.90,95.81,Pago
101068,2026-04-28 22:34:00,camila.simoes@icloud.com,site,instagram,influencer,INFLU_CAFE_COM_BIA,DUDA15,139.90,20.98,14.90,133.82,Reembolsado
101069,2026-04-28 23:32:25,gustavo.zanotti@gmail.com,site,instagram,social,bio_link,,119.90,0.00,14.90,134.80,Pago
101070,2026-04-29 12:50:37,gabriel.souza71@gmail.com,site,instagram,cpc,META_PROSPECCAO_BLENDS,CAFE20,143.70,28.74,14.90,129.86,Pago
101071,2026-04-29 13:30:24,maria.pereira@gmail.com,site,google,cpc,GOOGLE_SHOPPING,,349.70,0.00,0.00,349.70,Reembolsado
101072,2026-04-29 13:46:40,juliana.moreira14@gmail.com,site,,,,BIA10,238.50,23.85,0.00,214.65,Aguardando pagamento
101073,2026-04-29 15:31:20,FABIO.SOUZA1994@GMAIL.COM,site,,,,FRETEGRATIS,24.90,0.00,0.00,24.90,Cancelado
101074,2026-04-29 15:42:43,diego.simoes@gmail.com,site,instagram,cpc,META_PROSPECCAO_BLENDS,PRIMEIRACOMPRA,284.70,42.70,0.00,242.00,Pago
101075,2026-04-29 16:51:17,rafael.loureiro46@hotmail.com,site,google,cpc,GOOGLE_SEARCH_MARCA,,89.90,0.00,14.90,104.80,Pago
101076,2026-04-29 17:36:29,leonardo.almeida1992@outlook.com,site,instagram,social,bio_link,,328.60,0.00,0.00,328.60,Pago
101077,2026-04-29 18:56:07,carolina.ferreira@outlook.com,site,google,shopping,GOOGLE_SHOPPING,,164.80,0.00,0.00,164.80,Pago
101078,2026-04-30 06:21:15,felipe.dallabernardina1995@outlook.com,site,email,newsletter,news_apr,,209.70,0.00,0.00,209.70,Pago
101079,2026-04-30 08:48:36,maria.lima@yahoo.com.br,site,fb,paid,meta_prospeccao_blends,CAFE20,119.90,23.98,14.90,110.82,Cancelado
101080,2026-04-30 12:49:48,patricia.silva@gmail.com,site,,,,,99.80,0.00,14.90,114.70,Pago
101081,2026-04-30 14:25:20,fernanda.lima@icloud.com,site,google,cpc,GOOGLE_SEARCH_MARCA,,134.80,0.00,14.90,149.70,Pago
101082,2026-04-30 15:35:27,bruno.dallabernardina@icloud.com,site,google,cpc,GOOGLE_SEARCH_MARCA,CAFE20,139.90,27.98,22.90,134.82,Pago
101083,2026-04-30 15:43:49,gabriela.simoes1998@gmail.com,site,,,,DUDA15,188.60,28.29,0.00,160.31,Pago
101084,2026-04-30 17:01:59,luiza.martins30@gmail.com,site,,,,BIA10,79.90,7.99,14.90,86.81,Pago
101085,2026-04-30 20:03:57,fabio.dallabernardina@icloud.com,site,instagram,social,bio_link,CAFE20,159.90,31.98,14.90,142.82,Pago
101086,2026-04-30 21:10:26,leticia.rocha787@outlook.com,site,,,,,49.90,0.00,31.50,81.40,Pago
101087,2026-05-01 08:01:43,aline.pimentel2005@gmail.com,site,instagram,cpc,META_PROSPECCAO_BLENDS,,349.60,0.00,0.00,349.60,Pago
101088,2026-05-01 08:21:57,priscila.loureiro97@gmail.com,site,instagram,influencer,INFLU_CAFE_COM_BIA,BIA10,18.90,1.89,14.90,31.91,Aguardando pagamento
101089,2026-05-01 09:17:43,gustavo.gomes@outlook.com,site,google,organic,,,24.90,0.00,22.90,47.80,Pago
101090,2026-05-01 14:34:20,caio.santos2000@gmail.com,site,google,cpc,GOOGLE_SEARCH_GENERICO,PRIMEIRACOMPRA,69.80,10.47,14.90,74.23,Pago
101091,2026-05-01 17:26:35,carolina.martins8@icloud.com,site,google,cpc,GOOGLE_SEARCH_GENERICO,,49.90,0.00,14.90,64.80,Pago
101092,2026-05-01 17:28:28,luiza.zanotti72@gmail.com,site,instagram,cpc,META_PROSPECCAO_BLENDS,BEMVINDO10,139.80,13.98,27.90,153.72,Pago
101093,2026-05-01 18:46:42,fernanda.silva47@gmail.com,site,instagram,influencer,INFLU_CAFE_COM_BIA,DUDA15,99.80,14.97,14.90,99.73,Pago
101094,2026-05-01 18:56:12,eduardo.pereira1989@hotmail.com,site,,,,,519.50,0.00,0.00,519.50,Pago
101095,2026-05-01 19:25:22,thais.carvalho46@hotmail.com,site,instagram,social,bio_link,,444.60,0.00,0.00,444.60,Pago
101096,2026-05-01 19:39:18,mariana.simoes@hotmail.com,site,google,shopping,GOOGLE_SHOPPING,,119.90,0.00,14.90,134.80,Pago
101097,2026-05-01 19:47:38,marcelo.silva@hotmail.com,site,email,newsletter,news_may,,419.50,0.00,0.00,419.50,Pago
101098,2026-05-01 19:58:03,RAFAEL.ZANOTTI34@GMAIL.COM,site,,,,,279.80,0.00,0.00,279.80,Pago
101099,2026-05-02 06:52:59,gustavo.silva51@gmail.com,site,google,cpc,google_search_generico,,44.90,0.00,31.50,76.40,Pago
101100,2026-05-02 07:44:42,larissa.rodrigues@icloud.com,site,instagram,cpc,META_PROSPECCAO_BLENDS,BEMVINDO10,358.40,35.84,0.00,322.56,Pago
101101,2026-05-02 10:45:56,lucas.silva1980@gmail.com,site,fb,paid,meta_prospeccao_blends, BEMVINDO10,88.70,8.87,14.90,94.73,Pago
101102,2026-05-02 11:00:53,EDUARDO.FERREIRA1982@GMAIL.COM,site,instagram,social,bio_link,,18.90,0.00,22.90,41.80,Pago
101103,2026-05-02 13:01:06,rafael.simoes64@yahoo.com.br,site,google,cpc,GOOGLE_SEARCH_MARCA,,134.80,0.00,22.90,157.70,Pago
101104,2026-05-02 13:17:09,debora.zanotti1991@hotmail.com,site,,,,,189.70,0.00,0.00,189.70,Pago
101105,2026-05-02 14:36:14,luiza.zanotti2002@icloud.com,site,instagram,influencer,INFLU_DUDA_BARISTA,DUDA15,89.90,13.49,14.90,91.31,Pago
101106,2026-05-02 15:41:15,bruno.martins@gmail.com,site,,,,BIA10,119.80,11.98,14.90,122.72,Pago
101107,2026-05-02 16:35:03,bruno.costa@gmail.com,site,facebook,cpc,META_PROSPECCAO_BLENDS,PRIMEIRACOMPRA,89.80,13.47,14.90,91.23,Pago
101108,2026-05-02 18:52:05,bruna.moreira@outlook.com,assinatura,,,,,69.90,6.99,0.00,62.91,Pago
101109,2026-05-03 08:15:50,mariana.lima@yahoo.com.br,assinatura,,,,,69.90,6.99,0.00,62.91,Cancelado
101110,2026-05-03 12:59:13,ana.gomes@hotmail.com,site,,,,,18.90,0.00,14.90,33.80,Pago
101111,2026-05-03 14:20:49,eduardo.oliveira2002@hotmail.com,site,instagram,social,bio_link,,89.90,0.00,14.90,104.80,Pago
101112,2026-05-03 14:38:00,leticia.silva85@hotmail.com,site,google,cpc,GOOGLE_SHOPPING,,54.90,0.00,31.50,86.40,Pago
101113,2026-05-03 15:09:54,debora.lima1987@gmail.com,assinatura,,,,,69.90,6.99,0.00,62.91,Pago
101114,2026-05-03 16:10:32,gabriel.souza2005@gmail.com,assinatura,,,,,69.90,6.99,0.00,62.91,Pago
101115,2026-05-03 16:18:37,fernanda.loureiro96@yahoo.com.br,assinatura,,,,,69.90,6.99,0.00,62.91,Pago
101116,2026-05-03 18:58:23,andre.barbosa2@gmail.com,site,instagram,cpc,META_PROSPECCAO_BLENDS,,219.70,0.00,0.00,219.70,Pago
101117,2026-05-03 20:35:44,joao.santos2005@gmail.com,site,instagram,cpc,META_REMARKETING,,18.90,0.00,14.90,33.80,Aguardando pagamento
101118,2026-05-03 21:03:46,BEATRIZ.CARVALHO@GMAIL.COM,site,instagram,social,bio_link,,139.90,0.00,27.90,167.80,Pago
101119,2026-05-03 21:36:51,rafael.araujo1991@outlook.com,site,ig,cpc,Meta_Prospeccao_Blends ,CAFE20,159.90,31.98,14.90,142.82,Pago
101120,2026-05-03 22:10:37,thiago.ribeiro70@gmail.com,site,google,cpc,google_search_generico,,18.90,0.00,14.90,33.80,Pago
101121,2026-05-03 22:35:08,maria.moreira6@icloud.com,site,instagram,social,bio_link,,139.90,0.00,14.90,154.80,Pago
101122,2026-05-03 22:35:18,beatriz.ferreira2000@gmail.com,site,instagram,influencer,INFLU_DUDA_BARISTA,BIA10,89.90,8.99,14.90,95.81,Pago
101123,2026-05-03 23:16:02,diego.costa@gmail.com,site,google,cpc,GOOGLE_SEARCH_MARCA,,89.80,0.00,31.50,121.30,Pago
101124,2026-05-04 06:13:24,priscila.rodrigues17@yahoo.com.br,site,email,newsletter,news_may,,479.70,0.00,0.00,479.70,Pago
101125,2026-05-04 07:51:17,caio.araujo1990@gmail.com,site,google,cpc,google_search_generico,,44.90,0.00,27.90,72.80,Pago
101126,2026-05-04 08:14:22,gustavo.rocha41@hotmail.com,assinatura,,,,,69.90,6.99,0.00,62.91,Pago
101127,2026-05-04 09:11:29,beatriz.souza1996@gmail.com,site,instagram,cpc,META_PROSPECCAO_BLENDS, BEMVINDO10,194.80,19.48,0.00,175.32,Pago
101128,2026-05-04 11:21:20,ana.ribeiro4@gmail.com,site,facebook,cpc,META_REMARKETING,,139.90,0.00,27.90,167.80,Pago
101129,2026-05-04 12:35:43,andre.dallabernardina@gmail.com,site,google,cpc,GOOGLE_SEARCH_GENERICO,,108.80,0.00,22.90,131.70,Cancelado
101130,2026-05-04 13:13:33,gabriel.martins1990@gmail.com,site,instagram,social,bio_link,,99.80,0.00,14.90,114.70,Pago
101131,2026-05-04 13:44:23,gabriel.nascimento1980@gmail.com,site,instagram,social,bio_link,,469.60,0.00,0.00,469.60,Pago
101132,2026-05-04 14:11:58,beatriz.nascimento91@gmail.com,site,,,,,204.80,0.00,0.00,204.80,Pago
101133,2026-05-04 16:06:00,marcelo.rodrigues@gmail.com,site,,,,DUDA15,68.80,10.32,31.50,89.98,Pago
101134,2026-05-04 16:08:17,diego.pereira@gmail.com,site,google,cpc,google_search_generico,,89.90,0.00,14.90,104.80,Pago
101135,2026-05-04 18:11:40,thiago.zanotti37@gmail.com,site,email,newsletter,news_may,,24.90,0.00,27.90,52.80,Pago
101136,2026-05-05 09:19:24,julia.araujo2000@gmail.com,site,instagram,cpc,META_PROSPECCAO_BLENDS,PRIMEIRACOMPRA,139.70,20.95,14.90,133.65,Pago
101137,2026-05-05 09:32:32,julia.lima1992@icloud.com,site,google,cpc,GOOGLE_SEARCH_MARCA,,464.60,0.00,0.00,464.60,Pago
101138,2026-05-05 11:47:03,vinicius.santos41@hotmail.com,site,google,cpc,google_search_generico,,54.90,0.00,14.90,69.80,Pago
101139,2026-05-05 12:02:17,julia.zanotti@hotmail.com,site,google,shopping,GOOGLE_SHOPPING,,44.90,0.00,14.90,59.80,Pago
101140,2026-05-05 12:48:23,fabio.ribeiro@gmail.com,assinatura,,,,,69.90,6.99,0.00,62.91,Pago
101141,2026-05-05 14:45:17,marcelo.pereira70@hotmail.com,site,google,organic,,,174.60,0.00,0.00,174.60,Pago
101142,2026-05-05 14:59:47,gabriela.araujo1997@gmail.com,site,google,cpc,GOOGLE_SEARCH_MARCA,,24.90,0.00,14.90,39.80,Pago
101143,2026-05-05 15:08:21,larissa.araujo1999@gmail.com,site,,,,,209.80,0.00,0.00,209.80,Pago
101144,2026-05-05 16:56:14,LARISSA.RODRIGUES28@ICLOUD.COM,site,instagram,social,bio_link,,159.90,0.00,0.00,159.90,Pago
101145,2026-05-05 19:05:13,carolina.barbosa60@gmail.com,site,instagram,social,bio_link,,168.60,0.00,0.00,168.60,Pago
101146,2026-05-05 19:49:58,felipe.costa85@hotmail.com,site,fb,paid,meta_prospeccao_blends,PRIMEIRACOMPRA,159.90,23.98,14.90,150.82,Pago
101147,2026-05-05 21:32:53,eduardo.rodrigues@icloud.com,site,instagram,influencer,INFLU_DUDA_BARISTA,DUDA15,149.70,22.45,14.90,142.15,Pago
101148,2026-05-05 21:44:20,beatriz.zanotti2000@hotmail.com,site,google,cpc,GOOGLE_SEARCH_MARCA,PRIMEIRACOMPRA,423.40,63.51,0.00,359.89,Pago
101149,2026-05-06 06:50:02,ana.pereira@icloud.com,site,instagram,cpc,META_REMARKETING,,139.90,0.00,14.90,154.80,Pago
101150,2026-05-06 07:25:28,fernanda.loureiro1989@gmail.com,site,instagram,social,bio_link,,209.80,0.00,0.00,209.80,Pago
101151,2026-05-06 07:33:14,julia.souza@outlook.com,site,instagram,influencer,INFLU_DUDA_BARISTA,BIA10,159.90,15.99,14.90,158.81,Pago
101152,2026-05-06 09:00:10,gustavo.lima5@outlook.com,assinatura,,,,,69.90,6.99,0.00,62.91,Pago
101153,2026-05-06 11:51:04,lucas.gomes@hotmail.com,site,whatsapp,referral,indique_ganhe,,409.70,0.00,0.00,409.70,Pago
101154,2026-05-06 13:36:16,fernanda.moreira@gmail.com,site,,,,,139.80,0.00,14.90,154.70,Pago
101155,2026-05-06 16:10:11,leonardo.rocha48@gmail.com,assinatura,,,,,69.90,6.99,0.00,62.91,Cancelado
101156,2026-05-06 17:26:27,caio.moreira25@gmail.com,site,whatsapp,referral,indique_ganhe,,54.90,0.00,14.90,69.80,Pago
101157,2026-05-06 17:48:06,CAMILA.SANTOS1999@GMAIL.COM,site,google,cpc,GOOGLE_SEARCH_MARCA,,89.80,0.00,14.90,104.70,Pago
101158,2026-05-06 17:59:48,priscila.costa61@gmail.com,site,fb,paid,meta_prospeccao_blends,CAFE20,169.80,33.96,22.90,158.74,Pago
101159,2026-05-06 18:34:25,larissa.loureiro1985@yahoo.com.br,assinatura,,,,,69.90,6.99,0.00,62.91,Pago
101160,2026-05-06 20:08:17,leticia.costa2005@gmail.com,site,instagram,cpc,META_REMARKETING,BEMVINDO10,89.90,8.99,14.90,95.81,Pago
101161,2026-05-06 20:41:44,carolina.rocha@outlook.com,site,google,cpc,GOOGLE_SEARCH_MARCA,,54.90,0.00,14.90,69.80,Pago
101162,2026-05-06 21:50:15,beatriz.silva22@hotmail.com,site,email,newsletter,news_may,,264.60,0.00,0.00,264.60,Pago
101163,2026-05-06 22:33:35,vinicius.pimentel1994@yahoo.com.br,site,,,,INDIQUE15,329.60,49.44,0.00,280.16,Pago
101164,2026-05-07 06:19:28,carolina.moreira@yahoo.com.br,site,instagram,influencer,INFLU_CAFE_COM_BIA,BIA10,44.90,4.49,14.90,55.31,Pago
101165,2026-05-07 06:34:40,gustavo.pereira48@icloud.com,site,,,,,44.90,0.00,14.90,59.80,Pago
101166,2026-05-07 08:36:41,luiza.ribeiro93@gmail.com,site,google,cpc,GOOGLE_SEARCH_MARCA,,94.80,0.00,14.90,109.70,Pago
101167,2026-05-07 09:27:43,priscila.dallabernardina68@gmail.com,site,facebook,cpc,META_REMARKETING,BEMVINDO10,269.70,26.97,0.00,242.73,Pago
101168,2026-05-07 11:51:27,patricia.barbosa@gmail.com,site,google,cpc,GOOGLE_SEARCH_MARCA,,284.70,0.00,0.00,284.70,Pago
101169,2026-05-07 13:23:07,ALINE.OLIVEIRA1988@GMAIL.COM,site,,,,,49.90,0.00,27.90,77.80,Pago
101170,2026-05-07 14:35:13,renata.almeida1982@gmail.com,site,,,,,318.70,0.00,0.00,318.70,Pago
101171,2026-05-07 15:44:11,lucas.barbosa50@gmail.com,site,google,cpc,GOOGLE_SEARCH_MARCA,,274.70,0.00,0.00,274.70,Pago
101172,2026-05-07 16:22:30,gabriela.costa@gmail.com,site,google,cpc,google_search_generico,PRIMEIRACOMPRA,54.90,8.23,14.90,61.57,Pago
101173,2026-05-07 16:41:50,luiza.ferreira89@outlook.com,site,instagram,social,bio_link,,214.80,0.00,0.00,214.80,Pago
101174,2026-05-07 17:15:55,leticia.mercon70@outlook.com,assinatura,,,,,69.90,6.99,0.00,62.91,Pago
101175,2026-05-07 18:56:53,juliana.silva65@gmail.com,site,google,cpc,GOOGLE_SEARCH_GENERICO,CAFE20,69.90,13.98,14.90,70.82,Pago
101176,2026-05-07 20:07:51,fabio.martins1996@yahoo.com.br,site,,,,,43.80,0.00,27.90,71.70,Pago
101176,2026-05-07 20:07:51,fabio.martins1996@yahoo.com.br,site,,,,,43.80,0.00,27.90,71.70,Pago
101177,2026-05-07 21:12:19,leonardo.santos@gmail.com,site,instagram,influencer,INFLU_CAFE_COM_BIA,DUDA15,139.90,20.98,14.90,133.82,Aguardando pagamento
101178,2026-05-08 06:55:06,fernanda.silva1993@gmail.com,assinatura,,,,,69.90,6.99,0.00,62.91,Pago
101179,2026-05-08 06:58:42,thais.zanotti@yahoo.com.br,site,instagram,social,bio_link,,184.70,0.00,0.00,184.70,Pago
101180,2026-05-08 07:25:07,carolina.silva58@yahoo.com.br,site,facebook,cpc,META_REMARKETING,,139.80,0.00,14.90,154.70,Pago
101181,2026-05-08 07:58:35,rodrigo.ribeiro36@yahoo.com.br,site,email,newsletter,news_may,,69.90,0.00,14.90,84.80,Pago
101182,2026-05-08 09:11:53,caio.rodrigues@icloud.com,assinatura,,,,,69.90,6.99,0.00,62.91,Pago
101183,2026-05-08 09:37:33,aline.zanotti@gmail.com,site,instagram,social,bio_link,,259.80,0.00,0.00,259.80,Pago
101184,2026-05-08 10:14:28,RAFAEL.PIMENTEL1995@GMAIL.COM,site,facebook,cpc,META_REMARKETING,,214.80,0.00,0.00,214.80,Pago
101185,2026-05-08 10:39:20,ana.araujo55@outlook.com,site,,,,,149.70,0.00,22.90,172.60,Pago
101186,2026-05-08 11:11:03,bruno.costa1984@yahoo.com.br,site,instagram,social,bio_link,,119.90,0.00,14.90,134.80,Pago
101187,2026-05-08 11:39:08,thais.nascimento1999@outlook.com,site,google,cpc,GOOGLE_SEARCH_MARCA,,309.70,0.00,0.00,309.70,Pago
101188,2026-05-08 15:09:21,thais.mercon6@gmail.com,site,instagram,influencer,INFLU_CAFE_COM_BIA,DUDA15,283.50,42.52,0.00,240.98,Pago
101189,2026-05-08 15:32:23,aline.almeida17@outlook.com,site,google,cpc,GOOGLE_SHOPPING,,49.90,0.00,14.90,64.80,Pago
101190,2026-05-08 16:27:16,julia.simoes1990@gmail.com,site,instagram,influencer,INFLU_CAFE_COM_BIA,BIA10,49.90,4.99,14.90,59.81,Pago
101191,2026-05-08 16:39:28,renata.lima912@outlook.com,site,instagram,social,bio_link,,37.80,0.00,27.90,65.70,Pago
101192,2026-05-08 19:03:05,mateus.rodrigues1996@outlook.com,site,ig,cpc,Meta_Prospeccao_Blends ,CAFE20,37.80,7.56,27.90,58.14,Pago
101193,2026-05-08 20:08:40, andre.mercon@gmail.com,site,,,,,69.90,0.00,14.90,84.80,Pago
101194,2026-05-08 20:23:24,gabriela.ribeiro@icloud.com,site,google,cpc,GOOGLE_SEARCH_MARCA,FRETEGRATIS,139.90,0.00,0.00,139.90,Pago
101195,2026-05-08 20:30:18,ANDRE.NASCIMENTO@YAHOO.COM.BR,site,fb,paid,meta_prospeccao_blends,primeiracompra,44.90,6.73,14.90,53.07,Reembolsado
101196,2026-05-08 22:34:09,eduardo.mercon1993@gmail.com,site,ig,cpc,Meta_Prospeccao_Blends ,CAFE20,169.80,33.96,14.90,150.74,Pago
101197,2026-05-08 23:00:27,luiza.martins1994@gmail.com,site,google,cpc,GOOGLE_SHOPPING,CAFE20,268.50,53.70,0.00,214.80,Pago
101198,2026-05-08 23:05:51,marcelo.simoes1981@hotmail.com,site,instagram,influencer,INFLU_CAFE_COM_BIA,BIA10,139.90,13.99,14.90,140.81,Pago
101199,2026-05-09 06:37:41,LEONARDO.ALMEIDA47@GMAIL.COM,assinatura,,,,,69.90,6.99,0.00,62.91,Pago
101200,2026-05-09 07:54:54,fernanda.nascimento636@hotmail.com,site,google,cpc,google_search_generico,,54.90,0.00,14.90,69.80,Pago
101201,2026-05-09 10:15:02,thais.pimentel74@outlook.com,site,ig,cpc,Meta_Prospeccao_Blends ,PRIMEIRACOMPRA ,229.70,34.45,0.00,195.25,Pago
101202,2026-05-09 12:45:14, gabriela.araujo49@outlook.com,site,facebook,cpc,META_PROSPECCAO_BLENDS,,143.70,0.00,14.90,158.60,Pago
101203,2026-05-09 13:26:47,fabio.oliveira1995@hotmail.com,site,instagram,social,bio_link,,279.80,0.00,0.00,279.80,Pago
101204,2026-05-09 13:38:22,gabriel.simoes@hotmail.com,site,,,,,239.80,0.00,0.00,239.80,Pago
101205,2026-05-09 14:47:21,joao.martins2000@gmail.com,site,instagram,influencer,INFLU_DUDA_BARISTA,BIA10,49.90,4.99,14.90,59.81,Pago
101206,2026-05-09 16:05:42,gabriela.nascimento1994@yahoo.com.br,site,facebook,cpc,META_PROSPECCAO_BLENDS,BEMVINDO10,213.60,21.36,0.00,192.24,Pago
101207,2026-05-09 16:15:06,mateus.pereira82@hotmail.com,site,,,,,299.70,0.00,0.00,299.70,Pago
101208,2026-05-09 16:27:41,diego.carvalho1993@hotmail.com,site,instagram,influencer,INFLU_DUDA_BARISTA,BIA10,169.80,16.98,0.00,152.82,Pago
101209,2026-05-09 17:20:51,thais.martins1996@gmail.com,site,,,,,119.90,0.00,14.90,134.80,Pago
101210,2026-05-09 20:26:01,maria.carvalho2002@gmail.com,site,google,organic,,,178.80,0.00,0.00,178.80,Pago
101211,2026-05-09 21:40:43,luiza.ferreira67@gmail.com,site,instagram,social,bio_link,,89.90,0.00,27.90,117.80,Cancelado
101212,2026-05-10 09:34:05,eduardo.pereira@yahoo.com.br,site,facebook,cpc,META_PROSPECCAO_BLENDS,,214.80,0.00,0.00,214.80,Pago
101213,2026-05-10 13:20:40,aline.rocha@gmail.com,site,,,,,159.90,0.00,0.00,159.90,Pago
101214,2026-05-10 14:00:51,julia.loureiro87@gmail.com,assinatura,,,,,69.90,6.99,0.00,62.91,Pago
101215,2026-05-10 14:22:02,gabriela.simoes@gmail.com,site,instagram,cpc,META_PROSPECCAO_BLENDS,BEMVINDO10,174.80,17.48,0.00,157.32,Pago
101216,2026-05-10 20:54:07,patricia.araujo@gmail.com,site,,,,,69.80,0.00,14.90,84.70,Pago
101217,2026-05-10 21:32:14,camila.simoes1981@hotmail.com,site,google,cpc,GOOGLE_SHOPPING,,309.60,0.00,0.00,309.60,Pago
101218,2026-05-10 21:32:54,thais.santos51@icloud.com,site,instagram,cpc,META_REMARKETING,BEMVINDO10,89.90,8.99,14.90,95.81,Pago
101219,2026-05-10 23:40:40,rodrigo.souza9@gmail.com,site,,,,,259.60,0.00,0.00,259.60,Pago
101220,2026-05-10 23:56:26,leticia.oliveira1981@hotmail.com,site,instagram,social,bio_link,,49.90,0.00,27.90,77.80,Pago
101221,2026-05-11 11:31:16,FABIO.MERCON@HOTMAIL.COM,site,google,organic,,,79.80,0.00,14.90,94.70,Pago
101222,2026-05-11 11:36:26,lucas.rocha1994@gmail.com,site,google,cpc,GOOGLE_SEARCH_MARCA,,209.80,0.00,0.00,209.80,Pago
101223,2026-05-11 11:41:37,felipe.simoes1989@icloud.com,site,instagram,social,bio_link,,79.90,0.00,14.90,94.80,Pago
101224,2026-05-11 11:42:14,gabriela.lima@gmail.com,site,instagram,cpc,META_PROSPECCAO_BLENDS,,379.60,0.00,0.00,379.60,Pago
101225,2026-05-11 12:58:33,juliana.araujo@hotmail.com,site,google,shopping,GOOGLE_SHOPPING,,49.90,0.00,22.90,72.80,Pago
101226,2026-05-11 16:56:52, lucas.silva13@gmail.com,site,google,shopping,GOOGLE_SHOPPING,,89.90,0.00,14.90,104.80,Pago
101227,2026-05-11 17:10:08,JULIA.SOUZA2004@OUTLOOK.COM,site,instagram,social,bio_link,,604.40,0.00,0.00,604.40,Pago
101228,2026-05-11 17:10:58,rodrigo.loureiro82@gmail.com,assinatura,,,,,69.90,6.99,0.00,62.91,Pago
101229,2026-05-11 17:25:15,gustavo.pimentel73@yahoo.com.br,site,google,cpc,GOOGLE_SEARCH_GENERICO,CAFE20,109.80,21.96,14.90,102.74,Pago
101230,2026-05-11 20:33:20,leonardo.silva22@gmail.com,site,,,,,49.90,0.00,22.90,72.80,Pago
101231,2026-05-11 20:36:19,renata.gomes1980@gmail.com,site,ig,cpc,Meta_Prospeccao_Blends ,PRIMEIRACOMPRA,49.90,7.48,14.90,57.32,Pago
101232,2026-05-11 20:49:49,felipe.almeida1985@gmail.com,site,email,newsletter,news_may,,73.80,0.00,14.90,88.70,Pago
101233,2026-05-11 21:42:08,RENATA.PIMENTEL2006@GMAIL.COM,assinatura,,,,,69.90,6.99,0.00,62.91,Aguardando pagamento
101234,2026-05-12 06:43:29, camila.martins392@outlook.com,site,,,,FRETEGRATIS,154.70,0.00,0.00,154.70,Pago
101235,2026-05-12 06:59:51,vinicius.nascimento@gmail.com,site,,,,,304.60,0.00,0.00,304.60,Pago
101236,2026-05-12 09:07:51,beatriz.gomes96@gmail.com,site,instagram,cpc,META_PROSPECCAO_BLENDS,PRIMEIRACOMPRA,123.70,18.55,14.90,120.05,Pago
101237,2026-05-12 09:31:30,gabriela.pimentel83@hotmail.com,site,,,,,79.90,0.00,14.90,94.80,Pago
101238,2026-05-12 14:56:42,maria.gomes@icloud.com,site,google,cpc,google_search_generico,,118.70,0.00,14.90,133.60,Pago
101239,2026-05-12 15:57:27,gabriela.zanotti47@yahoo.com.br,site,google,cpc,GOOGLE_SEARCH_MARCA,,109.80,0.00,14.90,124.70,Cancelado
101240,2026-05-12 19:58:23,patricia.araujo1987@hotmail.com,site,google,cpc,GOOGLE_SEARCH_MARCA,,274.60,0.00,0.00,274.60,Pago
101241,2026-05-12 21:17:05,carlos.barbosa66@gmail.com,site,instagram,social,bio_link,,189.70,0.00,0.00,189.70,Pago
101242,2026-05-12 22:18:48,carlos.mercon@gmail.com,assinatura,,,,,69.90,6.99,0.00,62.91,Pago
101243,2026-05-13 06:38:53,lucas.moreira55@hotmail.com,site,instagram,influencer,INFLU_CAFE_COM_BIA, DUDA15,179.80,26.97,0.00,152.83,Pago
101244,2026-05-13 07:00:17,pedro.almeida1981@gmail.com,site,email,newsletter,news_may,,359.70,0.00,0.00,359.70,Pago
101245,2026-05-13 09:25:36,bruna.rodrigues1993@gmail.com,site,email,newsletter,news_may,,79.90,0.00,14.90,94.80,Pago
101246,2026-05-13 09:45:33,rafael.dallabernardina31@gmail.com,site,google,cpc,GOOGLE_SEARCH_MARCA,,87.70,0.00,14.90,102.60,Pago
101247,2026-05-13 12:35:35,bruna.souza81@hotmail.com,assinatura,,,,,69.90,6.99,0.00,62.91,Cancelado
101248,2026-05-13 12:43:57,aline.zanotti1998@gmail.com,site,google,cpc,GOOGLE_SEARCH_MARCA,,99.80,0.00,14.90,114.70,Pago
101249,2026-05-13 14:57:09,gabriela.loureiro2006@gmail.com,site,instagram,influencer,INFLU_CAFE_COM_BIA,BIA10,279.80,27.98,0.00,251.82,Pago
101250,2026-05-13 15:12:09,maria.almeida@hotmail.com,site,ig,cpc,Meta_Prospeccao_Blends ,,24.90,0.00,14.90,39.80,Pago
101251,2026-05-13 16:29:32,fabio.araujo1999@hotmail.com,site,google,shopping,GOOGLE_SHOPPING,,158.80,0.00,0.00,158.80,Pago
101252,2026-05-13 16:39:56,maria.loureiro2001@gmail.com,site,fb,paid,meta_prospeccao_blends,CAFE20,164.80,32.96,14.90,146.74,Pago
101253,2026-05-13 20:33:30,DEBORA.OLIVEIRA49@GMAIL.COM,site,ig,cpc,Meta_Prospeccao_Blends ,PRIMEIRACOMPRA,294.60,44.19,0.00,250.41,Pago
101254,2026-05-13 22:59:25,thiago.carvalho59@gmail.com,site,whatsapp,referral,indique_ganhe,,129.80,0.00,27.90,157.70,Pago
101255,2026-05-14 07:38:21,gabriela.gomes1994@icloud.com,site,facebook,cpc,META_REMARKETING,PRIMEIRACOMPRA,209.80,31.47,0.00,178.33,Pago
101256,2026-05-14 08:12:05,fernanda.barbosa1990@outlook.com,site,google,cpc,GOOGLE_SEARCH_MARCA,,44.90,0.00,14.90,59.80,Pago
101257,2026-05-14 10:09:28,gabriela.almeida45@hotmail.com,site,,,,,159.70,0.00,0.00,159.70,Cancelado
101258,2026-05-14 10:39:09,bruna.pereira2006@gmail.com,site,email,newsletter,news_may,FRETEGRATIS,234.70,0.00,0.00,234.70,Pago
101259,2026-05-14 10:56:01,ana.costa52@outlook.com,site,ig,cpc,Meta_Prospeccao_Blends ,CAFE20,194.80,38.96,0.00,155.84,Pago
101260,2026-05-14 11:01:48,camila.ferreira2000@yahoo.com.br,site,,,,CAFE20,44.90,8.98,14.90,50.82,Pago
101261,2026-05-14 11:10:26,joao.pereira95@icloud.com,site,instagram,social,bio_link,CAFE20,329.70,65.94,0.00,263.76,Pago
101262,2026-05-14 11:28:46,debora.martins84@gmail.com,site,email,newsletter,news_may,,319.80,0.00,0.00,319.80,Pago
101263,2026-05-14 11:39:23,bruna.simoes579@gmail.com,assinatura,,,,,69.90,6.99,0.00,62.91,Pago
101264,2026-05-14 12:17:48,caio.rocha1992@gmail.com,site,instagram,cpc,META_PROSPECCAO_BLENDS,,264.60,0.00,0.00,264.60,Pago
101265,2026-05-14 12:27:01,juliana.martins@hotmail.com,site,email,newsletter,news_may,,49.80,0.00,22.90,72.70,Pago
101266,2026-05-14 13:27:46,gustavo.araujo1981@yahoo.com.br,site,,,,,189.60,0.00,0.00,189.60,Pago
101267,2026-05-14 13:55:01,pedro.oliveira16@gmail.com,site,ig,cpc,Meta_Prospeccao_Blends ,PRIMEIRACOMPRA,244.60,36.69,0.00,207.91,Reembolsado
101268,2026-05-14 13:56:05,eduardo.almeida1994@gmail.com,site,instagram,social,bio_link,,234.70,0.00,0.00,234.70,Pago
101269,2026-05-14 18:13:45,rodrigo.pimentel81@gmail.com,site,instagram,social,bio_link,,209.80,0.00,0.00,209.80,Pago
101270,2026-05-14 22:25:21,aline.almeida@gmail.com,site,ig,cpc,Meta_Prospeccao_Blends ,,214.70,0.00,0.00,214.70,Cancelado
101271,2026-05-14 22:50:47,camila.pimentel32@yahoo.com.br,site,google,cpc,GOOGLE_SEARCH_MARCA,,234.60,0.00,0.00,234.60,Pago
101272,2026-05-15 06:47:23,leonardo.rodrigues@gmail.com,site,google,cpc,GOOGLE_SEARCH_MARCA,,118.70,0.00,14.90,133.60,Pago
101273,2026-05-15 09:56:59,debora.ferreira1988@gmail.com,site,google,organic,,,18.90,0.00,22.90,41.80,Pago
101274,2026-05-15 10:08:46,aline.costa2000@gmail.com,site,email,newsletter,news_may,,74.70,0.00,14.90,89.60,Pago
101275,2026-05-15 10:13:28,gabriela.simoes@yahoo.com.br,site,fb,paid,meta_prospeccao_blends,PRIMEIRACOMPRA,139.90,20.98,31.50,150.42,Pago
101276,2026-05-15 13:06:08,gabriela.pimentel1994@gmail.com,site,google,cpc,GOOGLE_SEARCH_MARCA,FRETEGRATIS,74.70,0.00,0.00,74.70,Pago
101277,2026-05-15 14:59:22,debora.ribeiro@hotmail.com,site,google,cpc,GOOGLE_SEARCH_GENERICO,,279.60,0.00,0.00,279.60,Pago
101278,2026-05-15 15:19:55,debora.rocha@gmail.com,site,,,,,68.80,0.00,14.90,83.70,Reembolsado
101279,2026-05-15 17:14:05,renata.nascimento58@yahoo.com.br,site,instagram,influencer,INFLU_CAFE_COM_BIA,DUDA15,239.80,35.97,0.00,203.83,Pago
101280,2026-05-15 17:23:06, carolina.rodrigues21@gmail.com,assinatura,,,,,69.90,6.99,0.00,62.91,Pago
101281,2026-05-15 20:09:22,juliana.rocha1991@outlook.com,site,instagram,social,bio_link,,649.50,0.00,0.00,649.50,Pago
101282,2026-05-15 21:15:18,rafael.lima78@gmail.com,site,,,,,279.80,0.00,0.00,279.80,Pago
101283,2026-05-15 21:29:41,patricia.gomes@hotmail.com,site,google,cpc,GOOGLE_SEARCH_MARCA,,189.80,0.00,0.00,189.80,Pago
101284,2026-05-15 23:37:40,DEBORA.SIMOES@GMAIL.COM,site,instagram,influencer,INFLU_DUDA_BARISTA,BIA10,178.80,17.88,0.00,160.92,Cancelado
101285,2026-05-15 23:39:29,priscila.mercon1982@yahoo.com.br,site,fb,paid,meta_prospeccao_blends,,264.70,0.00,0.00,264.70,Pago
101286,2026-05-16 06:52:50,ana.santos1984@gmail.com,site,ig,cpc,Meta_Prospeccao_Blends ,,44.90,0.00,14.90,59.80,Pago
101287,2026-05-16 07:24:37,juliana.silva16@gmail.com,site,email,newsletter,news_may,,188.60,0.00,0.00,188.60,Pago
101287,2026-05-16 07:24:37,juliana.silva16@gmail.com,site,email,newsletter,news_may,,188.60,0.00,0.00,188.60,Pago
101288,2026-05-16 08:00:37,vinicius.silva1994@gmail.com,site,google,cpc,GOOGLE_SEARCH_GENERICO,,164.80,0.00,0.00,164.80,Pago
101289,2026-05-16 08:42:05,DEBORA.SOUZA89@HOTMAIL.COM,assinatura,,,,,69.90,6.99,0.00,62.91,Pago
101290,2026-05-16 08:42:12,leticia.santos14@gmail.com,site,fb,paid,meta_prospeccao_blends,CAFE20,344.60,68.92,0.00,275.68,Pago
101291,2026-05-16 09:18:49,fabio.martins49@gmail.com,site,instagram,cpc,META_PROSPECCAO_BLENDS,,169.70,0.00,0.00,169.70,Pago
101292,2026-05-16 10:23:07,rodrigo.oliveira@gmail.com,site,facebook,cpc,META_REMARKETING,,144.80,0.00,14.90,159.70,Pago
101293,2026-05-16 10:55:40,gabriel.silva92@hotmail.com,site,,,,FRETEGRATIS,579.50,0.00,0.00,579.50,Pago
101294,2026-05-16 12:36:07,leticia.souza81@yahoo.com.br,site,instagram,social,bio_link,,138.80,0.00,14.90,153.70,Cancelado
101295,2026-05-16 13:04:16,rafael.martins1989@gmail.com,site,google,cpc,GOOGLE_SEARCH_MARCA,,419.60,0.00,0.00,419.60,Pago
101296,2026-05-16 13:07:05,beatriz.barbosa8@icloud.com,site,google,organic,,,89.90,0.00,27.90,117.80,Pago
101297,2026-05-16 13:48:04,beatriz.zanotti2000@hotmail.com,assinatura,,,,,69.90,6.99,0.00,62.91,Pago
101298,2026-05-16 14:44:21,fabio.moreira@icloud.com,site,instagram,social,bio_link,,104.70,0.00,14.90,119.60,Pago
101299,2026-05-16 15:56:21,fabio.carvalho44@gmail.com,site,google,cpc,GOOGLE_SEARCH_MARCA,,24.90,0.00,14.90,39.80,Pago
101300,2026-05-16 19:22:59,ana.pimentel1987@hotmail.com,site,email,newsletter,news_may,,269.70,0.00,0.00,269.70,Pago
101301,2026-05-17 06:10:22,maria.pimentel1993@yahoo.com.br,site,whatsapp,referral,indique_ganhe,,159.80,0.00,0.00,159.80,Pago
101302,2026-05-17 06:44:53,carolina.silva2005@icloud.com,assinatura,,,,,69.90,6.99,0.00,62.91,Pago
101303,2026-05-17 07:33:13,fabio.lima2005@hotmail.com,site,instagram,cpc,META_PROSPECCAO_BLENDS,CAFE20,154.70,30.94,14.90,138.66,Pago
101304,2026-05-17 07:59:31,aline.rocha24@hotmail.com,site,instagram,social,bio_link,,194.80,0.00,0.00,194.80,Pago
101305,2026-05-17 09:17:34,fabio.ribeiro@hotmail.com,site,whatsapp,referral,indique_ganhe,,164.80,0.00,0.00,164.80,Pago
101306,2026-05-17 12:19:21,thais.zanotti96@outlook.com,site,instagram,social,bio_link,,164.80,0.00,0.00,164.80,Pago
101307,2026-05-17 14:28:09,caio.moreira67@gmail.com,site,email,newsletter,news_may,,24.90,0.00,14.90,39.80,Pago
101308,2026-05-17 15:06:54,marcelo.simoes13@gmail.com,site,fb,paid,meta_prospeccao_blends,PRIMEIRACOMPRA,99.80,14.97,14.90,99.73,Pago
101309,2026-05-17 17:30:22,gabriel.lima@gmail.com,site,google,cpc,GOOGLE_SEARCH_MARCA,,139.90,0.00,14.90,154.80,Pago
101310,2026-05-17 18:46:15,renata.martins83@yahoo.com.br,site,email,newsletter,news_may,,547.30,0.00,0.00,547.30,Pago
101311,2026-05-17 22:31:12,beatriz.barbosa@gmail.com,site,instagram,cpc,META_REMARKETING,BEMVINDO10,228.60,22.86,0.00,205.74,Pago
101312,2026-05-17 22:59:46,leticia.mercon@gmail.com,site,,,,,99.80,0.00,14.90,114.70,Pago
101313,2026-05-18 07:16:44,lucas.carvalho@hotmail.com,site,,,,INDIQUE15,177.60,26.64,0.00,150.96,Pago
101314,2026-05-18 07:40:24,priscila.carvalho16@yahoo.com.br,site,email,newsletter,news_may,,379.50,0.00,0.00,379.50,Pago
101315,2026-05-18 09:05:57, thais.santos2002@gmail.com,assinatura,,,,,69.90,6.99,0.00,62.91,Pago
101316,2026-05-18 09:11:13,rafael.ferreira64@outlook.com,site,,,,,313.50,0.00,0.00,313.50,Pago
101317,2026-05-18 10:42:44,bruna.lima1987@hotmail.com,site,facebook,cpc,META_PROSPECCAO_BLENDS,CAFE20,169.70,33.94,14.90,150.66,Pago
101318,2026-05-18 10:45:25,leticia.silva@hotmail.com,site,google,cpc,GOOGLE_SEARCH_GENERICO,CAFE20,129.70,25.94,22.90,126.66,Pago
101319,2026-05-18 11:37:18,GUSTAVO.ZANOTTI@HOTMAIL.COM,site,,,,,118.70,0.00,14.90,133.60,Pago
101320,2026-05-18 12:25:16,felipe.nascimento44@hotmail.com,assinatura,,,,,69.90,6.99,0.00,62.91,Pago
101321,2026-05-18 13:06:47,joao.zanotti@outlook.com,assinatura,,,,,69.90,6.99,0.00,62.91,Pago
101322,2026-05-18 13:26:57,RENATA.PEREIRA21@GMAIL.COM,site,,,,DUDA15,354.60,53.19,0.00,301.41,Pago
101323,2026-05-18 13:32:01,rodrigo.santos@gmail.com,site,google,cpc,GOOGLE_SHOPPING,,18.90,0.00,27.90,46.80,Pago
101324,2026-05-18 14:35:37,patricia.carvalho85@gmail.com,site,google,cpc,GOOGLE_SEARCH_MARCA,,244.60,0.00,0.00,244.60,Pago
101325,2026-05-18 16:08:04,diego.mercon24@icloud.com,site,google,cpc,GOOGLE_SEARCH_MARCA,,169.80,0.00,0.00,169.80,Pago
101325,2026-05-18 16:08:04,diego.mercon24@icloud.com,site,google,cpc,GOOGLE_SEARCH_MARCA,,169.80,0.00,0.00,169.80,Pago
101326,2026-05-18 16:53:52,thiago.loureiro75@icloud.com,site,instagram,cpc,META_REMARKETING,,89.90,0.00,31.50,121.40,Pago
101327,2026-05-18 18:30:06,JULIANA.SIMOES@GMAIL.COM,site,,,,,99.80,0.00,22.90,122.70,Aguardando pagamento
101328,2026-05-18 21:14:33, marcelo.araujo1998@gmail.com,site,instagram,cpc,META_PROSPECCAO_BLENDS,CAFE20,469.50,93.90,0.00,375.60,Pago
101329,2026-05-18 22:17:03,thais.pimentel1989@gmail.com,site,instagram,influencer,INFLU_DUDA_BARISTA,BIA10,339.60,33.96,0.00,305.64,Pago
101330,2026-05-18 22:29:31,maria.nascimento2002@gmail.com,site,,,,INDIQUE15,119.90,17.98,22.90,124.82,Pago
101331,2026-05-18 23:21:52,felipe.silva72@gmail.com,assinatura,,,,,69.90,6.99,0.00,62.91,Pago
101332,2026-05-18 23:40:35,juliana.barbosa2006@hotmail.com,site,google,cpc,GOOGLE_SEARCH_GENERICO,,461.30,0.00,0.00,461.30,Pago
101333,2026-05-19 07:29:56,gabriela.barbosa2001@outlook.com,site,google,organic,,FRETEGRATIS,54.90,0.00,0.00,54.90,Cancelado
101334,2026-05-19 07:45:33,priscila.rocha14@hotmail.com,site,google,cpc,GOOGLE_SEARCH_GENERICO,,79.90,0.00,22.90,102.80,Pago
101335,2026-05-19 07:56:41,andre.loureiro90@gmail.com,site,instagram,social,bio_link,,199.80,0.00,0.00,199.80,Pago
101336,2026-05-19 09:00:54,fernanda.pimentel@gmail.com,site,google,cpc,GOOGLE_SEARCH_MARCA,,69.90,0.00,14.90,84.80,Pago
101337,2026-05-19 15:15:50,diego.araujo@gmail.com,site,,,,,79.90,0.00,14.90,94.80,Aguardando pagamento
101338,2026-05-19 16:40:30,beatriz.lima33@gmail.com,site,whatsapp,referral,indique_ganhe,,79.80,0.00,14.90,94.70,Pago
101339,2026-05-19 16:43:31, gabriel.nascimento77@yahoo.com.br,site,ig,cpc,Meta_Prospeccao_Blends ,BEMVINDO10,239.80,23.98,0.00,215.82,Pago
101340,2026-05-19 20:41:50,camila.souza2004@hotmail.com,site,google,cpc,GOOGLE_SEARCH_GENERICO,,54.90,0.00,14.90,69.80,Pago
101341,2026-05-19 22:54:20,julia.lima1992@icloud.com,assinatura,,,,,69.90,6.99,0.00,62.91,Pago
101342,2026-05-19 23:10:34,fernanda.mercon@hotmail.com,site,google,cpc,GOOGLE_SEARCH_MARCA,,239.80,0.00,0.00,239.80,Pago
101343,2026-05-20 08:15:39,gabriel.araujo75@yahoo.com.br,site,,,,,139.90,0.00,22.90,162.80,Pago
101344,2026-05-20 08:34:03,leticia.souza1999@outlook.com,site,google,cpc,GOOGLE_SHOPPING,BEMVINDO10,49.90,4.99,14.90,59.81,Pago
101345,2026-05-20 08:44:13,andre.nascimento@gmail.com,site,fb,paid,meta_prospeccao_blends,,118.60,0.00,14.90,133.50,Pago
101346,2026-05-20 09:26:13,patricia.martins@hotmail.com,site,email,newsletter,news_may,,279.80,0.00,0.00,279.80,Pago
101347,2026-05-20 11:16:08,vinicius.gomes@gmail.com,site,facebook,cpc,META_PROSPECCAO_BLENDS,BEMVINDO10,264.50,26.45,0.00,238.05,Pago
101348,2026-05-20 12:17:50,thais.pereira70@gmail.com,site,facebook,cpc,META_PROSPECCAO_BLENDS,,414.60,0.00,0.00,414.60,Cancelado
101349,2026-05-20 13:03:35,julia.dallabernardina78@gmail.com,site,instagram,social,bio_link,FRETEGRATIS,209.80,0.00,0.00,209.80,Pago
101350,2026-05-20 15:35:53,gabriel.oliveira78@icloud.com,site,instagram,social,bio_link,,44.90,0.00,31.50,76.40,Pago
101351,2026-05-20 15:53:06,debora.nascimento67@hotmail.com,site,,,,,94.80,0.00,14.90,109.70,Pago
101352,2026-05-20 17:13:55,maria.oliveira1999@hotmail.com,site,google,shopping,GOOGLE_SHOPPING,,254.60,0.00,0.00,254.60,Pago
101353,2026-05-20 18:31:46,julia.moreira1992@gmail.com,site,instagram,cpc,META_REMARKETING,,24.90,0.00,14.90,39.80,Pago
101354,2026-05-20 18:44:49,leticia.ferreira@hotmail.com,assinatura,,,,,69.90,6.99,0.00,62.91,Pago
101355,2026-05-20 22:42:17,gabriel.barbosa@gmail.com,site,instagram,social,bio_link,,149.70,0.00,14.90,164.60,Pago
101356,2026-05-20 23:35:06,rafael.martins204@outlook.com,site,email,newsletter,news_may,,319.60,0.00,0.00,319.60,Pago
101357,2026-05-21 06:45:19,beatriz.gomes54@gmail.com,site,instagram,cpc,META_REMARKETING,CAFE20,364.60,72.92,0.00,291.68,Pago
101358,2026-05-21 07:51:14,priscila.mercon@gmail.com,site,instagram,social,bio_link,,99.80,0.00,31.50,131.30,Pago
101359,2026-05-21 08:50:31,ana.gomes2001@gmail.com,site,facebook,cpc,META_PROSPECCAO_BLENDS,,169.60,0.00,0.00,169.60,Pago
101360,2026-05-21 09:08:53,juliana.silva@gmail.com,assinatura,,,,,69.90,6.99,0.00,62.91,Pago
101361,2026-05-21 11:07:27,mariana.rodrigues@gmail.com,site,email,newsletter,news_may,,359.60,0.00,0.00,359.60,Pago
101362,2026-05-21 14:36:26,debora.almeida43@gmail.com,site,,,,,124.80,0.00,14.90,139.70,Pago
101363,2026-05-21 21:13:42,bruna.ribeiro@gmail.com,assinatura,,,,,69.90,6.99,0.00,62.91,Pago
101364,2026-05-21 22:26:40,rodrigo.costa@gmail.com,site,google,shopping,GOOGLE_SHOPPING,,139.90,0.00,14.90,154.80,Pago
101365,2026-05-21 23:02:47,julia.pimentel1999@gmail.com,assinatura,,,,,69.90,6.99,0.00,62.91,Pago
101366,2026-05-21 23:12:38,debora.rodrigues1987@gmail.com,site,google,cpc,google_search_generico,PRIMEIRACOMPRA ,249.80,37.47,0.00,212.33,Pago
101367,2026-05-22 06:36:39,bruna.carvalho@hotmail.com,site,,,,DUDA15,149.80,22.47,14.90,142.23,Pago
101368,2026-05-22 07:56:01,bruna.araujo1984@gmail.com,site,,,,,384.60,0.00,0.00,384.60,Pago
101369,2026-05-22 08:48:44, maria.moreira67@yahoo.com.br,site,,,,INDIQUE15,44.90,6.73,14.90,53.07,Pago
101370,2026-05-22 09:35:19,marcelo.almeida@gmail.com,site,ig,cpc,Meta_Prospeccao_Blends ,CAFE20,184.70,36.94,14.90,162.66,Pago
101371,2026-05-22 10:58:13,debora.costa1987@hotmail.com,site,,,,CAFE20,474.60,94.92,0.00,379.68,Cancelado
101372,2026-05-22 12:01:43,caio.simoes@gmail.com,site,facebook,cpc,META_REMARKETING,,144.70,0.00,31.50,176.20,Pago
101373,2026-05-22 13:01:09,bruna.oliveira1984@yahoo.com.br,site,fb,paid,meta_prospeccao_blends,CAFE20,79.90,15.98,14.90,78.82,Pago
101374,2026-05-22 13:24:30,thais.zanotti92@hotmail.com,site,google,cpc,google_search_generico,,69.90,0.00,14.90,84.80,Pago
101375,2026-05-22 13:33:21,leticia.costa80@gmail.com,site,instagram,social,bio_link,,88.80,0.00,14.90,103.70,Pago
101376,2026-05-22 16:26:44,larissa.gomes2006@gmail.com,site,google,cpc,GOOGLE_SEARCH_GENERICO,,94.80,0.00,27.90,122.70,Pago
101377,2026-05-22 17:29:02,bruna.gomes2001@outlook.com,site,google,cpc,GOOGLE_SEARCH_MARCA,,49.80,0.00,14.90,64.70,Pago
101378,2026-05-22 17:31:29,renata.simoes10@gmail.com,site,,,,FRETEGRATIS,44.90,0.00,0.00,44.90,Pago
101379,2026-05-22 18:33:09,rafael.zanotti@gmail.com,site,,,,,54.90,0.00,31.50,86.40,Pago
101380,2026-05-22 19:22:54,bruna.lima74@gmail.com,site,google,cpc,GOOGLE_SEARCH_GENERICO,,54.90,0.00,14.90,69.80,Pago
101381,2026-05-22 19:31:38,julia.barbosa28@gmail.com,assinatura,,,,,69.90,6.99,0.00,62.91,Pago
101382,2026-05-22 20:48:19,aline.ferreira82@gmail.com,site,,,,,139.90,0.00,14.90,154.80,Pago
101383,2026-05-22 20:57:58,fernanda.nascimento53@gmail.com,site,email,newsletter,news_may,,18.90,0.00,14.90,33.80,Pago
101384,2026-05-22 21:23:38,ana.ribeiro53@gmail.com,site,ig,cpc,Meta_Prospeccao_Blends ,,99.80,0.00,22.90,122.70,Pago
101385,2026-05-23 06:37:45,priscila.oliveira1991@yahoo.com.br,site,google,cpc,GOOGLE_SHOPPING,CAFE20,74.80,14.96,14.90,74.74,Pago
101386,2026-05-23 06:58:51,LETICIA.COSTA@HOTMAIL.COM,site,email,newsletter,news_may,,49.90,0.00,14.90,64.80,Pago
101387,2026-05-23 07:46:42,renata.silva1981@hotmail.com,site,email,newsletter,news_may,,124.70,0.00,14.90,139.60,Pago
101388,2026-05-23 09:26:32,eduardo.pereira1989@hotmail.com,site,instagram,influencer,INFLU_CAFE_COM_BIA,,114.80,0.00,22.90,137.70,Reembolsado
101389,2026-05-23 10:31:13,felipe.zanotti51@gmail.com,site,google,organic,,,159.80,0.00,0.00,159.80,Pago
101390,2026-05-23 12:06:29, juliana.simoes68@gmail.com,assinatura,,,,,69.90,6.99,0.00,62.91,Pago
101391,2026-05-23 13:55:57,GUSTAVO.ARAUJO1981@YAHOO.COM.BR,assinatura,,,,,69.90,6.99,0.00,62.91,Pago
101392,2026-05-23 14:00:43,gustavo.ferreira@hotmail.com,assinatura,,,,,69.90,6.99,0.00,62.91,Pago
101393,2026-05-23 16:21:31,thais.ribeiro@hotmail.com,site,,,,,273.60,0.00,0.00,273.60,Pago
101394,2026-05-23 16:36:26,andre.zanotti@hotmail.com,assinatura,,,,,69.90,6.99,0.00,62.91,Aguardando pagamento
101395,2026-05-23 17:06:25,bruna.ferreira1981@hotmail.com,site,facebook,cpc,META_PROSPECCAO_BLENDS,PRIMEIRACOMPRA,92.70,13.90,22.90,101.70,Aguardando pagamento
101396,2026-05-23 18:00:01,eduardo.oliveira1993@gmail.com,site,,,,,227.60,0.00,0.00,227.60,Pago
101397,2026-05-23 18:34:32,patricia.lima24@gmail.com,site,instagram,influencer,INFLU_CAFE_COM_BIA,BIA10,489.60,48.96,0.00,440.64,Pago
101398,2026-05-23 19:32:02,luiza.mercon@outlook.com,site,facebook,cpc,META_PROSPECCAO_BLENDS,CAFE20,69.90,13.98,14.90,70.82,Pago
101399,2026-05-23 20:05:41,thais.nascimento13@gmail.com,site,google,cpc,GOOGLE_SEARCH_MARCA,,138.70,0.00,14.90,153.60,Pago
101400,2026-05-23 20:19:56,MARIA.MARTINS1994@GMAIL.COM,site,,,,,109.80,0.00,14.90,124.70,Pago
101401,2026-05-23 20:47:55,luiza.martins73@gmail.com,assinatura,,,,,69.90,6.99,0.00,62.91,Pago
101402,2026-05-23 21:51:02, debora.mercon@gmail.com,site,instagram,social,bio_link,,174.60,0.00,0.00,174.60,Reembolsado
101403,2026-05-23 22:47:54,rafael.dallabernardina531@gmail.com,site,google,cpc,GOOGLE_SEARCH_GENERICO,,68.70,0.00,14.90,83.60,Pago
101404,2026-05-24 07:30:50,bruna.pereira@outlook.com,site,google,cpc,GOOGLE_SEARCH_MARCA,,49.90,0.00,27.90,77.80,Pago
101405,2026-05-24 08:46:11,bruno.souza85@gmail.com,site,google,shopping,GOOGLE_SHOPPING,,89.90,0.00,31.50,121.40,Pago
101406,2026-05-24 10:20:31,maria.nascimento1996@gmail.com,site,google,cpc,GOOGLE_SEARCH_GENERICO,,69.90,0.00,14.90,84.80,Pago
101407,2026-05-24 10:37:51, marcelo.pimentel1995@gmail.com,assinatura,,,,,69.90,6.99,0.00,62.91,Pago
101408,2026-05-24 11:05:50,bruno.carvalho1999@icloud.com,site,instagram,social,bio_link,,119.70,0.00,14.90,134.60,Cancelado
101409,2026-05-24 13:14:19,fabio.mercon1999@gmail.com,site,google,cpc,google_search_generico,,424.60,0.00,0.00,424.60,Pago
101410,2026-05-24 13:43:38,larissa.nascimento1990@gmail.com,assinatura,,,,,69.90,6.99,0.00,62.91,Cancelado
101411,2026-05-24 13:53:35,bruna.barbosa16@hotmail.com,assinatura,,,,,69.90,6.99,0.00,62.91,Pago
101412,2026-05-24 16:14:54,marcelo.moreira1986@gmail.com,site,google,shopping,GOOGLE_SHOPPING,,63.80,0.00,27.90,91.70,Pago
101413,2026-05-24 16:26:43,vinicius.ferreira@gmail.com,site,instagram,cpc,META_PROSPECCAO_BLENDS,PRIMEIRACOMPRA,279.80,41.97,0.00,237.83,Pago
101414,2026-05-24 16:48:40,thais.pereira99@gmail.com,site,,,,,354.60,0.00,0.00,354.60,Pago
101415,2026-05-24 16:57:07,eduardo.mercon@gmail.com,site,,,,DUDA15,18.90,2.83,14.90,30.97,Pago
101416,2026-05-24 17:28:15,gustavo.carvalho@yahoo.com.br,site,instagram,cpc,META_REMARKETING,CAFE20,319.80,63.96,0.00,255.84,Pago
101417,2026-05-24 19:13:09,camila.ferreira1983@hotmail.com,site,google,cpc,GOOGLE_SHOPPING,,69.90,0.00,14.90,84.80,Cancelado
101418,2026-05-24 19:40:46,fernanda.gomes42@gmail.com,site,facebook,cpc,META_PROSPECCAO_BLENDS,BEMVINDO10,119.80,11.98,22.90,130.72,Pago
101419,2026-05-24 20:05:49, mariana.nascimento2001@gmail.com,site,google,cpc,GOOGLE_SEARCH_MARCA,,149.80,0.00,14.90,164.70,Pago
101420,2026-05-24 20:50:58,gabriel.carvalho56@icloud.com,assinatura,,,,,69.90,6.99,0.00,62.91,Pago
101421,2026-05-24 21:18:55,larissa.rocha46@hotmail.com,site,,,,,144.80,0.00,14.90,159.70,Pago
101422,2026-05-24 21:58:30,priscila.barbosa@hotmail.com,site,google,cpc,GOOGLE_SEARCH_GENERICO,,119.90,0.00,14.90,134.80,Pago
101423,2026-05-25 06:06:15,carolina.ribeiro1986@gmail.com,site,,,,,279.80,0.00,0.00,279.80,Pago
101424,2026-05-25 07:49:53,juliana.ribeiro@gmail.com,site,instagram,influencer,INFLU_CAFE_COM_BIA, DUDA15,89.90,13.49,14.90,91.31,Pago
101425,2026-05-25 08:40:36, debora.mercon1996@hotmail.com,site,google,cpc,GOOGLE_SEARCH_MARCA,,79.90,0.00,14.90,94.80,Cancelado
101426,2026-05-25 08:48:22,priscila.rodrigues17@yahoo.com.br,site,email,newsletter,news_may,,49.90,0.00,14.90,64.80,Pago
101427,2026-05-25 08:55:42,juliana.souza1994@gmail.com,site,fb,paid,meta_prospeccao_blends,bemvindo10,424.40,42.44,0.00,381.96,Cancelado
101428,2026-05-25 09:16:13,gustavo.loureiro2000@yahoo.com.br,site,google,cpc,GOOGLE_SEARCH_MARCA,CAFE20,79.90,15.98,14.90,78.82,Pago
101429,2026-05-25 09:47:49,julia.rocha@gmail.com,site,instagram,influencer,INFLU_DUDA_BARISTA,DUDA15,469.60,70.44,0.00,399.16,Pago
101430,2026-05-25 10:23:01,aline.rocha@yahoo.com.br,site,fb,paid,meta_prospeccao_blends,BEMVINDO10,49.90,4.99,14.90,59.81,Pago
101431,2026-05-25 10:55:55,beatriz.oliveira@gmail.com,site,facebook,cpc,META_PROSPECCAO_BLENDS,PRIMEIRACOMPRA,438.40,65.76,0.00,372.64,Pago
101432,2026-05-25 13:09:59,debora.costa@gmail.com,assinatura,,,,,69.90,6.99,0.00,62.91,Pago
101433,2026-05-25 15:13:40,thais.dallabernardina@gmail.com,site,facebook,cpc,META_PROSPECCAO_BLENDS,,18.90,0.00,31.50,50.40,Pago
101434,2026-05-25 16:25:57,leonardo.souza1989@icloud.com,site,,,,,159.60,0.00,0.00,159.60,Pago
101435,2026-05-25 17:25:46,mariana.pereira@gmail.com,site,google,organic,,,278.70,0.00,0.00,278.70,Pago
101436,2026-05-25 17:38:28,marcelo.nascimento44@gmail.com,site,instagram,cpc,META_PROSPECCAO_BLENDS,BEMVINDO10,179.80,17.98,0.00,161.82,Cancelado
101437,2026-05-25 19:15:10,pedro.nascimento@gmail.com,site,google,cpc,GOOGLE_SEARCH_GENERICO,,49.90,0.00,27.90,77.80,Pago
101438,2026-05-25 19:20:56,leticia.silva1983@gmail.com,site,facebook,cpc,META_PROSPECCAO_BLENDS,CAFE20,249.60,49.92,0.00,199.68,Pago
101439,2026-05-25 19:31:02,rafael.moreira2000@icloud.com,site,email,newsletter,news_may,,139.80,0.00,14.90,154.70,Pago
101440,2026-05-25 19:53:53,julia.carvalho@gmail.com,site,,,,,299.80,0.00,0.00,299.80,Pago
101441,2026-05-25 20:56:05,camila.nascimento@outlook.com,site,google,cpc,GOOGLE_SEARCH_MARCA,,79.90,0.00,22.90,102.80,Pago
101442,2026-05-25 22:06:45,patricia.dallabernardina76@gmail.com,site,google,cpc,GOOGLE_SEARCH_GENERICO,,37.80,0.00,27.90,65.70,Reembolsado
101443,2026-05-25 22:09:42,debora.ribeiro@outlook.com,site,whatsapp,referral,indique_ganhe,,24.90,0.00,14.90,39.80,Pago
101444,2026-05-25 23:29:25, ana.araujo2001@hotmail.com,site,google,cpc,google_search_generico,BEMVINDO10,49.90,4.99,31.50,76.41,Pago
101445,2026-05-25 23:53:40,fabio.silva48@gmail.com,assinatura,,,,,69.90,6.99,0.00,62.91,Pago
101446,2026-05-26 06:21:14,leticia.silva@gmail.com,site,google,cpc,GOOGLE_SEARCH_GENERICO,BEMVINDO10,159.90,15.99,27.90,171.81,Pago
101447,2026-05-26 06:22:20,luiza.martins2005@gmail.com,site,,,,,199.80,0.00,0.00,199.80,Pago
101448,2026-05-26 06:39:58,larissa.rodrigues@icloud.com,site,email,newsletter,news_may,,369.60,0.00,0.00,369.60,Pago
101449,2026-05-26 07:53:05,renata.dallabernardina@gmail.com,site,,,,,24.90,0.00,14.90,39.80,Pago
101450,2026-05-26 08:20:44,fernanda.moreira82@gmail.com,assinatura,,,,,69.90,6.99,0.00,62.91,Pago
101451,2026-05-26 08:40:09,beatriz.santos1998@hotmail.com,site,instagram,cpc,META_PROSPECCAO_BLENDS, PRIMEIRACOMPRA,279.80,41.97,0.00,237.83,Pago
101452,2026-05-26 10:17:26,luiza.lima73@icloud.com,site,instagram,cpc,META_REMARKETING,PRIMEIRACOMPRA,99.80,14.97,22.90,107.73,Pago
101453,2026-05-26 10:22:49,priscila.ribeiro1996@icloud.com,site,instagram,influencer,INFLU_CAFE_COM_BIA,DUDA15,37.80,5.67,22.90,55.03,Reembolsado
101454,2026-05-26 11:47:23,lucas.costa1997@gmail.com,site,,,,fretegratis,264.70,0.00,0.00,264.70,Pago
101455,2026-05-26 11:51:48,mariana.mercon1997@yahoo.com.br,site,instagram,influencer,INFLU_CAFE_COM_BIA,DUDA15,399.70,59.95,0.00,339.75,Pago
101456,2026-05-26 12:44:55,rafael.loureiro46@hotmail.com,assinatura,,,,,69.90,6.99,0.00,62.91,Pago
101457,2026-05-26 14:38:45,mariana.loureiro@gmail.com,site,facebook,cpc,META_PROSPECCAO_BLENDS,,178.80,0.00,0.00,178.80,Pago
101458,2026-05-26 15:42:42,camila.rocha@hotmail.com,site,,,,,89.90,0.00,27.90,117.80,Pago
101459,2026-05-26 16:46:15,maria.lima@yahoo.com.br,assinatura,,,,,69.90,6.99,0.00,62.91,Pago
101460,2026-05-26 18:03:15,vinicius.mercon1987@hotmail.com,site,email,newsletter,news_may,,209.70,0.00,0.00,209.70,Pago
101461,2026-05-26 18:26:32,felipe.ribeiro@gmail.com,site,google,shopping,GOOGLE_SHOPPING,,139.90,0.00,14.90,154.80,Pago
101462,2026-05-26 21:03:15,fernanda.loureiro19@gmail.com,site,google,cpc,GOOGLE_SHOPPING,,139.90,0.00,14.90,154.80,Pago
101463,2026-05-26 21:18:27,maria.dallabernardina1997@hotmail.com,site,instagram,influencer,INFLU_CAFE_COM_BIA,DUDA15,154.70,23.20,14.90,146.40,Pago
101464,2026-05-26 22:02:47, aline.rodrigues1991@icloud.com,site,instagram,cpc,META_PROSPECCAO_BLENDS,PRIMEIRACOMPRA,164.80,24.72,14.90,154.98,Pago
101465,2026-05-27 07:13:07,caio.ribeiro1981@gmail.com,assinatura,,,,,69.90,6.99,0.00,62.91,Pago
101466,2026-05-27 07:40:49,THIAGO.SIMOES77@GMAIL.COM,site,ig,cpc,Meta_Prospeccao_Blends ,primeiracompra,49.80,7.47,14.90,57.23,Pago
101467,2026-05-27 07:53:21,camila.ribeiro@gmail.com,site,google,cpc,GOOGLE_SEARCH_GENERICO,,169.70,0.00,0.00,169.70,Pago
101468,2026-05-27 09:12:31,GABRIELA.RIBEIRO@GMAIL.COM,site,,,,,729.40,0.00,0.00,729.40,Pago
101469,2026-05-27 09:28:06,gabriela.loureiro2006@gmail.com,assinatura,,,,,69.90,6.99,0.00,62.91,Pago
101470,2026-05-27 10:05:13,thiago.dallabernardina94@icloud.com,site,instagram,social,bio_link,,79.90,0.00,14.90,94.80,Pago
101471,2026-05-27 10:59:52,carolina.pereira7@gmail.com,site,instagram,social,bio_link,,159.90,0.00,0.00,159.90,Pago
101472,2026-05-27 11:10:17,leticia.pimentel1998@gmail.com,site,,,,,318.50,0.00,0.00,318.50,Pago
101473,2026-05-27 11:21:04,camila.barbosa151@outlook.com,assinatura,,,,,69.90,6.99,0.00,62.91,Pago
101474,2026-05-27 14:04:55,rafael.zanotti34@gmail.com,site,,,,,69.90,0.00,14.90,84.80,Cancelado
101475,2026-05-27 14:32:16,carolina.almeida1981@outlook.com,site,,,,BIA10,179.80,17.98,0.00,161.82,Pago
101476,2026-05-27 15:52:13,GABRIELA.FERREIRA1992@HOTMAIL.COM,site,google,organic,,,179.70,0.00,0.00,179.70,Pago
101477,2026-05-27 16:32:40,pedro.ferreira@gmail.com,site,google,cpc,GOOGLE_SEARCH_MARCA,,254.70,0.00,0.00,254.70,Pago
101478,2026-05-27 17:24:39,fabio.dallabernardina@icloud.com,site,email,newsletter,news_may,,69.90,0.00,14.90,84.80,Pago
101479,2026-05-27 18:28:54,lucas.ribeiro2006@gmail.com,site,google,cpc,GOOGLE_SEARCH_MARCA,,119.90,0.00,14.90,134.80,Pago
101480,2026-05-27 19:53:10,maria.souza3@hotmail.com,site,instagram,influencer,INFLU_CAFE_COM_BIA,DUDA15,294.60,44.19,0.00,250.41,Cancelado
101481,2026-05-27 21:07:56,rodrigo.ribeiro11@yahoo.com.br,assinatura,,,,,69.90,6.99,0.00,62.91,Pago
101482,2026-05-27 21:21:41,bruna.simoes273@gmail.com,site,instagram,cpc,META_REMARKETING,,164.70,0.00,0.00,164.70,Pago
101483,2026-05-27 23:24:45,andre.ferreira47@gmail.com,site,google,cpc,GOOGLE_SEARCH_MARCA,,69.90,0.00,22.90,92.80,Pago
101484,2026-05-27 23:31:05,priscila.dallabernardina@icloud.com,site,google,shopping,GOOGLE_SHOPPING,,239.70,0.00,0.00,239.70,Pago
101485,2026-05-27 23:36:32,juliana.souza2003@gmail.com,site,,,,,139.80,0.00,14.90,154.70,Pago
101486,2026-05-27 23:37:57,carolina.rocha@outlook.com,site,google,cpc,GOOGLE_SEARCH_MARCA,,364.50,0.00,0.00,364.50,Pago
101487,2026-05-28 06:04:08, leticia.rocha787@outlook.com,site,,,,,288.60,0.00,0.00,288.60,Pago
101488,2026-05-28 06:45:09,rodrigo.lima1983@gmail.com,site,facebook,cpc,META_REMARKETING,PRIMEIRACOMPRA,319.80,47.97,0.00,271.83,Pago
101489,2026-05-28 09:40:54,gabriela.oliveira38@gmail.com,site,google,shopping,GOOGLE_SHOPPING,,429.40,0.00,0.00,429.40,Pago
101490,2026-05-28 10:14:40,renata.zanotti39@gmail.com,site,instagram,influencer,INFLU_DUDA_BARISTA,DUDA15,144.80,21.72,14.90,137.98,Pago
101491,2026-05-28 12:04:41,bruno.dallabernardina652@gmail.com,site,google,cpc,GOOGLE_SHOPPING,,159.80,0.00,0.00,159.80,Pago
101492,2026-05-28 12:22:47,gabriela.rocha@gmail.com,site,google,cpc,GOOGLE_SEARCH_GENERICO,,179.80,0.00,0.00,179.80,Pago
101493,2026-05-28 16:00:58,rodrigo.carvalho1987@gmail.com,site,ig,cpc,Meta_Prospeccao_Blends ,PRIMEIRACOMPRA,169.70,25.45,14.90,159.15,Aguardando pagamento
101494,2026-05-28 16:48:30,maria.pereira@gmail.com,site,,,,,79.90,0.00,27.90,107.80,Pago
101495,2026-05-28 17:26:28,gabriela.araujo1997@gmail.com,site,google,cpc,GOOGLE_SEARCH_MARCA,,138.80,0.00,14.90,153.70,Pago
101496,2026-05-28 20:13:04, carlos.moreira628@icloud.com,site,,,,,24.90,0.00,22.90,47.80,Pago
101497,2026-05-28 22:55:23,lucas.carvalho57@hotmail.com,site,instagram,influencer,INFLU_CAFE_COM_BIA,BIA10 ,184.80,18.48,0.00,166.32,Pago
101498,2026-05-28 22:56:45,diego.costa@gmail.com,site,instagram,social,bio_link,,289.70,0.00,0.00,289.70,Cancelado
101499,2026-05-28 23:54:25,leticia.nascimento2002@gmail.com,site,instagram,social,bio_link,,299.70,0.00,0.00,299.70,Pago
101500,2026-05-29 06:47:37,bruna.loureiro1999@gmail.com,site,facebook,cpc,META_REMARKETING,PRIMEIRACOMPRA,68.80,10.32,14.90,73.38,Pago
101501,2026-05-29 09:34:36,patricia.araujo1987@hotmail.com,assinatura,,,,,69.90,6.99,0.00,62.91,Pago
101502,2026-05-29 09:56:17,gabriel.santos58@icloud.com,site,instagram,social,bio_link,,239.70,0.00,0.00,239.70,Pago
101503,2026-05-29 10:44:02,camila.santos1999@gmail.com,site,google,cpc,GOOGLE_SEARCH_MARCA,,159.90,0.00,0.00,159.90,Cancelado
101504,2026-05-29 13:13:16,rafael.zanotti1985@outlook.com,site,facebook,cpc,META_PROSPECCAO_BLENDS,PRIMEIRACOMPRA,219.70,32.95,0.00,186.75,Pago
101505,2026-05-29 15:42:36,julia.silva27@gmail.com,assinatura,,,,,69.90,6.99,0.00,62.91,Cancelado
101506,2026-05-29 15:46:03,debora.martins28@gmail.com,site,instagram,influencer,INFLU_CAFE_COM_BIA,BIA10,88.80,8.88,14.90,94.82,Pago
101507,2026-05-29 18:02:33,priscila.pereira@gmail.com,site,instagram,social,bio_link,,124.80,0.00,14.90,139.70,Pago
101508,2026-05-29 18:13:15,julia.mercon1987@gmail.com,site,google,cpc,GOOGLE_SEARCH_MARCA,,263.60,0.00,0.00,263.60,Aguardando pagamento
101509,2026-05-29 18:48:39,debora.pimentel68@icloud.com,site,instagram,cpc,META_PROSPECCAO_BLENDS, PRIMEIRACOMPRA,119.90,17.98,14.90,116.82,Pago
101510,2026-05-29 20:22:58,patricia.nascimento@gmail.com,site,google,cpc,GOOGLE_SEARCH_MARCA,,63.80,0.00,14.90,78.70,Pago
101511,2026-05-29 23:04:24,felipe.dallabernardina71@hotmail.com,site,email,newsletter,news_may,FRETEGRATIS ,49.90,0.00,0.00,49.90,Pago
101512,2026-05-30 06:33:07,leonardo.araujo2006@gmail.com,site,google,shopping,GOOGLE_SHOPPING,PRIMEIRACOMPRA,79.90,11.99,14.90,82.81,Pago
101513,2026-05-30 07:03:09,carlos.ferreira@icloud.com,site,,,,,209.70,0.00,0.00,209.70,Pago
101514,2026-05-30 09:07:41,patricia.araujo2003@gmail.com,site,google,cpc,GOOGLE_SEARCH_MARCA,,189.70,0.00,0.00,189.70,Pago
101515,2026-05-30 09:18:29,julia.almeida1996@gmail.com,site,google,cpc,GOOGLE_SHOPPING,,139.90,0.00,22.90,162.80,Pago
101516,2026-05-30 10:21:04,caio.silva@gmail.com,site,google,cpc,GOOGLE_SHOPPING,,429.60,0.00,0.00,429.60,Pago
101517,2026-05-30 10:49:48,bruno.moreira1998@outlook.com,site,,,,,79.90,0.00,27.90,107.80,Pago
101518,2026-05-30 13:35:26,gabriela.oliveira@gmail.com,site,google,organic,,,119.90,0.00,14.90,134.80,Cancelado
101519,2026-05-30 14:04:11, fabio.ribeiro1994@gmail.com,site,instagram,cpc,META_REMARKETING,BEMVINDO10,89.90,8.99,27.90,108.81,Pago
101520,2026-05-30 14:09:31,VINICIUS.PEREIRA1986@GMAIL.COM,site,fb,paid,meta_prospeccao_blends,PRIMEIRACOMPRA,239.80,35.97,0.00,203.83,Pago
101521,2026-05-30 14:33:50,julia.loureiro1988@icloud.com,site,google,shopping,GOOGLE_SHOPPING,,129.80,0.00,14.90,144.70,Pago
101522,2026-05-30 15:45:21,marcelo.dallabernardina@hotmail.com,site,google,cpc,GOOGLE_SEARCH_MARCA,,88.80,0.00,14.90,103.70,Pago
101523,2026-05-30 16:07:05,BEATRIZ.SOUZA@GMAIL.COM,site,instagram,social,bio_link,,269.70,0.00,0.00,269.70,Pago
101524,2026-05-30 17:35:11,vinicius.oliveira1984@gmail.com,site,instagram,social,bio_link,,94.80,0.00,22.90,117.70,Pago
101525,2026-05-30 20:07:23,felipe.pimentel82@gmail.com,site,ig,cpc,Meta_Prospeccao_Blends ,CAFE20,144.70,28.94,14.90,130.66,Pago
101526,2026-05-30 22:08:17,priscila.lima@yahoo.com.br,site,google,cpc,GOOGLE_SEARCH_MARCA,,89.90,0.00,14.90,104.80,Pago
101527,2026-05-31 07:07:06,BRUNA.SANTOS760@GMAIL.COM,site,instagram,social,bio_link,,159.90,0.00,0.00,159.90,Pago
101528,2026-05-31 07:40:43,joao.almeida@gmail.com,site,ig,cpc,Meta_Prospeccao_Blends ,,89.80,0.00,14.90,104.70,Pago
101529,2026-05-31 13:15:09,thais.souza@outlook.com,site,fb,paid,meta_prospeccao_blends,,304.60,0.00,0.00,304.60,Cancelado
101530,2026-05-31 13:57:16,rafael.pereira@icloud.com,site,,,,BIA10,94.80,9.48,14.90,100.22,Pago
101531,2026-05-31 14:41:54,thais.moreira1982@gmail.com,site,,,,,234.60,0.00,0.00,234.60,Pago
101532,2026-05-31 15:14:00,CARLOS.FERREIRA@HOTMAIL.COM,site,instagram,influencer,INFLU_DUDA_BARISTA,BIA10,24.90,2.49,14.90,37.31,Pago
101533,2026-05-31 18:23:28,ana.loureiro47@yahoo.com.br,site,,,,,49.90,0.00,14.90,64.80,Pago
101534,2026-05-31 18:38:40,maria.loureiro2@gmail.com,site,google,cpc,GOOGLE_SEARCH_MARCA,BEMVINDO10,49.90,4.99,27.90,72.81,Pago
101535,2026-05-31 18:48:59,caio.carvalho1986@gmail.com,site,ig,cpc,Meta_Prospeccao_Blends ,PRIMEIRACOMPRA,457.50,68.62,0.00,388.88,Pago
101536,2026-05-31 21:17:24,ana.zanotti1992@gmail.com,site,ig,cpc,Meta_Prospeccao_Blends ,CAFE20,94.80,18.96,14.90,90.74,Pago
101537,2026-05-31 22:04:40,mariana.lima@gmail.com,site,google,cpc,google_search_generico,,159.90,0.00,0.00,159.90,Pago
101538,2026-05-31 22:12:26,julia.nascimento@gmail.com,site,instagram,cpc,META_PROSPECCAO_BLENDS,PRIMEIRACOMPRA,184.80,27.72,0.00,157.08,Pago
101539,2026-06-01 07:03:14,renata.ferreira@gmail.com,site,fb,paid,meta_prospeccao_blends,,49.90,0.00,27.90,77.80,Pago
101540,2026-06-01 07:41:31, fernanda.ribeiro1992@gmail.com,site,instagram,cpc,META_REMARKETING,CAFE20,24.90,4.98,14.90,34.82,Cancelado
101541,2026-06-01 08:38:21,patricia.silva@gmail.com,site,instagram,social,bio_link,,214.70,0.00,0.00,214.70,Pago
101542,2026-06-01 08:59:31,rafael.silva1994@icloud.com,site,email,newsletter,news_jun,,239.60,0.00,0.00,239.60,Pago
101543,2026-06-01 10:29:36,debora.almeida@gmail.com,site,google,cpc,google_search_generico,bemvindo10,229.70,22.97,0.00,206.73,Pago
101544,2026-06-01 10:34:14,julia.lima1993@hotmail.com,site,,,,,254.70,0.00,0.00,254.70,Pago
101545,2026-06-01 11:28:47,mariana.barbosa@outlook.com,site,email,newsletter,news_jun,,99.80,0.00,22.90,122.70,Pago
101546,2026-06-01 12:24:08, fernanda.mercon@hotmail.com,assinatura,,,,,69.90,6.99,0.00,62.91,Pago
101547,2026-06-01 14:10:15,diego.carvalho1980@outlook.com,site,instagram,cpc,META_PROSPECCAO_BLENDS,primeiracompra,349.50,52.42,0.00,297.08,Pago
101548,2026-06-01 14:16:49,bruna.moreira@outlook.com,assinatura,,,,,69.90,6.99,0.00,62.91,Pago
101549,2026-06-01 15:37:16,renata.zanotti@gmail.com,site,,,,,179.70,0.00,0.00,179.70,Pago
101550,2026-06-01 17:17:04,leticia.santos93@gmail.com,site,google,cpc,GOOGLE_SEARCH_MARCA,,159.70,0.00,0.00,159.70,Pago
101551,2026-06-01 18:05:12,mariana.ferreira@hotmail.com,site,google,shopping,GOOGLE_SHOPPING,,79.90,0.00,27.90,107.80,Pago
101552,2026-06-01 20:33:15,CARLOS.SOUZA@GMAIL.COM,site,,,,,49.90,0.00,27.90,77.80,Pago
101553,2026-06-01 20:48:23, beatriz.martins2001@gmail.com,site,email,newsletter,news_jun,,99.80,0.00,14.90,114.70,Pago
101554,2026-06-01 21:51:52,marcelo.silva@hotmail.com,site,email,newsletter,news_jun,,169.80,0.00,0.00,169.80,Pago
101555,2026-06-01 22:21:29, ana.simoes11@gmail.com,site,google,cpc,GOOGLE_SHOPPING,,474.30,0.00,0.00,474.30,Pago
101556,2026-06-01 23:37:27,julia.pimentel1991@hotmail.com,site,instagram,cpc,META_PROSPECCAO_BLENDS,CAFE20,69.90,13.98,14.90,70.82,Reembolsado
101557,2026-06-02 07:08:56,diego.pereira@gmail.com,site,,,,,79.90,0.00,14.90,94.80,Pago
101558,2026-06-02 07:28:25,carolina.lima@gmail.com,site,facebook,cpc,META_PROSPECCAO_BLENDS,bemvindo10,289.70,28.97,0.00,260.73,Pago
101559,2026-06-02 08:13:19,thiago.carvalho83@icloud.com,site,google,cpc,GOOGLE_SEARCH_MARCA,,169.80,0.00,0.00,169.80,Pago
101559,2026-06-02 08:13:19,thiago.carvalho83@icloud.com,site,google,cpc,GOOGLE_SEARCH_MARCA,,169.80,0.00,0.00,169.80,Pago
101560,2026-06-02 08:29:24,caio.martins2005@outlook.com,site,instagram,influencer,INFLU_DUDA_BARISTA,BIA10,54.90,5.49,14.90,64.31,Pago
101561,2026-06-02 08:50:09,fabio.pimentel3@icloud.com,site,instagram,influencer,INFLU_DUDA_BARISTA,DUDA15,299.80,44.97,0.00,254.83,Pago
101562,2026-06-02 08:50:21,camila.ferreira2000@yahoo.com.br,assinatura,,,,,69.90,6.99,0.00,62.91,Pago
101563,2026-06-02 12:40:54,larissa.rocha@hotmail.com,site,instagram,social,bio_link,CAFE20,44.90,8.98,14.90,50.82,Pago
101564,2026-06-02 14:30:41,debora.souza34@icloud.com,site,google,cpc,GOOGLE_SEARCH_MARCA,,89.90,0.00,14.90,104.80,Pago
101565,2026-06-02 14:38:45,debora.lima1987@gmail.com,assinatura,,,,,69.90,6.99,0.00,62.91,Pago
101566,2026-06-02 15:47:46,fabio.martins1996@yahoo.com.br,assinatura,,,,,69.90,6.99,0.00,62.91,Cancelado
101567,2026-06-02 16:51:08,luiza.gomes40@gmail.com,site,google,cpc,google_search_generico,,24.90,0.00,14.90,39.80,Pago
101568,2026-06-02 17:39:30,mateus.loureiro6@gmail.com,site,fb,paid,meta_prospeccao_blends,PRIMEIRACOMPRA,249.60,37.44,0.00,212.16,Pago
101569,2026-06-02 18:28:16,GUSTAVO.OLIVEIRA@GMAIL.COM,site,,,,BIA10,82.70,8.27,14.90,89.33,Pago
101570,2026-06-02 19:18:53,maria.simoes@icloud.com,site,google,cpc,google_search_generico,,69.90,0.00,14.90,84.80,Pago
101571,2026-06-02 19:31:32,gabriel.souza2005@gmail.com,assinatura,,,,,69.90,6.99,0.00,62.91,Pago
101572,2026-06-02 20:27:54,bruna.lima@hotmail.com,site,facebook,cpc,META_REMARKETING,,249.60,0.00,0.00,249.60,Cancelado
101573,2026-06-02 20:46:50,carlos.costa64@gmail.com,site,instagram,social,bio_link,,489.60,0.00,0.00,489.60,Aguardando pagamento
101574,2026-06-02 21:22:26,felipe.loureiro@gmail.com,site,instagram,cpc,META_REMARKETING,BEMVINDO10,109.80,10.98,22.90,121.72,Pago
101575,2026-06-02 22:04:31,rodrigo.oliveira95@hotmail.com,site,instagram,cpc,META_PROSPECCAO_BLENDS,BEMVINDO10,534.40,53.44,0.00,480.96,Pago
101576,2026-06-02 22:31:06,thais.dallabernardina59@hotmail.com,site,instagram,influencer,INFLU_DUDA_BARISTA,DUDA15,119.90,17.98,14.90,116.82,Pago
101577,2026-06-02 23:02:42, debora.barbosa96@gmail.com,site,facebook,cpc,META_REMARKETING,,389.40,0.00,0.00,389.40,Pago
101578,2026-06-02 23:19:00,mariana.lima@yahoo.com.br,assinatura,,,,,69.90,6.99,0.00,62.91,Pago
101579,2026-06-02 23:53:13,fernanda.loureiro96@yahoo.com.br,assinatura,,,,,69.90,6.99,0.00,62.91,Pago
101580,2026-06-02 23:55:24,fabio.araujo58@yahoo.com.br,site,,,,,414.60,0.00,0.00,414.60,Pago
101581,2026-06-03 07:40:40,bruna.santos76@gmail.com,site,,,,INDIQUE15,174.80,26.22,27.90,176.48,Pago
101582,2026-06-03 07:59:46,bruna.pereira2006@gmail.com,site,facebook,cpc,META_PROSPECCAO_BLENDS,,279.80,0.00,0.00,279.80,Pago
101583,2026-06-03 08:30:41,juliana.pereira@gmail.com,site,google,shopping,GOOGLE_SHOPPING,bemvindo10,319.80,31.98,0.00,287.82,Pago
101584,2026-06-03 10:26:40,gabriel.lima@outlook.com,site,instagram,cpc,META_PROSPECCAO_BLENDS,,414.60,0.00,0.00,414.60,Pago
101585,2026-06-03 12:37:44,eduardo.ferreira1982@gmail.com,site,instagram,social,bio_link,,278.60,0.00,0.00,278.60,Pago
101586,2026-06-03 13:15:16,debora.rocha1995@yahoo.com.br,site,ig,cpc,Meta_Prospeccao_Blends ,,229.80,0.00,0.00,229.80,Pago
101587,2026-06-03 20:35:42,RODRIGO.SOUZA84@HOTMAIL.COM,site,ig,cpc,Meta_Prospeccao_Blends ,CAFE20,79.90,15.98,14.90,78.82,Cancelado
101588,2026-06-03 21:18:43,mariana.carvalho@outlook.com,site,instagram,social,bio_link,,159.90,0.00,0.00,159.90,Pago
101589,2026-06-03 23:32:58,carlos.barbosa@yahoo.com.br,site,instagram,cpc,META_REMARKETING,BEMVINDO10,138.80,13.88,14.90,139.82,Pago
101590,2026-06-03 23:59:27,debora.oliveira1994@icloud.com,site,google,cpc,GOOGLE_SEARCH_MARCA,,119.80,0.00,14.90,134.70,Pago
101591,2026-06-04 07:41:45,patricia.gomes213@gmail.com,site,instagram,influencer,INFLU_DUDA_BARISTA,BIA10,119.90,11.99,14.90,122.81,Pago
101592,2026-06-04 10:19:55,eduardo.lima1981@gmail.com,site,google,cpc,GOOGLE_SHOPPING,,164.70,0.00,0.00,164.70,Pago
101593,2026-06-04 11:02:30,debora.rodrigues8@hotmail.com,site,facebook,cpc,META_REMARKETING,PRIMEIRACOMPRA,149.70,22.45,31.50,158.75,Pago
101594,2026-06-04 11:23:46,fabio.ribeiro@gmail.com,assinatura,,,,,69.90,6.99,0.00,62.91,Pago
101595,2026-06-04 11:31:41,patricia.barbosa@gmail.com,site,instagram,social,bio_link,,87.70,0.00,27.90,115.60,Pago
101596,2026-06-04 12:01:59,felipe.lima@yahoo.com.br,site,fb,paid,meta_prospeccao_blends,CAFE20,123.70,24.74,14.90,113.86,Pago
101597,2026-06-04 12:36:00,lucas.zanotti@yahoo.com.br,site,email,newsletter,news_jun,,139.90,0.00,14.90,154.80,Pago
101598,2026-06-04 12:41:52,BRUNA.ALMEIDA1982@GMAIL.COM,site,google,shopping,GOOGLE_SHOPPING,,254.60,0.00,0.00,254.60,Pago
101599,2026-06-04 13:40:22,caio.costa@hotmail.com,site,instagram,social,bio_link,FRETEGRATIS,229.80,0.00,0.00,229.80,Pago
101600,2026-06-04 15:53:24,renata.costa2000@icloud.com,site,,,,,314.60,0.00,0.00,314.60,Pago
101601,2026-06-04 15:53:53,camila.ribeiro1985@hotmail.com,site,facebook,cpc,META_REMARKETING,,18.90,0.00,14.90,33.80,Pago
101602,2026-06-04 16:15:09,julia.rocha2004@gmail.com,site,facebook,cpc,META_PROSPECCAO_BLENDS,,158.70,0.00,0.00,158.70,Pago
101603,2026-06-04 18:49:03,debora.ferreira1988@gmail.com,site,,,,,189.70,0.00,0.00,189.70,Pago
101604,2026-06-04 18:52:14,joao.costa@gmail.com,site,google,cpc,GOOGLE_SEARCH_MARCA,,24.90,0.00,14.90,39.80,Aguardando pagamento
101605,2026-06-04 22:20:03,rafael.martins@gmail.com,site,facebook,cpc,META_PROSPECCAO_BLENDS,PRIMEIRACOMPRA,159.90,23.98,14.90,150.82,Pago
101606,2026-06-04 23:37:35,mariana.costa1980@gmail.com,site,google,cpc,google_search_generico,,229.80,0.00,0.00,229.80,Pago
101607,2026-06-05 06:19:48,luiza.martins1999@gmail.com,site,facebook,cpc,META_REMARKETING,,79.90,0.00,27.90,107.80,Pago
101608,2026-06-05 06:48:30,LARISSA.LOUREIRO1985@YAHOO.COM.BR,assinatura,,,,,69.90,6.99,0.00,62.91,Pago
101609,2026-06-05 06:59:39,lucas.loureiro62@yahoo.com.br,site,,,,BIA10,49.90,4.99,27.90,72.81,Pago
101610,2026-06-05 10:15:37,mariana.souza72@yahoo.com.br,site,ig,cpc,Meta_Prospeccao_Blends ,,109.80,0.00,14.90,124.70,Pago
101611,2026-06-05 12:47:56,marcelo.ribeiro@outlook.com,site,,,,INDIQUE15,119.90,17.98,14.90,116.82,Pago
101612,2026-06-05 14:00:20,diego.barbosa1990@hotmail.com,site,instagram,cpc,META_PROSPECCAO_BLENDS,PRIMEIRACOMPRA,279.80,41.97,0.00,237.83,Pago
101613,2026-06-05 14:39:33,ana.rodrigues2003@outlook.com,site,google,organic,,CAFE20,49.90,9.98,14.90,54.82,Pago
101614,2026-06-05 15:20:29,thiago.souza98@gmail.com,site,google,cpc,google_search_generico,,44.90,0.00,14.90,59.80,Pago
101615,2026-06-05 15:32:42,leonardo.rocha48@gmail.com,assinatura,,,,,69.90,6.99,0.00,62.91,Pago
101616,2026-06-05 16:15:03,PATRICIA.ZANOTTI79@GMAIL.COM,site,fb,paid,meta_prospeccao_blends,CAFE20,18.90,3.78,22.90,38.02,Pago
101617,2026-06-05 16:52:31,juliana.almeida984@gmail.com,site,instagram,influencer,INFLU_DUDA_BARISTA,BIA10,224.60,22.46,0.00,202.14,Pago
101618,2026-06-05 16:55:16,mateus.carvalho@yahoo.com.br,site,google,cpc,GOOGLE_SEARCH_MARCA,BEMVINDO10,104.80,10.48,14.90,109.22,Aguardando pagamento
101619,2026-06-05 18:12:07,felipe.moreira87@gmail.com,site,google,cpc,GOOGLE_SEARCH_MARCA,,69.90,0.00,14.90,84.80,Pago
101620,2026-06-05 18:17:30,maria.loureiro1987@gmail.com,site,google,organic,,,229.70,0.00,0.00,229.70,Cancelado
101621,2026-06-05 18:33:10,debora.oliveira49@gmail.com,site,,,,,159.90,0.00,0.00,159.90,Pago
101622,2026-06-05 19:32:01,beatriz.simoes@yahoo.com.br,site,google,shopping,GOOGLE_SHOPPING,PRIMEIRACOMPRA,119.90,17.98,14.90,116.82,Pago
101623,2026-06-05 20:25:08,debora.nascimento9@gmail.com,site,ig,cpc,Meta_Prospeccao_Blends ,PRIMEIRACOMPRA,79.80,11.97,14.90,82.73,Pago
101624,2026-06-05 21:04:09,gabriel.silva92@hotmail.com,site,email,newsletter,news_jun,,319.60,0.00,0.00,319.60,Pago
101625,2026-06-05 21:47:53,MARIA.ROCHA2001@HOTMAIL.COM,site,,,,FRETEGRATIS,169.60,0.00,0.00,169.60,Pago
101626,2026-06-05 23:50:53,beatriz.ferreira@gmail.com,site,fb,paid,meta_prospeccao_blends,PRIMEIRACOMPRA ,249.70,37.45,0.00,212.25,Pago
101627,2026-06-06 08:02:53,andre.moreira1980@hotmail.com,site,google,cpc,GOOGLE_SEARCH_MARCA,,24.90,0.00,14.90,39.80,Pago
101628,2026-06-06 08:03:28,julia.souza94@gmail.com,site,google,cpc,GOOGLE_SEARCH_GENERICO,,89.80,0.00,14.90,104.70,Pago
101629,2026-06-06 08:12:06,JULIA.LIMA@YAHOO.COM.BR,site,google,cpc,GOOGLE_SEARCH_GENERICO,,119.90,0.00,14.90,134.80,Reembolsado
101630,2026-06-06 09:18:31,renata.souza46@yahoo.com.br,site,,,,BIA10 ,63.80,6.38,14.90,72.32,Pago
101631,2026-06-06 10:28:28,bruno.nascimento1991@outlook.com,site,email,newsletter,news_jun,FRETEGRATIS,219.70,0.00,0.00,219.70,Pago
101632,2026-06-06 11:24:59,aline.zanotti70@gmail.com,site,instagram,influencer,INFLU_DUDA_BARISTA,BIA10,279.80,27.98,0.00,251.82,Pago
101633,2026-06-06 11:30:59,larissa.carvalho2005@yahoo.com.br,site,facebook,cpc,META_REMARKETING,,489.60,0.00,0.00,489.60,Pago
101634,2026-06-06 11:43:03,aline.rodrigues@gmail.com,site,instagram,influencer,INFLU_DUDA_BARISTA,,284.70,0.00,0.00,284.70,Pago
101635,2026-06-06 12:50:00,patricia.pereira1992@gmail.com,site,,,,,69.90,0.00,14.90,84.80,Pago
101636,2026-06-06 13:48:31,renata.santos@gmail.com,site,,,,,139.90,0.00,14.90,154.80,Pago
101637,2026-06-06 14:11:00,carlos.carvalho2@outlook.com,site,google,cpc,GOOGLE_SEARCH_MARCA,,317.60,0.00,0.00,317.60,Pago
101638,2026-06-06 15:39:40,bruna.almeida1997@gmail.com,site,google,organic,,,159.90,0.00,0.00,159.90,Pago
101639,2026-06-06 16:33:52,MARIA.SOUZA23@GMAIL.COM,site,google,cpc,GOOGLE_SEARCH_MARCA,,69.90,0.00,22.90,92.80,Pago
101640,2026-06-06 16:45:57,BEATRIZ.CARVALHO@GMAIL.COM,site,,,,,119.90,0.00,27.90,147.80,Pago
101641,2026-06-06 18:59:12,leticia.moreira@gmail.com,site,facebook,cpc,META_REMARKETING,,169.80,0.00,0.00,169.80,Pago
101642,2026-06-06 21:47:00, diego.pereira1999@gmail.com,site,instagram,social,bio_link,,284.70,0.00,0.00,284.70,Pago
101643,2026-06-06 23:26:30,bruno.dallabernardina@icloud.com,site,,,,,119.90,0.00,27.90,147.80,Pago
101644,2026-06-06 23:44:22,thais.carvalho@gmail.com,site,,,,,54.90,0.00,14.90,69.80,Pago
101644,2026-06-06 23:44:22,thais.carvalho@gmail.com,site,,,,,54.90,0.00,14.90,69.80,Pago
101645,2026-06-07 06:20:44,luiza.ferreira89@outlook.com,site,instagram,social,bio_link,,219.80,0.00,0.00,219.80,Pago
101646,2026-06-07 07:47:15,joao.almeida@gmail.com,assinatura,,,,,69.90,6.99,0.00,62.91,Pago
101647,2026-06-07 08:48:26,renata.moreira80@gmail.com,site,google,cpc,GOOGLE_SEARCH_MARCA,CAFE20,214.60,42.92,0.00,171.68,Cancelado
101648,2026-06-07 09:54:05,JULIA.LOUREIRO1990@HOTMAIL.COM,site,facebook,cpc,META_REMARKETING,,69.90,0.00,14.90,84.80,Pago
101649,2026-06-07 10:30:17,carlos.carvalho1987@hotmail.com,site,facebook,cpc,META_REMARKETING,,329.60,0.00,0.00,329.60,Pago
101650,2026-06-07 11:27:23,gabriel.dallabernardina87@icloud.com,site,instagram,social,bio_link,,49.90,0.00,14.90,64.80,Pago
101651,2026-06-07 11:33:40,fernanda.silva1993@gmail.com,assinatura,,,,,69.90,6.99,0.00,62.91,Pago
101652,2026-06-07 12:11:16,caio.rodrigues@icloud.com,assinatura,,,,,69.90,6.99,0.00,62.91,Pago
101653,2026-06-07 12:13:39,julia.araujo@gmail.com,site,google,cpc,GOOGLE_SEARCH_MARCA,BEMVINDO10,229.70,22.97,0.00,206.73,Pago
101654,2026-06-07 14:37:28,bruna.lima74@gmail.com,assinatura,,,,,69.90,6.99,0.00,62.91,Pago
101655,2026-06-07 16:40:30,vinicius.carvalho@hotmail.com,site,facebook,cpc,META_REMARKETING,,89.90,0.00,22.90,112.80,Pago
101656,2026-06-07 18:10:19,aline.simoes1@gmail.com,site,facebook,cpc,META_PROSPECCAO_BLENDS,CAFE20,229.70,45.94,0.00,183.76,Pago
101657,2026-06-07 18:17:14,larissa.zanotti55@gmail.com,site,ig,cpc,Meta_Prospeccao_Blends ,CAFE20,369.70,73.94,0.00,295.76,Pago
101658,2026-06-07 18:34:18,gabriela.mercon@outlook.com,site,google,cpc,GOOGLE_SHOPPING,,159.90,0.00,0.00,159.90,Pago
101659,2026-06-07 19:05:12,mariana.nascimento1987@gmail.com,site,,,,,229.80,0.00,0.00,229.80,Pago
101660,2026-06-08 07:29:43,beatriz.rodrigues91@icloud.com,site,instagram,influencer,INFLU_CAFE_COM_BIA,BIA10,89.90,8.99,22.90,103.81,Pago
101661,2026-06-08 10:45:34,leticia.mercon@gmail.com,site,email,newsletter,news_jun,CAFE20,119.90,23.98,14.90,110.82,Pago
101662,2026-06-08 11:02:09,leticia.santos14@gmail.com,site,google,cpc,GOOGLE_SEARCH_MARCA,,49.90,0.00,27.90,77.80,Pago
101663,2026-06-08 11:59:15,bruna.moreira@yahoo.com.br,site,instagram,influencer,INFLU_CAFE_COM_BIA,DUDA15,189.80,28.47,0.00,161.33,Reembolsado
101664,2026-06-08 13:14:36,debora.pimentel90@gmail.com,site,,,,,304.40,0.00,0.00,304.40,Pago
101665,2026-06-08 16:59:51,vinicius.loureiro1987@gmail.com,site,instagram,cpc,META_REMARKETING,,104.80,0.00,14.90,119.70,Pago
101666,2026-06-08 19:14:33,luiza.araujo@gmail.com,site,google,cpc,GOOGLE_SEARCH_GENERICO,,334.60,0.00,0.00,334.60,Pago
101667,2026-06-08 19:32:32,LUIZA.RIBEIRO52@HOTMAIL.COM,site,google,organic,,,54.90,0.00,31.50,86.40,Pago
101668,2026-06-08 19:35:35,fernanda.lima69@yahoo.com.br,site,fb,paid,meta_prospeccao_blends,PRIMEIRACOMPRA,56.70,8.51,14.90,63.09,Pago
101669,2026-06-08 21:42:46,mateus.silva1984@outlook.com,site,facebook,cpc,META_REMARKETING,PRIMEIRACOMPRA ,99.80,14.97,14.90,99.73,Pago
101670,2026-06-08 21:43:08,larissa.lima1988@hotmail.com,site,instagram,influencer,INFLU_DUDA_BARISTA,DUDA15,24.90,3.73,14.90,36.07,Pago
101671,2026-06-08 22:42:50,fabio.simoes2005@hotmail.com,site,google,cpc,GOOGLE_SEARCH_MARCA,,259.70,0.00,0.00,259.70,Pago
101672,2026-06-09 06:31:49,aline.oliveira@hotmail.com,site,,,,,69.90,0.00,14.90,84.80,Pago
101673,2026-06-09 07:42:55,eduardo.gomes76@gmail.com,site,facebook,cpc,META_REMARKETING,,89.90,0.00,14.90,104.80,Pago
101674,2026-06-09 08:33:26,camila.silva1993@gmail.com,site,google,cpc,google_search_generico,,54.90,0.00,14.90,69.80,Pago
101675,2026-06-09 08:38:24,fabio.loureiro14@gmail.com,site,facebook,cpc,META_PROSPECCAO_BLENDS,BEMVINDO10,179.80,17.98,0.00,161.82,Pago
101676,2026-06-09 10:24:53,lucas.nascimento44@gmail.com,site,google,cpc,GOOGLE_SEARCH_MARCA,,79.80,0.00,27.90,107.70,Pago
101677,2026-06-09 11:13:47, patricia.carvalho34@hotmail.com,site,fb,paid,meta_prospeccao_blends,,144.70,0.00,14.90,159.60,Pago
101678,2026-06-09 11:30:03,felipe.nascimento26@gmail.com,site,fb,paid,meta_prospeccao_blends,,119.90,0.00,14.90,134.80,Pago
101679,2026-06-09 12:01:57,aline.santos1999@icloud.com,site,google,cpc,GOOGLE_SEARCH_MARCA,,119.90,0.00,31.50,151.40,Pago
101680,2026-06-09 12:13:56,mariana.moreira1982@hotmail.com,site,instagram,social,bio_link,,144.80,0.00,27.90,172.70,Pago
101681,2026-06-09 13:22:11, marcelo.pereira2006@gmail.com,site,instagram,social,bio_link,,164.60,0.00,0.00,164.60,Pago
101682,2026-06-09 14:43:46,rodrigo.carvalho@gmail.com,site,facebook,cpc,META_REMARKETING,PRIMEIRACOMPRA,139.90,20.98,14.90,133.82,Pago
101683,2026-06-09 16:16:29,juliana.simoes1983@hotmail.com,site,,,,,79.90,0.00,14.90,94.80,Pago
101684,2026-06-09 16:51:54,gabriela.rocha84@gmail.com,site,email,newsletter,news_jun,,212.60,0.00,0.00,212.60,Pago
101685,2026-06-09 17:40:32,thiago.loureiro@hotmail.com,site,ig,cpc,Meta_Prospeccao_Blends ,,179.80,0.00,0.00,179.80,Pago
101686,2026-06-09 17:59:26, julia.zanotti@hotmail.com,site,instagram,social,bio_link,,159.90,0.00,0.00,159.90,Pago
101687,2026-06-09 20:18:59,fernanda.simoes2004@icloud.com,site,instagram,social,bio_link,,169.70,0.00,0.00,169.70,Pago
101688,2026-06-09 20:41:28,leonardo.ferreira71@hotmail.com,site,instagram,cpc,META_PROSPECCAO_BLENDS,BEMVINDO10,18.90,1.89,14.90,31.91,Pago
101689,2026-06-09 22:08:11,julia.loureiro87@gmail.com,assinatura,,,,,69.90,6.99,0.00,62.91,Pago
101690,2026-06-09 22:59:27,renata.simoes16@hotmail.com,site,instagram,social,bio_link,,49.80,0.00,14.90,64.70,Pago
101691,2026-06-09 23:34:25,larissa.carvalho2001@yahoo.com.br,site,instagram,influencer,INFLU_DUDA_BARISTA,BIA10,149.70,14.97,14.90,149.63,Pago
101692,2026-06-10 06:08:02,rafael.moreira1992@gmail.com,site,instagram,influencer,INFLU_DUDA_BARISTA,BIA10,209.80,20.98,0.00,188.82,Pago
101693,2026-06-10 07:20:06, leonardo.pereira34@gmail.com,site,fb,paid,meta_prospeccao_blends,,89.90,0.00,14.90,104.80,Cancelado
101694,2026-06-10 07:21:59,fabio.carvalho@hotmail.com,site,ig,cpc,Meta_Prospeccao_Blends ,,599.40,0.00,0.00,599.40,Pago
101695,2026-06-10 12:04:16,joao.martins2002@gmail.com,site,instagram,influencer,INFLU_DUDA_BARISTA,DUDA15,79.90,11.99,14.90,82.81,Pago
101696,2026-06-10 12:22:17,mateus.loureiro1981@outlook.com,site,google,shopping,GOOGLE_SHOPPING,,159.70,0.00,0.00,159.70,Pago
101697,2026-06-10 13:17:19,priscila.ribeiro@gmail.com,site,facebook,cpc,META_PROSPECCAO_BLENDS,BEMVINDO10,79.90,7.99,14.90,86.81,Pago
101698,2026-06-10 18:54:30,carlos.pimentel790@yahoo.com.br,site,google,cpc,GOOGLE_SEARCH_MARCA,,68.70,0.00,14.90,83.60,Pago
101699,2026-06-10 21:08:14,felipe.dallabernardina1995@outlook.com,site,instagram,social,bio_link,,79.90,0.00,14.90,94.80,Pago
101700,2026-06-10 23:09:35,renata.pimentel2006@gmail.com,assinatura,,,,,69.90,6.99,0.00,62.91,Pago
101701,2026-06-11 06:00:06,debora.pimentel2006@gmail.com,site,,,,,209.70,0.00,0.00,209.70,Pago
101702,2026-06-11 07:03:52,camila.rodrigues12@gmail.com,site,,,,,239.80,0.00,0.00,239.80,Pago
101703,2026-06-11 07:33:19,fernanda.nascimento@gmail.com,site,google,cpc,google_search_generico,CAFE20,69.90,13.98,31.50,87.42,Pago
101704,2026-06-11 07:43:44,mariana.simoes@hotmail.com,site,,,,,309.50,0.00,0.00,309.50,Pago
101705,2026-06-11 08:25:41,aline.almeida17@outlook.com,site,instagram,social,bio_link,,439.30,0.00,0.00,439.30,Pago
101706,2026-06-11 09:01:50,carlos.mercon@gmail.com,assinatura,,,,,69.90,6.99,0.00,62.91,Pago
101707,2026-06-11 10:36:10,rafael.pimentel1995@gmail.com,assinatura,,,,,69.90,6.99,0.00,62.91,Pago
101708,2026-06-11 10:51:57,vinicius.pimentel@outlook.com,site,instagram,cpc,META_REMARKETING,CAFE20,329.70,65.94,0.00,263.76,Pago
101709,2026-06-11 11:01:26,patricia.pereira69@hotmail.com,site,,,,,24.90,0.00,14.90,39.80,Pago
101710,2026-06-11 11:28:39,renata.zanotti40@icloud.com,site,google,cpc,GOOGLE_SHOPPING,BEMVINDO10,247.60,24.76,0.00,222.84,Pago
101711,2026-06-11 14:07:34,diego.silva@outlook.com,site,,,,,159.90,0.00,0.00,159.90,Pago
101712,2026-06-11 23:03:50,joao.martins168@gmail.com,site,ig,cpc,Meta_Prospeccao_Blends ,CAFE20,44.90,8.98,14.90,50.82,Pago
101713,2026-06-11 23:13:42,luiza.dallabernardina@hotmail.com,site,facebook,cpc,META_PROSPECCAO_BLENDS,BEMVINDO10,239.70,23.97,0.00,215.73,Pago
101714,2026-06-11 23:58:44,julia.nascimento23@yahoo.com.br,site,google,cpc,google_search_generico,,154.70,0.00,0.00,154.70,Pago
101715,2026-06-12 06:57:50,gabriela.souza1991@gmail.com,site,google,shopping,GOOGLE_SHOPPING,,139.80,0.00,14.90,154.70,Pago
101716,2026-06-12 08:18:00,priscila.almeida1983@outlook.com,site,instagram,influencer,INFLU_CAFE_COM_BIA,DUDA15,54.90,8.23,14.90,61.57,Pago
101717,2026-06-12 08:41:40,leonardo.pimentel93@outlook.com,site,google,shopping,GOOGLE_SHOPPING,,37.80,0.00,14.90,52.70,Pago
101718,2026-06-12 10:16:35,maria.oliveira1999@hotmail.com,site,,,,,369.60,0.00,0.00,369.60,Pago
101719,2026-06-12 12:06:50,bruna.rocha93@gmail.com,site,email,newsletter,news_jun,,99.80,0.00,14.90,114.70,Pago
101720,2026-06-12 14:13:56,beatriz.lima2000@gmail.com,site,google,cpc,GOOGLE_SHOPPING,,349.60,0.00,0.00,349.60,Pago
101721,2026-06-12 15:05:44,juliana.nascimento31@gmail.com,site,google,cpc,GOOGLE_SEARCH_MARCA,,249.60,0.00,0.00,249.60,Pago
101722,2026-06-12 15:35:05,bruna.nascimento2001@outlook.com,site,facebook,cpc,META_PROSPECCAO_BLENDS,,108.70,0.00,14.90,123.60,Pago
101723,2026-06-12 17:02:14,renata.almeida1982@gmail.com,site,,,,,104.80,0.00,14.90,119.70,Pago
101724,2026-06-12 21:38:58,bruna.silva1987@gmail.com,site,facebook,cpc,META_REMARKETING,,24.90,0.00,14.90,39.80,Pago
101725,2026-06-12 22:24:39,thiago.zanotti@gmail.com,site,,,,CAFE20,159.90,31.98,14.90,142.82,Pago
101726,2026-06-13 06:45:10,larissa.rodrigues1991@hotmail.com,site,whatsapp,referral,indique_ganhe,,44.90,0.00,14.90,59.80,Pago
101727,2026-06-13 07:45:22,maria.moreira67@yahoo.com.br,site,,,,,139.90,0.00,14.90,154.80,Pago
101727,2026-06-13 07:45:22,maria.moreira67@yahoo.com.br,site,,,,,139.90,0.00,14.90,154.80,Pago
101728,2026-06-13 07:50:56, carlos.costa60@gmail.com,site,instagram,cpc,META_PROSPECCAO_BLENDS, BEMVINDO10,169.80,16.98,0.00,152.82,Pago
101729,2026-06-13 09:24:16,larissa.rodrigues2001@gmail.com,site,instagram,influencer,INFLU_DUDA_BARISTA,BIA10,174.70,17.47,0.00,157.23,Pago
101730,2026-06-13 11:31:20,julia.pereira1992@gmail.com,site,instagram,cpc,META_PROSPECCAO_BLENDS,CAFE20 ,269.70,53.94,0.00,215.76,Pago
101731,2026-06-13 12:21:03,vinicius.zanotti33@gmail.com,site,,,,INDIQUE15,284.50,42.67,0.00,241.83,Cancelado
101732,2026-06-13 12:47:55,luiza.pimentel1984@yahoo.com.br,site,google,shopping,GOOGLE_SHOPPING,,509.60,0.00,0.00,509.60,Pago
101733,2026-06-13 14:13:55,ana.costa1988@gmail.com,site,instagram,influencer,INFLU_CAFE_COM_BIA,DUDA15,74.80,11.22,14.90,78.48,Pago
101734,2026-06-13 14:38:57,GABRIEL.SILVA@GMAIL.COM,site,instagram,influencer,INFLU_DUDA_BARISTA,DUDA15,196.60,29.49,0.00,167.11,Pago
101735,2026-06-13 16:22:59,gabriel.santos1986@gmail.com,site,instagram,cpc,META_REMARKETING,BEMVINDO10,189.60,18.96,0.00,170.64,Pago
101736,2026-06-13 17:09:41,maria.gomes1998@gmail.com,site,instagram,social,bio_link,,318.70,0.00,0.00,318.70,Pago
101737,2026-06-13 18:46:01,larissa.araujo47@icloud.com,site,,,,,194.70,0.00,0.00,194.70,Pago
101738,2026-06-13 20:19:33,carolina.martins8@icloud.com,site,email,newsletter,news_jun,FRETEGRATIS,79.90,0.00,0.00,79.90,Pago
101739,2026-06-13 22:01:44,vinicius.lima@hotmail.com,site,google,shopping,GOOGLE_SHOPPING,,54.90,0.00,14.90,69.80,Pago
101740,2026-06-13 22:56:57,larissa.barbosa@gmail.com,site,email,newsletter,news_jun,,79.90,0.00,14.90,94.80,Pago
101741,2026-06-13 23:29:12,aline.mercon1992@gmail.com,site,instagram,cpc,META_PROSPECCAO_BLENDS,,44.90,0.00,14.90,59.80,Pago
101742,2026-06-14 06:20:14,andre.martins72@gmail.com,site,instagram,influencer,INFLU_CAFE_COM_BIA,DUDA15,154.70,23.20,14.90,146.40,Pago
101743,2026-06-14 08:14:21,andre.costa@gmail.com,site,,,,FRETEGRATIS,79.90,0.00,0.00,79.90,Pago
101744,2026-06-14 08:28:48,GUSTAVO.MARTINS@ICLOUD.COM,site,email,newsletter,news_jun,FRETEGRATIS,269.70,0.00,0.00,269.70,Pago
101745,2026-06-14 09:20:07,maria.martins3@gmail.com,site,ig,cpc,Meta_Prospeccao_Blends ,BEMVINDO10,54.90,5.49,14.90,64.31,Pago
101746,2026-06-14 11:18:54,leonardo.souza1989@icloud.com,site,google,cpc,GOOGLE_SEARCH_GENERICO,,199.60,0.00,0.00,199.60,Pago
101747,2026-06-14 11:56:31,LARISSA.SOUZA1996@ICLOUD.COM,site,whatsapp,referral,indique_ganhe,,398.60,0.00,0.00,398.60,Pago
101748,2026-06-14 15:43:49,camila.ferreira1981@gmail.com,site,instagram,social,bio_link,,79.90,0.00,14.90,94.80,Pago
101749,2026-06-14 16:30:28,renata.rodrigues@outlook.com,site,fb,paid,meta_prospeccao_blends,BEMVINDO10,74.80,7.48,22.90,90.22,Pago
101750,2026-06-14 17:21:24,rafael.ferreira64@outlook.com,site,instagram,social,bio_link,,289.70,0.00,0.00,289.70,Pago
101751,2026-06-14 20:02:13,renata.ribeiro@gmail.com,site,facebook,cpc,META_PROSPECCAO_BLENDS,PRIMEIRACOMPRA,359.60,53.94,0.00,305.66,Pago
101752,2026-06-14 20:49:24,julia.nascimento31@hotmail.com,site,,,,,49.90,0.00,31.50,81.40,Pago
101753,2026-06-14 21:12:43,julia.rocha@gmail.com,site,,,,,224.60,0.00,0.00,224.60,Pago
101754,2026-06-14 23:16:09,pedro.araujo2000@gmail.com,site,google,shopping,GOOGLE_SHOPPING,,138.80,0.00,14.90,153.70,Pago
101755,2026-06-14 23:33:49,carolina.rodrigues21@gmail.com,assinatura,,,,,69.90,6.99,0.00,62.91,Pago
101756,2026-06-14 23:43:29,bruno.pereira2000@gmail.com,site,ig,cpc,Meta_Prospeccao_Blends ,cafe20,179.80,35.96,14.90,158.74,Pago
101757,2026-06-15 06:56:38,leticia.lima@gmail.com,site,,,,,109.80,0.00,14.90,124.70,Pago
101758,2026-06-15 13:51:20,luiza.rodrigues979@gmail.com,site,instagram,social,bio_link,,49.90,0.00,14.90,64.80,Pago
101759,2026-06-15 15:58:06,fabio.rodrigues8@yahoo.com.br,site,google,shopping,GOOGLE_SHOPPING,PRIMEIRACOMPRA,49.90,7.48,14.90,57.32,Pago
101760,2026-06-15 16:52:13,rafael.simoes99@gmail.com,site,google,cpc,GOOGLE_SEARCH_GENERICO,CAFE20,89.90,17.98,14.90,86.82,Pago
101761,2026-06-15 17:47:42,carlos.lima57@hotmail.com,site,google,shopping,GOOGLE_SHOPPING,,164.80,0.00,0.00,164.80,Reembolsado
101762,2026-06-15 17:49:41,beatriz.zanotti2000@hotmail.com,assinatura,,,,,69.90,6.99,0.00,62.91,Pago
101763,2026-06-15 18:08:32,caio.simoes@gmail.com,site,email,newsletter,news_jun,,279.80,0.00,0.00,279.80,Pago
101764,2026-06-15 20:53:14,debora.souza89@hotmail.com,assinatura,,,,,69.90,6.99,0.00,62.91,Pago
101765,2026-06-15 21:59:24,vinicius.ferreira935@outlook.com,site,fb,paid,meta_prospeccao_blends,CAFE20,79.90,15.98,14.90,78.82,Pago
101766,2026-06-15 22:05:35,gabriela.nascimento1991@gmail.com,site,google,cpc,GOOGLE_SEARCH_MARCA,,49.80,0.00,14.90,64.70,Cancelado
101767,2026-06-15 22:39:11,vinicius.nascimento1991@gmail.com,site,instagram,social,bio_link,,158.80,0.00,0.00,158.80,Pago
101768,2026-06-15 23:36:08,beatriz.mercon30@outlook.com,site,google,cpc,GOOGLE_SEARCH_MARCA,,117.70,0.00,14.90,132.60,Pago
101769,2026-06-16 06:09:43,beatriz.rodrigues1995@icloud.com,site,facebook,cpc,META_PROSPECCAO_BLENDS,BEMVINDO10,54.90,5.49,14.90,64.31,Pago
101770,2026-06-16 08:47:52, andre.rodrigues@hotmail.com,site,google,cpc,GOOGLE_SEARCH_GENERICO, BEMVINDO10,179.60,17.96,0.00,161.64,Pago
101771,2026-06-16 10:20:06,gustavo.martins1998@gmail.com,site,instagram,influencer,INFLU_DUDA_BARISTA,BIA10,69.90,6.99,14.90,77.81,Pago
101772,2026-06-16 10:29:05,beatriz.nascimento@hotmail.com,site,,,,DUDA15,49.90,7.48,14.90,57.32,Pago
101773,2026-06-16 10:30:31,BRUNO.MOREIRA70@OUTLOOK.COM,site,,,,,274.60,0.00,0.00,274.60,Pago
101774,2026-06-16 10:39:21,julia.moreira1992@gmail.com,site,,,,FRETEGRATIS,279.80,0.00,0.00,279.80,Pago
101775,2026-06-16 11:36:15,andre.mercon@gmail.com,site,facebook,cpc,META_PROSPECCAO_BLENDS,,89.90,0.00,14.90,104.80,Pago
101776,2026-06-16 13:32:27,rafael.zanotti34@gmail.com,site,google,cpc,GOOGLE_SEARCH_MARCA,,79.90,0.00,14.90,94.80,Pago
101777,2026-06-16 13:49:29,joao.almeida@outlook.com,site,google,cpc,google_search_generico,,284.70,0.00,0.00,284.70,Aguardando pagamento
101778,2026-06-16 14:08:23,aline.araujo1986@gmail.com,site,instagram,social,bio_link,,189.80,0.00,0.00,189.80,Pago
101779,2026-06-16 17:13:07, gustavo.loureiro2000@yahoo.com.br,site,google,cpc,GOOGLE_SEARCH_MARCA,,98.80,0.00,14.90,113.70,Cancelado
101780,2026-06-16 17:41:25,carlos.barbosa1999@gmail.com,site,instagram,social,bio_link,,159.80,0.00,0.00,159.80,Pago
101781,2026-06-16 18:09:52,fabio.araujo@hotmail.com,site,instagram,cpc,META_PROSPECCAO_BLENDS,CAFE20,234.70,46.94,0.00,187.76,Pago
101782,2026-06-16 23:54:49,carolina.silva2005@icloud.com,assinatura,,,,,69.90,6.99,0.00,62.91,Pago
101783,2026-06-17 06:09:55,marcelo.oliveira1985@gmail.com,site,instagram,social,bio_link,,168.60,0.00,0.00,168.60,Pago
101784,2026-06-17 06:13:31,gustavo.loureiro1988@hotmail.com,site,,,,DUDA15,244.50,36.67,0.00,207.83,Pago
101785,2026-06-17 07:30:16,debora.barbosa57@yahoo.com.br,site,google,shopping,GOOGLE_SHOPPING,,89.80,0.00,14.90,104.70,Pago
101786,2026-06-17 08:57:26,rodrigo.rocha1992@yahoo.com.br,site,facebook,cpc,META_REMARKETING,,879.30,0.00,0.00,879.30,Pago
101787,2026-06-17 10:11:15,thiago.ferreira1987@gmail.com,site,google,shopping,GOOGLE_SHOPPING,,99.70,0.00,14.90,114.60,Pago
101788,2026-06-17 13:37:10,felipe.silva72@gmail.com,assinatura,,,,,69.90,6.99,0.00,62.91,Pago
101789,2026-06-17 13:41:09,ana.lima@gmail.com,site,,,,BIA10,429.60,42.96,0.00,386.64,Pago
101790,2026-06-17 14:47:54,GABRIEL.ROCHA@GMAIL.COM,site,google,cpc,GOOGLE_SHOPPING,,319.60,0.00,0.00,319.60,Pago
101791,2026-06-17 15:10:42,thais.santos2002@gmail.com,assinatura,,,,,69.90,6.99,0.00,62.91,Pago
101792,2026-06-17 15:19:19,luiza.ribeiro1997@gmail.com,site,whatsapp,referral,indique_ganhe,,139.90,0.00,31.50,171.40,Pago
101793,2026-06-17 15:24:06,rodrigo.almeida1990@gmail.com,site,google,organic,,,159.90,0.00,0.00,159.90,Pago
101794,2026-06-17 16:03:41,bruna.oliveira1984@yahoo.com.br,site,,,,,24.90,0.00,14.90,39.80,Pago
101795,2026-06-17 16:24:38,FERNANDA.NASCIMENTO53@GMAIL.COM,site,google,cpc,GOOGLE_SEARCH_MARCA,,358.50,0.00,0.00,358.50,Pago
101796,2026-06-17 16:49:32,ana.mercon2000@gmail.com,site,facebook,cpc,META_REMARKETING,PRIMEIRACOMPRA,159.90,23.98,14.90,150.82,Pago
101797,2026-06-17 17:55:39,rodrigo.costa@gmail.com,site,google,cpc,GOOGLE_SEARCH_MARCA,,159.90,0.00,0.00,159.90,Pago
101798,2026-06-17 19:37:05,felipe.nascimento44@hotmail.com,assinatura,,,,,69.90,6.99,0.00,62.91,Pago
101799,2026-06-17 19:44:10,mateus.araujo1997@gmail.com,site,facebook,cpc,META_PROSPECCAO_BLENDS,cafe20,99.80,19.96,14.90,94.74,Pago
101800,2026-06-17 19:55:24,bruno.gomes1983@outlook.com,site,instagram,social,bio_link,,24.90,0.00,14.90,39.80,Cancelado
101801,2026-06-17 21:21:49,vinicius.araujo@outlook.com,site,facebook,cpc,META_PROSPECCAO_BLENDS,CAFE20,119.90,23.98,14.90,110.82,Pago
101802,2026-06-17 21:50:17,luiza.araujo581@gmail.com,site,,,,,18.90,0.00,14.90,33.80,Pago
101803,2026-06-17 21:55:16,ana.moreira293@icloud.com,site,fb,paid,meta_prospeccao_blends,PRIMEIRACOMPRA,89.90,13.49,14.90,91.31,Pago
101804,2026-06-17 23:12:26,joao.zanotti@outlook.com,assinatura,,,,,69.90,6.99,0.00,62.91,Pago
101805,2026-06-17 23:44:05,fernanda.pimentel@gmail.com,site,,,,,399.70,0.00,0.00,399.70,Pago
101806,2026-06-18 06:28:49,juliana.barbosa2@gmail.com,site,google,cpc,google_search_generico,PRIMEIRACOMPRA,49.90,7.48,14.90,57.32,Pago
101807,2026-06-18 07:44:41,aline.ferreira57@gmail.com,site,google,cpc,GOOGLE_SEARCH_MARCA,,384.60,0.00,0.00,384.60,Cancelado
101808,2026-06-18 15:06:08,thiago.ferreira1988@hotmail.com,site,ig,cpc,Meta_Prospeccao_Blends ,,126.60,0.00,27.90,154.50,Pago
101809,2026-06-18 19:25:19,bruna.simoes@outlook.com,site,,,,,182.60,0.00,0.00,182.60,Pago
101810,2026-06-18 20:07:20,patricia.mercon2004@gmail.com,site,,,,,54.90,0.00,22.90,77.80,Pago
101811,2026-06-18 20:25:04,patricia.simoes1991@hotmail.com,site,google,shopping,GOOGLE_SHOPPING,CAFE20,89.90,17.98,22.90,94.82,Pago
101812,2026-06-18 20:44:50,julia.lima1992@icloud.com,assinatura,,,,,69.90,6.99,0.00,62.91,Pago
101813,2026-06-18 22:07:43,gabriela.oliveira38@gmail.com,site,google,cpc,GOOGLE_SEARCH_MARCA,CAFE20,134.70,26.94,14.90,122.66,Pago
101814,2026-06-18 22:27:39,gabriela.moreira@gmail.com,site,instagram,cpc,META_REMARKETING,,544.30,0.00,0.00,544.30,Pago
101815,2026-06-18 23:23:44,LEONARDO.ALMEIDA@GMAIL.COM,site,google,cpc,GOOGLE_SEARCH_MARCA,PRIMEIRACOMPRA,119.90,17.98,14.90,116.82,Pago
101816,2026-06-18 23:35:00,juliana.loureiro1989@gmail.com,site,whatsapp,referral,indique_ganhe,,119.90,0.00,27.90,147.80,Pago
101817,2026-06-18 23:35:26,ana.ferreira@gmail.com,site,,,,,179.70,0.00,0.00,179.70,Pago
101818,2026-06-19 07:40:31,BEATRIZ.LIMA33@GMAIL.COM,site,,,,,349.50,0.00,0.00,349.50,Pago
101819,2026-06-19 07:55:54,renata.ribeiro296@icloud.com,site,,,,,279.80,0.00,0.00,279.80,Pago
101820,2026-06-19 08:31:32,leticia.rocha787@outlook.com,site,google,cpc,GOOGLE_SEARCH_MARCA,,294.70,0.00,0.00,294.70,Pago
101821,2026-06-19 09:04:44,julia.santos23@outlook.com,site,instagram,influencer,INFLU_CAFE_COM_BIA,DUDA15,239.70,35.95,0.00,203.75,Pago
101822,2026-06-19 09:06:03,vinicius.souza2@gmail.com,site,whatsapp,referral,indique_ganhe,INDIQUE15,129.70,19.45,14.90,125.15,Pago
101823,2026-06-19 12:44:22,renata.silva22@yahoo.com.br,site,google,cpc,google_search_generico,,324.70,0.00,0.00,324.70,Pago
101824,2026-06-19 13:26:50,leticia.ferreira@hotmail.com,assinatura,,,,,69.90,6.99,0.00,62.91,Cancelado
101825,2026-06-19 14:33:14,gabriela.rodrigues50@gmail.com,site,facebook,cpc,META_PROSPECCAO_BLENDS,CAFE20,214.70,42.94,0.00,171.76,Pago
101826,2026-06-19 14:34:39,mateus.simoes1995@gmail.com,site,google,cpc,GOOGLE_SEARCH_MARCA,,158.80,0.00,0.00,158.80,Pago
101827,2026-06-19 15:31:49,leticia.dallabernardina47@gmail.com,site,email,newsletter,news_jun,,119.90,0.00,14.90,134.80,Pago
101828,2026-06-19 15:34:27,CAROLINA.SANTOS27@HOTMAIL.COM,site,instagram,influencer,INFLU_DUDA_BARISTA,DUDA15,18.90,2.83,22.90,38.97,Pago
101829,2026-06-19 20:10:56,fernanda.almeida2006@icloud.com,site,instagram,social,bio_link,,424.60,0.00,0.00,424.60,Pago
101830,2026-06-19 20:50:56,felipe.dallabernardina71@hotmail.com,site,email,newsletter,news_jun,,279.80,0.00,0.00,279.80,Pago
101831,2026-06-19 21:15:00,gustavo.silva51@gmail.com,site,instagram,social,bio_link,,269.60,0.00,0.00,269.60,Pago
101832,2026-06-19 22:12:57,pedro.dallabernardina61@gmail.com,site,ig,cpc,Meta_Prospeccao_Blends ,BEMVINDO10,419.70,41.97,0.00,377.73,Pago
101833,2026-06-20 07:09:15,thiago.costa1982@hotmail.com,site,google,cpc,GOOGLE_SEARCH_GENERICO,CAFE20,119.90,23.98,22.90,118.82,Pago
101834,2026-06-20 08:30:36,thais.ribeiro@hotmail.com,site,email,newsletter,news_jun,,159.90,0.00,0.00,159.90,Pago
101835,2026-06-20 08:51:40,ana.costa@hotmail.com,site,google,cpc,GOOGLE_SEARCH_MARCA,,49.90,0.00,14.90,64.80,Pago
101836,2026-06-20 08:57:30,leticia.santos12@gmail.com,site,google,cpc,GOOGLE_SEARCH_GENERICO,,89.90,0.00,14.90,104.80,Pago
101837,2026-06-20 12:16:32,julia.pimentel1999@gmail.com,assinatura,,,,,69.90,6.99,0.00,62.91,Pago
101838,2026-06-20 12:22:53,LARISSA.PIMENTEL2003@GMAIL.COM,site,google,shopping,GOOGLE_SHOPPING,,159.90,0.00,0.00,159.90,Cancelado
101839,2026-06-20 14:59:47,pedro.ferreira@gmail.com,site,google,cpc,GOOGLE_SEARCH_MARCA,,369.50,0.00,0.00,369.50,Pago
101840,2026-06-20 16:47:35,beatriz.santos1987@yahoo.com.br,site,google,cpc,GOOGLE_SEARCH_MARCA,,54.90,0.00,14.90,69.80,Pago
101841,2026-06-20 17:14:49,larissa.gomes@outlook.com,site,,,,,118.70,0.00,14.90,133.60,Pago
101842,2026-06-20 18:29:10, aline.barbosa2006@gmail.com,site,,,,BIA10,624.40,62.44,0.00,561.96,Pago
101843,2026-06-20 19:15:31,debora.rodrigues1987@gmail.com,site,google,cpc,GOOGLE_SEARCH_MARCA,,24.90,0.00,14.90,39.80,Pago
101844,2026-06-20 22:13:00,priscila.almeida15@outlook.com,site,google,cpc,GOOGLE_SEARCH_MARCA,,629.30,0.00,0.00,629.30,Pago
101845,2026-06-20 22:38:44,bruna.ribeiro@gmail.com,assinatura,,,,,69.90,6.99,0.00,62.91,Pago
101846,2026-06-21 10:32:07, thais.nascimento1999@outlook.com,site,,,,,284.60,0.00,0.00,284.60,Pago
101847,2026-06-21 15:47:28,gabriela.costa1999@hotmail.com,site,instagram,social,bio_link,,288.60,0.00,0.00,288.60,Pago
101848,2026-06-21 16:52:30,pedro.souza69@hotmail.com,site,google,cpc,GOOGLE_SEARCH_MARCA,CAFE20,584.40,116.88,0.00,467.52,Pago
101849,2026-06-21 17:03:34,juliana.moreira14@gmail.com,site,email,newsletter,news_jun,,49.90,0.00,14.90,64.80,Pago
101850,2026-06-21 17:55:50,rodrigo.lima1983@gmail.com,site,facebook,cpc,META_REMARKETING,,104.80,0.00,14.90,119.70,Pago
101851,2026-06-21 18:31:39,gabriel.ferreira1995@hotmail.com,site,email,newsletter,news_jun,,89.90,0.00,14.90,104.80,Pago
101852,2026-06-21 18:44:50,aline.araujo846@gmail.com,site,google,cpc,GOOGLE_SEARCH_MARCA,,54.90,0.00,14.90,69.80,Pago
101853,2026-06-21 19:14:38,leticia.costa80@gmail.com,site,,,,,49.80,0.00,14.90,64.70,Pago
101854,2026-06-21 19:57:27,bruno.souza61@gmail.com,site,google,cpc,google_search_generico,,99.80,0.00,31.50,131.30,Pago
101855,2026-06-21 20:25:33,juliana.martins@hotmail.com,site,instagram,social,bio_link,,68.80,0.00,27.90,96.70,Pago
101856,2026-06-21 22:16:56,caio.araujo1990@gmail.com,site,google,cpc,GOOGLE_SEARCH_MARCA,,334.50,0.00,0.00,334.50,Pago
101857,2026-06-21 22:23:19,thais.gomes@hotmail.com,site,google,cpc,GOOGLE_SEARCH_MARCA,,49.90,0.00,14.90,64.80,Pago
101858,2026-06-22 06:07:04,gustavo.ferreira@hotmail.com,assinatura,,,,,69.90,6.99,0.00,62.91,Pago
101859,2026-06-22 06:51:03,mariana.pereira@gmail.com,site,,,,,274.50,0.00,0.00,274.50,Pago
101860,2026-06-22 06:51:13,thiago.rodrigues@hotmail.com,site,facebook,cpc,META_PROSPECCAO_BLENDS,PRIMEIRACOMPRA,99.80,14.97,14.90,99.73,Pago
101861,2026-06-22 06:56:11,gabriel.pereira@hotmail.com,site,google,cpc,GOOGLE_SEARCH_MARCA,,159.90,0.00,0.00,159.90,Pago
101862,2026-06-22 07:22:05,MARIANA.SILVA@GMAIL.COM,site,google,cpc,GOOGLE_SEARCH_MARCA,,119.70,0.00,14.90,134.60,Pago
101863,2026-06-22 07:37:20,luiza.martins73@gmail.com,assinatura,,,,,69.90,6.99,0.00,62.91,Pago
101864,2026-06-22 12:48:46,luiza.loureiro9@hotmail.com,site,instagram,cpc,META_PROSPECCAO_BLENDS,bemvindo10,398.50,39.85,0.00,358.65,Pago
101865,2026-06-22 13:09:14,mariana.carvalho@icloud.com,site,instagram,influencer,INFLU_DUDA_BARISTA,DUDA15,49.90,7.48,14.90,57.32,Pago
101866,2026-06-22 16:30:23,fabio.simoes@yahoo.com.br,site,ig,cpc,Meta_Prospeccao_Blends ,BEMVINDO10,108.80,10.88,14.90,112.82,Pago
101867,2026-06-22 18:02:50,camila.santos@gmail.com,site,fb,paid,meta_prospeccao_blends,PRIMEIRACOMPRA,99.80,14.97,31.50,116.33,Pago
101868,2026-06-22 19:31:18,julia.santos@hotmail.com,site,facebook,cpc,META_REMARKETING,PRIMEIRACOMPRA,214.80,32.22,0.00,182.58,Pago
101869,2026-06-22 19:47:14,JULIA.RODRIGUES2002@GMAIL.COM,site,fb,paid,meta_prospeccao_blends,,184.70,0.00,0.00,184.70,Pago
101870,2026-06-22 21:18:34,aline.zanotti1998@gmail.com,site,email,newsletter,news_jun,,49.90,0.00,14.90,64.80,Pago
101871,2026-06-22 22:01:55,gustavo.araujo1981@yahoo.com.br,assinatura,,,,,69.90,6.99,0.00,62.91,Pago
101872,2026-06-22 22:46:29,andre.zanotti@hotmail.com,assinatura,,,,,69.90,6.99,0.00,62.91,Pago
101873,2026-06-22 23:20:00,juliana.simoes68@gmail.com,assinatura,,,,,69.90,6.99,0.00,62.91,Pago
101874,2026-06-23 07:48:02,debora.nascimento67@hotmail.com,site,google,cpc,GOOGLE_SEARCH_MARCA,,319.80,0.00,0.00,319.80,Pago
101875,2026-06-23 10:31:43,larissa.pereira@icloud.com,site,ig,cpc,Meta_Prospeccao_Blends ,,54.90,0.00,14.90,69.80,Pago
101876,2026-06-23 14:34:50,gabriela.almeida45@hotmail.com,site,instagram,social,bio_link,,223.70,0.00,0.00,223.70,Pago
101877,2026-06-23 17:15:28,RENATA.LIMA63@GMAIL.COM,site,,,,BIA10,259.70,25.97,0.00,233.73,Pago
101878,2026-06-23 17:26:43,camila.mercon28@gmail.com,site,instagram,social,bio_link,,269.70,0.00,0.00,269.70,Cancelado
101879,2026-06-23 18:45:24,aline.mercon1986@outlook.com,site,instagram,influencer,INFLU_CAFE_COM_BIA,bia10,174.70,17.47,0.00,157.23,Pago
101880,2026-06-23 21:42:19,joao.barbosa35@gmail.com,site,instagram,cpc,META_PROSPECCAO_BLENDS,,18.90,0.00,14.90,33.80,Reembolsado
101881,2026-06-23 21:44:06,gabriel.carvalho56@icloud.com,assinatura,,,,,69.90,6.99,0.00,62.91,Pago
101882,2026-06-23 21:53:14,vinicius.santos41@hotmail.com,site,google,cpc,GOOGLE_SEARCH_GENERICO,,69.90,0.00,14.90,84.80,Pago
101883,2026-06-23 22:21:55,ana.mercon2004@gmail.com,site,whatsapp,referral,indique_ganhe,,284.60,0.00,0.00,284.60,Pago
101884,2026-06-23 22:31:41,marcelo.pimentel1995@gmail.com,assinatura,,,,,69.90,6.99,0.00,62.91,Pago
101885,2026-06-23 23:54:16,fabio.carvalho44@gmail.com,site,instagram,social,bio_link,,279.80,0.00,0.00,279.80,Pago
101886,2026-06-24 06:00:22,rodrigo.oliveira@hotmail.com,site,google,cpc,GOOGLE_SEARCH_MARCA,,69.90,0.00,14.90,84.80,Pago
101887,2026-06-24 07:53:32,renata.araujo2000@outlook.com,site,instagram,social,bio_link,,159.90,0.00,0.00,159.90,Pago
101888,2026-06-24 09:42:55,thais.carvalho46@hotmail.com,site,,,,,359.70,0.00,0.00,359.70,Pago
101889,2026-06-24 10:19:44,bruno.barbosa99@gmail.com,site,,,,,79.90,0.00,14.90,94.80,Pago
101890,2026-06-24 11:15:42,julia.barbosa55@hotmail.com,site,instagram,influencer,INFLU_CAFE_COM_BIA,BIA10,239.50,23.95,0.00,215.55,Pago
101891,2026-06-24 11:25:41,caio.moreira25@gmail.com,site,,,,,129.80,0.00,14.90,144.70,Pago
101892,2026-06-24 11:30:44,juliana.santos1989@hotmail.com,site,facebook,cpc,META_PROSPECCAO_BLENDS,,159.70,0.00,0.00,159.70,Reembolsado
101893,2026-06-24 12:30:01,fabio.silva48@gmail.com,assinatura,,,,,69.90,6.99,0.00,62.91,Pago
101894,2026-06-24 12:41:17,carlos.rodrigues2000@icloud.com,site,fb,paid,meta_prospeccao_blends, PRIMEIRACOMPRA,24.90,3.73,14.90,36.07,Pago
101895,2026-06-24 13:52:40,rafael.oliveira1992@icloud.com,site,fb,paid,meta_prospeccao_blends,PRIMEIRACOMPRA,158.80,23.82,14.90,149.88,Pago
101896,2026-06-24 13:55:33,patricia.nascimento1991@hotmail.com,site,google,cpc,GOOGLE_SHOPPING,PRIMEIRACOMPRA,54.90,8.23,14.90,61.57,Pago
101897,2026-06-24 15:35:36,rodrigo.dallabernardina88@gmail.com,site,fb,paid,meta_prospeccao_blends, PRIMEIRACOMPRA,134.70,20.20,31.50,146.00,Pago
101898,2026-06-24 18:04:56,maria.loureiro41@outlook.com,site,google,cpc,GOOGLE_SEARCH_MARCA,,124.80,0.00,31.50,156.30,Pago
101899,2026-06-24 18:12:55,debora.costa@gmail.com,assinatura,,,,,69.90,6.99,0.00,62.91,Pago
101900,2026-06-24 19:12:08,larissa.lima@gmail.com,site,instagram,influencer,INFLU_CAFE_COM_BIA,DUDA15,239.70,35.95,0.00,203.75,Pago
101901,2026-06-24 19:32:02,debora.rodrigues68@hotmail.com,site,instagram,cpc,META_REMARKETING,,244.60,0.00,0.00,244.60,Reembolsado
101902,2026-06-24 19:42:26,ANA.DALLABERNARDINA2001@YAHOO.COM.BR,site,facebook,cpc,META_PROSPECCAO_BLENDS,PRIMEIRACOMPRA,379.60,56.94,0.00,322.66,Pago
101903,2026-06-24 20:43:26,marcelo.rodrigues2006@gmail.com,site,google,cpc,GOOGLE_SEARCH_GENERICO,,303.60,0.00,0.00,303.60,Pago
101904,2026-06-24 20:48:20, joao.gomes1992@gmail.com,site,whatsapp,referral,indique_ganhe,,179.80,0.00,0.00,179.80,Pago
101905,2026-06-24 23:11:17,camila.lima1998@gmail.com,site,,,,,499.40,0.00,0.00,499.40,Pago
101906,2026-06-25 06:59:10,camila.martins@yahoo.com.br,site,fb,paid,meta_prospeccao_blends,BEMVINDO10,98.80,9.88,14.90,103.82,Pago
101907,2026-06-25 09:39:17,patricia.rodrigues2003@gmail.com,site,instagram,cpc,META_PROSPECCAO_BLENDS,CAFE20,82.70,16.54,14.90,81.06,Pago
101908,2026-06-25 10:31:01, leonardo.rodrigues32@gmail.com,site,instagram,social,bio_link,,119.80,0.00,14.90,134.70,Pago
101909,2026-06-25 15:05:51,patricia.zanotti25@icloud.com,site,,,,DUDA15,119.90,17.98,14.90,116.82,Pago
101910,2026-06-25 16:48:19,gustavo.gomes@outlook.com,site,google,cpc,GOOGLE_SEARCH_MARCA,,219.80,0.00,0.00,219.80,Pago
101911,2026-06-25 16:55:48,carlos.souza@gmail.com,site,,,,,239.80,0.00,0.00,239.80,Pago
101911,2026-06-25 16:55:48,carlos.souza@gmail.com,site,,,,,239.80,0.00,0.00,239.80,Pago
101912,2026-06-25 17:27:31,ana.araujo2001@hotmail.com,site,,,,FRETEGRATIS,189.80,0.00,0.00,189.80,Pago
101913,2026-06-25 18:16:43,rafael.loureiro46@hotmail.com,assinatura,,,,,69.90,6.99,0.00,62.91,Pago
101914,2026-06-25 18:55:09,camila.santos@hotmail.com,site,,,,,234.70,0.00,0.00,234.70,Pago
101915,2026-06-25 19:47:02,gabriela.ribeiro1988@yahoo.com.br,site,google,cpc,GOOGLE_SEARCH_MARCA,,99.80,0.00,14.90,114.70,Pago
101916,2026-06-25 19:59:37,leticia.rocha@gmail.com,site,google,cpc,GOOGLE_SHOPPING,,49.90,0.00,14.90,64.80,Pago
101917,2026-06-25 22:43:52,thiago.pereira1994@hotmail.com,site,instagram,cpc,META_PROSPECCAO_BLENDS,CAFE20,159.80,31.96,14.90,142.74,Pago
101918,2026-06-26 07:22:43,bruna.almeida1997@gmail.com,site,google,cpc,GOOGLE_SEARCH_MARCA,,18.90,0.00,31.50,50.40,Pago
101919,2026-06-26 07:27:30,thiago.dallabernardina94@icloud.com,site,email,newsletter,news_jun,,69.90,0.00,14.90,84.80,Pago
101920,2026-06-26 07:37:06,carolina.rodrigues34@icloud.com,site,ig,cpc,Meta_Prospeccao_Blends ,bemvindo10,599.40,59.94,0.00,539.46,Pago
101921,2026-06-26 08:51:24,rodrigo.ribeiro11@yahoo.com.br,assinatura,,,,,69.90,6.99,0.00,62.91,Pago
101922,2026-06-26 09:53:35,larissa.souza@gmail.com,site,email,newsletter,news_jun,,203.60,0.00,0.00,203.60,Pago
101923,2026-06-26 10:27:56, vinicius.mercon1987@gmail.com,site,ig,cpc,Meta_Prospeccao_Blends ,,44.90,0.00,27.90,72.80,Pago
101924,2026-06-26 14:17:39,diego.barbosa1990@hotmail.com,site,google,cpc,GOOGLE_SEARCH_MARCA,,18.90,0.00,14.90,33.80,Pago
101925,2026-06-26 15:08:06,VINICIUS.MERCON1993@GMAIL.COM,site,google,organic,,,174.80,0.00,0.00,174.80,Pago
101926,2026-06-26 16:43:39,julia.souza61@outlook.com,site,google,cpc,GOOGLE_SEARCH_MARCA,,79.90,0.00,14.90,94.80,Pago
101927,2026-06-26 16:52:21, gabriela.loureiro2006@gmail.com,assinatura,,,,,69.90,6.99,0.00,62.91,Pago
101928,2026-06-26 17:00:11,caio.ribeiro1981@gmail.com,assinatura,,,,,69.90,6.99,0.00,62.91,Cancelado
101929,2026-06-26 18:15:52,debora.carvalho39@hotmail.com,site,google,shopping,GOOGLE_SHOPPING,,139.90,0.00,27.90,167.80,Pago
101930,2026-06-26 22:38:43,camila.barbosa151@outlook.com,assinatura,,,,,69.90,6.99,0.00,62.91,Pago
101931,2026-06-26 22:47:21,leonardo.nascimento1998@outlook.com,site,,,,BIA10,364.70,36.47,0.00,328.23,Reembolsado
101932,2026-06-26 22:59:01,ALINE.PIMENTEL2006@ICLOUD.COM,site,instagram,influencer,INFLU_DUDA_BARISTA,DUDA15,114.80,17.22,14.90,112.48,Pago
101933,2026-06-27 06:47:47,debora.ribeiro@outlook.com,site,,,,,149.70,0.00,14.90,164.60,Pago
101934,2026-06-27 06:56:22,thais.moreira@gmail.com,site,google,organic,,,87.70,0.00,14.90,102.60,Pago
101935,2026-06-27 07:05:40,GUSTAVO.SOUZA2004@GMAIL.COM,site,instagram,cpc,META_PROSPECCAO_BLENDS,BEMVINDO10,49.90,4.99,14.90,59.81,Pago
101936,2026-06-27 08:27:05,thais.pimentel1981@gmail.com,site,ig,cpc,Meta_Prospeccao_Blends ,,139.90,0.00,14.90,154.80,Pago
101937,2026-06-27 09:11:28,marcelo.pimentel99@gmail.com,site,fb,paid,meta_prospeccao_blends,PRIMEIRACOMPRA,219.70,32.95,0.00,186.75,Pago
101938,2026-06-27 09:26:56,mariana.martins@gmail.com,site,ig,cpc,Meta_Prospeccao_Blends ,PRIMEIRACOMPRA,169.80,25.47,14.90,159.23,Cancelado
101939,2026-06-27 10:17:32,diego.mercon@hotmail.com,site,instagram,social,bio_link,,209.80,0.00,0.00,209.80,Pago
101940,2026-06-27 11:47:17,mariana.silva1980@gmail.com,site,google,cpc,GOOGLE_SEARCH_MARCA,,189.80,0.00,0.00,189.80,Pago
101941,2026-06-27 12:02:07, ana.martins88@icloud.com,site,google,cpc,google_search_generico,PRIMEIRACOMPRA,234.60,35.19,0.00,199.41,Pago
101942,2026-06-27 12:02:10,ana.gomes@hotmail.com,site,instagram,social,bio_link,,49.90,0.00,14.90,64.80,Pago
101943,2026-06-27 13:28:35,bruno.loureiro2005@outlook.com,site,google,cpc,google_search_generico,,44.90,0.00,14.90,59.80,Pago
101944,2026-06-27 14:42:36,diego.costa63@gmail.com,site,instagram,cpc,META_PROSPECCAO_BLENDS,BEMVINDO10,159.90,15.99,14.90,158.81,Pago
101945,2026-06-27 18:20:47,ana.simoes1994@icloud.com,site,google,cpc,GOOGLE_SEARCH_MARCA,,479.40,0.00,0.00,479.40,Cancelado
101946,2026-06-27 19:18:48,thiago.souza98@gmail.com,site,instagram,social,bio_link,,169.80,0.00,0.00,169.80,Pago
101947,2026-06-27 20:59:52,larissa.pimentel@hotmail.com,site,google,cpc,google_search_generico,,139.90,0.00,27.90,167.80,Pago
101948,2026-06-27 21:39:50,LUIZA.ARAUJO48@GMAIL.COM,site,instagram,influencer,INFLU_DUDA_BARISTA,BIA10 ,299.80,29.98,0.00,269.82,Pago
101949,2026-06-27 22:11:00,PATRICIA.MARTINS@HOTMAIL.COM,site,,,,CAFE20,118.70,23.74,14.90,109.86,Pago
101950,2026-06-27 22:59:14, fernanda.lima@icloud.com,site,,,,,49.90,0.00,14.90,64.80,Pago
101951,2026-06-27 23:01:28,leticia.oliveira60@gmail.com,site,google,cpc,GOOGLE_SEARCH_MARCA,,49.90,0.00,14.90,64.80,Pago
101952,2026-06-27 23:34:39,rodrigo.souza9@gmail.com,site,instagram,social,bio_link,,149.70,0.00,14.90,164.60,Pago
101953,2026-06-27 23:41:18,mateus.costa1984@gmail.com,site,google,cpc,GOOGLE_SEARCH_MARCA,,159.80,0.00,0.00,159.80,Pago
101954,2026-06-28 06:40:41,leonardo.barbosa@gmail.com,site,instagram,cpc,META_PROSPECCAO_BLENDS,CAFE20,159.70,31.94,14.90,142.66,Pago
101955,2026-06-28 06:47:22,carolina.silva94@gmail.com,site,fb,paid,meta_prospeccao_blends,PRIMEIRACOMPRA,489.60,73.44,0.00,416.16,Pago
101956,2026-06-28 07:48:25, carlos.costa64@gmail.com,site,facebook,cpc,META_REMARKETING,,18.90,0.00,14.90,33.80,Pago
101957,2026-06-28 11:03:07,gabriela.lima@hotmail.com,site,email,newsletter,news_jun,,119.90,0.00,27.90,147.80,Pago
101958,2026-06-28 11:21:09,julia.mercon1987@gmail.com,assinatura,,,,,69.90,6.99,0.00,62.91,Pago
101959,2026-06-28 11:26:14,pedro.ferreira1982@yahoo.com.br,site,google,cpc,GOOGLE_SEARCH_GENERICO,,419.40,0.00,0.00,419.40,Pago
101960,2026-06-28 13:42:37,gabriela.barbosa2001@outlook.com,site,,,,,79.80,0.00,14.90,94.70,Pago
101961,2026-06-28 13:57:38,CARLOS.BARBOSA66@GMAIL.COM,site,google,cpc,GOOGLE_SEARCH_MARCA,,419.60,0.00,0.00,419.60,Pago
101962,2026-06-28 15:15:36,carolina.barbosa60@gmail.com,site,google,cpc,GOOGLE_SEARCH_MARCA,FRETEGRATIS,239.80,0.00,0.00,239.80,Pago
101963,2026-06-28 15:22:43,thais.zanotti@yahoo.com.br,site,google,cpc,GOOGLE_SEARCH_MARCA,,99.80,0.00,14.90,114.70,Aguardando pagamento
101964,2026-06-28 15:54:54,fabio.silva66@hotmail.com,site,instagram,cpc,META_PROSPECCAO_BLENDS,PRIMEIRACOMPRA ,214.70,32.20,0.00,182.50,Pago
101965,2026-06-28 16:42:32,patricia.araujo1987@hotmail.com,assinatura,,,,,69.90,6.99,0.00,62.91,Pago
101966,2026-06-28 16:58:09,eduardo.oliveira1993@gmail.com,site,,,,,219.60,0.00,0.00,219.60,Pago
101967,2026-06-28 18:23:59,MARIANA.MARTINS299@GMAIL.COM,site,google,cpc,GOOGLE_SEARCH_MARCA,,159.90,0.00,0.00,159.90,Pago
101968,2026-06-28 19:45:26,julia.silva27@gmail.com,assinatura,,,,,69.90,6.99,0.00,62.91,Pago
101969,2026-06-28 19:56:15,maria.simoes2006@gmail.com,site,ig,cpc,Meta_Prospeccao_Blends ,BEMVINDO10,329.60,32.96,0.00,296.64,Cancelado
101970,2026-06-28 20:56:13,gustavo.zanotti@gmail.com,site,instagram,social,bio_link,,18.90,0.00,14.90,33.80,Pago
101971,2026-06-28 21:27:47,leticia.almeida1998@outlook.com,site,instagram,cpc,META_REMARKETING,CAFE20,109.80,21.96,14.90,102.74,Pago
101972,2026-06-28 22:21:12,andre.barbosa274@gmail.com,site,fb,paid,meta_prospeccao_blends,,89.80,0.00,31.50,121.30,Pago
101973,2026-06-28 23:15:13,joao.pereira95@icloud.com,site,,,,,178.60,0.00,0.00,178.60,Pago
101974,2026-06-29 06:40:38,vinicius.mercon1987@hotmail.com,site,,,,,259.70,0.00,0.00,259.70,Pago
101975,2026-06-29 09:55:19,debora.pereira1993@gmail.com,site,instagram,cpc,META_PROSPECCAO_BLENDS,BEMVINDO10,159.90,15.99,14.90,158.81,Pago
101976,2026-06-29 10:00:09,DEBORA.GOMES308@GMAIL.COM,site,google,cpc,GOOGLE_SHOPPING,,159.90,0.00,0.00,159.90,Reembolsado
101977,2026-06-29 13:58:03,diego.almeida2006@yahoo.com.br,site,google,cpc,GOOGLE_SEARCH_MARCA,,54.90,0.00,14.90,69.80,Pago
101978,2026-06-29 15:03:58,gustavo.carvalho@yahoo.com.br,site,google,cpc,GOOGLE_SEARCH_MARCA,,89.90,0.00,14.90,104.80,Pago
101979,2026-06-29 15:08:53,FABIO.CARVALHO18@GMAIL.COM,site,,,,,89.90,0.00,14.90,104.80,Pago
101980,2026-06-29 20:42:35,fernanda.ribeiro@gmail.com,site,email,newsletter,news_jun,,209.60,0.00,0.00,209.60,Pago
101981,2026-06-29 22:28:05,leonardo.gomes46@hotmail.com,site,ig,cpc,Meta_Prospeccao_Blends ,,44.90,0.00,14.90,59.80,Pago
101982,2026-06-29 22:40:21,patricia.mercon691@gmail.com,site,google,cpc,GOOGLE_SEARCH_MARCA,,439.60,0.00,0.00,439.60,Pago
101983,2026-06-30 06:54:19,eduardo.martins49@yahoo.com.br,site,instagram,cpc,META_PROSPECCAO_BLENDS,CAFE20,49.90,9.98,14.90,54.82,Pago
101984,2026-06-30 08:44:13,joao.martins2002@gmail.com,site,google,cpc,GOOGLE_SEARCH_MARCA,,139.90,0.00,14.90,154.80,Pago
101985,2026-06-30 09:04:06, beatriz.rocha83@gmail.com,site,instagram,influencer,INFLU_CAFE_COM_BIA,BIA10,238.60,23.86,0.00,214.74,Pago
101986,2026-06-30 09:08:51,joao.gomes1992@gmail.com,assinatura,,,,,69.90,6.99,0.00,62.91,Pago
101987,2026-06-30 15:29:46,felipe.dallabernardina1995@outlook.com,site,google,cpc,GOOGLE_SEARCH_MARCA,,369.70,0.00,0.00,369.70,Pago
101988,2026-06-30 18:20:49,mateus.dallabernardina@outlook.com,site,instagram,cpc,META_PROSPECCAO_BLENDS,PRIMEIRACOMPRA,54.90,8.23,14.90,61.57,Pago
101989,2026-06-30 20:26:18,GABRIELA.GOMES@GMAIL.COM,site,google,cpc,google_search_generico,,74.80,0.00,27.90,102.70,Pago
101990,2026-06-30 22:24:35,juliana.ribeiro1993@gmail.com,site,instagram,cpc,META_PROSPECCAO_BLENDS,,68.80,0.00,14.90,83.70,Pago
101991,2026-06-30 22:33:52,luiza.ferreira89@outlook.com,site,,,,,209.80,0.00,0.00,209.80,Pago
101992,2026-07-01 06:57:30,thais.martins1996@gmail.com,site,,,,,79.90,0.00,14.90,94.80,Pago
101993,2026-07-01 08:14:20,priscila.ferreira@gmail.com,site,google,organic,,,119.90,0.00,31.50,151.40,Pago
101994,2026-07-01 09:19:35,juliana.silva16@gmail.com,site,,,,,279.70,0.00,0.00,279.70,Pago
101995,2026-07-01 10:12:57,LUIZA.MARTINS@GMAIL.COM,site,instagram,influencer,INFLU_DUDA_BARISTA,BIA10 ,259.70,25.97,0.00,233.73,Pago
101996,2026-07-01 10:18:04,joao.carvalho@gmail.com,site,ig,cpc,Meta_Prospeccao_Blends ,PRIMEIRACOMPRA,169.80,25.47,14.90,159.23,Pago
101997,2026-07-01 10:38:57,bruna.moreira@outlook.com,assinatura,,,,,69.90,6.99,0.00,62.91,Pago
101998,2026-07-01 11:10:05,priscila.loureiro97@gmail.com,site,instagram,social,bio_link,,229.80,0.00,0.00,229.80,Pago
101999,2026-07-01 11:26:06,larissa.dallabernardina36@gmail.com,site,fb,paid,meta_prospeccao_blends,BEMVINDO10,579.20,57.92,0.00,521.28,Pago
102000,2026-07-01 11:43:30,rafael.pereira93@gmail.com,site,instagram,social,bio_link,,139.90,0.00,14.90,154.80,Pago
102001,2026-07-01 13:43:20,luiza.araujo@gmail.com,site,google,cpc,GOOGLE_SEARCH_GENERICO,,479.50,0.00,0.00,479.50,Pago
102002,2026-07-01 14:03:53,gabriela.ferreira@gmail.com,site,instagram,cpc,META_PROSPECCAO_BLENDS,CAFE20,24.90,4.98,14.90,34.82,Pago
102003,2026-07-01 14:14:40,diego.santos9@gmail.com,site,google,organic,,,24.90,0.00,31.50,56.40,Pago
102004,2026-07-01 14:25:41,marcelo.almeida1993@gmail.com,site,fb,paid,meta_prospeccao_blends,PRIMEIRACOMPRA,159.90,23.98,14.90,150.82,Pago
102005,2026-07-01 15:10:47,thiago.carvalho83@icloud.com,site,google,cpc,GOOGLE_SEARCH_MARCA,,54.90,0.00,31.50,86.40,Pago
102006,2026-07-01 15:41:11,juliana.souza2003@gmail.com,site,,,,,239.80,0.00,0.00,239.80,Pago
102007,2026-07-01 17:40:40,mariana.lima@gmail.com,site,,,,,119.90,0.00,14.90,134.80,Pago
102008,2026-07-01 17:49:30,bruna.ribeiro52@gmail.com,site,instagram,cpc,META_PROSPECCAO_BLENDS,cafe20,79.90,15.98,14.90,78.82,Pago
102009,2026-07-01 20:31:21,BRUNA.SANTOS760@GMAIL.COM,site,google,organic,,,69.90,0.00,14.90,84.80,Pago
102010,2026-07-01 20:52:16,renata.santos@gmail.com,site,google,shopping,GOOGLE_SHOPPING,,164.70,0.00,0.00,164.70,Pago
102011,2026-07-01 20:56:14,fernanda.mercon@hotmail.com,assinatura,,,,,69.90,6.99,0.00,62.91,Pago
102012,2026-07-01 21:11:11,mariana.simoes@gmail.com,site,instagram,influencer,INFLU_CAFE_COM_BIA,BIA10,24.90,2.49,14.90,37.31,Pago
102013,2026-07-01 21:42:59,carlos.rodrigues2000@icloud.com,assinatura,,,,,69.90,6.99,0.00,62.91,Pago
102014,2026-07-01 21:52:19,bruna.pereira771@gmail.com,site,instagram,cpc,META_PROSPECCAO_BLENDS,BEMVINDO10,128.70,12.87,14.90,130.73,Pago
102015,2026-07-01 22:02:00,julia.zanotti@hotmail.com,site,google,shopping,GOOGLE_SHOPPING,,37.80,0.00,14.90,52.70,Pago
102016,2026-07-01 23:34:07, beatriz.souza1996@gmail.com,site,email,newsletter,news_jul,,89.80,0.00,14.90,104.70,Reembolsado
102017,2026-07-02 06:00:11,joao.costa@gmail.com,site,,,,,69.90,0.00,14.90,84.80,Pago
102018,2026-07-02 08:00:36,juliana.pimentel26@gmail.com,site,google,cpc,GOOGLE_SHOPPING,,89.90,0.00,14.90,104.80,Reembolsado
102019,2026-07-02 09:30:13,debora.lima1987@gmail.com,assinatura,,,,,69.90,6.99,0.00,62.91,Pago
102020,2026-07-02 11:14:03,camila.ferreira2000@yahoo.com.br,assinatura,,,,,69.90,6.99,0.00,62.91,Pago
102021,2026-07-02 12:52:43,rodrigo.silva724@gmail.com,site,fb,paid,meta_prospeccao_blends,,209.80,0.00,0.00,209.80,Pago
102022,2026-07-02 13:20:26,juliana.simoes1983@hotmail.com,site,google,cpc,GOOGLE_SEARCH_MARCA,,259.50,0.00,0.00,259.50,Pago
102023,2026-07-02 13:31:34,priscila.araujo@gmail.com,site,google,cpc,GOOGLE_SHOPPING,,139.90,0.00,14.90,154.80,Pago
102024,2026-07-02 13:33:52,beatriz.costa94@hotmail.com,site,facebook,cpc,META_PROSPECCAO_BLENDS,primeiracompra,18.90,2.83,14.90,30.97,Pago
102025,2026-07-02 14:46:19,CARLOS.MARTINS60@OUTLOOK.COM,site,fb,paid,meta_prospeccao_blends,CAFE20,469.60,93.92,0.00,375.68,Pago
102026,2026-07-02 14:49:40,leticia.moreira23@icloud.com,site,instagram,social,bio_link,,69.80,0.00,31.50,101.30,Pago
102027,2026-07-02 15:24:06, fernanda.loureiro96@yahoo.com.br,assinatura,,,,,69.90,6.99,0.00,62.91,Pago
102028,2026-07-02 17:20:23,MARIANA.LIMA@YAHOO.COM.BR,assinatura,,,,,69.90,6.99,0.00,62.91,Reembolsado
102029,2026-07-02 21:08:33,carlos.carvalho2@outlook.com,assinatura,,,,,69.90,6.99,0.00,62.91,Cancelado
102030,2026-07-02 23:39:37, fabio.martins1996@yahoo.com.br,assinatura,,,,,69.90,6.99,0.00,62.91,Pago
102031,2026-07-03 06:09:43,luiza.martins1999@gmail.com,site,facebook,cpc,META_REMARKETING,,79.90,0.00,31.50,111.40,Pago
102032,2026-07-03 06:26:40,bruno.ferreira1994@gmail.com,site,google,cpc,GOOGLE_SEARCH_MARCA,,414.50,0.00,0.00,414.50,Pago
102033,2026-07-03 07:15:12,renata.zanotti40@icloud.com,site,instagram,social,bio_link,,148.70,0.00,14.90,163.60,Pago
102034,2026-07-03 08:05:11,RODRIGO.RIBEIRO36@YAHOO.COM.BR,site,,,,,179.80,0.00,0.00,179.80,Reembolsado
102035,2026-07-03 08:08:02,lucas.carvalho@hotmail.com,site,email,newsletter,news_jul,,279.80,0.00,0.00,279.80,Pago
102036,2026-07-03 08:51:33,gabriela.silva1993@yahoo.com.br,site,ig,cpc,Meta_Prospeccao_Blends ,BEMVINDO10,124.70,12.47,14.90,127.13,Pago
102037,2026-07-03 10:03:11,aline.santos1999@icloud.com,site,email,newsletter,news_jul,,209.80,0.00,0.00,209.80,Pago
102038,2026-07-03 10:42:25,vinicius.pimentel1994@yahoo.com.br,site,,,,,44.90,0.00,14.90,59.80,Pago
102039,2026-07-03 11:07:18,RAFAEL.OLIVEIRA2002@HOTMAIL.COM,site,google,cpc,GOOGLE_SEARCH_GENERICO,,98.80,0.00,14.90,113.70,Pago
102040,2026-07-03 11:07:43,julia.pimentel9@gmail.com,site,instagram,influencer,INFLU_CAFE_COM_BIA,BIA10,114.80,11.48,27.90,131.22,Pago
102041,2026-07-03 11:59:23,thais.zanotti96@outlook.com,site,,,,,179.70,0.00,0.00,179.70,Pago
102042,2026-07-03 13:16:17,renata.dallabernardina90@gmail.com,site,google,cpc,GOOGLE_SEARCH_GENERICO,primeiracompra,94.80,14.22,14.90,95.48,Pago
102043,2026-07-03 15:31:26,beatriz.barbosa2004@gmail.com,site,,,,,63.80,0.00,27.90,91.70,Pago
102044,2026-07-03 17:08:38,rodrigo.barbosa2005@yahoo.com.br,site,instagram,influencer,INFLU_CAFE_COM_BIA,BIA10,89.80,8.98,14.90,95.72,Pago
102045,2026-07-03 19:08:15,fabio.araujo58@yahoo.com.br,site,,,,,159.70,0.00,0.00,159.70,Pago
102046,2026-07-03 19:20:19,bruna.rodrigues1993@gmail.com,site,email,newsletter,news_jul,,169.80,0.00,0.00,169.80,Pago
102047,2026-07-03 19:32:01,larissa.rocha46@hotmail.com,site,google,cpc,GOOGLE_SEARCH_MARCA,,74.80,0.00,14.90,89.70,Pago
102048,2026-07-03 19:38:32,debora.barbosa96@gmail.com,site,,,,,24.90,0.00,14.90,39.80,Pago
102049,2026-07-04 07:03:46,ANDRE.LOUREIRO90@GMAIL.COM,site,facebook,cpc,META_REMARKETING,,179.80,0.00,0.00,179.80,Pago
102050,2026-07-04 07:05:00,thiago.carvalho60@icloud.com,site,google,cpc,GOOGLE_SEARCH_MARCA,,304.70,0.00,0.00,304.70,Pago
102051,2026-07-04 08:04:49,debora.mercon@hotmail.com,site,facebook,cpc,META_PROSPECCAO_BLENDS,PRIMEIRACOMPRA,304.70,45.70,0.00,259.00,Pago
102052,2026-07-04 08:23:06,gustavo.almeida@gmail.com,site,facebook,cpc,META_REMARKETING,,54.90,0.00,14.90,69.80,Pago
102053,2026-07-04 08:50:19,eduardo.gomes76@gmail.com,site,,,,,239.80,0.00,0.00,239.80,Pago
102054,2026-07-04 08:50:42,ana.costa@gmail.com,site,google,cpc,GOOGLE_SHOPPING,,69.90,0.00,14.90,84.80,Pago
102055,2026-07-04 10:08:04,felipe.gomes40@gmail.com,site,ig,cpc,Meta_Prospeccao_Blends ,BEMVINDO10,329.60,32.96,0.00,296.64,Pago
102056,2026-07-04 11:44:53,diego.mercon24@icloud.com,site,instagram,social,bio_link,,249.60,0.00,0.00,249.60,Pago
102057,2026-07-04 12:41:40,diego.carvalho1980@outlook.com,assinatura,,,,,69.90,6.99,0.00,62.91,Cancelado
102058,2026-07-04 13:12:22,fabio.ribeiro@gmail.com,assinatura,,,,,69.90,6.99,0.00,62.91,Pago
102059,2026-07-04 15:17:47,renata.pimentel@gmail.com,site,ig,cpc,Meta_Prospeccao_Blends ,,489.50,0.00,0.00,489.50,Pago
102060,2026-07-04 15:41:08,aline.araujo@hotmail.com,site,,,,,279.70,0.00,0.00,279.70,Pago
102061,2026-07-04 16:18:09,carlos.oliveira@hotmail.com,site,instagram,cpc,META_PROSPECCAO_BLENDS,BEMVINDO10 ,334.70,33.47,0.00,301.23,Pago
102062,2026-07-04 18:00:06,debora.mercon1996@hotmail.com,site,instagram,social,bio_link,,69.90,0.00,14.90,84.80,Pago
102063,2026-07-04 20:19:06,carlos.carvalho1987@hotmail.com,site,,,,,564.40,0.00,0.00,564.40,Pago
102064,2026-07-04 21:08:19,fernanda.barbosa1990@outlook.com,site,google,cpc,GOOGLE_SEARCH_MARCA,,212.50,0.00,0.00,212.50,Reembolsado
102065,2026-07-04 22:09:57,leticia.costa2005@gmail.com,site,facebook,cpc,META_REMARKETING,,49.90,0.00,14.90,64.80,Pago
102066,2026-07-05 06:28:27,bruna.ferreira@gmail.com,site,ig,cpc,Meta_Prospeccao_Blends ,BEMVINDO10,44.90,4.49,14.90,55.31,Pago
102067,2026-07-05 11:47:54,julia.araujo@gmail.com,site,,,,,389.60,0.00,0.00,389.60,Pago
102068,2026-07-05 14:27:58,patricia.araujo2003@gmail.com,site,,,,,49.90,0.00,14.90,64.80,Cancelado
102069,2026-07-05 14:38:54,leonardo.rocha48@gmail.com,assinatura,,,,,69.90,6.99,0.00,62.91,Pago
102070,2026-07-05 15:06:07,joao.zanotti1991@yahoo.com.br,site,instagram,influencer,INFLU_CAFE_COM_BIA,BIA10,189.80,18.98,0.00,170.82,Pago
102071,2026-07-05 16:29:32,thiago.simoes@gmail.com,site,google,cpc,GOOGLE_SEARCH_MARCA,,279.80,0.00,0.00,279.80,Pago
102072,2026-07-05 18:47:23,thiago.santos5@gmail.com,site,,,,,339.60,0.00,0.00,339.60,Pago
102073,2026-07-05 18:49:55,caio.simoes9@gmail.com,site,google,cpc,GOOGLE_SEARCH_GENERICO,,284.70,0.00,0.00,284.70,Cancelado
102074,2026-07-05 19:46:37,maria.simoes69@gmail.com,site,instagram,cpc,META_PROSPECCAO_BLENDS,CAFE20,404.40,80.88,0.00,323.52,Pago
102075,2026-07-05 19:53:31,debora.barbosa2005@outlook.com,site,google,cpc,google_search_generico,,189.70,0.00,0.00,189.70,Pago
102076,2026-07-05 20:16:40,ana.moreira@gmail.com,site,fb,paid,meta_prospeccao_blends,PRIMEIRACOMPRA,54.90,8.23,14.90,61.57,Pago
102077,2026-07-05 20:53:22,juliana.loureiro1989@gmail.com,assinatura,,,,,69.90,6.99,0.00,62.91,Pago
102078,2026-07-05 21:58:22,PEDRO.MARTINS@GMAIL.COM,site,google,cpc,GOOGLE_SEARCH_GENERICO,,49.90,0.00,14.90,64.80,Pago
102079,2026-07-05 22:48:15,bruna.loureiro2004@yahoo.com.br,site,ig,cpc,Meta_Prospeccao_Blends ,BEMVINDO10,289.60,28.96,0.00,260.64,Pago
102080,2026-07-06 06:07:54,beatriz.carvalho@gmail.com,site,google,cpc,GOOGLE_SEARCH_MARCA,,74.70,0.00,31.50,106.20,Pago
102081,2026-07-06 07:29:13,lucas.zanotti@yahoo.com.br,site,instagram,social,bio_link,,44.90,0.00,14.90,59.80,Pago
102082,2026-07-06 08:06:37,gabriel.souza@gmail.com,site,,,,DUDA15,18.90,2.83,14.90,30.97,Pago
102083,2026-07-06 08:12:14,maria.almeida46@gmail.com,site,instagram,social,bio_link,,89.90,0.00,14.90,104.80,Pago
102084,2026-07-06 08:35:26,bruno.carvalho@hotmail.com,site,fb,paid,meta_prospeccao_blends,,89.90,0.00,14.90,104.80,Pago
102085,2026-07-06 11:16:17,ana.mercon2000@gmail.com,assinatura,,,,,69.90,6.99,0.00,62.91,Pago
102086,2026-07-06 14:07:45,gabriela.ribeiro@gmail.com,site,google,cpc,GOOGLE_SEARCH_MARCA,,104.80,0.00,27.90,132.70,Pago
102087,2026-07-06 14:12:22,leticia.mercon@hotmail.com,site,google,cpc,google_search_generico,CAFE20 ,49.80,9.96,14.90,54.74,Pago
102088,2026-07-06 16:59:23,renata.pimentel66@gmail.com,site,fb,paid,meta_prospeccao_blends,PRIMEIRACOMPRA,184.80,27.72,0.00,157.08,Aguardando pagamento
102089,2026-07-06 17:23:58,juliana.martins22@yahoo.com.br,site,google,cpc,GOOGLE_SEARCH_MARCA,,209.70,0.00,0.00,209.70,Pago
102090,2026-07-06 18:57:55,vinicius.santos2004@hotmail.com,site,facebook,cpc,META_REMARKETING,,303.60,0.00,0.00,303.60,Pago
102091,2026-07-06 20:14:51,vinicius.silva1994@gmail.com,site,email,newsletter,news_jul,,219.70,0.00,0.00,219.70,Pago
102092,2026-07-06 20:50:37,debora.zanotti1991@hotmail.com,site,,,,,359.50,0.00,0.00,359.50,Pago
102093,2026-07-06 21:19:57,debora.mercon@gmail.com,site,,,,,209.80,0.00,0.00,209.80,Pago
102094,2026-07-06 21:54:34,maria.gomes1998@gmail.com,site,,,,,354.50,0.00,0.00,354.50,Pago
102095,2026-07-07 07:11:20,vinicius.silva1996@gmail.com,site,ig,cpc,Meta_Prospeccao_Blends ,PRIMEIRACOMPRA,329.60,49.44,0.00,280.16,Pago
102096,2026-07-07 07:11:39, gabriela.costa@gmail.com,site,,,,FRETEGRATIS,18.90,0.00,0.00,18.90,Pago
102097,2026-07-07 08:52:03,maria.loureiro2@gmail.com,assinatura,,,,,69.90,6.99,0.00,62.91,Pago
102098,2026-07-07 10:31:21,lucas.santos22@gmail.com,site,google,shopping,GOOGLE_SHOPPING,,264.50,0.00,0.00,264.50,Pago
102099,2026-07-07 11:19:38,bruna.lima74@gmail.com,assinatura,,,,,69.90,6.99,0.00,62.91,Pago
102100,2026-07-07 12:27:31,bruno.simoes@gmail.com,site,,,,,92.70,0.00,14.90,107.60,Pago
102101,2026-07-07 12:49:07,priscila.zanotti1997@gmail.com,site,google,shopping,GOOGLE_SHOPPING,CAFE20,234.70,46.94,0.00,187.76,Cancelado
102102,2026-07-07 13:54:50,eduardo.dallabernardina1986@outlook.com,site,ig,cpc,Meta_Prospeccao_Blends ,,139.90,0.00,14.90,154.80,Pago
102103,2026-07-07 14:34:31,larissa.lima1988@hotmail.com,assinatura,,,,,69.90,6.99,0.00,62.91,Pago
102104,2026-07-07 15:15:29,priscila.ferreira93@gmail.com,site,,,,CAFE20,49.90,9.98,27.90,67.82,Pago
102105,2026-07-07 15:57:04,VINICIUS.ZANOTTI33@GMAIL.COM,site,google,cpc,GOOGLE_SEARCH_MARCA,,79.90,0.00,14.90,94.80,Pago
102106,2026-07-07 16:21:28,FERNANDA.SILVA1993@GMAIL.COM,assinatura,,,,,69.90,6.99,0.00,62.91,Pago
102107,2026-07-07 21:13:49,mariana.nascimento1987@gmail.com,site,google,cpc,GOOGLE_SEARCH_MARCA,,49.90,0.00,14.90,64.80,Pago
102108,2026-07-07 21:58:09,bruno.nascimento1982@outlook.com,site,google,organic,,,69.90,0.00,27.90,97.80,Pago
102109,2026-07-07 22:13:12,mariana.oliveira2@gmail.com,site,fb,paid,meta_prospeccao_blends,BEMVINDO10,249.70,24.97,0.00,224.73,Pago
102110,2026-07-07 22:36:37,joao.almeida@gmail.com,assinatura,,,,,69.90,6.99,0.00,62.91,Pago
102111,2026-07-07 23:22:54,patricia.barbosa1983@gmail.com,site,google,cpc,GOOGLE_SHOPPING,,69.90,0.00,14.90,84.80,Pago
102112,2026-07-07 23:56:29,debora.pereira@icloud.com,site,instagram,influencer,INFLU_CAFE_COM_BIA,DUDA15,119.90,17.98,14.90,116.82,Pago
102113,2026-07-08 10:55:26,gustavo.martins@icloud.com,site,instagram,social,bio_link,,69.90,0.00,27.90,97.80,Aguardando pagamento
102114,2026-07-08 11:32:41,ana.souza@hotmail.com,site,instagram,influencer,INFLU_CAFE_COM_BIA,DUDA15,189.70,28.45,0.00,161.25,Aguardando pagamento
102115,2026-07-08 13:11:46,debora.pimentel68@icloud.com,assinatura,,,,,69.90,6.99,0.00,62.91,Pago
102116,2026-07-08 13:45:27,andre.rodrigues@gmail.com,site,google,cpc,GOOGLE_SEARCH_GENERICO,,279.70,0.00,0.00,279.70,Reembolsado
102117,2026-07-08 16:11:55,debora.moreira@hotmail.com,site,instagram,social,bio_link,,379.60,0.00,0.00,379.60,Pago
102118,2026-07-08 19:29:19,larissa.ribeiro@outlook.com,site,instagram,cpc,META_PROSPECCAO_BLENDS,CAFE20,244.70,48.94,0.00,195.76,Pago
102119,2026-07-08 20:48:42,camila.lima@gmail.com,site,fb,paid,meta_prospeccao_blends,,49.90,0.00,14.90,64.80,Pago
102120,2026-07-08 21:26:39,BRUNO.SOUZA85@GMAIL.COM,site,,,,,156.50,0.00,0.00,156.50,Pago
102121,2026-07-08 22:04:17,CARLOS.RODRIGUES@HOTMAIL.COM,site,google,cpc,GOOGLE_SEARCH_MARCA,BEMVINDO10,44.90,4.49,14.90,55.31,Pago
102122,2026-07-09 08:08:18,thiago.zanotti@outlook.com,site,google,shopping,GOOGLE_SHOPPING,,174.80,0.00,0.00,174.80,Pago
102123,2026-07-09 08:33:58,rafael.almeida@gmail.com,site,google,organic,,,93.70,0.00,14.90,108.60,Pago
102124,2026-07-09 11:48:20,FERNANDA.ALMEIDA2006@ICLOUD.COM,site,instagram,social,bio_link,,54.90,0.00,14.90,69.80,Pago
102125,2026-07-09 14:27:53,felipe.simoes1989@icloud.com,site,instagram,social,bio_link,,239.50,0.00,0.00,239.50,Pago
102126,2026-07-09 19:01:51,gabriel.pimentel@gmail.com,site,,,,INDIQUE15,99.80,14.97,14.90,99.73,Pago
102127,2026-07-09 19:51:03,gabriela.almeida1985@icloud.com,site,,,,BIA10,239.70,23.97,0.00,215.73,Pago
102128,2026-07-09 22:27:09,luiza.ribeiro93@gmail.com,site,,,,,49.90,0.00,14.90,64.80,Pago
102129,2026-07-09 23:18:08,lucas.mercon39@hotmail.com,site,whatsapp,referral,indique_ganhe,,139.90,0.00,31.50,171.40,Pago
102130,2026-07-10 06:53:17,renata.pimentel2006@gmail.com,assinatura,,,,,69.90,6.99,0.00,62.91,Pago
102131,2026-07-10 09:13:56,julia.almeida1996@gmail.com,site,google,shopping,GOOGLE_SHOPPING,,69.80,0.00,22.90,92.70,Pago
102132,2026-07-10 09:23:55,leticia.rodrigues@gmail.com,site,fb,paid,meta_prospeccao_blends, BEMVINDO10,24.90,2.49,14.90,37.31,Pago
102133,2026-07-10 09:46:34,julia.moreira@icloud.com,site,google,cpc,GOOGLE_SEARCH_MARCA,,439.50,0.00,0.00,439.50,Pago
102134,2026-07-10 11:19:59,GUSTAVO.LOUREIRO2000@YAHOO.COM.BR,site,,,,CAFE20,44.90,8.98,14.90,50.82,Pago
102135,2026-07-10 11:43:57,caio.araujo@gmail.com,site,fb,paid,meta_prospeccao_blends,BEMVINDO10,129.70,12.97,14.90,131.63,Reembolsado
102136,2026-07-10 13:28:42,FABIO.LOUREIRO14@GMAIL.COM,site,,,,,119.90,0.00,27.90,147.80,Pago
102137,2026-07-10 14:28:02,felipe.rodrigues@gmail.com,site,instagram,influencer,INFLU_DUDA_BARISTA,BIA10,69.90,6.99,14.90,77.81,Pago
102138,2026-07-10 16:53:17,maria.dallabernardina1996@gmail.com,site,instagram,social,bio_link,,37.80,0.00,14.90,52.70,Pago
102139,2026-07-10 17:17:43,ANA.RIBEIRO4@GMAIL.COM,site,,,,,44.90,0.00,27.90,72.80,Pago
102140,2026-07-10 20:15:49,PRISCILA.COSTA61@GMAIL.COM,site,google,cpc,GOOGLE_SEARCH_MARCA,FRETEGRATIS,194.60,0.00,0.00,194.60,Pago
102141,2026-07-10 20:47:14,camila.lima1996@gmail.com,site,google,cpc,GOOGLE_SHOPPING,,214.70,0.00,0.00,214.70,Pago
102142,2026-07-10 21:32:04,FABIO.DALLABERNARDINA@ICLOUD.COM,site,google,organic,,,454.50,0.00,0.00,454.50,Pago
102143,2026-07-10 23:12:28, larissa.araujo47@icloud.com,site,google,organic,,,389.50,0.00,0.00,389.50,Pago
102144,2026-07-10 23:39:14,debora.pimentel90@gmail.com,site,,,,,172.60,0.00,0.00,172.60,Pago
102145,2026-07-11 06:47:46,pedro.costa1997@gmail.com,site,fb,paid,meta_prospeccao_blends,BEMVINDO10,153.70,15.37,14.90,153.23,Pago
102146,2026-07-11 07:13:41,bruna.rocha85@gmail.com,site,facebook,cpc,META_REMARKETING,,139.70,0.00,14.90,154.60,Pago
102147,2026-07-11 07:25:15,pedro.pereira@icloud.com,site,facebook,cpc,META_REMARKETING,PRIMEIRACOMPRA,369.60,55.44,0.00,314.16,Pago
102148,2026-07-11 07:38:35,thiago.moreira1997@gmail.com,site,google,cpc,GOOGLE_SHOPPING,BEMVINDO10,69.80,6.98,14.90,77.72,Pago
102149,2026-07-11 07:45:12,debora.nascimento1982@gmail.com,site,instagram,influencer,INFLU_DUDA_BARISTA,DUDA15,234.70,35.20,0.00,199.50,Pago
102150,2026-07-11 07:59:43,renata.simoes16@hotmail.com,site,email,newsletter,news_jul,,279.80,0.00,0.00,279.80,Pago
102151,2026-07-11 08:28:28,carolina.lima@gmail.com,site,instagram,social,bio_link,,139.90,0.00,14.90,154.80,Pago
102152,2026-07-11 09:27:28,gustavo.silva51@gmail.com,site,instagram,social,bio_link,,73.80,0.00,27.90,101.70,Pago
102153,2026-07-11 10:15:03,bruno.carvalho1999@icloud.com,site,instagram,social,bio_link,,194.80,0.00,0.00,194.80,Pago
102154,2026-07-11 12:51:16,gabriel.simoes@hotmail.com,site,instagram,social,bio_link,,44.90,0.00,14.90,59.80,Pago
102155,2026-07-11 13:01:56,juliana.oliveira1985@hotmail.com,site,google,cpc,GOOGLE_SEARCH_MARCA,,98.80,0.00,14.90,113.70,Pago
102156,2026-07-11 13:07:25,carlos.mercon@gmail.com,assinatura,,,,,69.90,6.99,0.00,62.91,Pago
102157,2026-07-11 13:55:28,larissa.souza26@gmail.com,site,fb,paid,meta_prospeccao_blends,,99.80,0.00,14.90,114.70,Pago
102158,2026-07-11 14:31:24,rafael.pimentel1995@gmail.com,assinatura,,,,,69.90,6.99,0.00,62.91,Pago
102159,2026-07-11 16:28:04,julia.santos1997@gmail.com,site,,,,,344.20,0.00,0.00,344.20,Pago
102160,2026-07-11 17:08:18, thais.ferreira96@yahoo.com.br,site,instagram,influencer,INFLU_DUDA_BARISTA,DUDA15,279.50,41.92,0.00,237.58,Pago
102161,2026-07-11 21:07:44,aline.oliveira1988@gmail.com,site,email,newsletter,news_jul,,49.80,0.00,31.50,81.30,Pago
102162,2026-07-12 07:03:53,lucas.mercon2006@hotmail.com,site,google,shopping,GOOGLE_SHOPPING,,174.70,0.00,0.00,174.70,Pago
102163,2026-07-12 08:35:26,maria.costa13@gmail.com,site,google,cpc,GOOGLE_SEARCH_MARCA,,69.90,0.00,14.90,84.80,Pago
102164,2026-07-12 09:26:31,thiago.moreira@gmail.com,site,instagram,cpc,META_REMARKETING,cafe20,224.70,44.94,0.00,179.76,Pago
102165,2026-07-12 09:43:36,carolina.rocha@outlook.com,site,google,cpc,GOOGLE_SEARCH_MARCA,,349.50,0.00,0.00,349.50,Pago
102166,2026-07-12 10:56:18,luiza.rodrigues979@gmail.com,site,email,newsletter,news_jul,,119.90,0.00,14.90,134.80,Pago
102167,2026-07-12 12:30:59,maria.dallabernardina1997@hotmail.com,site,email,newsletter,news_jul,,73.80,0.00,14.90,88.70,Pago
102168,2026-07-12 13:00:46,leonardo.rodrigues@gmail.com,site,instagram,social,bio_link,,49.90,0.00,14.90,64.80,Pago
102169,2026-07-12 13:11:13,maria.souza23@gmail.com,assinatura,,,,,69.90,6.99,0.00,62.91,Pago
102170,2026-07-12 13:28:09,leticia.silva85@hotmail.com,site,,,,,303.40,0.00,0.00,303.40,Pago
102171,2026-07-12 14:04:00,gabriela.pimentel83@hotmail.com,site,google,cpc,GOOGLE_SEARCH_MARCA,,279.70,0.00,0.00,279.70,Pago
102172,2026-07-12 14:30:09,maria.santos1997@gmail.com,site,instagram,cpc,META_REMARKETING,,514.30,0.00,0.00,514.30,Pago
102173,2026-07-12 15:16:19,fabio.oliveira2005@gmail.com,site,google,cpc,GOOGLE_SEARCH_MARCA,,399.50,0.00,0.00,399.50,Pago
102174,2026-07-12 16:45:11,pedro.pereira1984@hotmail.com,site,google,cpc,google_search_generico,,179.80,0.00,0.00,179.80,Pago
102175,2026-07-12 17:13:08,rafael.araujo@hotmail.com,site,whatsapp,referral,indique_ganhe,,44.90,0.00,14.90,59.80,Pago
102176,2026-07-12 18:26:43,patricia.carvalho85@gmail.com,site,,,,,49.90,0.00,31.50,81.40,Pago
102177,2026-07-12 19:05:08,aline.zanotti@gmail.com,site,,,,,49.90,0.00,14.90,64.80,Cancelado
102178,2026-07-12 20:32:00,lucas.gomes@hotmail.com,site,,,,,44.90,0.00,14.90,59.80,Pago
102179,2026-07-12 21:39:39,mariana.moreira57@hotmail.com,site,google,cpc,GOOGLE_SEARCH_MARCA,,319.80,0.00,0.00,319.80,Pago
102180,2026-07-12 22:42:23,priscila.dallabernardina68@gmail.com,site,instagram,social,bio_link,,173.60,0.00,0.00,173.60,Pago
102181,2026-07-13 08:51:59,LETICIA.OLIVEIRA1981@HOTMAIL.COM,site,google,cpc,GOOGLE_SEARCH_MARCA,,49.90,0.00,22.90,72.80,Pago
102182,2026-07-13 10:29:52,juliana.rodrigues1989@gmail.com,site,fb,paid,meta_prospeccao_blends,BEMVINDO10,269.60,26.96,0.00,242.64,Pago
102183,2026-07-13 13:13:06,ana.rodrigues1984@hotmail.com,site,instagram,cpc,META_PROSPECCAO_BLENDS,PRIMEIRACOMPRA,164.80,24.72,31.50,171.58,Pago
102184,2026-07-13 14:50:24,maria.simoes@icloud.com,site,email,newsletter,news_jul,,44.90,0.00,14.90,59.80,Pago
102185,2026-07-13 15:24:09,camila.martins392@outlook.com,site,google,cpc,GOOGLE_SEARCH_MARCA,,44.90,0.00,14.90,59.80,Pago
102186,2026-07-13 17:52:25,rafael.araujo1984@icloud.com,site,facebook,cpc,META_PROSPECCAO_BLENDS,BEMVINDO10,279.80,27.98,0.00,251.82,Pago
102187,2026-07-13 18:13:38,debora.oliveira1994@icloud.com,site,,,,,319.60,0.00,0.00,319.60,Cancelado
102188,2026-07-13 19:43:17,gabriel.pimentel53@gmail.com,site,google,cpc,GOOGLE_SEARCH_GENERICO,,304.50,0.00,0.00,304.50,Reembolsado
102189,2026-07-13 20:51:07,thiago.carvalho59@gmail.com,site,,,,,89.90,0.00,22.90,112.80,Pago
102190,2026-07-13 21:25:18,leticia.mercon@gmail.com,site,email,newsletter,news_jul,,18.90,0.00,14.90,33.80,Pago
102191,2026-07-13 21:34:23,rafael.dallabernardina@gmail.com,site,instagram,influencer,INFLU_DUDA_BARISTA,DUDA15,49.90,7.48,14.90,57.32,Pago
102192,2026-07-14 06:59:38,juliana.barbosa2@gmail.com,site,google,cpc,GOOGLE_SEARCH_MARCA,,439.70,0.00,0.00,439.70,Pago
102193,2026-07-14 08:24:13,gabriel.lima@gmail.com,site,,,,,197.70,0.00,0.00,197.70,Cancelado
102194,2026-07-14 09:19:00,fernanda.lima69@yahoo.com.br,site,,,,,49.90,0.00,14.90,64.80,Pago
102195,2026-07-14 09:32:49,renata.almeida76@yahoo.com.br,site,instagram,influencer,INFLU_DUDA_BARISTA,DUDA15,159.90,23.98,14.90,150.82,Pago
102196,2026-07-14 10:23:47,RAFAEL.MOREIRA2000@ICLOUD.COM,site,google,cpc,GOOGLE_SEARCH_MARCA,,159.80,0.00,0.00,159.80,Cancelado
102197,2026-07-14 10:47:37,caio.simoes9@gmail.com,assinatura,,,,,69.90,6.99,0.00,62.91,Pago
102198,2026-07-14 13:06:07,vinicius.araujo@outlook.com,site,instagram,social,bio_link,,319.80,0.00,0.00,319.80,Pago
102199,2026-07-14 13:38:43,LETICIA.ALMEIDA@GMAIL.COM,site,fb,paid,meta_prospeccao_blends,PRIMEIRACOMPRA,148.70,22.30,14.90,141.30,Pago
102200,2026-07-14 14:46:47,aline.almeida97@outlook.com,site,,,,,24.90,0.00,27.90,52.80,Pago
102201,2026-07-14 14:56:34,debora.nascimento67@hotmail.com,site,google,cpc,GOOGLE_SEARCH_MARCA,,139.90,0.00,14.90,154.80,Pago
102202,2026-07-14 15:25:48,thais.almeida@gmail.com,site,google,cpc,GOOGLE_SEARCH_MARCA,,168.60,0.00,0.00,168.60,Pago
102203,2026-07-14 16:15:44,leticia.zanotti49@outlook.com,site,,,,,209.70,0.00,0.00,209.70,Pago
102204,2026-07-14 19:06:06,patricia.lima1986@gmail.com,site,,,,DUDA15 ,134.80,20.22,22.90,137.48,Pago
102205,2026-07-14 19:59:14,GABRIEL.OLIVEIRA78@ICLOUD.COM,site,email,newsletter,news_jul,,159.90,0.00,0.00,159.90,Pago
102206,2026-07-14 20:11:50,renata.martins83@yahoo.com.br,site,,,,,139.90,0.00,14.90,154.80,Pago
102207,2026-07-14 21:55:22,carolina.rodrigues21@gmail.com,assinatura,,,,,69.90,6.99,0.00,62.91,Pago
102208,2026-07-14 23:04:44,maria.martins1994@gmail.com,site,facebook,cpc,META_REMARKETING,,81.60,0.00,14.90,96.50,Pago
102209,2026-07-15 06:00:47,mariana.oliveira@yahoo.com.br,site,instagram,social,bio_link,,69.90,0.00,31.50,101.40,Pago
102210,2026-07-15 08:51:41,rafael.simoes64@yahoo.com.br,site,google,cpc,GOOGLE_SEARCH_MARCA,,624.30,0.00,0.00,624.30,Pago
102211,2026-07-15 09:58:52,gabriela.ribeiro1988@yahoo.com.br,site,email,newsletter,news_jul,,99.80,0.00,14.90,114.70,Pago
102212,2026-07-15 10:02:41,gabriela.ferreira1992@hotmail.com,site,instagram,social,bio_link,,119.80,0.00,14.90,134.70,Pago
102213,2026-07-15 10:11:53,aline.barbosa@hotmail.com,site,,,,,54.90,0.00,14.90,69.80,Pago
102214,2026-07-15 10:54:11,luiza.almeida@icloud.com,site,instagram,cpc,META_PROSPECCAO_BLENDS,BEMVINDO10,99.80,9.98,14.90,104.72,Pago
102215,2026-07-15 11:28:43,marcelo.simoes15@outlook.com,site,instagram,influencer,INFLU_DUDA_BARISTA,BIA10,49.80,4.98,14.90,59.72,Pago
102216,2026-07-15 12:08:08,carolina.pereira7@gmail.com,site,,,,,259.70,0.00,0.00,259.70,Pago
102217,2026-07-15 13:21:02,eduardo.lima1981@gmail.com,site,,,,,269.60,0.00,0.00,269.60,Pago
102218,2026-07-15 14:20:48,aline.rocha@gmail.com,site,google,shopping,GOOGLE_SHOPPING,,159.90,0.00,0.00,159.90,Pago
102219,2026-07-15 14:36:11,beatriz.almeida1987@gmail.com,site,instagram,cpc,META_PROSPECCAO_BLENDS,BEMVINDO10,99.80,9.98,14.90,104.72,Pago
102220,2026-07-15 15:04:54,rafael.dallabernardina31@gmail.com,site,email,newsletter,news_jul,,209.70,0.00,0.00,209.70,Pago
102221,2026-07-15 16:00:28,leticia.souza81@yahoo.com.br,site,instagram,social,bio_link,,249.70,0.00,0.00,249.70,Pago
102222,2026-07-15 19:22:13,thais.santos51@icloud.com,site,facebook,cpc,META_REMARKETING,,159.80,0.00,0.00,159.80,Pago
102223,2026-07-15 19:24:11,rafael.costa@hotmail.com,site,instagram,cpc,META_PROSPECCAO_BLENDS,BEMVINDO10,248.70,24.87,0.00,223.83,Pago
102224,2026-07-15 19:44:41,camila.barbosa@gmail.com,site,google,cpc,google_search_generico,CAFE20,44.90,8.98,27.90,63.82,Pago
102225,2026-07-15 20:43:59,thais.mercon1987@icloud.com,site,facebook,cpc,META_PROSPECCAO_BLENDS,CAFE20,89.90,17.98,14.90,86.82,Cancelado
102226,2026-07-15 21:29:31,rafael.dallabernardina531@gmail.com,site,instagram,social,bio_link,,294.70,0.00,0.00,294.70,Cancelado
102227,2026-07-15 22:40:53,rafael.silva1994@icloud.com,site,,,,,104.80,0.00,14.90,119.70,Pago
102228,2026-07-16 06:52:50,maria.barbosa@gmail.com,site,fb,paid,meta_prospeccao_blends,BEMVINDO10,114.80,11.48,14.90,118.22,Pago
102229,2026-07-16 08:10:08,mateus.rodrigues18@hotmail.com,site,instagram,influencer,INFLU_CAFE_COM_BIA,duda15,139.90,20.98,14.90,133.82,Pago
102230,2026-07-16 08:33:59,juliana.loureiro2002@gmail.com,site,google,cpc,google_search_generico,,279.80,0.00,0.00,279.80,Pago
102231,2026-07-16 09:34:49,gabriel.martins1990@gmail.com,site,,,,,149.70,0.00,14.90,164.60,Pago
102232,2026-07-16 11:04:39,eduardo.almeida1994@gmail.com,site,,,,,169.80,0.00,0.00,169.80,Aguardando pagamento
102233,2026-07-16 13:07:58,priscila.carvalho16@yahoo.com.br,site,google,cpc,GOOGLE_SEARCH_MARCA,,239.80,0.00,0.00,239.80,Pago
102234,2026-07-16 18:55:03,bruna.santos76@gmail.com,site,,,,,124.80,0.00,22.90,147.70,Pago
102235,2026-07-16 19:26:19,leticia.nascimento1998@yahoo.com.br,site,fb,paid,meta_prospeccao_blends,,139.80,0.00,14.90,154.70,Pago
102236,2026-07-16 20:48:18, bruna.loureiro1999@gmail.com,site,,,,,149.70,0.00,14.90,164.60,Pago
102237,2026-07-16 21:22:06,juliana.nascimento@gmail.com,site,google,cpc,google_search_generico,,99.80,0.00,27.90,127.70,Pago
102238,2026-07-16 22:13:30,beatriz.silva22@hotmail.com,site,google,cpc,GOOGLE_SEARCH_MARCA,,329.50,0.00,0.00,329.50,Pago
102239,2026-07-17 06:25:02,LARISSA.ARAUJO1999@GMAIL.COM,site,,,,,194.60,0.00,0.00,194.60,Pago
102240,2026-07-17 07:11:35,fernanda.moreira@gmail.com,site,facebook,cpc,META_REMARKETING,,549.50,0.00,0.00,549.50,Pago
102241,2026-07-17 07:46:43,thais.santos2002@gmail.com,assinatura,,,,,69.90,6.99,0.00,62.91,Pago
102242,2026-07-17 08:01:08,fernanda.silva2001@yahoo.com.br,site,google,cpc,GOOGLE_SHOPPING,,159.80,0.00,0.00,159.80,Cancelado
102243,2026-07-17 10:18:00,camila.ribeiro1985@hotmail.com,site,facebook,cpc,META_REMARKETING,,199.70,0.00,0.00,199.70,Pago
102244,2026-07-17 11:24:51,thais.dallabernardina59@hotmail.com,site,,,,,37.80,0.00,14.90,52.70,Cancelado
102245,2026-07-17 11:48:29,BRUNA.MERCON1993@OUTLOOK.COM,site,google,cpc,GOOGLE_SEARCH_MARCA,,79.90,0.00,14.90,94.80,Pago
102246,2026-07-17 11:58:56,felipe.nascimento44@hotmail.com,assinatura,,,,,69.90,6.99,0.00,62.91,Pago
102247,2026-07-17 12:24:40,ana.simoes11@gmail.com,site,google,shopping,GOOGLE_SHOPPING,,119.70,0.00,14.90,134.60,Pago
102248,2026-07-17 13:40:42,mateus.silva1984@outlook.com,site,google,cpc,GOOGLE_SEARCH_MARCA,,18.90,0.00,14.90,33.80,Pago
102249,2026-07-17 15:59:13,mariana.souza1993@hotmail.com,site,google,cpc,GOOGLE_SEARCH_MARCA,CAFE20,204.80,40.96,0.00,163.84,Pago
102250,2026-07-17 16:42:18, gustavo.pimentel84@yahoo.com.br,site,google,shopping,GOOGLE_SHOPPING,,319.80,0.00,0.00,319.80,Cancelado
102251,2026-07-17 16:48:44, thiago.dallabernardina94@icloud.com,site,,,,,159.90,0.00,0.00,159.90,Pago
102252,2026-07-17 17:11:05,aline.araujo1986@gmail.com,site,google,cpc,GOOGLE_SEARCH_MARCA,FRETEGRATIS,139.90,0.00,0.00,139.90,Pago
102253,2026-07-17 17:33:28,felipe.silva72@gmail.com,assinatura,,,,,69.90,6.99,0.00,62.91,Pago
102254,2026-07-17 17:54:27,priscila.pimentel1980@gmail.com,site,google,cpc,GOOGLE_SEARCH_GENERICO,,253.60,0.00,0.00,253.60,Pago
102255,2026-07-17 18:24:26,bruna.simoes@outlook.com,site,google,cpc,GOOGLE_SEARCH_MARCA,,159.60,0.00,0.00,159.60,Reembolsado
102256,2026-07-17 18:47:36,luiza.mercon1987@gmail.com,site,,,,BIA10,69.90,6.99,27.90,90.81,Pago
102257,2026-07-17 18:59:50,gustavo.silva9@hotmail.com,site,instagram,cpc,META_PROSPECCAO_BLENDS,,89.80,0.00,14.90,104.70,Pago
102258,2026-07-17 19:36:58,renata.ribeiro296@icloud.com,site,email,newsletter,news_jul,,584.40,0.00,0.00,584.40,Pago
102259,2026-07-17 19:58:11, lucas.barbosa50@gmail.com,site,,,,CAFE20,49.90,9.98,14.90,54.82,Pago
102260,2026-07-17 21:32:49,renata.araujo2000@outlook.com,assinatura,,,,,69.90,6.99,0.00,62.91,Pago
102261,2026-07-17 21:50:23,bruna.silva@hotmail.com,site,,,,,24.90,0.00,14.90,39.80,Reembolsado
102262,2026-07-17 22:58:23,julia.carvalho@gmail.com,site,email,newsletter,news_jul,,99.80,0.00,14.90,114.70,Pago
102263,2026-07-18 07:41:47, gustavo.souza2004@gmail.com,site,email,newsletter,news_jul,,209.80,0.00,0.00,209.80,Pago
102264,2026-07-18 09:01:43,fernanda.loureiro1989@gmail.com,site,,,,,18.90,0.00,14.90,33.80,Pago
102265,2026-07-18 10:27:35,leticia.moreira23@icloud.com,assinatura,,,,,69.90,6.99,0.00,62.91,Pago
102266,2026-07-18 11:55:08,patricia.nascimento@outlook.com,site,google,cpc,GOOGLE_SEARCH_MARCA,,89.90,0.00,14.90,104.80,Pago
102267,2026-07-18 12:55:35,mariana.almeida@hotmail.com,site,instagram,cpc,META_PROSPECCAO_BLENDS,BEMVINDO10,424.50,42.45,0.00,382.05,Pago
102268,2026-07-18 13:28:26,mateus.pereira82@hotmail.com,site,,,,,239.70,0.00,0.00,239.70,Pago
102269,2026-07-18 13:57:14,patricia.zanotti79@gmail.com,site,,,,CAFE20,18.90,3.78,22.90,38.02,Pago
102270,2026-07-18 14:21:32,luiza.oliveira67@gmail.com,site,instagram,influencer,INFLU_CAFE_COM_BIA,DUDA15,69.90,10.49,31.50,90.91,Pago
102271,2026-07-18 15:29:49,larissa.rocha@hotmail.com,site,email,newsletter,news_jul,,334.60,0.00,0.00,334.60,Pago
102272,2026-07-18 17:57:36,debora.ferreira1988@gmail.com,site,,,,,109.80,0.00,31.50,141.30,Pago
102273,2026-07-18 18:22:55,caio.costa1984@gmail.com,site,google,cpc,google_search_generico,PRIMEIRACOMPRA,79.90,11.99,14.90,82.81,Pago
102274,2026-07-18 18:28:58,fabio.moreira42@gmail.com,site,ig,cpc,Meta_Prospeccao_Blends ,BEMVINDO10,89.80,8.98,14.90,95.72,Pago
102275,2026-07-18 18:36:58,joao.martins84@hotmail.com,site,instagram,influencer,INFLU_CAFE_COM_BIA,bia10,49.90,4.99,22.90,67.81,Pago
102276,2026-07-18 19:11:11,VINICIUS.LOUREIRO1987@GMAIL.COM,site,facebook,cpc,META_REMARKETING,,18.90,0.00,14.90,33.80,Pago
102277,2026-07-18 19:49:51,thiago.dallabernardina@gmail.com,site,ig,cpc,Meta_Prospeccao_Blends ,CAFE20,139.90,27.98,14.90,126.82,Pago
102278,2026-07-18 20:04:15,mateus.carvalho95@gmail.com,site,,,,,99.80,0.00,14.90,114.70,Pago
102279,2026-07-18 21:19:53,andre.araujo1989@gmail.com,site,instagram,influencer,INFLU_CAFE_COM_BIA,DUDA15,509.50,76.42,0.00,433.08,Pago
102280,2026-07-18 21:45:55,debora.almeida43@gmail.com,site,,,,,364.50,0.00,0.00,364.50,Pago
102281,2026-07-18 23:19:11,pedro.nascimento1983@gmail.com,site,instagram,cpc,META_REMARKETING,,104.80,0.00,14.90,119.70,Pago
102282,2026-07-18 23:31:08, mariana.carvalho@outlook.com,site,instagram,social,bio_link,,149.80,0.00,31.50,181.30,Pago
102283,2026-07-19 07:58:06,leticia.ferreira@hotmail.com,assinatura,,,,,69.90,6.99,0.00,62.91,Pago
102284,2026-07-19 09:13:23,bruno.rodrigues1993@gmail.com,site,instagram,influencer,INFLU_DUDA_BARISTA,BIA10 ,184.70,18.47,0.00,166.23,Pago
102285,2026-07-19 10:32:31,fabio.ribeiro180@hotmail.com,site,fb,paid,meta_prospeccao_blends,BEMVINDO10,159.80,15.98,31.50,175.32,Pago
102286,2026-07-19 11:31:08,bruno.gomes1983@outlook.com,site,,,,,54.90,0.00,14.90,69.80,Pago
102287,2026-07-19 12:35:15,gabriela.araujo1997@gmail.com,site,email,newsletter,news_jul,,99.80,0.00,14.90,114.70,Pago
102288,2026-07-19 14:38:18,renata.almeida2002@outlook.com,site,ig,cpc,Meta_Prospeccao_Blends ,,37.80,0.00,27.90,65.70,Pago
102289,2026-07-19 14:56:26,LETICIA.SILVA@GMAIL.COM,site,email,newsletter,news_jul,,159.90,0.00,0.00,159.90,Pago
102290,2026-07-19 15:02:22,larissa.ribeiro17@gmail.com,site,facebook,cpc,META_PROSPECCAO_BLENDS,BEMVINDO10,329.70,32.97,0.00,296.73,Pago
102291,2026-07-19 15:04:03,lucas.rocha1994@gmail.com,site,instagram,social,bio_link,,89.90,0.00,14.90,104.80,Pago
102292,2026-07-19 15:22:54,julia.moreira18@hotmail.com,site,google,cpc,GOOGLE_SHOPPING,,104.80,0.00,14.90,119.70,Pago
102293,2026-07-19 15:29:02,debora.almeida45@yahoo.com.br,site,google,cpc,GOOGLE_SHOPPING,,159.80,0.00,0.00,159.80,Pago
102294,2026-07-19 16:42:04,leticia.costa87@outlook.com,site,google,organic,,,418.50,0.00,0.00,418.50,Pago
102295,2026-07-19 16:57:17, marcelo.dallabernardina@hotmail.com,site,,,,,644.30,0.00,0.00,644.30,Pago
102296,2026-07-19 17:19:07,gabriela.santos2000@yahoo.com.br,site,ig,cpc,Meta_Prospeccao_Blends ,PRIMEIRACOMPRA,109.80,16.47,14.90,108.23,Pago
102297,2026-07-19 17:51:08,gabriela.lima@hotmail.com,site,instagram,social,bio_link,,254.60,0.00,0.00,254.60,Pago
102298,2026-07-19 18:07:38,eduardo.rodrigues56@gmail.com,site,google,cpc,google_search_generico,,284.50,0.00,0.00,284.50,Pago
102299,2026-07-19 18:10:32,thiago.santos1994@hotmail.com,site,instagram,influencer,INFLU_DUDA_BARISTA,DUDA15,159.90,23.98,14.90,150.82,Pago
102300,2026-07-19 19:15:42,rodrigo.barbosa@gmail.com,site,instagram,social,bio_link,,229.70,0.00,0.00,229.70,Pago
102301,2026-07-19 20:01:58,vinicius.mercon1987@gmail.com,site,instagram,social,bio_link,,79.90,0.00,27.90,107.80,Pago
102302,2026-07-19 20:08:38,thais.zanotti92@hotmail.com,site,email,newsletter,news_jul,,329.50,0.00,0.00,329.50,Pago
102303,2026-07-19 20:33:33,rafael.martins1989@gmail.com,site,,,,,264.70,0.00,0.00,264.70,Pago
102304,2026-07-19 21:06:57,ana.rodrigues2003@outlook.com,site,instagram,social,bio_link,,369.50,0.00,0.00,369.50,Pago
102305,2026-07-19 22:23:06,beatriz.mercon40@gmail.com,site,instagram,social,bio_link,,129.80,0.00,14.90,144.70,Pago
102306,2026-07-19 23:27:08,beatriz.nascimento1999@gmail.com,site,facebook,cpc,META_PROSPECCAO_BLENDS,,18.90,0.00,14.90,33.80,Pago
102307,2026-07-20 07:59:36,marcelo.carvalho64@gmail.com,site,instagram,cpc,META_PROSPECCAO_BLENDS,,194.80,0.00,0.00,194.80,Pago
102308,2026-07-20 08:49:23,julia.santos5@hotmail.com,site,instagram,cpc,META_REMARKETING,PRIMEIRACOMPRA,188.70,28.30,0.00,160.40,Pago
102309,2026-07-20 09:13:39,gabriela.almeida45@hotmail.com,site,,,,,219.80,0.00,0.00,219.80,Pago
102310,2026-07-20 09:19:35,camila.gomes@hotmail.com,site,google,cpc,GOOGLE_SHOPPING,,269.70,0.00,0.00,269.70,Pago
102311,2026-07-20 09:59:20,diego.ribeiro30@gmail.com,site,google,organic,,,249.70,0.00,0.00,249.70,Cancelado
102312,2026-07-20 12:01:11,joao.gomes2002@outlook.com,site,facebook,cpc,META_PROSPECCAO_BLENDS,,219.60,0.00,0.00,219.60,Pago
102313,2026-07-20 12:19:41,juliana.pereira25@hotmail.com,site,ig,cpc,Meta_Prospeccao_Blends ,primeiracompra,319.70,47.95,0.00,271.75,Pago
102314,2026-07-20 12:20:12,julia.pimentel1999@gmail.com,assinatura,,,,,69.90,6.99,0.00,62.91,Aguardando pagamento
102315,2026-07-20 12:35:40,renata.lima912@outlook.com,site,,,,,159.90,0.00,0.00,159.90,Pago
102316,2026-07-20 13:00:54,lucas.nascimento44@gmail.com,site,google,cpc,GOOGLE_SEARCH_MARCA,,49.90,0.00,31.50,81.40,Pago
102317,2026-07-20 13:26:42,mariana.martins1999@gmail.com,site,google,cpc,google_search_generico,,54.90,0.00,14.90,69.80,Pago
102318,2026-07-20 14:17:57,camila.silva71@hotmail.com,site,google,organic,,,54.90,0.00,27.90,82.80,Pago
102319,2026-07-20 16:04:22,bruna.ribeiro@gmail.com,assinatura,,,,,69.90,6.99,0.00,62.91,Pago
102320,2026-07-20 16:06:28,priscila.almeida1983@outlook.com,site,,,,,239.70,0.00,0.00,239.70,Pago
102321,2026-07-20 16:16:17,diego.almeida82@icloud.com,site,ig,cpc,Meta_Prospeccao_Blends ,,164.70,0.00,0.00,164.70,Pago
102322,2026-07-20 17:37:31,JULIANA.SIMOES82@GMAIL.COM,site,ig,cpc,Meta_Prospeccao_Blends ,,119.90,0.00,14.90,134.80,Pago
102323,2026-07-20 19:56:55,debora.rocha@gmail.com,site,google,cpc,GOOGLE_SEARCH_MARCA,,139.90,0.00,14.90,154.80,Aguardando pagamento
102324,2026-07-20 21:34:47,renata.lima93@icloud.com,site,google,cpc,google_search_generico,,228.60,0.00,0.00,228.60,Pago
102325,2026-07-21 06:17:54,beatriz.barbosa8@icloud.com,site,email,newsletter,news_jul,,319.80,0.00,0.00,319.80,Pago
102326,2026-07-21 07:34:31, patricia.dallabernardina@hotmail.com,site,ig,cpc,Meta_Prospeccao_Blends ,,159.90,0.00,0.00,159.90,Pago
102327,2026-07-21 07:47:11,bruna.rocha93@gmail.com,site,,,,,209.80,0.00,0.00,209.80,Pago
102328,2026-07-21 07:58:31,gabriela.nascimento1991@gmail.com,assinatura,,,,,69.90,6.99,0.00,62.91,Pago
102329,2026-07-21 08:25:35,maria.nascimento2002@gmail.com,site,google,cpc,GOOGLE_SEARCH_MARCA,,224.70,0.00,0.00,224.70,Pago
102330,2026-07-21 08:48:05,BRUNA.MARTINS@GMAIL.COM,site,instagram,influencer,INFLU_CAFE_COM_BIA,DUDA15,209.80,31.47,0.00,178.33,Pago
102331,2026-07-21 09:35:29,patricia.araujo@gmail.com,site,instagram,social,bio_link,,18.90,0.00,14.90,33.80,Pago
102332,2026-07-21 09:39:16,thiago.carvalho83@icloud.com,site,email,newsletter,news_jul,,309.60,0.00,0.00,309.60,Pago
102333,2026-07-21 10:02:43,gabriela.loureiro@hotmail.com,site,facebook,cpc,META_PROSPECCAO_BLENDS,cafe20,88.80,17.76,14.90,85.94,Pago
102334,2026-07-21 10:50:13,mariana.costa1980@gmail.com,site,google,cpc,GOOGLE_SEARCH_MARCA,,159.80,0.00,0.00,159.80,Pago
102335,2026-07-21 10:52:15,bruno.moreira70@outlook.com,site,,,,,44.90,0.00,14.90,59.80,Pago
102336,2026-07-21 11:33:44,beatriz.moreira1995@outlook.com,site,ig,cpc,Meta_Prospeccao_Blends ,CAFE20,158.80,31.76,22.90,149.94,Pago
102337,2026-07-21 13:01:48,mariana.dallabernardina1994@gmail.com,site,facebook,cpc,META_PROSPECCAO_BLENDS,PRIMEIRACOMPRA,139.90,20.98,14.90,133.82,Pago
102338,2026-07-21 14:23:38,fabio.dallabernardina5@icloud.com,site,,,,BIA10,214.70,21.47,0.00,193.23,Pago
102339,2026-07-21 14:57:47,bruna.oliveira1984@yahoo.com.br,site,email,newsletter,news_jul,,154.60,0.00,0.00,154.60,Pago
102340,2026-07-21 16:03:13,gustavo.lima1985@outlook.com,site,instagram,cpc,META_PROSPECCAO_BLENDS,PRIMEIRACOMPRA,69.90,10.49,22.90,82.31,Pago
102341,2026-07-21 18:44:38, mariana.silva97@hotmail.com,site,fb,paid,meta_prospeccao_blends,,159.80,0.00,0.00,159.80,Reembolsado
102342,2026-07-21 19:07:52,rodrigo.pimentel81@gmail.com,site,,,,,79.90,0.00,14.90,94.80,Pago
102343,2026-07-21 21:06:18, carlos.barbosa66@gmail.com,site,instagram,social,bio_link,,89.90,0.00,22.90,112.80,Pago
102344,2026-07-21 22:15:17,thais.zanotti98@hotmail.com,site,google,cpc,google_search_generico,,54.90,0.00,14.90,69.80,Pago
102345,2026-07-21 22:33:49,thiago.ferreira1987@gmail.com,assinatura,,,,,69.90,6.99,0.00,62.91,Pago
102346,2026-07-21 22:43:49,bruna.araujo488@gmail.com,site,ig,cpc,Meta_Prospeccao_Blends ,CAFE20,194.70,38.94,0.00,155.76,Reembolsado
102347,2026-07-21 22:46:09,gabriela.loureiro76@gmail.com,site,,,,,79.90,0.00,14.90,94.80,Pago
102348,2026-07-21 22:50:50,mariana.moreira1982@hotmail.com,site,,,,,179.70,0.00,0.00,179.70,Pago
102349,2026-07-21 23:02:11,carlos.souza@gmail.com,site,,,,,159.90,0.00,0.00,159.90,Pago
102350,2026-07-22 08:27:34,fabio.ribeiro17@gmail.com,site,facebook,cpc,META_PROSPECCAO_BLENDS,,344.50,0.00,0.00,344.50,Pago
102351,2026-07-22 08:47:25,gustavo.ferreira@hotmail.com,assinatura,,,,,69.90,6.99,0.00,62.91,Pago
102352,2026-07-22 09:27:04,carlos.pimentel790@yahoo.com.br,site,google,cpc,GOOGLE_SEARCH_MARCA,,399.70,0.00,0.00,399.70,Cancelado
102353,2026-07-22 09:29:03,leticia.rocha@gmail.com,site,,,,FRETEGRATIS,44.90,0.00,0.00,44.90,Pago
102354,2026-07-22 10:12:22,carolina.santos27@hotmail.com,assinatura,,,,,69.90,6.99,0.00,62.91,Pago
102355,2026-07-22 12:03:28,julia.barbosa1990@yahoo.com.br,site,facebook,cpc,META_PROSPECCAO_BLENDS,BEMVINDO10,359.70,35.97,0.00,323.73,Pago
102356,2026-07-22 12:16:12,patricia.ferreira2002@gmail.com,site,ig,cpc,Meta_Prospeccao_Blends , BEMVINDO10,239.80,23.98,0.00,215.82,Pago
102357,2026-07-22 14:02:53,maria.souza56@gmail.com,site,ig,cpc,Meta_Prospeccao_Blends ,CAFE20,139.80,27.96,14.90,126.74,Pago
102358,2026-07-22 15:06:24,thais.araujo@icloud.com,site,whatsapp,referral,indique_ganhe,,109.80,0.00,14.90,124.70,Pago
102359,2026-07-22 15:15:15,GUSTAVO.ARAUJO1981@YAHOO.COM.BR,assinatura,,,,,69.90,6.99,0.00,62.91,Pago
102360,2026-07-22 15:32:55,larissa.gomes2006@gmail.com,site,google,cpc,GOOGLE_SEARCH_GENERICO,,119.90,0.00,31.50,151.40,Pago
102361,2026-07-22 16:05:13,juliana.simoes68@gmail.com,assinatura,,,,,69.90,6.99,0.00,62.91,Pago
102362,2026-07-22 18:06:49,renata.lima@gmail.com,site,google,cpc,GOOGLE_SHOPPING,,49.90,0.00,14.90,64.80,Pago
102363,2026-07-22 18:27:49,larissa.souza1996@icloud.com,site,,,,,107.70,0.00,14.90,122.60,Pago
102364,2026-07-22 18:32:15,rodrigo.ribeiro@gmail.com,site,facebook,cpc,META_PROSPECCAO_BLENDS,BEMVINDO10,89.90,8.99,14.90,95.81,Pago
102365,2026-07-22 22:25:25,ana.costa@hotmail.com,site,email,newsletter,news_jul,,159.80,0.00,0.00,159.80,Pago
102366,2026-07-22 23:10:20,beatriz.souza1987@gmail.com,site,instagram,cpc,META_PROSPECCAO_BLENDS,PRIMEIRACOMPRA,259.50,38.92,0.00,220.58,Pago
102367,2026-07-22 23:35:38, joao.martins@gmail.com,site,instagram,influencer,INFLU_CAFE_COM_BIA,BIA10,139.90,13.99,14.90,140.81,Aguardando pagamento
102368,2026-07-23 07:58:13,ana.simoes2005@icloud.com,site,google,cpc,GOOGLE_SEARCH_GENERICO,,349.70,0.00,0.00,349.70,Pago
102369,2026-07-23 08:04:30,gabriel.gomes1991@gmail.com,site,ig,cpc,Meta_Prospeccao_Blends ,,43.80,0.00,14.90,58.70,Pago
102370,2026-07-23 09:05:51,carlos.silva82@hotmail.com,site,instagram,cpc,META_REMARKETING,,309.60,0.00,0.00,309.60,Pago
102371,2026-07-23 10:10:59,renata.zanotti@gmail.com,site,,,,,44.90,0.00,22.90,67.80,Pago
102372,2026-07-23 11:25:27,leonardo.nascimento1998@outlook.com,site,instagram,influencer,INFLU_CAFE_COM_BIA,,509.60,0.00,0.00,509.60,Pago
102373,2026-07-23 12:18:26,marcelo.pimentel1995@gmail.com,assinatura,,,,,69.90,6.99,0.00,62.91,Pago
102374,2026-07-23 14:23:26,rafael.dallabernardina72@gmail.com,site,instagram,cpc,META_REMARKETING,,169.70,0.00,0.00,169.70,Pago
102375,2026-07-23 14:49:21,rodrigo.simoes49@gmail.com,site,ig,cpc,Meta_Prospeccao_Blends ,BEMVINDO10,159.80,15.98,22.90,166.72,Pago
102376,2026-07-23 15:20:08,ana.gomes2001@gmail.com,site,email,newsletter,news_jul,,654.30,0.00,0.00,654.30,Pago
102377,2026-07-23 15:23:55,diego.silva@outlook.com,site,email,newsletter,news_jul,,489.40,0.00,0.00,489.40,Pago
102377,2026-07-23 15:23:55,diego.silva@outlook.com,site,email,newsletter,news_jul,,489.40,0.00,0.00,489.40,Pago
102378,2026-07-23 16:24:22,priscila.santos10@hotmail.com,site,google,cpc,GOOGLE_SHOPPING,,139.90,0.00,14.90,154.80,Pago
102379,2026-07-23 16:26:55,fabio.ribeiro@hotmail.com,site,,,,FRETEGRATIS,249.50,0.00,0.00,249.50,Pago
102380,2026-07-23 16:41:06,aline.ribeiro24@gmail.com,site,facebook,cpc,META_PROSPECCAO_BLENDS,,289.70,0.00,0.00,289.70,Pago
102381,2026-07-23 19:07:05,gabriel.carvalho56@icloud.com,assinatura,,,,,69.90,6.99,0.00,62.91,Pago
102382,2026-07-23 23:07:48,aline.santos1999@icloud.com,site,,,,,49.90,0.00,27.90,77.80,Pago
102383,2026-07-23 23:11:14,carlos.gomes18@hotmail.com,site,google,cpc,GOOGLE_SEARCH_MARCA,,254.60,0.00,0.00,254.60,Pago
102384,2026-07-23 23:16:26,ana.rocha85@outlook.com,site,instagram,influencer,INFLU_DUDA_BARISTA,DUDA15,319.60,47.94,0.00,271.66,Pago
102385,2026-07-24 06:25:47,GUSTAVO.SANTOS@GMAIL.COM,site,google,cpc,GOOGLE_SEARCH_MARCA,,54.90,0.00,14.90,69.80,Pago
102386,2026-07-24 07:07:45,camila.pimentel@gmail.com,site,google,cpc,GOOGLE_SHOPPING,BEMVINDO10,178.80,17.88,0.00,160.92,Pago
102387,2026-07-24 07:14:54,larissa.rocha@gmail.com,site,google,organic,,,269.60,0.00,0.00,269.60,Pago
102388,2026-07-24 08:36:14,felipe.moreira@gmail.com,site,instagram,influencer,INFLU_DUDA_BARISTA,BIA10,69.90,6.99,22.90,85.81,Pago
102389,2026-07-24 10:02:29,rodrigo.ribeiro36@yahoo.com.br,site,google,cpc,GOOGLE_SEARCH_GENERICO,,339.60,0.00,0.00,339.60,Pago
102390,2026-07-24 11:26:53,aline.pimentel@hotmail.com,site,facebook,cpc,META_PROSPECCAO_BLENDS,PRIMEIRACOMPRA,227.50,34.12,0.00,193.38,Pago
102391,2026-07-24 12:58:36,fernanda.dallabernardina10@hotmail.com,site,facebook,cpc,META_PROSPECCAO_BLENDS,BEMVINDO10,333.50,33.35,0.00,300.15,Pago
102392,2026-07-24 14:54:55,joao.santos64@hotmail.com,site,,,, BIA10,249.70,24.97,0.00,224.73,Pago
102393,2026-07-24 15:37:02,juliana.simoes@gmail.com,site,google,cpc,GOOGLE_SEARCH_MARCA,,24.90,0.00,27.90,52.80,Pago
102394,2026-07-24 15:47:37,bruno.nascimento1991@outlook.com,site,google,cpc,GOOGLE_SEARCH_MARCA,,369.50,0.00,0.00,369.50,Pago
102395,2026-07-24 15:51:22,debora.mercon1996@hotmail.com,site,,,,,349.70,0.00,0.00,349.70,Pago
102396,2026-07-24 17:43:55,fernanda.rodrigues@icloud.com,site,,,,DUDA15,119.70,17.95,14.90,116.65,Pago
102397,2026-07-24 19:01:02,beatriz.lima33@gmail.com,site,google,cpc,GOOGLE_SEARCH_MARCA,FRETEGRATIS,174.70,0.00,0.00,174.70,Pago
102398,2026-07-24 19:28:49,andre.pereira1987@hotmail.com,site,google,cpc,google_search_generico,,37.80,0.00,27.90,65.70,Pago
102399,2026-07-24 21:42:37,bruna.gomes1987@gmail.com,site,instagram,cpc,META_PROSPECCAO_BLENDS,BEMVINDO10,119.90,11.99,14.90,122.81,Pago
102400,2026-07-24 22:53:44,gustavo.zanotti2003@gmail.com,site,google,organic,,,44.90,0.00,14.90,59.80,Pago
102401,2026-07-24 23:00:51,renata.pereira@hotmail.com,site,google,cpc,GOOGLE_SEARCH_GENERICO,,409.70,0.00,0.00,409.70,Pago
102402,2026-07-24 23:26:36,fabio.silva48@gmail.com,assinatura,,,,,69.90,6.99,0.00,62.91,Pago
102403,2026-07-25 07:05:22,lucas.mercon@icloud.com,site,instagram,cpc,META_REMARKETING,,49.90,0.00,14.90,64.80,Pago
102404,2026-07-25 08:07:02,fabio.simoes2005@hotmail.com,site,instagram,social,bio_link,,79.90,0.00,14.90,94.80,Pago
102405,2026-07-25 08:35:42, fabio.ribeiro1994@gmail.com,site,google,cpc,GOOGLE_SEARCH_MARCA,,69.90,0.00,27.90,97.80,Pago
102406,2026-07-25 09:59:38, gabriela.rocha@gmail.com,site,google,cpc,GOOGLE_SEARCH_GENERICO,,139.90,0.00,14.90,154.80,Pago
102407,2026-07-25 11:15:59,eduardo.gomes@gmail.com,site,,,,BIA10,239.80,23.98,0.00,215.82,Pago
102408,2026-07-25 12:13:23, renata.dallabernardina@gmail.com,site,instagram,social,bio_link,,139.90,0.00,14.90,154.80,Pago
102409,2026-07-25 12:35:40,rafael.loureiro46@hotmail.com,assinatura,,,,,69.90,6.99,0.00,62.91,Reembolsado
102410,2026-07-25 14:08:48,CARLOS.CARVALHO1987@HOTMAIL.COM,site,,,,,229.80,0.00,0.00,229.80,Pago
102411,2026-07-25 14:15:33,joao.araujo@gmail.com,site,facebook,cpc,META_PROSPECCAO_BLENDS,CAFE20,204.80,40.96,0.00,163.84,Pago
102412,2026-07-25 15:43:29,DIEGO.PEREIRA1999@GMAIL.COM,site,instagram,social,bio_link,,259.80,0.00,0.00,259.80,Pago
102413,2026-07-25 18:24:50,maria.rocha1983@icloud.com,site,facebook,cpc,META_PROSPECCAO_BLENDS,CAFE20,189.70,37.94,0.00,151.76,Pago
102414,2026-07-25 18:50:47,thiago.pereira2001@gmail.com,site,google,cpc,GOOGLE_SEARCH_MARCA,,69.90,0.00,14.90,84.80,Pago
102415,2026-07-25 19:50:56,mariana.simoes@hotmail.com,site,email,newsletter,news_jul,,119.90,0.00,14.90,134.80,Pago
102416,2026-07-25 20:23:01,thais.almeida1993@gmail.com,site,fb,paid,meta_prospeccao_blends,primeiracompra,138.80,20.82,14.90,132.88,Pago
102417,2026-07-25 21:18:44,eduardo.pereira39@gmail.com,site,google,cpc,google_search_generico,,89.90,0.00,31.50,121.40,Pago
102418,2026-07-25 21:34:27,fernanda.pereira50@gmail.com,site,fb,paid,meta_prospeccao_blends,CAFE20,49.90,9.98,14.90,54.82,Pago
102419,2026-07-25 22:18:06,mariana.gomes46@gmail.com,site,instagram,influencer,INFLU_DUDA_BARISTA,BIA10,249.80,24.98,0.00,224.82,Pago
102420,2026-07-25 22:40:25,larissa.pimentel1999@gmail.com,site,facebook,cpc,META_REMARKETING,BEMVINDO10,159.80,15.98,14.90,158.72,Pago
102421,2026-07-26 08:27:58,priscila.almeida15@outlook.com,site,instagram,social,bio_link,,199.70,0.00,0.00,199.70,Pago
102422,2026-07-26 10:15:47,maria.pereira@gmail.com,site,instagram,social,bio_link,CAFE20,104.80,20.96,27.90,111.74,Pago
102423,2026-07-26 11:08:15,CAROLINA.NASCIMENTO18@ICLOUD.COM,site,instagram,cpc,META_PROSPECCAO_BLENDS,,63.80,0.00,14.90,78.70,Pago
102424,2026-07-26 11:35:36,aline.oliveira@hotmail.com,site,email,newsletter,news_jul,,18.90,0.00,14.90,33.80,Pago
102425,2026-07-26 11:44:08,patricia.carvalho@gmail.com,site,fb,paid,meta_prospeccao_blends,,319.60,0.00,0.00,319.60,Pago
102426,2026-07-26 12:06:31,maria.martins2002@gmail.com,site,ig,cpc,Meta_Prospeccao_Blends ,,18.90,0.00,14.90,33.80,Pago
102427,2026-07-26 12:32:02,gabriela.costa1999@hotmail.com,site,google,cpc,GOOGLE_SEARCH_MARCA,,119.90,0.00,14.90,134.80,Pago
102428,2026-07-26 12:56:32,gabriel.araujo75@yahoo.com.br,site,email,newsletter,news_jul,,313.50,0.00,0.00,313.50,Pago
102429,2026-07-26 13:13:23,caio.ribeiro1981@gmail.com,assinatura,,,,,69.90,6.99,0.00,62.91,Pago
102430,2026-07-26 13:16:55, luiza.araujo581@gmail.com,site,,,,,69.90,0.00,14.90,84.80,Cancelado
102431,2026-07-26 13:21:42,camila.santos@hotmail.com,site,google,cpc,GOOGLE_SEARCH_MARCA,,49.90,0.00,14.90,64.80,Pago
102432,2026-07-26 13:42:30,patricia.pimentel@icloud.com,site,whatsapp,referral,indique_ganhe,,79.90,0.00,14.90,94.80,Pago
102433,2026-07-26 14:03:42,mariana.almeida@gmail.com,site,instagram,cpc,META_REMARKETING,,139.90,0.00,14.90,154.80,Pago
102434,2026-07-26 14:21:07,bruna.rocha85@gmail.com,assinatura,,,,,69.90,6.99,0.00,62.91,Pago
102435,2026-07-26 14:46:31,priscila.pereira@gmail.com,site,instagram,social,bio_link,,224.70,0.00,0.00,224.70,Aguardando pagamento
102436,2026-07-26 18:36:08,felipe.dallabernardina1995@outlook.com,site,email,newsletter,news_jul,,239.70,0.00,0.00,239.70,Pago
102437,2026-07-26 19:23:29,lucas.moreira66@gmail.com,site,google,cpc,GOOGLE_SEARCH_MARCA,,138.70,0.00,14.90,153.60,Pago
102438,2026-07-26 20:35:21,mateus.martins12@yahoo.com.br,site,google,cpc,GOOGLE_SHOPPING,,309.70,0.00,0.00,309.70,Pago
102439,2026-07-26 21:08:34,rodrigo.ribeiro11@yahoo.com.br,assinatura,,,,,69.90,6.99,0.00,62.91,Pago
102440,2026-07-26 21:32:42,fernanda.nascimento@gmail.com,site,email,newsletter,news_jul,,219.80,0.00,0.00,219.80,Pago
102441,2026-07-26 22:03:30,fabio.martins49@gmail.com,site,facebook,cpc,META_PROSPECCAO_BLENDS,,18.90,0.00,14.90,33.80,Pago
102442,2026-07-26 22:24:31,thiago.loureiro75@icloud.com,site,email,newsletter,news_jul,,24.90,0.00,27.90,52.80,Pago
102443,2026-07-26 22:36:39, renata.silva1981@hotmail.com,site,,,,,119.90,0.00,14.90,134.80,Pago
102444,2026-07-26 23:24:16,ana.loureiro47@yahoo.com.br,site,,,,,79.90,0.00,14.90,94.80,Pago
102445,2026-07-26 23:24:18,rodrigo.souza84@hotmail.com,site,,,,,44.90,0.00,14.90,59.80,Pago
102446,2026-07-27 13:29:37,diego.dallabernardina@hotmail.com,site,fb,paid,meta_prospeccao_blends,,99.80,0.00,14.90,114.70,Pago
102447,2026-07-27 13:37:28,rafael.zanotti44@hotmail.com,site,,,,DUDA15,429.60,64.44,0.00,365.16,Pago
102448,2026-07-27 23:42:33,gabriel.nascimento@gmail.com,site,google,cpc,GOOGLE_SEARCH_GENERICO,,314.70,0.00,0.00,314.70,Cancelado
102449,2026-07-28 06:29:23,gustavo.zanotti1987@yahoo.com.br,site,instagram,influencer,INFLU_DUDA_BARISTA,BIA10,44.90,4.49,14.90,55.31,Pago
102450,2026-07-28 06:59:16,leticia.oliveira83@gmail.com,site,facebook,cpc,META_REMARKETING,BEMVINDO10,279.70,27.97,0.00,251.73,Pago
102451,2026-07-28 07:52:40,priscila.costa85@gmail.com,site,instagram,influencer,INFLU_CAFE_COM_BIA,,49.90,0.00,14.90,64.80,Pago
102452,2026-07-28 08:34:05,bruna.ribeiro41@icloud.com,site,instagram,social,bio_link,PRIMEIRACOMPRA ,142.60,21.39,14.90,136.11,Pago
102453,2026-07-28 08:53:47,mariana.silva@gmail.com,site,google,cpc,GOOGLE_SEARCH_MARCA,CAFE20,409.40,81.88,0.00,327.52,Pago
102454,2026-07-28 09:59:16,bruno.lima@gmail.com,site,google,shopping,GOOGLE_SHOPPING,,209.80,0.00,0.00,209.80,Pago
102455,2026-07-28 11:26:09,bruno.souza61@gmail.com,site,google,cpc,GOOGLE_SEARCH_GENERICO,,119.90,0.00,22.90,142.80,Pago
102456,2026-07-28 11:29:29,patricia.dallabernardina76@gmail.com,site,instagram,social,bio_link,,49.90,0.00,22.90,72.80,Pago
102457,2026-07-28 12:03:58,gabriela.rocha84@gmail.com,site,instagram,social,bio_link,FRETEGRATIS,109.80,0.00,0.00,109.80,Pago
102458,2026-07-28 12:04:25,felipe.ribeiro@gmail.com,site,email,newsletter,news_jul,,37.80,0.00,14.90,52.70,Pago
102459,2026-07-28 13:38:36,renata.pimentel209@gmail.com,site,instagram,influencer,INFLU_CAFE_COM_BIA, DUDA15,49.90,7.48,14.90,57.32,Cancelado
102460,2026-07-28 15:54:52,leticia.santos93@gmail.com,site,instagram,social,bio_link,,99.80,0.00,22.90,122.70,Pago
102461,2026-07-28 16:00:54,rafael.nascimento2000@gmail.com,site,google,cpc,google_search_generico,,179.80,0.00,0.00,179.80,Pago
102462,2026-07-28 17:54:55,julia.mercon1987@gmail.com,assinatura,,,,,69.90,6.99,0.00,62.91,Pago
102463,2026-07-28 18:30:08, fabio.carvalho18@gmail.com,site,email,newsletter,news_jul,,459.50,0.00,0.00,459.50,Pago
102464,2026-07-28 19:05:17,lucas.loureiro1982@gmail.com,site,,,,INDIQUE15,159.90,23.98,14.90,150.82,Pago
102465,2026-07-28 20:21:42,caio.araujo1990@gmail.com,site,,,,,164.60,0.00,0.00,164.60,Pago
102466,2026-07-28 22:35:02,patricia.araujo1987@hotmail.com,assinatura,,,,,69.90,6.99,0.00,62.91,Pago
102467,2026-07-29 06:00:38,maria.pimentel1993@yahoo.com.br,site,,,,,174.80,0.00,0.00,174.80,Pago
102468,2026-07-29 08:14:19,vinicius.souza66@gmail.com,site,instagram,cpc,META_REMARKETING,BEMVINDO10,238.70,23.87,0.00,214.83,Reembolsado
102469,2026-07-29 09:26:37,julia.carvalho43@gmail.com,site,ig,cpc,Meta_Prospeccao_Blends ,BEMVINDO10,89.80,8.98,31.50,112.32,Pago
102470,2026-07-29 11:17:08,rodrigo.araujo10@gmail.com,site,google,cpc,GOOGLE_SHOPPING,,89.90,0.00,27.90,117.80,Pago
102471,2026-07-29 12:04:30,LETICIA.COSTA80@GMAIL.COM,site,,,,,249.70,0.00,0.00,249.70,Pago
102472,2026-07-29 12:05:26,RAFAEL.ALMEIDA@GMAIL.COM,site,google,cpc,GOOGLE_SEARCH_MARCA,,309.70,0.00,0.00,309.70,Pago
102473,2026-07-29 13:38:29,gabriela.zanotti86@hotmail.com,site,,,,BIA10,104.80,10.48,14.90,109.22,Pago
102474,2026-07-29 13:43:47,thais.martins1996@gmail.com,site,instagram,social,bio_link,,199.70,0.00,0.00,199.70,Pago
102475,2026-07-29 14:50:53,camila.rocha@hotmail.com,site,google,cpc,GOOGLE_SEARCH_MARCA,CAFE20,119.90,23.98,22.90,118.82,Pago
102476,2026-07-29 14:57:17,fernanda.pimentel@gmail.com,site,,,,,119.90,0.00,14.90,134.80,Pago
102477,2026-07-29 17:04:16,patricia.silva@gmail.com,site,,,,,329.70,0.00,0.00,329.70,Aguardando pagamento
102478,2026-07-29 17:27:30,andre.almeida22@hotmail.com,site,facebook,cpc,META_PROSPECCAO_BLENDS,,79.90,0.00,14.90,94.80,Pago
102479,2026-07-29 21:07:43,priscila.dallabernardina@icloud.com,site,email,newsletter,news_jul,,37.80,0.00,27.90,65.70,Pago
102480,2026-07-29 21:52:43,priscila.lima@yahoo.com.br,site,,,,,54.90,0.00,14.90,69.80,Pago
102481,2026-07-30 06:05:00,maria.lima744@outlook.com,site,google,shopping,GOOGLE_SHOPPING,PRIMEIRACOMPRA,119.90,17.98,14.90,116.82,Pago
102482,2026-07-30 06:31:16, debora.costa1991@gmail.com,site,facebook,cpc,META_REMARKETING,,209.80,0.00,0.00,209.80,Pago
102483,2026-07-30 08:00:38,thais.costa1998@icloud.com,site,facebook,cpc,META_REMARKETING,,179.80,0.00,0.00,179.80,Pago
102484,2026-07-30 10:18:41,gabriela.ferreira@gmail.com,site,email,newsletter,news_jul,,219.50,0.00,0.00,219.50,Pago
102485,2026-07-30 10:48:43,CAMILA.COSTA1999@GMAIL.COM,site,google,cpc,google_search_generico,,229.70,0.00,0.00,229.70,Pago
102486,2026-07-30 12:42:33,mariana.mercon65@hotmail.com,site,google,cpc,GOOGLE_SEARCH_GENERICO,,194.80,0.00,0.00,194.80,Pago
102487,2026-07-30 12:54:47,renata.simoes10@gmail.com,site,instagram,social,bio_link,,49.90,0.00,22.90,72.80,Pago
102488,2026-07-30 13:41:14,eduardo.rodrigues56@gmail.com,assinatura,,,,,69.90,6.99,0.00,62.91,Cancelado
102489,2026-07-30 14:09:14,camila.nascimento@outlook.com,site,email,newsletter,news_jul,,664.40,0.00,0.00,664.40,Pago
102490,2026-07-30 17:18:05,leticia.moreira59@gmail.com,site,facebook,cpc,META_REMARKETING,,159.90,0.00,0.00,159.90,Pago
102491,2026-07-30 18:02:03,juliana.pereira@hotmail.com,site,facebook,cpc,META_PROSPECCAO_BLENDS, PRIMEIRACOMPRA,209.80,31.47,0.00,178.33,Pago
102492,2026-07-30 19:41:15,luiza.martins2005@gmail.com,site,google,cpc,GOOGLE_SEARCH_MARCA,,179.70,0.00,0.00,179.70,Pago
102493,2026-07-30 20:13:06,RODRIGO.SANTOS@GMAIL.COM,site,,,,CAFE20,243.60,48.72,0.00,194.88,Pago
102494,2026-07-30 20:34:49,leticia.silva@hotmail.com,site,,,,,69.90,0.00,27.90,97.80,Pago
102495,2026-07-30 20:52:31,eduardo.martins49@yahoo.com.br,assinatura,,,,,69.90,6.99,0.00,62.91,Pago
102496,2026-07-30 21:08:56, thais.gomes@hotmail.com,assinatura,,,,,69.90,6.99,0.00,62.91,Cancelado
102497,2026-07-30 22:10:06,juliana.souza2003@gmail.com,site,instagram,social,bio_link,,124.80,0.00,14.90,139.70,Pago
102498,2026-07-31 08:53:33,priscila.silva2005@yahoo.com.br,site,instagram,influencer,INFLU_DUDA_BARISTA,BIA10,419.70,41.97,0.00,377.73,Pago
102499,2026-07-31 09:53:14,bruna.moreira@outlook.com,assinatura,,,,,69.90,6.99,0.00,62.91,Pago
102500,2026-07-31 10:49:36,mariana.silva@hotmail.com,site,facebook,cpc,META_PROSPECCAO_BLENDS,PRIMEIRACOMPRA,99.80,14.97,14.90,99.73,Pago
102501,2026-07-31 13:23:20,renata.souza1993@gmail.com,site,instagram,social,bio_link,PRIMEIRACOMPRA,79.90,11.99,22.90,90.81,Aguardando pagamento
102502,2026-07-31 14:11:51, joao.simoes70@gmail.com,site,ig,cpc,Meta_Prospeccao_Blends ,BEMVINDO10,288.60,28.86,0.00,259.74,Cancelado
102503,2026-07-31 15:17:55,juliana.souza@gmail.com,site,facebook,cpc,META_PROSPECCAO_BLENDS,PRIMEIRACOMPRA,379.60,56.94,0.00,322.66,Pago
102504,2026-07-31 18:11:49,larissa.rodrigues2001@gmail.com,site,,,,,79.90,0.00,27.90,107.80,Pago
102505,2026-07-31 20:35:51,beatriz.barbosa@gmail.com,site,email,newsletter,news_jul,,479.70,0.00,0.00,479.70,Pago
102506,2026-07-31 21:02:29,felipe.simoes1989@icloud.com,site,,,,,18.90,0.00,14.90,33.80,Pago
102507,2026-07-31 21:45:31,debora.mercon@gmail.com,site,google,cpc,GOOGLE_SEARCH_MARCA,,88.80,0.00,14.90,103.70,Cancelado
102508,2026-07-31 22:55:56,carlos.rodrigues2000@icloud.com,assinatura,,,,,69.90,6.99,0.00,62.91,Pago
102509,2026-07-31 23:28:26,patricia.lima84@hotmail.com,site,google,cpc,google_search_generico,,74.70,0.00,14.90,89.60,Pago
102510,2026-07-31 23:53:01,fernanda.zanotti44@gmail.com,site,facebook,cpc,META_PROSPECCAO_BLENDS,PRIMEIRACOMPRA,99.80,14.97,14.90,99.73,Pago
102511,2026-08-01 06:01:37,fernanda.loureiro96@yahoo.com.br,assinatura,,,,,69.90,6.99,0.00,62.91,Pago
102512,2026-08-01 06:25:50,thais.rodrigues@hotmail.com,site,instagram,social,bio_link,,18.90,0.00,27.90,46.80,Pago
102513,2026-08-01 07:27:36,camila.mercon28@gmail.com,site,,,,,18.90,0.00,14.90,33.80,Pago
102514,2026-08-01 09:55:33,bruna.rodrigues1993@gmail.com,site,instagram,social,bio_link,,49.90,0.00,14.90,64.80,Pago
102515,2026-08-01 11:30:54,marcelo.rodrigues19@gmail.com,site,facebook,cpc,META_REMARKETING,,174.80,0.00,0.00,174.80,Pago
102516,2026-08-01 12:50:28, debora.lima1987@gmail.com,assinatura,,,,,69.90,6.99,0.00,62.91,Pago
102517,2026-08-01 13:06:15,bruno.almeida43@gmail.com,site,google,organic,,,89.90,0.00,31.50,121.40,Pago
102518,2026-08-01 13:56:56,diego.oliveira@gmail.com,site,google,cpc,GOOGLE_SEARCH_GENERICO,,139.80,0.00,27.90,167.70,Pago
102519,2026-08-01 15:39:15,carlos.zanotti@gmail.com,site,google,cpc,GOOGLE_SEARCH_MARCA,,324.50,0.00,0.00,324.50,Pago
102520,2026-08-01 16:21:06,pedro.pimentel@gmail.com,site,instagram,cpc,META_REMARKETING,,279.80,0.00,0.00,279.80,Pago
102521,2026-08-01 18:17:32,debora.rodrigues68@hotmail.com,site,google,cpc,GOOGLE_SEARCH_MARCA,,69.90,0.00,14.90,84.80,Aguardando pagamento
102522,2026-08-01 18:51:09,ana.simoes1994@icloud.com,assinatura,,,,,69.90,6.99,0.00,62.91,Pago
102523,2026-08-01 19:06:14,gabriela.martins2001@hotmail.com,site,google,cpc,GOOGLE_SEARCH_MARCA,PRIMEIRACOMPRA,44.90,6.73,14.90,53.07,Pago
102524,2026-08-01 21:52:11,camila.ferreira2000@yahoo.com.br,assinatura,,,,,69.90,6.99,0.00,62.91,Pago
102525,2026-08-01 23:31:03,carlos.carvalho2@outlook.com,assinatura,,,,,69.90,6.99,0.00,62.91,Pago
102526,2026-08-02 06:12:14,eduardo.rodrigues25@outlook.com,site,instagram,cpc,META_PROSPECCAO_BLENDS,BEMVINDO10,134.70,13.47,14.90,136.13,Pago
102527,2026-08-02 06:36:59,maria.ribeiro@gmail.com,site,google,cpc,google_search_generico,CAFE20,359.50,71.90,0.00,287.60,Pago
102528,2026-08-02 08:07:37,aline.costa1991@icloud.com,site,fb,paid,meta_prospeccao_blends,PRIMEIRACOMPRA,49.90,7.48,14.90,57.32,Pago
102529,2026-08-02 08:13:48,gabriela.loureiro294@gmail.com,site,instagram,influencer,INFLU_CAFE_COM_BIA,DUDA15,109.80,16.47,14.90,108.23,Pago
102530,2026-08-02 09:47:49,lucas.carvalho@hotmail.com,site,instagram,social,bio_link,,54.90,0.00,14.90,69.80,Pago
102531,2026-08-02 10:43:22,maria.pimentel2002@gmail.com,site,google,cpc,google_search_generico,,139.60,0.00,31.50,171.10,Aguardando pagamento
102532,2026-08-02 11:06:22,bruna.santos1991@gmail.com,site,google,cpc,google_search_generico,,174.80,0.00,0.00,174.80,Pago
102533,2026-08-02 14:06:59,andre.moreira1980@hotmail.com,site,google,cpc,GOOGLE_SEARCH_MARCA,,389.70,0.00,0.00,389.70,Pago
102534,2026-08-02 14:19:06,fernanda.nascimento1992@gmail.com,site,instagram,influencer,INFLU_DUDA_BARISTA,DUDA15,139.70,20.95,14.90,133.65,Pago
102535,2026-08-02 15:53:19,gabriel.lima@outlook.com,site,instagram,social,bio_link,,189.80,0.00,0.00,189.80,Pago
102536,2026-08-02 16:47:19,vinicius.pereira1986@gmail.com,site,instagram,social,bio_link,,294.60,0.00,0.00,294.60,Pago
102537,2026-08-02 16:54:07,GABRIELA.DALLABERNARDINA@GMAIL.COM,site,instagram,influencer,INFLU_DUDA_BARISTA,BIA10,44.90,4.49,14.90,55.31,Pago
102538,2026-08-02 18:01:12,aline.araujo846@gmail.com,site,,,,,209.80,0.00,0.00,209.80,Pago
102539,2026-08-02 18:20:53,RAFAEL.PEREIRA93@GMAIL.COM,site,google,cpc,GOOGLE_SEARCH_MARCA,,184.80,0.00,0.00,184.80,Pago
102540,2026-08-02 20:29:26,priscila.oliveira1991@yahoo.com.br,site,,,,,68.80,0.00,14.90,83.70,Pago
102541,2026-08-02 23:30:30,camila.rodrigues12@gmail.com,site,,,,,24.90,0.00,22.90,47.80,Pago
102542,2026-08-03 07:02:37,gabriela.barbosa2001@outlook.com,site,google,organic,,,146.60,0.00,14.90,161.50,Pago
102543,2026-08-03 11:47:13,patricia.ribeiro36@gmail.com,site,fb,paid,meta_prospeccao_blends,BEMVINDO10,174.80,17.48,0.00,157.32,Pago
102544,2026-08-03 13:52:20,maria.lima@gmail.com,site,,,,,183.70,0.00,0.00,183.70,Pago
102545,2026-08-03 14:14:40,gustavo.barbosa@gmail.com,site,facebook,cpc,META_REMARKETING,CAFE20,159.90,31.98,14.90,142.82,Pago
102546,2026-08-03 15:42:24,thiago.nascimento97@gmail.com,site,instagram,influencer,INFLU_DUDA_BARISTA,duda15,69.90,10.49,14.90,74.31,Pago
102547,2026-08-03 15:47:33, mateus.loureiro1991@gmail.com,site,fb,paid,meta_prospeccao_blends,primeiracompra,124.80,18.72,14.90,120.98,Pago
102548,2026-08-03 18:35:22,bruna.pereira@outlook.com,site,,,,,144.80,0.00,31.50,176.30,Pago
102549,2026-08-03 18:58:30,diego.carvalho1980@outlook.com,assinatura,,,,,69.90,6.99,0.00,62.91,Pago
102550,2026-08-03 20:30:41,DEBORA.LIMA2005@GMAIL.COM,site,,,,duda15,359.60,53.94,0.00,305.66,Pago
102551,2026-08-03 21:51:20,rodrigo.almeida1986@gmail.com,site,instagram,cpc,META_PROSPECCAO_BLENDS, PRIMEIRACOMPRA,177.70,26.65,0.00,151.05,Pago
102552,2026-08-03 22:26:04,fabio.ribeiro@gmail.com,assinatura,,,,,69.90,6.99,0.00,62.91,Pago
102553,2026-08-03 23:23:04,thiago.santos1994@hotmail.com,assinatura,,,,,69.90,6.99,0.00,62.91,Pago
102554,2026-08-04 06:13:31,julia.santos@hotmail.com,site,,,,,409.60,0.00,0.00,409.60,Pago
102555,2026-08-04 06:18:50, fabio.araujo1989@icloud.com,site,google,cpc,GOOGLE_SEARCH_MARCA,,119.90,0.00,14.90,134.80,Pago
102556,2026-08-04 06:51:06,fernanda.loureiro1998@gmail.com,site,google,cpc,GOOGLE_SHOPPING,,79.90,0.00,14.90,94.80,Pago
102557,2026-08-04 07:44:07,mateus.simoes1999@yahoo.com.br,site,ig,cpc,Meta_Prospeccao_Blends ,,139.90,0.00,14.90,154.80,Pago
102558,2026-08-04 08:04:32,mariana.mercon1997@yahoo.com.br,site,email,newsletter,news_aug,FRETEGRATIS,159.80,0.00,0.00,159.80,Pago
102559,2026-08-04 10:01:58,RAFAEL.OLIVEIRA2002@HOTMAIL.COM,site,,,,,379.60,0.00,0.00,379.60,Pago
102560,2026-08-04 10:02:16,larissa.araujo47@icloud.com,site,google,cpc,GOOGLE_SEARCH_MARCA,,319.70,0.00,0.00,319.70,Pago
102561,2026-08-04 11:38:41,patricia.rodrigues@gmail.com,site,,,,DUDA15,428.60,64.29,0.00,364.31,Pago
102562,2026-08-04 16:54:19,marcelo.rodrigues2006@gmail.com,site,instagram,social,bio_link,,159.90,0.00,0.00,159.90,Pago
102563,2026-08-04 17:05:37,gabriela.ferreira1992@hotmail.com,site,,,,,79.90,0.00,14.90,94.80,Pago
102564,2026-08-04 17:11:07,leonardo.rocha48@gmail.com,assinatura,,,,,69.90,6.99,0.00,62.91,Pago
102565,2026-08-04 18:11:47,marcelo.ribeiro@outlook.com,site,,,,,294.70,0.00,0.00,294.70,Cancelado
102566,2026-08-04 18:59:17,felipe.moreira87@gmail.com,site,instagram,social,bio_link,,318.60,0.00,0.00,318.60,Pago
102567,2026-08-04 19:48:09,rafael.ferreira64@outlook.com,site,,,,,89.90,0.00,14.90,104.80,Pago
102568,2026-08-04 21:22:43, juliana.loureiro1989@gmail.com,assinatura,,,,,69.90,6.99,0.00,62.91,Pago
102569,2026-08-04 21:39:20,pedro.pimentel552@gmail.com,site,,,,bia10,354.70,35.47,0.00,319.23,Pago
102570,2026-08-04 21:43:19,maria.costa13@gmail.com,site,,,,,44.90,0.00,14.90,59.80,Pago
102571,2026-08-04 22:04:29,MARIANA.RIBEIRO93@GMAIL.COM,site,google,cpc,google_search_generico,,338.70,0.00,0.00,338.70,Pago
102572,2026-08-04 23:18:18,maria.moreira67@yahoo.com.br,site,,,,,384.60,0.00,0.00,384.60,Pago
102573,2026-08-05 09:21:53,joao.zanotti1991@yahoo.com.br,assinatura,,,,,69.90,6.99,0.00,62.91,Pago
102574,2026-08-05 10:00:45,maria.ribeiro1995@gmail.com,site,google,cpc,google_search_generico,,54.90,0.00,14.90,69.80,Cancelado
102575,2026-08-05 10:03:07,bruna.araujo1994@gmail.com,site,instagram,influencer,INFLU_DUDA_BARISTA,DUDA15,24.90,3.73,14.90,36.07,Pago
102576,2026-08-05 10:48:28,renata.araujo@gmail.com,site,,,,,178.60,0.00,0.00,178.60,Pago
102577,2026-08-05 12:05:53,julia.souza88@gmail.com,site,facebook,cpc,META_PROSPECCAO_BLENDS,BEMVINDO10,139.90,13.99,14.90,140.81,Reembolsado
102578,2026-08-05 13:18:31,leticia.rodrigues@hotmail.com,site,instagram,influencer,INFLU_CAFE_COM_BIA,DUDA15,178.70,26.80,0.00,151.90,Pago
102579,2026-08-05 13:31:58,thais.nascimento1999@outlook.com,site,,,,,149.80,0.00,14.90,164.70,Pago
102580,2026-08-05 15:36:44,aline.zanotti@gmail.com,site,email,newsletter,news_aug,,189.60,0.00,0.00,189.60,Pago
102581,2026-08-05 16:00:27, diego.santos9@gmail.com,site,,,,,159.90,0.00,0.00,159.90,Pago
102582,2026-08-05 16:23:44,gabriela.almeida1985@icloud.com,assinatura,,,,,69.90,6.99,0.00,62.91,Aguardando pagamento
102583,2026-08-05 17:04:26,juliana.nascimento@gmail.com,site,,,,,319.70,0.00,0.00,319.70,Pago
102584,2026-08-05 17:27:21,rafael.araujo1984@icloud.com,site,facebook,cpc,META_PROSPECCAO_BLENDS, FRETEGRATIS,49.80,0.00,0.00,49.80,Pago
102585,2026-08-05 20:52:04,bruna.santos@hotmail.com,site,fb,paid,meta_prospeccao_blends,BEMVINDO10,649.50,64.95,0.00,584.55,Pago
102586,2026-08-05 22:14:00,thiago.loureiro@hotmail.com,site,email,newsletter,news_aug,,374.60,0.00,0.00,374.60,Pago
102587,2026-08-05 23:04:13,eduardo.ferreira@hotmail.com,site,facebook,cpc,META_PROSPECCAO_BLENDS,PRIMEIRACOMPRA,69.90,10.49,14.90,74.31,Pago
102588,2026-08-05 23:45:41,carolina.dallabernardina1988@yahoo.com.br,site,facebook,cpc,META_REMARKETING,,49.90,0.00,14.90,64.80,Pago
102589,2026-08-06 06:26:54,larissa.lima1988@hotmail.com,assinatura,,,,,69.90,6.99,0.00,62.91,Pago
102590,2026-08-06 08:03:55,beatriz.rodrigues1995@icloud.com,site,email,newsletter,news_aug,,119.90,0.00,14.90,134.80,Pago
102591,2026-08-06 08:53:01,beatriz.martins2001@gmail.com,site,,,,,249.70,0.00,0.00,249.70,Cancelado
102592,2026-08-06 09:12:27,gabriel.nascimento1987@gmail.com,site,google,cpc,google_search_generico,,239.70,0.00,0.00,239.70,Pago
102593,2026-08-06 10:38:36,MARIANA.ALMEIDA5@GMAIL.COM,site,google,cpc,GOOGLE_SEARCH_GENERICO,,179.80,0.00,0.00,179.80,Pago
102594,2026-08-06 12:18:32,vinicius.souza2@gmail.com,site,email,newsletter,news_aug,,98.80,0.00,14.90,113.70,Pago
102595,2026-08-06 12:46:09,DIEGO.PEREIRA@GMAIL.COM,site,email,newsletter,news_aug,,319.80,0.00,0.00,319.80,Pago
102596,2026-08-06 13:15:09,gabriel.silva92@hotmail.com,site,,,,,439.70,0.00,0.00,439.70,Pago
102597,2026-08-06 15:49:30,mateus.simoes1995@gmail.com,site,,,,,18.90,0.00,14.90,33.80,Pago
102598,2026-08-06 15:58:36, maria.loureiro2@gmail.com,assinatura,,,,,69.90,6.99,0.00,62.91,Pago
102599,2026-08-06 16:19:08,beatriz.loureiro@gmail.com,site,instagram,influencer,INFLU_CAFE_COM_BIA,BIA10,179.80,17.98,0.00,161.82,Pago
102600,2026-08-06 16:23:37,rodrigo.almeida1990@gmail.com,site,google,organic,,,298.60,0.00,0.00,298.60,Pago
102601,2026-08-06 16:28:56,marcelo.ribeiro22@gmail.com,site,facebook,cpc,META_REMARKETING,BEMVINDO10,194.70,19.47,0.00,175.23,Pago
102602,2026-08-06 17:06:17,fabio.dallabernardina@icloud.com,site,instagram,social,bio_link,,49.90,0.00,14.90,64.80,Pago
102603,2026-08-06 19:40:18,maria.dallabernardina1996@gmail.com,site,,,,,139.60,0.00,14.90,154.50,Pago
102604,2026-08-06 21:53:55,bruna.lima74@gmail.com,assinatura,,,,,69.90,6.99,0.00,62.91,Pago
102605,2026-08-06 23:32:42,thiago.costa1982@hotmail.com,site,email,newsletter,news_aug,,24.90,0.00,31.50,56.40,Pago
102606,2026-08-07 07:14:27,juliana.martins@hotmail.com,site,instagram,social,bio_link,,154.70,0.00,0.00,154.70,Pago
102607,2026-08-07 07:15:40,beatriz.souza@gmail.com,site,instagram,social,bio_link,CAFE20,143.70,28.74,27.90,142.86,Reembolsado
102608,2026-08-07 07:30:47,julia.carvalho45@outlook.com,site,google,cpc,google_search_generico,,94.80,0.00,14.90,109.70,Pago
102609,2026-08-07 10:17:55,fernanda.moreira@gmail.com,site,google,cpc,GOOGLE_SEARCH_MARCA,,159.80,0.00,0.00,159.80,Pago
102610,2026-08-07 10:35:11,renata.carvalho1981@gmail.com,site,instagram,cpc,META_REMARKETING,,94.80,0.00,14.90,109.70,Pago
102611,2026-08-07 11:31:54,bruno.nascimento1982@outlook.com,site,google,cpc,GOOGLE_SEARCH_MARCA,,49.90,0.00,31.50,81.40,Pago
102612,2026-08-07 13:54:45,pedro.pimentel405@hotmail.com,site,fb,paid,meta_prospeccao_blends,BEMVINDO10,154.70,15.47,14.90,154.13,Reembolsado
102613,2026-08-07 14:07:46,priscila.costa1991@gmail.com,site,ig,cpc,Meta_Prospeccao_Blends ,CAFE20,194.70,38.94,0.00,155.76,Pago
102614,2026-08-07 14:51:18,lucas.costa1997@gmail.com,site,google,cpc,GOOGLE_SEARCH_MARCA,,214.80,0.00,0.00,214.80,Pago
102615,2026-08-07 14:55:16,aline.rocha@gmail.com,site,instagram,social,bio_link,,244.70,0.00,0.00,244.70,Pago
102616,2026-08-07 15:17:49,gabriela.carvalho80@gmail.com,site,instagram,influencer,INFLU_DUDA_BARISTA, BIA10,18.90,1.89,14.90,31.91,Aguardando pagamento
102617,2026-08-07 15:20:06,mateus.costa1984@gmail.com,site,,,,,249.80,0.00,0.00,249.80,Pago
102618,2026-08-07 15:58:13,renata.costa2000@icloud.com,site,email,newsletter,news_aug,,56.70,0.00,27.90,84.60,Pago
102619,2026-08-07 18:59:34,fernanda.araujo23@outlook.com,site,instagram,influencer,INFLU_CAFE_COM_BIA,BIA10,299.60,29.96,0.00,269.64,Pago
102620,2026-08-07 20:45:27,debora.nascimento67@hotmail.com,site,,,,,69.90,0.00,14.90,84.80,Pago
102621,2026-08-07 20:46:48,carolina.oliveira@gmail.com,site,google,cpc,GOOGLE_SHOPPING,,404.60,0.00,0.00,404.60,Pago
102622,2026-08-07 22:33:00,fabio.oliveira@outlook.com,site,whatsapp,referral,indique_ganhe,,37.80,0.00,14.90,52.70,Pago
102623,2026-08-07 22:42:32,mariana.rodrigues19@gmail.com,site,instagram,cpc,META_REMARKETING,CAFE20,49.90,9.98,31.50,71.42,Pago
102624,2026-08-08 08:23:05,andre.ferreira47@gmail.com,site,google,cpc,GOOGLE_SEARCH_MARCA,,259.70,0.00,0.00,259.70,Reembolsado
102625,2026-08-08 10:14:00,aline.barbosa@hotmail.com,site,instagram,social,bio_link,,24.90,0.00,14.90,39.80,Pago
102626,2026-08-08 11:01:10,mariana.pereira@gmail.com,site,google,cpc,GOOGLE_SEARCH_MARCA,,79.90,0.00,14.90,94.80,Pago
102627,2026-08-08 11:07:01,diego.nascimento70@gmail.com,site,ig,cpc,Meta_Prospeccao_Blends ,BEMVINDO10,18.90,1.89,22.90,39.91,Pago
102628,2026-08-08 11:37:42,gustavo.zanotti@gmail.com,site,instagram,social,bio_link,,94.70,0.00,14.90,109.60,Aguardando pagamento
102629,2026-08-08 11:52:08,JULIA.NASCIMENTO31@HOTMAIL.COM,site,google,cpc,GOOGLE_SEARCH_MARCA,,99.80,0.00,27.90,127.70,Pago
102630,2026-08-08 12:09:54,camila.souza23@gmail.com,site,fb,paid,meta_prospeccao_blends,,189.80,0.00,0.00,189.80,Pago
102631,2026-08-08 12:30:44,renata.ribeiro296@icloud.com,site,instagram,social,bio_link,,99.80,0.00,14.90,114.70,Pago
102632,2026-08-08 12:49:03, camila.nascimento74@gmail.com,site,whatsapp,referral,indique_ganhe,,69.90,0.00,27.90,97.80,Pago
102633,2026-08-08 14:08:52,marcelo.pereira2006@gmail.com,site,google,cpc,GOOGLE_SEARCH_MARCA,,419.60,0.00,0.00,419.60,Pago
102634,2026-08-08 16:14:32,patricia.nascimento@gmail.com,site,email,newsletter,news_aug,,99.80,0.00,14.90,114.70,Pago
102635,2026-08-08 19:08:16,caio.gomes9@yahoo.com.br,site,facebook,cpc,META_PROSPECCAO_BLENDS,,239.70,0.00,0.00,239.70,Cancelado
102636,2026-08-08 21:02:39,diego.costa@gmail.com,site,instagram,social,bio_link,,79.90,0.00,22.90,102.80,Pago
102637,2026-08-09 06:57:16,patricia.pereira1992@gmail.com,site,,,,,49.90,0.00,14.90,64.80,Pago
102638,2026-08-09 07:45:30,pedro.costa1997@gmail.com,site,google,cpc,GOOGLE_SEARCH_MARCA,,88.80,0.00,14.90,103.70,Pago
102639,2026-08-09 07:57:06,priscila.rocha@gmail.com,site,instagram,cpc,META_PROSPECCAO_BLENDS,PRIMEIRACOMPRA,202.60,30.39,0.00,172.21,Pago
102640,2026-08-09 08:25:40,patricia.santos1998@yahoo.com.br,site,google,cpc,GOOGLE_SHOPPING,,274.70,0.00,0.00,274.70,Pago
102641,2026-08-09 08:58:50,VINICIUS.PIMENTEL@OUTLOOK.COM,site,google,cpc,GOOGLE_SEARCH_MARCA,,169.80,0.00,0.00,169.80,Pago
102642,2026-08-09 09:21:34,renata.pimentel2006@gmail.com,assinatura,,,,,69.90,6.99,0.00,62.91,Pago
102643,2026-08-09 09:25:39,BRUNO.FERREIRA1994@GMAIL.COM,site,google,cpc,GOOGLE_SEARCH_MARCA,,124.80,0.00,14.90,139.70,Pago
102644,2026-08-09 09:35:18,bruna.oliveira63@gmail.com,site,ig,cpc,Meta_Prospeccao_Blends ,CAFE20,329.70,65.94,0.00,263.76,Pago
102645,2026-08-09 10:54:55,caio.pimentel2000@gmail.com,site,google,cpc,google_search_generico,,89.90,0.00,14.90,104.80,Pago
102646,2026-08-09 11:22:23,debora.dallabernardina36@gmail.com,site,google,cpc,GOOGLE_SEARCH_GENERICO,,259.70,0.00,0.00,259.70,Pago
102647,2026-08-09 13:55:59,luiza.dallabernardina2004@gmail.com,site,instagram,cpc,META_REMARKETING,BEMVINDO10,139.80,13.98,14.90,140.72,Pago
102648,2026-08-09 14:07:27,bruna.mercon1989@yahoo.com.br,site,ig,cpc,Meta_Prospeccao_Blends ,,49.90,0.00,22.90,72.80,Pago
102649,2026-08-09 15:23:29,carlos.barbosa1999@gmail.com,site,email,newsletter,news_aug,CAFE20,477.50,95.50,0.00,382.00,Pago
102650,2026-08-09 19:29:54,maria.loureiro1987@gmail.com,site,email,newsletter,news_aug,,49.90,0.00,14.90,64.80,Pago
102651,2026-08-09 22:45:31,marcelo.simoes@hotmail.com,site,instagram,cpc,META_PROSPECCAO_BLENDS,PRIMEIRACOMPRA,49.80,7.47,14.90,57.23,Pago
102652,2026-08-10 06:02:18,mateus.carvalho95@gmail.com,assinatura,,,,,69.90,6.99,0.00,62.91,Pago
102653,2026-08-10 06:07:12,bruno.moreira1998@outlook.com,site,email,newsletter,news_aug,FRETEGRATIS,264.70,0.00,0.00,264.70,Pago
102654,2026-08-10 06:54:51,joao.martins168@gmail.com,site,google,cpc,GOOGLE_SEARCH_MARCA,,204.80,0.00,0.00,204.80,Pago
102655,2026-08-10 07:13:24,rafael.pimentel1995@gmail.com,assinatura,,,,,69.90,6.99,0.00,62.91,Pago
102656,2026-08-10 07:30:05,aline.ribeiro1981@gmail.com,site,google,cpc,GOOGLE_SEARCH_MARCA,,89.90,0.00,14.90,104.80,Pago
102657,2026-08-10 08:11:10,ana.ferreira@gmail.com,site,google,cpc,GOOGLE_SEARCH_MARCA,,119.90,0.00,14.90,134.80,Pago
102658,2026-08-10 08:45:01,mariana.martins299@gmail.com,site,google,cpc,GOOGLE_SEARCH_MARCA,CAFE20 ,49.90,9.98,14.90,54.82,Pago
102659,2026-08-10 10:32:56,mateus.souza2005@icloud.com,site,facebook,cpc,META_PROSPECCAO_BLENDS,BEMVINDO10,279.60,27.96,0.00,251.64,Pago
102660,2026-08-10 10:56:56,aline.araujo@hotmail.com,assinatura,,,,,69.90,6.99,0.00,62.91,Pago
102661,2026-08-10 11:45:30,caio.oliveira8@hotmail.com,site,instagram,cpc,META_REMARKETING,,139.90,0.00,14.90,154.80,Pago
102662,2026-08-10 12:11:19,gabriel.lima@gmail.com,site,google,cpc,GOOGLE_SEARCH_MARCA,,204.70,0.00,0.00,204.70,Pago
102663,2026-08-10 13:34:07,gustavo.almeida@gmail.com,site,facebook,cpc,META_REMARKETING,,229.80,0.00,0.00,229.80,Pago
102664,2026-08-10 15:18:47,patricia.ferreira2002@icloud.com,site,instagram,influencer,INFLU_DUDA_BARISTA,DUDA15,279.80,41.97,0.00,237.83,Pago
102665,2026-08-10 16:40:23,carlos.mercon@gmail.com,assinatura,,,,,69.90,6.99,0.00,62.91,Pago
102666,2026-08-10 17:41:49,maria.rocha2001@hotmail.com,site,,,,,149.70,0.00,14.90,164.60,Pago
102667,2026-08-10 19:46:11,larissa.souza@gmail.com,site,,,,,49.80,0.00,14.90,64.70,Pago
102668,2026-08-10 19:47:00, julia.lima2003@gmail.com,site,instagram,influencer,INFLU_CAFE_COM_BIA,BIA10,69.80,6.98,14.90,77.72,Pago
102669,2026-08-10 19:49:20,leticia.nascimento1998@yahoo.com.br,site,,,,,49.90,0.00,14.90,64.80,Pago
102670,2026-08-10 20:00:50,patricia.barbosa@gmail.com,site,,,,,154.70,0.00,0.00,154.70,Pago
102671,2026-08-10 22:39:24,GABRIEL.SIMOES@HOTMAIL.COM,site,google,cpc,GOOGLE_SEARCH_MARCA,CAFE20,259.70,51.94,0.00,207.76,Pago
102672,2026-08-10 22:56:51,andre.costa@gmail.com,site,,,,,108.80,0.00,31.50,140.30,Pago
102673,2026-08-10 23:28:40,aline.santos90@gmail.com,site,instagram,influencer,INFLU_CAFE_COM_BIA,BIA10,304.60,30.46,0.00,274.14,Pago
102674,2026-08-10 23:43:42,thais.mercon1987@icloud.com,site,google,cpc,GOOGLE_SEARCH_MARCA,,18.90,0.00,14.90,33.80,Pago
102675,2026-08-10 23:55:10,larissa.pimentel@hotmail.com,site,google,cpc,GOOGLE_SEARCH_MARCA,,209.80,0.00,0.00,209.80,Pago
102676,2026-08-11 06:31:28,rafael.oliveira1992@icloud.com,site,instagram,social,bio_link,,139.70,0.00,14.90,154.60,Pago
102677,2026-08-11 07:13:27,pedro.souza1992@icloud.com,site,instagram,cpc,META_REMARKETING,,174.60,0.00,0.00,174.60,Pago
102678,2026-08-11 07:15:58,thais.mercon@gmail.com,site,fb,paid,meta_prospeccao_blends,,89.90,0.00,14.90,104.80,Reembolsado
102679,2026-08-11 12:13:40,patricia.barbosa@icloud.com,site,,,,,149.80,0.00,22.90,172.70,Pago
102680,2026-08-11 13:04:53,luiza.ribeiro1997@gmail.com,site,,,,,88.80,0.00,27.90,116.70,Pago
102681,2026-08-11 13:23:26,carlos.ferreira@icloud.com,site,,,,,199.80,0.00,0.00,199.80,Pago
102682,2026-08-11 13:30:49,fabio.rodrigues8@yahoo.com.br,site,email,newsletter,news_aug,,74.80,0.00,14.90,89.70,Pago
102682,2026-08-11 13:30:49,fabio.rodrigues8@yahoo.com.br,site,email,newsletter,news_aug,,74.80,0.00,14.90,89.70,Pago
102683,2026-08-11 15:56:44,maria.souza23@gmail.com,assinatura,,,,,69.90,6.99,0.00,62.91,Pago
102684,2026-08-11 16:12:20,larissa.barbosa1996@gmail.com,site,facebook,cpc,META_REMARKETING,,49.90,0.00,27.90,77.80,Pago
102685,2026-08-11 16:16:25,gabriela.carvalho66@gmail.com,site,instagram,social,bio_link,,358.50,0.00,0.00,358.50,Pago
102686,2026-08-11 17:55:25,juliana.nascimento31@gmail.com,site,,,,,204.80,0.00,0.00,204.80,Pago
102687,2026-08-11 22:19:26,debora.nascimento9@gmail.com,site,email,newsletter,news_aug,,49.90,0.00,14.90,64.80,Pago
102688,2026-08-12 06:57:48,FERNANDA.SIMOES2004@ICLOUD.COM,site,,,,,189.80,0.00,0.00,189.80,Pago
102689,2026-08-12 07:21:00,caio.moreira25@gmail.com,site,email,newsletter,news_aug,,257.60,0.00,0.00,257.60,Pago
102690,2026-08-12 09:16:51,bruno.santos32@gmail.com,site,instagram,cpc,META_REMARKETING,,99.80,0.00,14.90,114.70,Pago
102691,2026-08-12 10:54:05,leonardo.araujo44@hotmail.com,site,,,,DUDA15,248.60,37.29,0.00,211.31,Pago
102692,2026-08-12 14:33:11,JOAO.PEREIRA95@ICLOUD.COM,site,instagram,social,bio_link,,139.90,0.00,27.90,167.80,Pago
102693,2026-08-12 15:23:28,CARLOS.GOMES18@HOTMAIL.COM,assinatura,,,,,69.90,6.99,0.00,62.91,Pago
102694,2026-08-12 15:46:47,luiza.ribeiro52@hotmail.com,site,google,organic,,,259.60,0.00,0.00,259.60,Reembolsado
102695,2026-08-12 22:39:41,debora.zanotti1991@hotmail.com,site,google,cpc,GOOGLE_SEARCH_MARCA,,138.80,0.00,14.90,153.70,Pago
102696,2026-08-13 06:01:37,gabriela.souza1989@icloud.com,site,,,,DUDA15,69.90,10.49,14.90,74.31,Pago
102697,2026-08-13 06:33:01,bruna.mercon89@gmail.com,site,instagram,cpc,META_REMARKETING,,268.70,0.00,0.00,268.70,Pago
102698,2026-08-13 06:34:32,juliana.pimentel26@gmail.com,site,instagram,social,bio_link,,148.70,0.00,14.90,163.60,Pago
102699,2026-08-13 07:08:25,marcelo.rocha79@gmail.com,site,instagram,cpc,META_PROSPECCAO_BLENDS,,104.80,0.00,14.90,119.70,Pago
102700,2026-08-13 07:16:17,juliana.silva16@gmail.com,site,instagram,social,bio_link,,359.50,0.00,0.00,359.50,Pago
102701,2026-08-13 07:45:25,carlos.barbosa@yahoo.com.br,site,google,cpc,GOOGLE_SEARCH_MARCA,,374.60,0.00,0.00,374.60,Pago
102702,2026-08-13 09:06:41,beatriz.souza1996@gmail.com,site,,,,,18.90,0.00,14.90,33.80,Pago
102703,2026-08-13 09:42:18, joao.mercon31@hotmail.com,site,google,cpc,google_search_generico,CAFE20,228.70,45.74,0.00,182.96,Pago
102704,2026-08-13 10:17:24,bruna.simoes@outlook.com,site,google,cpc,GOOGLE_SEARCH_MARCA,,44.90,0.00,14.90,59.80,Pago
102705,2026-08-13 11:02:35,eduardo.rocha1995@gmail.com,site,facebook,cpc,META_PROSPECCAO_BLENDS,PRIMEIRACOMPRA,99.80,14.97,27.90,112.73,Pago
102706,2026-08-13 11:52:46,vinicius.santos2004@hotmail.com,site,,,,,109.80,0.00,14.90,124.70,Pago
102707,2026-08-13 12:21:28,bruno.barbosa99@gmail.com,site,,,,,419.70,0.00,0.00,419.70,Pago
102708,2026-08-13 13:13:06,luiza.rodrigues605@gmail.com,site,instagram,cpc,META_REMARKETING,PRIMEIRACOMPRA,79.90,11.99,14.90,82.81,Pago
102709,2026-08-13 14:52:36,larissa.zanotti14@gmail.com,site,ig,cpc,Meta_Prospeccao_Blends ,PRIMEIRACOMPRA,49.90,7.48,14.90,57.32,Pago
102710,2026-08-13 15:57:26,maria.loureiro41@outlook.com,site,instagram,social,bio_link,,327.40,0.00,0.00,327.40,Pago
102711,2026-08-13 18:20:36,aline.zanotti1998@gmail.com,site,instagram,social,bio_link,,339.70,0.00,0.00,339.70,Pago
102712,2026-08-13 21:52:02,patricia.costa26@hotmail.com,site,google,cpc,GOOGLE_SHOPPING,,119.90,0.00,14.90,134.80,Pago
102713,2026-08-13 22:13:19,luiza.pereira@gmail.com,site,google,shopping,GOOGLE_SHOPPING,,18.90,0.00,14.90,33.80,Cancelado
102714,2026-08-13 23:16:33,thais.carvalho@gmail.com,site,,,,,329.70,0.00,0.00,329.70,Pago
102715,2026-08-14 06:34:32,mariana.barbosa@outlook.com,site,google,cpc,GOOGLE_SEARCH_MARCA,,119.90,0.00,22.90,142.80,Pago
102716,2026-08-14 07:05:09,ANDRE.LOUREIRO1984@GMAIL.COM,site,google,cpc,GOOGLE_SEARCH_MARCA,,159.90,0.00,0.00,159.90,Pago
102717,2026-08-14 08:42:45, mariana.ferreira@hotmail.com,site,,,,,54.90,0.00,27.90,82.80,Pago
102718,2026-08-14 11:30:04,mariana.pimentel1989@gmail.com,site,facebook,cpc,META_PROSPECCAO_BLENDS,,24.90,0.00,14.90,39.80,Pago
102719,2026-08-14 11:45:18,leonardo.gomes1984@gmail.com,site,,,, BIA10,159.90,15.99,14.90,158.81,Pago
102720,2026-08-14 12:06:36,camila.silva71@hotmail.com,assinatura,,,,,69.90,6.99,0.00,62.91,Pago
102721,2026-08-14 13:22:09,juliana.moreira3@yahoo.com.br,site,google,cpc,google_search_generico,CAFE20,49.90,9.98,14.90,54.82,Cancelado
102722,2026-08-14 14:58:39,thais.gomes@gmail.com,site,instagram,cpc,META_PROSPECCAO_BLENDS,CAFE20,279.80,55.96,0.00,223.84,Pago
102723,2026-08-14 15:09:28,mariana.almeida5@gmail.com,assinatura,,,,,69.90,6.99,0.00,62.91,Pago
102724,2026-08-14 15:32:36,vinicius.zanotti33@gmail.com,site,google,cpc,GOOGLE_SEARCH_MARCA,,254.70,0.00,0.00,254.70,Pago
102725,2026-08-14 17:03:11,fabio.rocha1992@hotmail.com,site,google,shopping,GOOGLE_SHOPPING,CAFE20,379.70,75.94,0.00,303.76,Pago
102726,2026-08-14 17:48:31,julia.santos1997@gmail.com,site,,,,,109.80,0.00,14.90,124.70,Pago
102727,2026-08-14 18:51:16,gustavo.pimentel84@yahoo.com.br,site,google,cpc,GOOGLE_SEARCH_MARCA,,134.70,0.00,14.90,149.60,Pago
102728,2026-08-14 19:46:45,patricia.zanotti79@gmail.com,site,,,,,44.90,0.00,31.50,76.40,Pago
102729,2026-08-14 20:06:21,larissa.ribeiro89@outlook.com,site,facebook,cpc,META_PROSPECCAO_BLENDS,PRIMEIRACOMPRA,289.70,43.45,0.00,246.25,Pago
102730,2026-08-14 20:53:22,mateus.ribeiro64@outlook.com,site,instagram,influencer,INFLU_CAFE_COM_BIA,DUDA15,44.90,6.73,14.90,53.07,Pago
102731,2026-08-14 22:10:18,bruna.barbosa1987@outlook.com,site,fb,paid,meta_prospeccao_blends,,239.70,0.00,0.00,239.70,Pago
102732,2026-08-14 23:14:55,rafael.nascimento@gmail.com,site,instagram,social,bio_link,,54.90,0.00,14.90,69.80,Pago
102733,2026-08-14 23:28:03,CAIO.SOUZA@GMAIL.COM,site,,,,,44.90,0.00,14.90,59.80,Pago
102734,2026-08-15 06:25:20,aline.araujo1983@outlook.com,site,whatsapp,referral,indique_ganhe,INDIQUE15 ,239.80,35.97,0.00,203.83,Pago
102735,2026-08-15 07:46:50,maria.costa@outlook.com,site,google,cpc,GOOGLE_SEARCH_MARCA,,24.90,0.00,22.90,47.80,Pago
102736,2026-08-15 07:47:59,thiago.loureiro75@icloud.com,site,,,,,189.70,0.00,0.00,189.70,Pago
102737,2026-08-15 07:58:05,thiago.souza98@gmail.com,site,google,cpc,GOOGLE_SEARCH_GENERICO,,49.90,0.00,14.90,64.80,Pago
102738,2026-08-15 08:16:08,beatriz.barbosa96@gmail.com,site,ig,cpc,Meta_Prospeccao_Blends ,PRIMEIRACOMPRA ,209.80,31.47,0.00,178.33,Pago
102739,2026-08-15 09:21:04,thais.silva32@yahoo.com.br,site,google,cpc,GOOGLE_SEARCH_MARCA,,239.80,0.00,0.00,239.80,Pago
102740,2026-08-15 12:40:08,carlos.barbosa66@gmail.com,site,instagram,social,bio_link,,189.70,0.00,0.00,189.70,Cancelado
102741,2026-08-15 12:42:06,carlos.rodrigues@hotmail.com,site,google,cpc,GOOGLE_SEARCH_MARCA,,169.70,0.00,0.00,169.70,Pago
102742,2026-08-15 14:06:35,camila.silva1993@gmail.com,site,email,newsletter,news_aug,,159.90,0.00,0.00,159.90,Pago
102743,2026-08-15 16:52:20,EDUARDO.FERREIRA1982@GMAIL.COM,site,instagram,social,bio_link,,49.80,0.00,31.50,81.30,Pago
102744,2026-08-15 17:27:00,debora.almeida1981@outlook.com,site,google,cpc,GOOGLE_SHOPPING,,614.20,0.00,0.00,614.20,Pago
102745,2026-08-15 17:29:03,lucas.gomes@hotmail.com,site,instagram,social,bio_link,,69.90,0.00,14.90,84.80,Pago
102746,2026-08-15 22:25:15,maria.almeida2006@gmail.com,site,instagram,influencer,INFLU_DUDA_BARISTA, DUDA15,159.90,23.98,14.90,150.82,Pago
102747,2026-08-15 22:38:48,rodrigo.souza9@gmail.com,site,instagram,social,bio_link,,49.90,0.00,14.90,64.80,Pago
102748,2026-08-15 23:05:43,RAFAEL.DALLABERNARDINA531@GMAIL.COM,site,instagram,social,bio_link,,54.90,0.00,14.90,69.80,Pago
102749,2026-08-15 23:38:46,andre.barbosa274@gmail.com,site,email,newsletter,news_aug,,119.90,0.00,31.50,151.40,Pago
102750,2026-08-15 23:59:12,caio.simoes@gmail.com,site,,,,,79.90,0.00,22.90,102.80,Pago
102751,2026-08-16 07:10:49,maria.carvalho1984@hotmail.com,site,,,,,138.80,0.00,14.90,153.70,Pago
102752,2026-08-16 07:33:04,rafael.costa@hotmail.com,site,google,cpc,GOOGLE_SEARCH_MARCA,,279.80,0.00,0.00,279.80,Pago
102753,2026-08-16 07:42:19,joao.almeida@outlook.com,site,google,cpc,GOOGLE_SEARCH_MARCA,,213.50,0.00,0.00,213.50,Pago
102754,2026-08-16 07:51:18,renata.araujo2000@outlook.com,assinatura,,,,,69.90,6.99,0.00,62.91,Pago
102755,2026-08-16 09:32:12,RAFAEL.MARTINS1989@GMAIL.COM,site,google,cpc,GOOGLE_SEARCH_MARCA,,24.90,0.00,14.90,39.80,Pago
102756,2026-08-16 09:51:38,pedro.simoes@icloud.com,site,instagram,influencer,INFLU_DUDA_BARISTA, DUDA15,268.70,40.30,0.00,228.40,Pago
102757,2026-08-16 11:05:10,maria.barbosa16@gmail.com,site,,,,BIA10,339.60,33.96,0.00,305.64,Aguardando pagamento
102758,2026-08-16 11:13:38,debora.almeida43@gmail.com,site,google,cpc,GOOGLE_SEARCH_MARCA,,69.90,0.00,14.90,84.80,Cancelado
102759,2026-08-16 12:46:52,vinicius.ferreira935@outlook.com,site,email,newsletter,news_aug,,248.70,0.00,0.00,248.70,Pago
102760,2026-08-16 13:46:46, patricia.souza@hotmail.com,site,google,cpc,GOOGLE_SEARCH_GENERICO,BEMVINDO10,259.80,25.98,0.00,233.82,Pago
102761,2026-08-16 16:34:46,carolina.gomes1998@gmail.com,site,google,organic,,,149.70,0.00,27.90,177.60,Pago
102762,2026-08-16 16:36:03,marcelo.carvalho64@gmail.com,site,,,,,18.90,0.00,14.90,33.80,Pago
102763,2026-08-16 17:11:59,aline.ferreira57@gmail.com,site,google,cpc,GOOGLE_SEARCH_MARCA,,18.90,0.00,27.90,46.80,Pago
102764,2026-08-16 17:35:19,rafael.araujo@hotmail.com,site,,,,CAFE20,124.80,24.96,14.90,114.74,Pago
102765,2026-08-16 18:55:12,vinicius.carvalho1991@outlook.com,site,google,cpc,GOOGLE_SHOPPING,,184.80,0.00,0.00,184.80,Pago
102766,2026-08-16 18:57:45,carlos.moreira@gmail.com,site,instagram,cpc,META_PROSPECCAO_BLENDS,CAFE20,159.90,31.98,14.90,142.82,Pago
102767,2026-08-16 20:24:54,thais.santos2002@gmail.com,assinatura,,,,,69.90,6.99,0.00,62.91,Pago
102768,2026-08-16 22:53:02,andre.nascimento656@gmail.com,site,instagram,influencer,INFLU_DUDA_BARISTA, DUDA15,214.80,32.22,0.00,182.58,Pago
102769,2026-08-17 07:36:30,gabriel.dallabernardina87@icloud.com,site,google,cpc,GOOGLE_SEARCH_MARCA,,69.80,0.00,14.90,84.70,Pago
102770,2026-08-17 08:26:06,rodrigo.barbosa@gmail.com,site,email,newsletter,news_aug,,49.90,0.00,14.90,64.80,Pago
102771,2026-08-17 08:49:15,priscila.rodrigues@gmail.com,site,,,,DUDA15,209.80,31.47,0.00,178.33,Pago
102772,2026-08-17 10:01:25, larissa.araujo1999@gmail.com,site,instagram,social,bio_link,,264.60,0.00,0.00,264.60,Pago
102773,2026-08-17 10:41:53,gabriela.nascimento2002@outlook.com,site,fb,paid,meta_prospeccao_blends,BEMVINDO10,214.80,21.48,0.00,193.32,Pago
102774,2026-08-17 11:09:44,camila.lima1996@gmail.com,site,email,newsletter,news_aug,,232.50,0.00,0.00,232.50,Pago
102775,2026-08-17 11:47:17,carlos.dallabernardina@outlook.com,site,google,cpc,google_search_generico,,159.90,0.00,0.00,159.90,Pago
102776,2026-08-17 12:05:38,bruna.santos76@gmail.com,site,,,,,79.90,0.00,27.90,107.80,Pago
102777,2026-08-17 12:07:09,ANA.MOREIRA58@GMAIL.COM,site,google,cpc,google_search_generico,,164.80,0.00,0.00,164.80,Pago
102778,2026-08-17 12:12:20,PATRICIA.MERCON691@GMAIL.COM,site,email,newsletter,news_aug,,99.80,0.00,14.90,114.70,Pago
102779,2026-08-17 12:14:41,renata.gomes34@yahoo.com.br,site,instagram,cpc,META_REMARKETING,,73.80,0.00,14.90,88.70,Pago
102780,2026-08-17 13:53:53,rodrigo.pereira@gmail.com,site,facebook,cpc,META_REMARKETING,,214.80,0.00,0.00,214.80,Pago
102781,2026-08-17 14:56:44,patricia.almeida2005@gmail.com,site,fb,paid,meta_prospeccao_blends,PRIMEIRACOMPRA ,268.60,40.29,0.00,228.31,Pago
102782,2026-08-17 15:07:12,aline.silva37@gmail.com,site,instagram,influencer,INFLU_CAFE_COM_BIA,DUDA15,164.70,24.70,14.90,154.90,Pago
102783,2026-08-17 15:11:16,juliana.zanotti@outlook.com,site,instagram,influencer,INFLU_CAFE_COM_BIA,DUDA15,44.90,6.73,14.90,53.07,Cancelado
102784,2026-08-17 15:30:14,debora.ribeiro@outlook.com,site,,,,,514.50,0.00,0.00,514.50,Pago
102785,2026-08-17 18:05:23,beatriz.lima33@gmail.com,site,instagram,social,bio_link,,209.70,0.00,0.00,209.70,Pago
102786,2026-08-17 18:58:03,maria.simoes@icloud.com,site,instagram,social,bio_link,,99.80,0.00,14.90,114.70,Pago
102787,2026-08-17 19:11:36,rafael.silva42@gmail.com,site,ig,cpc,Meta_Prospeccao_Blends ,BEMVINDO10,174.80,17.48,0.00,157.32,Pago
102788,2026-08-17 21:26:02,leticia.moreira23@icloud.com,assinatura,,,,,69.90,6.99,0.00,62.91,Pago
102789,2026-08-17 22:26:19,RODRIGO.SIMOES@GMAIL.COM,site,ig,cpc,Meta_Prospeccao_Blends , BEMVINDO10,119.80,11.98,14.90,122.72,Pago
102790,2026-08-18 06:27:46,eduardo.ferreira1986@gmail.com,site,instagram,influencer,INFLU_CAFE_COM_BIA,BIA10,94.80,9.48,14.90,100.22,Pago
102791,2026-08-18 06:42:06,rafael.simoes64@yahoo.com.br,site,google,cpc,GOOGLE_SEARCH_MARCA,CAFE20,324.70,64.94,0.00,259.76,Pago
102792,2026-08-18 07:23:01, beatriz.carvalho@gmail.com,site,,,,,119.80,0.00,27.90,147.70,Pago
102793,2026-08-18 08:35:41,camila.costa@hotmail.com,site,instagram,influencer,INFLU_CAFE_COM_BIA,BIA10,54.90,5.49,14.90,64.31,Pago
102794,2026-08-18 12:51:15,diego.ribeiro30@gmail.com,site,google,cpc,GOOGLE_SEARCH_MARCA,,149.70,0.00,14.90,164.60,Pago
102795,2026-08-18 13:11:31, bruno.souza85@gmail.com,site,,,,,164.60,0.00,0.00,164.60,Pago
102796,2026-08-18 13:28:15,leticia.oliveira60@gmail.com,site,,,,,49.90,0.00,14.90,64.80,Pago
102797,2026-08-18 14:15:19,caio.souza2000@gmail.com,site,google,cpc,GOOGLE_SEARCH_MARCA,,294.60,0.00,0.00,294.60,Aguardando pagamento
102798,2026-08-18 15:07:27,FERNANDA.COSTA2004@GMAIL.COM,site,google,cpc,GOOGLE_SEARCH_MARCA,,424.50,0.00,0.00,424.50,Pago
102799,2026-08-18 16:14:32, debora.pimentel2006@gmail.com,site,instagram,social,bio_link,,139.70,0.00,14.90,154.60,Pago
102800,2026-08-18 17:21:13,ALINE.CARVALHO@HOTMAIL.COM,site,google,shopping,GOOGLE_SHOPPING,,89.90,0.00,14.90,104.80,Pago
102801,2026-08-18 17:38:45,gabriel.santos1986@gmail.com,site,email,newsletter,news_aug,,94.80,0.00,14.90,109.70,Pago
102802,2026-08-18 19:06:26,fabio.ribeiro@hotmail.com,site,,,,,159.80,0.00,0.00,159.80,Pago
102803,2026-08-18 19:13:47, vinicius.gomes1985@hotmail.com,site,facebook,cpc,META_PROSPECCAO_BLENDS,CAFE20,89.80,17.96,31.50,103.34,Pago
102804,2026-08-18 19:18:58,leticia.lima21@gmail.com,site,,,,BIA10,169.80,16.98,0.00,152.82,Pago
102805,2026-08-18 19:31:40,mariana.lima@gmail.com,site,instagram,social,bio_link,,319.80,0.00,0.00,319.80,Pago
102806,2026-08-18 19:58:56,gabriela.rodrigues@yahoo.com.br,site,fb,paid,meta_prospeccao_blends,,158.80,0.00,0.00,158.80,Pago
102807,2026-08-18 20:43:33,diego.pimentel80@gmail.com,site,,,,BIA10,459.40,45.94,0.00,413.46,Pago
102808,2026-08-18 20:59:24,gabriel.oliveira1980@outlook.com,site,google,organic,,,317.60,0.00,0.00,317.60,Pago
102809,2026-08-18 22:40:47,julia.almeida1990@gmail.com,site,ig,cpc,Meta_Prospeccao_Blends ,,49.90,0.00,14.90,64.80,Pago
102810,2026-08-19 06:09:12,felipe.gomes40@gmail.com,site,,,,,138.80,0.00,14.90,153.70,Pago
102811,2026-08-19 07:02:16, diego.oliveira44@gmail.com,site,,,,BIA10,204.80,20.48,0.00,184.32,Pago
102812,2026-08-19 08:06:44,maria.oliveira1999@hotmail.com,site,instagram,social,bio_link,,109.80,0.00,31.50,141.30,Pago
102813,2026-08-19 11:27:04,bruna.costa@gmail.com,site,google,cpc,GOOGLE_SEARCH_MARCA,,118.70,0.00,14.90,133.60,Pago
102814,2026-08-19 13:12:41,leticia.mercon@hotmail.com,site,instagram,social,bio_link,,149.80,0.00,14.90,164.70,Pago
102815,2026-08-19 16:18:54,rafael.silva1994@icloud.com,site,email,newsletter,news_aug,,98.80,0.00,14.90,113.70,Pago
102816,2026-08-19 16:36:08,thiago.nascimento@gmail.com,site,instagram,influencer,INFLU_DUDA_BARISTA,DUDA15,159.90,23.98,22.90,158.82,Aguardando pagamento
102817,2026-08-19 16:50:42,eduardo.moreira88@gmail.com,site,facebook,cpc,META_PROSPECCAO_BLENDS,CAFE20,109.80,21.96,14.90,102.74,Pago
102818,2026-08-19 17:29:04,luiza.rocha@outlook.com,site,,,,BIA10,54.90,5.49,31.50,80.91,Pago
102819,2026-08-19 18:13:43, luiza.rodrigues@outlook.com,site,ig,cpc,Meta_Prospeccao_Blends ,CAFE20,264.60,52.92,0.00,211.68,Pago
102820,2026-08-19 18:39:06,camila.araujo1980@gmail.com,site,ig,cpc,Meta_Prospeccao_Blends ,CAFE20,18.90,3.78,27.90,43.02,Pago
102821,2026-08-19 19:48:23,joao.martins1998@icloud.com,site,google,cpc,GOOGLE_SEARCH_GENERICO,cafe20,159.90,31.98,14.90,142.82,Aguardando pagamento
102822,2026-08-19 21:20:04, marcelo.pereira34@gmail.com,site,whatsapp,referral,indique_ganhe,,69.90,0.00,14.90,84.80,Pago
102823,2026-08-19 23:11:27,beatriz.simoes55@gmail.com,site,google,cpc,GOOGLE_SEARCH_MARCA,BEMVINDO10,43.80,4.38,31.50,70.92,Pago
102824,2026-08-20 06:15:33,PATRICIA.NASCIMENTO@OUTLOOK.COM,site,google,cpc,GOOGLE_SEARCH_MARCA,,284.50,0.00,0.00,284.50,Pago
102825,2026-08-20 07:20:58, beatriz.santos1987@yahoo.com.br,site,instagram,social,bio_link,,139.90,0.00,14.90,154.80,Pago
102826,2026-08-20 09:28:39,julia.almeida1990@hotmail.com,site,instagram,influencer,INFLU_DUDA_BARISTA,BIA10,89.90,8.99,31.50,112.41,Pago
102827,2026-08-20 09:30:40,gabriela.nascimento1991@gmail.com,assinatura,,,,,69.90,6.99,0.00,62.91,Aguardando pagamento
102828,2026-08-20 09:44:20,priscila.almeida1988@gmail.com,site,ig,cpc,Meta_Prospeccao_Blends ,BEMVINDO10,229.70,22.97,0.00,206.73,Pago
102829,2026-08-20 09:45:49,vinicius.carvalho@yahoo.com.br,site,ig,cpc,Meta_Prospeccao_Blends ,PRIMEIRACOMPRA,79.90,11.99,14.90,82.81,Pago
102830,2026-08-20 10:13:19,thiago.ferreira1987@gmail.com,assinatura,,,,,69.90,6.99,0.00,62.91,Pago
102831,2026-08-20 10:19:53,thiago.pimentel@gmail.com,site,google,cpc,GOOGLE_SEARCH_MARCA,PRIMEIRACOMPRA,159.90,23.98,14.90,150.82,Pago
102832,2026-08-20 10:30:05,fabio.ribeiro1994@gmail.com,site,google,cpc,GOOGLE_SEARCH_MARCA,,159.90,0.00,0.00,159.90,Pago
102833,2026-08-20 11:53:26,debora.carvalho39@hotmail.com,site,instagram,social,bio_link,,494.60,0.00,0.00,494.60,Pago
102834,2026-08-20 11:59:56,JULIA.PIMENTEL2003@ICLOUD.COM,site,whatsapp,referral,indique_ganhe,,49.90,0.00,14.90,64.80,Pago
102835,2026-08-20 12:24:11,julia.pereira1992@gmail.com,site,google,cpc,GOOGLE_SEARCH_MARCA,,269.50,0.00,0.00,269.50,Pago
102836,2026-08-20 14:04:26,gustavo.martins2006@gmail.com,site,google,cpc,google_search_generico,,239.80,0.00,0.00,239.80,Pago
102837,2026-08-20 14:40:03, gabriel.araujo75@yahoo.com.br,site,,,,,239.70,0.00,0.00,239.70,Pago
102838,2026-08-20 15:01:51,marcelo.gomes1981@icloud.com,site,ig,cpc,Meta_Prospeccao_Blends ,BEMVINDO10,139.80,13.98,14.90,140.72,Pago
102839,2026-08-20 16:33:49,felipe.moreira1989@outlook.com,site,instagram,influencer,INFLU_CAFE_COM_BIA,BIA10,104.70,10.47,14.90,109.13,Pago
102840,2026-08-20 17:55:26,carlos.costa64@gmail.com,site,,,,,209.80,0.00,0.00,209.80,Pago
102841,2026-08-20 18:11:05,mariana.souza1993@hotmail.com,assinatura,,,,,69.90,6.99,0.00,62.91,Pago
102842,2026-08-20 18:14:43,leticia.costa80@gmail.com,site,,,,,104.80,0.00,14.90,119.70,Pago
102843,2026-08-20 18:47:51,julia.moreira18@hotmail.com,site,,,,,54.90,0.00,14.90,69.80,Pago
102844,2026-08-20 20:14:32,renata.pimentel161@hotmail.com,site,,,,,222.60,0.00,0.00,222.60,Pago
102845,2026-08-20 20:21:31,gabriel.ferreira1995@hotmail.com,site,instagram,social,bio_link,,179.70,0.00,0.00,179.70,Pago
102846,2026-08-20 20:58:00,leticia.rocha787@outlook.com,site,google,cpc,GOOGLE_SEARCH_MARCA,,79.90,0.00,27.90,107.80,Pago
102847,2026-08-21 06:04:28,carolina.santos27@hotmail.com,assinatura,,,,,69.90,6.99,0.00,62.91,Reembolsado
102848,2026-08-21 07:10:50,priscila.ferreira94@gmail.com,site,instagram,influencer,INFLU_CAFE_COM_BIA,BIA10,174.60,17.46,0.00,157.14,Pago
102849,2026-08-21 08:07:10,patricia.mercon2004@gmail.com,site,,,,,89.90,0.00,22.90,112.80,Pago
102850,2026-08-21 10:28:10,bruna.loureiro1999@gmail.com,site,facebook,cpc,META_REMARKETING,,94.80,0.00,14.90,109.70,Pago
102851,2026-08-21 12:07:23,bruna.rodrigues1993@gmail.com,site,google,cpc,GOOGLE_SEARCH_MARCA,,344.70,0.00,0.00,344.70,Pago
102852,2026-08-21 12:45:56,JULIANA.FERREIRA465@GMAIL.COM,site,fb,paid,meta_prospeccao_blends,,69.90,0.00,14.90,84.80,Pago
102853,2026-08-21 14:45:52, rodrigo.almeida5@gmail.com,site,instagram,cpc,META_PROSPECCAO_BLENDS,CAFE20,134.80,26.96,31.50,139.34,Pago
102854,2026-08-21 15:10:29,renata.almeida6@hotmail.com,site,facebook,cpc,META_PROSPECCAO_BLENDS,PRIMEIRACOMPRA,37.80,5.67,14.90,47.03,Pago
102855,2026-08-21 17:31:52,gustavo.martins@icloud.com,site,,,,,54.90,0.00,31.50,86.40,Pago
102856,2026-08-21 18:26:42,gustavo.ferreira@hotmail.com,assinatura,,,,,69.90,6.99,0.00,62.91,Pago
102857,2026-08-21 19:55:21,larissa.pimentel2003@gmail.com,site,google,shopping,GOOGLE_SHOPPING,,69.90,0.00,14.90,84.80,Pago
102858,2026-08-21 20:53:19,joao.zanotti@gmail.com,site,,,,BEMVINDO10,69.90,6.99,14.90,77.81,Pago
102859,2026-08-21 21:04:34,gustavo.araujo1981@yahoo.com.br,assinatura,,,,,69.90,6.99,0.00,62.91,Pago
102860,2026-08-21 21:56:43,joao.martins5@yahoo.com.br,site,google,cpc,GOOGLE_SHOPPING,,89.80,0.00,14.90,104.70,Pago
102861,2026-08-21 22:19:18,debora.rodrigues1987@gmail.com,site,,,,,299.80,0.00,0.00,299.80,Pago
102862,2026-08-21 22:33:31,CAROLINA.LOUREIRO@GMAIL.COM,site,google,shopping,GOOGLE_SHOPPING,,209.70,0.00,0.00,209.70,Pago
102863,2026-08-21 22:56:05, bruna.almeida1997@gmail.com,site,instagram,social,bio_link,,109.80,0.00,27.90,137.70,Pago
102864,2026-08-22 07:25:15,lucas.barbosa80@hotmail.com,site,ig,cpc,Meta_Prospeccao_Blends ,PRIMEIRACOMPRA ,219.70,32.95,0.00,186.75,Pago
102865,2026-08-22 07:59:03,priscila.gomes@gmail.com,site,google,shopping,GOOGLE_SHOPPING,,43.80,0.00,14.90,58.70,Pago
102866,2026-08-22 10:11:04,aline.costa1991@icloud.com,site,google,cpc,GOOGLE_SEARCH_MARCA,,18.90,0.00,14.90,33.80,Pago
102867,2026-08-22 10:38:50,ana.loureiro47@yahoo.com.br,site,google,cpc,GOOGLE_SEARCH_MARCA,,279.80,0.00,0.00,279.80,Pago
102868,2026-08-22 12:08:47,thais.rodrigues@gmail.com,site,fb,paid,meta_prospeccao_blends,,89.90,0.00,22.90,112.80,Reembolsado
102869,2026-08-22 17:10:25,juliana.simoes@gmail.com,site,,,,,49.90,0.00,27.90,77.80,Pago
102870,2026-08-22 17:10:39, rodrigo.souza84@hotmail.com,site,email,newsletter,news_aug,,164.70,0.00,0.00,164.70,Pago
102871,2026-08-22 17:15:53,mariana.oliveira@yahoo.com.br,site,,,,,139.90,0.00,27.90,167.80,Pago
102872,2026-08-22 18:08:45,eduardo.lima1981@gmail.com,site,,,,,279.80,0.00,0.00,279.80,Pago
102873,2026-08-22 18:21:30,mariana.gomes45@gmail.com,site,facebook,cpc,META_PROSPECCAO_BLENDS,BEMVINDO10 ,329.70,32.97,0.00,296.73,Pago
102874,2026-08-22 18:24:51,mariana.gomes26@hotmail.com,site,facebook,cpc,META_PROSPECCAO_BLENDS,CAFE20,159.70,31.94,14.90,142.66,Pago
102875,2026-08-22 19:35:00, renata.almeida1982@gmail.com,site,,,,,139.90,0.00,14.90,154.80,Pago
102876,2026-08-22 20:01:02,luiza.loureiro9@hotmail.com,site,facebook,cpc,META_PROSPECCAO_BLENDS,,219.80,0.00,0.00,219.80,Pago
102877,2026-08-22 20:21:12, rafael.pereira93@gmail.com,site,google,organic,,CAFE20,119.80,23.96,14.90,110.74,Pago
102878,2026-08-22 21:06:42,diego.pereira48@outlook.com,site,,,,BIA10 ,209.80,20.98,0.00,188.82,Pago
102879,2026-08-22 23:46:59,camila.silva1994@icloud.com,site,google,cpc,google_search_generico,,379.50,0.00,0.00,379.50,Pago
102880,2026-08-23 06:02:41,rodrigo.oliveira@hotmail.com,site,google,cpc,GOOGLE_SEARCH_MARCA,,44.90,0.00,14.90,59.80,Pago
102881,2026-08-23 06:16:55,renata.zanotti@gmail.com,site,,,,,119.90,0.00,31.50,151.40,Pago
102882,2026-08-23 09:59:03,rafael.silva1997@gmail.com,site,instagram,influencer,INFLU_CAFE_COM_BIA,BIA10,49.90,4.99,14.90,59.81,Pago
102883,2026-08-23 10:10:06,julia.ferreira83@hotmail.com,site,ig,cpc,Meta_Prospeccao_Blends , CAFE20,324.60,64.92,0.00,259.68,Pago
102884,2026-08-23 11:55:00,fabio.ribeiro2000@outlook.com,site,instagram,cpc,META_PROSPECCAO_BLENDS,,514.30,0.00,0.00,514.30,Pago
102885,2026-08-23 13:15:52,leticia.zanotti49@outlook.com,site,instagram,social,bio_link,,274.70,0.00,0.00,274.70,Pago
102886,2026-08-23 13:23:28,mateus.loureiro1981@outlook.com,site,instagram,social,bio_link,,99.70,0.00,14.90,114.60,Reembolsado
102887,2026-08-23 14:54:07,bruna.santos760@gmail.com,site,,,,,94.80,0.00,14.90,109.70,Pago
102888,2026-08-23 15:39:16,eduardo.oliveira@hotmail.com,site,,,,DUDA15,544.30,81.64,0.00,462.66,Pago
102889,2026-08-23 16:38:36,CAMILA.LIMA1998@GMAIL.COM,site,google,cpc,GOOGLE_SEARCH_MARCA,,149.80,0.00,22.90,172.70,Pago
102890,2026-08-23 17:03:55,gabriela.ribeiro1988@yahoo.com.br,site,email,newsletter,news_aug,,568.50,0.00,0.00,568.50,Pago
102891,2026-08-23 17:46:15,rafael.dallabernardina31@gmail.com,site,instagram,social,bio_link,,79.90,0.00,14.90,94.80,Pago
102892,2026-08-23 17:55:40,bruno.ferreira@outlook.com,site,ig,cpc,Meta_Prospeccao_Blends , BEMVINDO10,89.90,8.99,14.90,95.81,Pago
102893,2026-08-23 19:28:53,thais.ribeiro@hotmail.com,site,google,organic,,,177.70,0.00,0.00,177.70,Pago
102894,2026-08-23 20:35:04,fabio.silva48@gmail.com,assinatura,,,,,69.90,6.99,0.00,62.91,Pago
102895,2026-08-23 21:29:50,vinicius.mercon1987@hotmail.com,site,instagram,social,bio_link,,99.80,0.00,31.50,131.30,Cancelado
102896,2026-08-23 22:42:05,ana.silva2000@gmail.com,site,ig,cpc,Meta_Prospeccao_Blends ,BEMVINDO10,159.90,15.99,14.90,158.81,Pago
102897,2026-08-23 23:27:00,bruna.silva@hotmail.com,site,,,,,208.50,0.00,0.00,208.50,Pago
102898,2026-08-24 06:12:04,beatriz.souza1988@gmail.com,site,google,cpc,GOOGLE_SHOPPING,,37.80,0.00,31.50,69.30,Reembolsado
102899,2026-08-24 06:29:27,camila.gomes59@gmail.com,site,google,shopping,GOOGLE_SHOPPING,,259.70,0.00,0.00,259.70,Pago
102900,2026-08-24 06:36:19,ana.rodrigues2003@outlook.com,site,email,newsletter,news_aug,,599.50,0.00,0.00,599.50,Cancelado
102901,2026-08-24 10:03:19, rafael.loureiro46@hotmail.com,assinatura,,,,,69.90,6.99,0.00,62.91,Pago
102902,2026-08-24 10:29:32,leticia.souza81@yahoo.com.br,site,email,newsletter,news_aug,,18.90,0.00,14.90,33.80,Pago
102903,2026-08-24 10:44:18,aline.rocha93@yahoo.com.br,site,ig,cpc,Meta_Prospeccao_Blends ,CAFE20,324.70,64.94,0.00,259.76,Pago
102904,2026-08-24 13:56:26,rafael.rodrigues1999@icloud.com,site,fb,paid,meta_prospeccao_blends,CAFE20,134.70,26.94,27.90,135.66,Pago
102905,2026-08-24 15:53:55,joao.santos44@gmail.com,site,whatsapp,referral,indique_ganhe,,49.90,0.00,14.90,64.80,Pago
102906,2026-08-24 21:06:03,diego.nascimento60@gmail.com,site,google,cpc,google_search_generico,,49.90,0.00,27.90,77.80,Pago
102907,2026-08-24 21:20:21,leticia.lima@gmail.com,site,,,,CAFE20,139.80,27.96,14.90,126.74,Pago
102908,2026-08-24 22:26:59,larissa.rodrigues@gmail.com,site,fb,paid,meta_prospeccao_blends,PRIMEIRACOMPRA,139.90,20.98,14.90,133.82,Pago
102909,2026-08-24 23:55:17,vinicius.pereira1996@gmail.com,site,google,shopping,GOOGLE_SHOPPING,,89.90,0.00,14.90,104.80,Pago
102910,2026-08-25 06:10:39,beatriz.barbosa8@icloud.com,site,,,,,139.90,0.00,22.90,162.80,Pago
102911,2026-08-25 06:44:38,patricia.mercon75@gmail.com,site,instagram,social,bio_link,bemvindo10,134.80,13.48,14.90,136.22,Pago
102912,2026-08-25 08:04:25,ALINE.OLIVEIRA@HOTMAIL.COM,site,google,cpc,GOOGLE_SEARCH_MARCA,,69.90,0.00,14.90,84.80,Aguardando pagamento
102913,2026-08-25 09:36:06,ana.zanotti422@hotmail.com,site,whatsapp,referral,indique_ganhe,INDIQUE15,69.90,10.49,22.90,82.31,Pago
102914,2026-08-25 10:20:36,rodrigo.ribeiro11@yahoo.com.br,assinatura,,,,,69.90,6.99,0.00,62.91,Pago
102915,2026-08-25 10:53:34,gabriela.ferreira64@gmail.com,site,instagram,cpc,META_PROSPECCAO_BLENDS,CAFE20,49.90,9.98,14.90,54.82,Pago
102916,2026-08-25 11:19:57,camila.santos52@yahoo.com.br,site,instagram,social,bio_link,,124.70,0.00,14.90,139.60,Pago
102917,2026-08-25 11:25:58,RAFAEL.COSTA24@GMAIL.COM,site,google,cpc,GOOGLE_SEARCH_MARCA,,329.60,0.00,0.00,329.60,Pago
102918,2026-08-25 12:03:02,leticia.moreira59@gmail.com,site,email,newsletter,news_aug,,49.90,0.00,14.90,64.80,Pago
102919,2026-08-25 15:10:20,aline.dallabernardina1984@gmail.com,site,google,cpc,GOOGLE_SEARCH_GENERICO,BEMVINDO10,137.60,13.76,14.90,138.74,Pago
102920,2026-08-25 15:41:06,PRISCILA.OLIVEIRA95@HOTMAIL.COM,site,google,cpc,google_search_generico,,269.70,0.00,0.00,269.70,Pago
102921,2026-08-25 15:52:26,fernanda.ribeiro@gmail.com,site,email,newsletter,news_aug,,69.90,0.00,14.90,84.80,Pago
102922,2026-08-25 16:33:41,RAFAEL.CARVALHO21@GMAIL.COM,site,fb,paid,meta_prospeccao_blends,,249.60,0.00,0.00,249.60,Pago
102923,2026-08-25 16:38:08,marcelo.ribeiro@outlook.com,site,instagram,social,bio_link,,268.50,0.00,0.00,268.50,Cancelado
102924,2026-08-25 18:31:08,lucas.mercon2006@hotmail.com,site,google,shopping,GOOGLE_SHOPPING, CAFE20,54.90,10.98,14.90,58.82,Pago
102925,2026-08-25 19:30:09,julia.nascimento2005@hotmail.com,site,facebook,cpc,META_PROSPECCAO_BLENDS,BEMVINDO10,229.70,22.97,0.00,206.73,Pago
102926,2026-08-25 20:06:31,felipe.gomes2006@gmail.com,site,whatsapp,referral,indique_ganhe,INDIQUE15,74.80,11.22,22.90,86.48,Pago
102927,2026-08-25 20:26:06,fabio.araujo58@yahoo.com.br,site,instagram,social,bio_link,,89.90,0.00,14.90,104.80,Pago
102928,2026-08-25 22:20:47,thiago.zanotti@gmail.com,site,instagram,social,bio_link,,299.70,0.00,0.00,299.70,Pago
102929,2026-08-25 23:46:21,bruna.rocha85@gmail.com,assinatura,,,,,69.90,6.99,0.00,62.91,Aguardando pagamento
102930,2026-08-26 06:49:02,andre.loureiro@gmail.com,site,google,shopping,GOOGLE_SHOPPING,BEMVINDO10,44.90,4.49,14.90,55.31,Pago
102931,2026-08-26 12:26:37,leticia.silva@hotmail.com,site,instagram,social,bio_link,,89.90,0.00,31.50,121.40,Pago
102932,2026-08-26 12:46:24,marcelo.ferreira1993@outlook.com,site,google,cpc,GOOGLE_SEARCH_MARCA,,68.80,0.00,14.90,83.70,Pago
102933,2026-08-26 13:45:07,carolina.ferreira40@icloud.com,site,google,cpc,google_search_generico,,44.90,0.00,14.90,59.80,Pago
102934,2026-08-26 14:42:47,leticia.silva@gmail.com,site,,,,FRETEGRATIS,249.80,0.00,0.00,249.80,Pago
102935,2026-08-26 16:08:23,rafael.moreira2000@icloud.com,site,email,newsletter,news_aug,,159.70,0.00,0.00,159.70,Pago
102936,2026-08-26 17:08:20,larissa.gomes@gmail.com,site,instagram,cpc,META_REMARKETING,,194.70,0.00,0.00,194.70,Pago
102937,2026-08-26 19:26:19,vinicius.santos41@hotmail.com,site,,,,,278.50,0.00,0.00,278.50,Pago
102937,2026-08-26 19:26:19,vinicius.santos41@hotmail.com,site,,,,,278.50,0.00,0.00,278.50,Pago
102938,2026-08-26 20:23:30,patricia.costa1986@gmail.com,site,instagram,cpc,META_REMARKETING,bemvindo10,429.50,42.95,0.00,386.55,Pago
102939,2026-08-26 21:13:40,juliana.martins22@yahoo.com.br,site,google,cpc,GOOGLE_SEARCH_MARCA,,49.90,0.00,14.90,64.80,Reembolsado
102940,2026-08-26 22:55:57,bruna.gomes855@hotmail.com,site,google,cpc,GOOGLE_SEARCH_MARCA,,163.70,0.00,0.00,163.70,Pago
102941,2026-08-26 23:18:17,beatriz.gomes23@gmail.com,site,instagram,cpc,META_PROSPECCAO_BLENDS,CAFE20,184.70,36.94,14.90,162.66,Pago
102942,2026-08-27 06:29:39,carolina.martins8@icloud.com,site,email,newsletter,news_aug,,269.70,0.00,0.00,269.70,Cancelado
102943,2026-08-27 06:46:37,renata.lima63@gmail.com,site,google,cpc,GOOGLE_SEARCH_MARCA,,139.70,0.00,14.90,154.60,Pago
102944,2026-08-27 10:43:46,renata.simoes10@gmail.com,site,email,newsletter,news_aug,,139.90,0.00,27.90,167.80,Pago
102945,2026-08-27 11:38:11,bruna.mercon1993@outlook.com,site,google,cpc,GOOGLE_SEARCH_MARCA,,49.90,0.00,14.90,64.80,Cancelado
102946,2026-08-27 12:13:48,ana.ribeiro4@gmail.com,site,instagram,social,bio_link,,159.90,0.00,0.00,159.90,Pago
102947,2026-08-27 12:46:05,carolina.moreira1999@gmail.com,site,fb,paid,meta_prospeccao_blends,,129.70,0.00,14.90,144.60,Pago
102948,2026-08-27 14:46:47,julia.mercon1987@gmail.com,assinatura,,,,,69.90,6.99,0.00,62.91,Pago
102949,2026-08-27 14:48:15,debora.oliveira1994@icloud.com,site,email,newsletter,news_aug,FRETEGRATIS,184.70,0.00,0.00,184.70,Pago
102950,2026-08-27 16:28:59,gustavo.loureiro1988@hotmail.com,site,,,,,209.70,0.00,0.00,209.70,Pago
102951,2026-08-27 19:01:03,thais.martins1996@gmail.com,site,google,cpc,GOOGLE_SEARCH_MARCA,,569.60,0.00,0.00,569.60,Pago
102952,2026-08-27 19:33:55,lucas.zanotti34@icloud.com,site,whatsapp,referral,indique_ganhe,,49.90,0.00,14.90,64.80,Pago
102953,2026-08-27 20:10:32,debora.araujo1997@hotmail.com,site,fb,paid,meta_prospeccao_blends,PRIMEIRACOMPRA,209.80,31.47,0.00,178.33,Reembolsado
102954,2026-08-27 22:06:51,thais.almeida@gmail.com,site,email,newsletter,news_aug,,79.90,0.00,14.90,94.80,Pago
102955,2026-08-27 22:54:42,patricia.araujo1987@hotmail.com,assinatura,,,,,69.90,6.99,0.00,62.91,Cancelado
102956,2026-08-27 23:14:19,THIAGO.SANTOS5@GMAIL.COM,site,,,,,24.90,0.00,14.90,39.80,Cancelado
102957,2026-08-27 23:24:06,rafael.gomes1992@gmail.com,site,instagram,cpc,META_PROSPECCAO_BLENDS,PRIMEIRACOMPRA,189.60,28.44,0.00,161.16,Pago
102958,2026-08-27 23:38:44,pedro.pimentel405@hotmail.com,site,email,newsletter,news_aug,,179.80,0.00,0.00,179.80,Pago
102959,2026-08-27 23:38:57,pedro.souza69@hotmail.com,site,email,newsletter,news_aug,,369.70,0.00,0.00,369.70,Pago
102960,2026-08-28 07:44:09,eduardo.almeida1994@gmail.com,site,email,newsletter,news_aug,,189.80,0.00,0.00,189.80,Pago
102961,2026-08-28 08:44:53,patricia.oliveira2001@hotmail.com,site,,,,BIA10 ,199.80,19.98,0.00,179.82,Pago
102962,2026-08-28 09:15:25,bruno.carvalho1999@icloud.com,site,instagram,social,bio_link,,49.90,0.00,14.90,64.80,Pago
102963,2026-08-28 10:26:05,luiza.rodrigues@gmail.com,site,instagram,influencer,INFLU_DUDA_BARISTA, BIA10,514.50,51.45,0.00,463.05,Pago
102964,2026-08-28 12:35:41,mariana.rocha@gmail.com,site,instagram,cpc,META_PROSPECCAO_BLENDS,CAFE20,303.50,60.70,0.00,242.80,Pago
102965,2026-08-28 13:46:37,mateus.pereira82@hotmail.com,site,,,,,498.60,0.00,0.00,498.60,Pago
102966,2026-08-28 15:40:19, carolina.oliveira@gmail.com,site,email,newsletter,news_aug,,69.90,0.00,14.90,84.80,Pago
102967,2026-08-28 17:28:38,gabriela.oliveira38@gmail.com,site,,,,,279.70,0.00,0.00,279.70,Pago
102968,2026-08-28 17:33:56,julia.carvalho743@gmail.com,site,facebook,cpc,META_PROSPECCAO_BLENDS,,49.80,0.00,14.90,64.70,Reembolsado
102969,2026-08-28 18:15:31,fabio.oliveira@outlook.com,site,google,cpc,GOOGLE_SEARCH_MARCA,,94.80,0.00,14.90,109.70,Pago
102970,2026-08-28 23:00:31,leonardo.nascimento@hotmail.com,site,google,cpc,GOOGLE_SEARCH_GENERICO,,89.90,0.00,27.90,117.80,Pago
102971,2026-08-28 23:05:38,fabio.dallabernardina5@icloud.com,site,instagram,social,bio_link,FRETEGRATIS,54.90,0.00,0.00,54.90,Pago
102972,2026-08-28 23:43:25,eduardo.oliveira1993@gmail.com,site,google,cpc,GOOGLE_SEARCH_MARCA,,139.90,0.00,14.90,154.80,Pago
102973,2026-08-29 06:03:33,LARISSA.SANTOS1999@ICLOUD.COM,site,instagram,cpc,META_PROSPECCAO_BLENDS,CAFE20,69.80,13.96,14.90,70.74,Pago
102974,2026-08-29 07:00:04,EDUARDO.GOMES2006@HOTMAIL.COM,site,ig,cpc,Meta_Prospeccao_Blends ,CAFE20,37.80,7.56,14.90,45.14,Pago
102975,2026-08-29 10:09:43,mateus.silva1984@outlook.com,site,,,,,139.80,0.00,14.90,154.70,Pago
102976,2026-08-29 10:19:26,leonardo.almeida@gmail.com,site,instagram,social,bio_link,,169.70,0.00,0.00,169.70,Pago
102977,2026-08-29 11:18:33, patricia.moreira1990@gmail.com,site,google,shopping,GOOGLE_SHOPPING,,79.90,0.00,14.90,94.80,Pago
102978,2026-08-29 11:30:50,thais.gomes@hotmail.com,assinatura,,,,,69.90,6.99,0.00,62.91,Pago
102979,2026-08-29 12:00:22,ana.mercon2004@gmail.com,site,,,,,79.90,0.00,22.90,102.80,Pago
102980,2026-08-29 12:58:30,beatriz.rocha@hotmail.com,site,fb,paid,meta_prospeccao_blends,CAFE20 ,69.90,13.98,14.90,70.82,Pago
102981,2026-08-29 13:24:14,carlos.rocha@gmail.com,site,ig,cpc,Meta_Prospeccao_Blends ,PRIMEIRACOMPRA,129.70,19.45,14.90,125.15,Pago
102982,2026-08-29 14:22:42,eduardo.rodrigues56@gmail.com,assinatura,,,,,69.90,6.99,0.00,62.91,Pago
102983,2026-08-29 15:50:49,gabriela.ribeiro@gmail.com,site,,,,,18.90,0.00,22.90,41.80,Pago
102984,2026-08-29 16:19:02,carlos.barbosa2001@icloud.com,site,whatsapp,referral,indique_ganhe,,334.60,0.00,0.00,334.60,Pago
102985,2026-08-29 16:28:05,pedro.nascimento1983@gmail.com,site,email,newsletter,news_aug,,124.80,0.00,14.90,139.70,Pago
102986,2026-08-29 17:14:15,renata.dallabernardina@gmail.com,site,instagram,social,bio_link,,134.80,0.00,14.90,149.70,Pago
102987,2026-08-29 17:38:51,vinicius.pimentel1994@yahoo.com.br,site,instagram,social,bio_link,,149.70,0.00,14.90,164.60,Pago
102988,2026-08-29 17:53:29,pedro.pimentel2003@gmail.com,site,facebook,cpc,META_PROSPECCAO_BLENDS,CAFE20,99.80,19.96,14.90,94.74,Pago
102989,2026-08-29 20:03:20,juliana.martins@hotmail.com,site,google,cpc,GOOGLE_SEARCH_MARCA,,279.80,0.00,0.00,279.80,Cancelado
102990,2026-08-29 20:49:20,marcelo.pereira72@gmail.com,site,facebook,cpc,META_PROSPECCAO_BLENDS,BEMVINDO10,159.90,15.99,14.90,158.81,Pago
102991,2026-08-29 20:58:14,debora.moreira1991@gmail.com,site,google,cpc,GOOGLE_SHOPPING,,89.90,0.00,31.50,121.40,Pago
102992,2026-08-29 21:56:12,maria.ribeiro@gmail.com,site,instagram,social,bio_link,FRETEGRATIS,349.60,0.00,0.00,349.60,Pago
102993,2026-08-29 22:02:49,joao.araujo@gmail.com,site,,,,,498.50,0.00,0.00,498.50,Pago
102994,2026-08-29 23:26:58,marcelo.santos55@hotmail.com,site,ig,cpc,Meta_Prospeccao_Blends ,BEMVINDO10,69.90,6.99,22.90,85.81,Pago
102995,2026-08-30 08:11:35,renata.oliveira@icloud.com,site,fb,paid,meta_prospeccao_blends,PRIMEIRACOMPRA,384.60,57.69,0.00,326.91,Cancelado
102996,2026-08-30 08:54:48,carlos.rodrigues2000@icloud.com,assinatura,,,,,69.90,6.99,0.00,62.91,Pago
102997,2026-08-30 09:55:02,thais.souza56@hotmail.com,site,instagram,cpc,META_PROSPECCAO_BLENDS,primeiracompra,209.70,31.45,0.00,178.25,Pago
102998,2026-08-30 10:17:45,larissa.rocha46@hotmail.com,site,google,organic,,,79.90,0.00,14.90,94.80,Pago
102999,2026-08-30 10:19:04,mateus.martins12@yahoo.com.br,site,google,cpc,GOOGLE_SEARCH_MARCA,,139.80,0.00,14.90,154.70,Pago
103000,2026-08-30 13:22:16,gabriela.costa1999@hotmail.com,site,,,,,156.40,0.00,0.00,156.40,Pago
103001,2026-08-30 13:25:48,fernanda.barbosa1990@outlook.com,site,instagram,social,bio_link,,219.80,0.00,0.00,219.80,Pago
103002,2026-08-30 14:02:04,pedro.souza1992@icloud.com,assinatura,,,,,69.90,6.99,0.00,62.91,Pago
103003,2026-08-30 15:38:12,mariana.ribeiro93@gmail.com,site,,,,,479.50,0.00,0.00,479.50,Pago
103004,2026-08-30 17:01:22,debora.mercon1987@hotmail.com,site,google,cpc,GOOGLE_SEARCH_MARCA,,159.80,0.00,0.00,159.80,Aguardando pagamento
103005,2026-08-30 17:31:13,rafael.ferreira64@outlook.com,site,,,,,37.80,0.00,14.90,52.70,Pago
103006,2026-08-30 17:31:33,rodrigo.santos@gmail.com,site,google,cpc,GOOGLE_SEARCH_MARCA,,209.70,0.00,0.00,209.70,Cancelado
103007,2026-08-30 18:31:59,patricia.moreira1987@gmail.com,site,fb,paid,meta_prospeccao_blends,BEMVINDO10,49.80,4.98,14.90,59.72,Pago
103008,2026-08-30 20:51:19,priscila.pimentel1993@icloud.com,site,facebook,cpc,META_PROSPECCAO_BLENDS,CAFE20,209.80,41.96,0.00,167.84,Pago
103009,2026-08-30 22:19:15,renata.silva1997@hotmail.com,site,,,,BEMVINDO10,374.60,37.46,0.00,337.14,Pago
103010,2026-08-30 22:28:10,thiago.araujo2003@outlook.com,site,google,cpc,GOOGLE_SEARCH_MARCA,CAFE20,269.70,53.94,0.00,215.76,Pago
103011,2026-08-30 22:29:26,GABRIELA.PIMENTEL83@HOTMAIL.COM,site,,,,,89.90,0.00,14.90,104.80,Pago
103012,2026-08-30 22:58:10,larissa.souza1996@icloud.com,site,,,,,44.90,0.00,14.90,59.80,Pago
103013,2026-08-30 23:47:13,camila.martins392@outlook.com,site,email,newsletter,news_aug,,49.90,0.00,14.90,64.80,Cancelado
103014,2026-08-31 06:31:44,fernanda.loureiro96@yahoo.com.br,assinatura,,,,,69.90,6.99,0.00,62.91,Pago
103015,2026-08-31 07:26:07,carolina.pereira7@gmail.com,site,instagram,social,bio_link,,174.70,0.00,0.00,174.70,Pago
103016,2026-08-31 08:05:37,felipe.souza13@gmail.com,site,facebook,cpc,META_PROSPECCAO_BLENDS,PRIMEIRACOMPRA ,164.70,24.70,14.90,154.90,Pago
103017,2026-08-31 08:39:53,leonardo.loureiro1983@hotmail.com,site,ig,cpc,Meta_Prospeccao_Blends ,CAFE20,284.70,56.94,0.00,227.76,Pago
103018,2026-08-31 08:53:59,rafael.carvalho1987@gmail.com,site,google,cpc,google_search_generico,,399.70,0.00,0.00,399.70,Pago
103019,2026-08-31 08:57:11,bruna.martins1995@gmail.com,site,facebook,cpc,META_PROSPECCAO_BLENDS,,239.60,0.00,0.00,239.60,Pago
103020,2026-08-31 09:34:28,rafael.dallabernardina72@gmail.com,assinatura,,,,,69.90,6.99,0.00,62.91,Pago
103021,2026-08-31 11:54:09,renata.souza1993@gmail.com,site,,,,,98.80,0.00,27.90,126.70,Pago
103022,2026-08-31 12:25:09,gabriela.barbosa1986@gmail.com,site,instagram,social,bio_link,,44.90,0.00,14.90,59.80,Pago
103023,2026-08-31 12:34:02,leticia.dallabernardina99@gmail.com,site,google,cpc,GOOGLE_SEARCH_GENERICO,,18.90,0.00,14.90,33.80,Pago
103024,2026-08-31 12:53:28,beatriz.gomes@icloud.com,site,whatsapp,referral,indique_ganhe,INDIQUE15,88.80,13.32,14.90,90.38,Pago
103025,2026-08-31 13:07:27,luiza.ferreira@icloud.com,site,ig,cpc,Meta_Prospeccao_Blends ,CAFE20 ,156.40,31.28,14.90,140.02,Pago
103026,2026-08-31 13:29:23,thiago.pereira1994@hotmail.com,site,email,newsletter,news_aug,FRETEGRATIS,254.70,0.00,0.00,254.70,Pago
103027,2026-08-31 14:36:12,andre.costa@gmail.com,site,google,cpc,GOOGLE_SEARCH_MARCA,,189.80,0.00,0.00,189.80,Pago
103028,2026-08-31 14:58:19,ana.simoes1994@icloud.com,assinatura,,,,,69.90,6.99,0.00,62.91,Pago
103029,2026-08-31 15:19:09,renata.almeida@gmail.com,site,google,cpc,GOOGLE_SEARCH_MARCA,,79.90,0.00,14.90,94.80,Pago
103030,2026-08-31 15:27:35,bruna.santos1991@gmail.com,site,google,cpc,GOOGLE_SEARCH_MARCA,,419.50,0.00,0.00,419.50,Pago
103031,2026-08-31 15:46:43,larissa.mercon@hotmail.com,site,google,cpc,GOOGLE_SHOPPING,,119.90,0.00,14.90,134.80,Pago
103032,2026-08-31 16:05:16,fernanda.almeida@icloud.com,site,google,cpc,google_search_generico,,239.80,0.00,0.00,239.80,Pago
103033,2026-08-31 18:05:16,RODRIGO.PEREIRA@HOTMAIL.COM,site,google,cpc,GOOGLE_SEARCH_GENERICO,,499.40,0.00,0.00,499.40,Aguardando pagamento
103034,2026-08-31 18:18:17,mariana.martins1999@gmail.com,site,,,,,119.90,0.00,14.90,134.80,Pago
103035,2026-08-31 18:19:25,maria.lima@gmail.com,site,email,newsletter,news_aug,,24.90,0.00,14.90,39.80,Pago
103036,2026-08-31 19:52:25,CARLOS.CARVALHO2@OUTLOOK.COM,assinatura,,,,,69.90,6.99,0.00,62.91,Pago
103037,2026-08-31 22:15:51,RENATA.CARVALHO804@GMAIL.COM,site,instagram,influencer,INFLU_DUDA_BARISTA,DUDA15,179.80,26.97,0.00,152.83,Pago
103038,2026-09-01 07:39:24,patricia.pereira13@gmail.com,site,google,cpc,GOOGLE_SEARCH_MARCA,,258.70,0.00,0.00,258.70,Pago
103039,2026-09-01 11:44:12,mariana.loureiro2004@hotmail.com,site,,,, DUDA15,144.70,21.70,14.90,137.90,Pago
103040,2026-09-01 13:45:14,beatriz.mercon40@gmail.com,site,email,newsletter,news_sep,,123.70,0.00,14.90,138.60,Cancelado
103041,2026-09-01 13:55:38,thiago.carvalho60@icloud.com,site,instagram,social,bio_link,,139.90,0.00,14.90,154.80,Pago
103042,2026-09-01 14:04:43,caio.oliveira8@hotmail.com,site,,,,,164.70,0.00,0.00,164.70,Aguardando pagamento
103043,2026-09-01 16:34:57,camila.mercon44@yahoo.com.br,site,fb,paid,meta_prospeccao_blends, BEMVINDO10,229.70,22.97,0.00,206.73,Pago
103044,2026-09-01 16:44:56,eduardo.rocha1985@outlook.com,site,google,shopping,GOOGLE_SHOPPING,,249.70,0.00,0.00,249.70,Pago
103045,2026-09-01 17:58:05,larissa.dallabernardina@gmail.com,site,whatsapp,referral,indique_ganhe,,18.90,0.00,31.50,50.40,Pago
103046,2026-09-01 19:40:07,GUSTAVO.OLIVEIRA41@HOTMAIL.COM,site,fb,paid,meta_prospeccao_blends,BEMVINDO10,189.70,18.97,0.00,170.73,Pago
103047,2026-09-01 21:16:50,fernanda.mercon37@icloud.com,site,google,cpc,GOOGLE_SEARCH_MARCA,,199.70,0.00,0.00,199.70,Pago
103048,2026-09-01 21:22:36,mariana.mercon@gmail.com,site,ig,cpc,Meta_Prospeccao_Blends ,,169.70,0.00,0.00,169.70,Pago
103049,2026-09-01 21:51:48,gabriel.carvalho2003@gmail.com,site,google,shopping,GOOGLE_SHOPPING,CAFE20,54.90,10.98,14.90,58.82,Pago
103050,2026-09-01 23:22:51,felipe.dallabernardina71@hotmail.com,site,instagram,social,bio_link,,309.70,0.00,0.00,309.70,Cancelado
103051,2026-09-01 23:25:27,aline.almeida97@outlook.com,site,instagram,social,bio_link,,139.90,0.00,22.90,162.80,Cancelado
103052,2026-09-02 06:39:13,thiago.nascimento99@gmail.com,site,ig,cpc,Meta_Prospeccao_Blends ,CAFE20,159.60,31.92,14.90,142.58,Pago
103053,2026-09-02 06:55:12,lucas.carvalho@hotmail.com,site,instagram,social,bio_link,CAFE20 ,229.70,45.94,0.00,183.76,Pago
103054,2026-09-02 08:05:51,thiago.santos1994@hotmail.com,assinatura,,,,,69.90,6.99,0.00,62.91,Pago
103055,2026-09-02 08:40:41,debora.mercon613@yahoo.com.br,site,,,,BIA10,69.90,6.99,22.90,85.81,Pago
103056,2026-09-02 10:04:02,diego.carvalho1980@outlook.com,assinatura,,,,,69.90,6.99,0.00,62.91,Pago
103057,2026-09-02 10:55:09,bruno.souza97@gmail.com,site,instagram,cpc,META_PROSPECCAO_BLENDS,PRIMEIRACOMPRA,44.90,6.73,14.90,53.07,Pago
103058,2026-09-02 13:25:19,aline.araujo70@gmail.com,site,facebook,cpc,META_PROSPECCAO_BLENDS,CAFE20,104.80,20.96,14.90,98.74,Pago
103059,2026-09-02 14:08:24,caio.pimentel2000@gmail.com,site,,,,,109.80,0.00,14.90,124.70,Pago
103060,2026-09-02 18:18:18,larissa.costa257@hotmail.com,site,facebook,cpc,META_PROSPECCAO_BLENDS,PRIMEIRACOMPRA,409.70,61.45,0.00,348.25,Pago
103061,2026-09-02 20:37:45,leticia.mercon@gmail.com,site,google,organic,,,44.90,0.00,14.90,59.80,Aguardando pagamento
103062,2026-09-02 21:41:28, carlos.ferreira@icloud.com,site,,,,,239.80,0.00,0.00,239.80,Pago
103063,2026-09-02 22:55:19,aline.araujo1986@gmail.com,site,,,,,389.70,0.00,0.00,389.70,Pago
103064,2026-09-02 23:49:05,gabriela.dallabernardina92@icloud.com,site,instagram,social,bio_link,,18.90,0.00,14.90,33.80,Pago
103065,2026-09-03 07:00:34,carolina.simoes2006@gmail.com,site,instagram,influencer,INFLU_CAFE_COM_BIA,BIA10,169.70,16.97,0.00,152.73,Pago
103066,2026-09-03 07:23:26,renata.pimentel161@hotmail.com,assinatura,,,,,69.90,6.99,0.00,62.91,Pago
103067,2026-09-03 08:09:12,leonardo.rocha48@gmail.com,assinatura,,,,,69.90,6.99,0.00,62.91,Pago
103068,2026-09-03 12:36:41,juliana.simoes1983@hotmail.com,site,,,,,239.80,0.00,0.00,239.80,Pago
103069,2026-09-03 14:52:10,aline.zanotti1998@gmail.com,site,,,,,94.80,0.00,14.90,109.70,Aguardando pagamento
103070,2026-09-03 19:21:15, patricia.martins@hotmail.com,site,,,,,119.90,0.00,14.90,134.80,Pago
103071,2026-09-03 19:49:32,camila.barbosa@gmail.com,site,,,,,164.70,0.00,0.00,164.70,Cancelado
103072,2026-09-03 20:13:19,gabriela.simoes1982@gmail.com,site,google,organic,,,184.80,0.00,0.00,184.80,Pago
103073,2026-09-03 22:06:40,bruno.moreira1998@outlook.com,site,instagram,social,bio_link,,379.50,0.00,0.00,379.50,Pago
103074,2026-09-03 22:21:13,carlos.moreira55@icloud.com,site,facebook,cpc,META_PROSPECCAO_BLENDS,primeiracompra,439.70,65.95,0.00,373.75,Pago
103075,2026-09-04 06:48:01,mariana.silva@gmail.com,site,email,newsletter,news_sep,,209.80,0.00,0.00,209.80,Pago
103076,2026-09-04 06:50:53,julia.santos1997@gmail.com,site,,,,,139.90,0.00,14.90,154.80,Pago
103077,2026-09-04 06:52:03,caio.simoes406@outlook.com,site,fb,paid,meta_prospeccao_blends,primeiracompra,179.70,26.95,0.00,152.75,Pago
103078,2026-09-04 08:01:46,gabriela.silva1993@yahoo.com.br,site,,,,,279.80,0.00,0.00,279.80,Pago
103079,2026-09-04 10:41:59,lucas.mercon39@hotmail.com,site,google,cpc,GOOGLE_SEARCH_MARCA,,24.90,0.00,22.90,47.80,Pago
103080,2026-09-04 10:48:31,mariana.souza97@hotmail.com,site,google,cpc,google_search_generico,,149.70,0.00,14.90,164.60,Pago
103081,2026-09-04 12:56:50,rafael.souza35@gmail.com,site,google,organic,, BEMVINDO10,139.90,13.99,14.90,140.81,Pago
103082,2026-09-04 15:07:50,felipe.mercon2001@gmail.com,site,,,,BIA10,169.80,16.98,0.00,152.82,Pago
103083,2026-09-04 17:21:09,gabriela.almeida1985@icloud.com,assinatura,,,,,69.90,6.99,0.00,62.91,Aguardando pagamento
103084,2026-09-04 18:25:10,patricia.nascimento@gmail.com,site,google,cpc,GOOGLE_SEARCH_MARCA,,129.80,0.00,14.90,144.70,Pago
103085,2026-09-04 18:49:10,marcelo.pereira72@gmail.com,assinatura,,,,,69.90,6.99,0.00,62.91,Pago
103086,2026-09-04 19:03:41,bruna.ribeiro11@yahoo.com.br,site,instagram,influencer,INFLU_DUDA_BARISTA,BIA10,119.70,11.97,14.90,122.63,Pago
103087,2026-09-04 19:38:58,camila.mercon28@gmail.com,site,instagram,social,bio_link,,24.90,0.00,14.90,39.80,Pago
103088,2026-09-04 21:14:00,luiza.martins1999@gmail.com,site,facebook,cpc,META_REMARKETING,FRETEGRATIS,159.90,0.00,0.00,159.90,Pago
103089,2026-09-04 21:38:15,fabio.martins49@gmail.com,site,instagram,social,bio_link,,138.80,0.00,14.90,153.70,Pago
103090,2026-09-04 23:04:22,fabio.zanotti2004@gmail.com,site,google,cpc,GOOGLE_SEARCH_GENERICO,PRIMEIRACOMPRA,249.70,37.45,0.00,212.25,Pago
103091,2026-09-04 23:59:03,joao.zanotti1991@yahoo.com.br,assinatura,,,,,69.90,6.99,0.00,62.91,Pago
103092,2026-09-05 08:17:10,debora.mercon@gmail.com,site,email,newsletter,news_sep,,49.90,0.00,14.90,64.80,Pago
103092,2026-09-05 08:17:10,debora.mercon@gmail.com,site,email,newsletter,news_sep,,49.90,0.00,14.90,64.80,Pago
103093,2026-09-05 09:12:58,debora.mercon1996@hotmail.com,site,instagram,social,bio_link,,99.80,0.00,14.90,114.70,Pago
103094,2026-09-05 09:44:47,gabriela.moreira2004@hotmail.com,site,google,cpc,GOOGLE_SEARCH_GENERICO,,119.90,0.00,31.50,151.40,Reembolsado
103095,2026-09-05 10:59:49,joao.simoes@gmail.com,site,google,cpc,google_search_generico,BEMVINDO10,229.80,22.98,0.00,206.82,Pago
103096,2026-09-05 12:12:33,juliana.nascimento@gmail.com,site,email,newsletter,news_sep,,159.90,0.00,0.00,159.90,Pago
103097,2026-09-05 13:10:29,JULIANA.RIBEIRO1993@GMAIL.COM,site,,,,,189.80,0.00,0.00,189.80,Reembolsado
103098,2026-09-05 13:42:31,rodrigo.ferreira21@gmail.com,site,facebook,cpc,META_PROSPECCAO_BLENDS,CAFE20,309.70,61.94,0.00,247.76,Pago
103099,2026-09-05 14:03:20,juliana.barbosa2@gmail.com,site,,,,,18.90,0.00,14.90,33.80,Pago
103100,2026-09-05 14:21:53,priscila.mercon70@gmail.com,site,google,cpc,GOOGLE_SEARCH_MARCA,PRIMEIRACOMPRA,56.70,8.51,14.90,63.09,Pago
103101,2026-09-05 15:03:56,maria.loureiro2@gmail.com,assinatura,,,,,69.90,6.99,0.00,62.91,Reembolsado
103102,2026-09-05 15:58:14,debora.dallabernardina@hotmail.com,site,,,,BIA10,239.80,23.98,0.00,215.82,Pago
103103,2026-09-05 15:59:57,camila.costa1999@gmail.com,site,instagram,social,bio_link,,159.90,0.00,0.00,159.90,Pago
103104,2026-09-05 16:42:05,leticia.nascimento1990@outlook.com,site,instagram,cpc,META_REMARKETING,,374.60,0.00,0.00,374.60,Pago
103105,2026-09-05 17:31:45,pedro.costa1981@outlook.com,site,fb,paid,meta_prospeccao_blends,BEMVINDO10,49.90,4.99,14.90,59.81,Reembolsado
103106,2026-09-05 17:47:51, luiza.rodrigues979@gmail.com,site,google,cpc,GOOGLE_SEARCH_MARCA,,119.90,0.00,14.90,134.80,Pago
103107,2026-09-05 18:33:37,priscila.rocha@hotmail.com,site,google,cpc,GOOGLE_SEARCH_GENERICO,,229.70,0.00,0.00,229.70,Pago
103108,2026-09-05 20:43:03,eduardo.rodrigues2003@hotmail.com,site,google,cpc,GOOGLE_SEARCH_MARCA,,119.90,0.00,14.90,134.80,Pago
103109,2026-09-05 20:51:15,fernanda.lima@icloud.com,site,,,,,104.80,0.00,14.90,119.70,Pago
103110,2026-09-05 21:33:49,MATEUS.ZANOTTI1985@GMAIL.COM,site,instagram,influencer,INFLU_CAFE_COM_BIA,BIA10,89.90,8.99,14.90,95.81,Pago
103111,2026-09-05 21:49:48,marcelo.santos1996@gmail.com,site,instagram,influencer,INFLU_DUDA_BARISTA,BIA10,194.60,19.46,0.00,175.14,Pago
103112,2026-09-05 21:53:32,patricia.carvalho1987@hotmail.com,site,facebook,cpc,META_PROSPECCAO_BLENDS,BEMVINDO10,479.70,47.97,0.00,431.73,Pago
103113,2026-09-05 21:55:19,thais.carvalho46@hotmail.com,site,google,cpc,GOOGLE_SEARCH_MARCA,,54.90,0.00,14.90,69.80,Pago
103114,2026-09-05 22:32:04,GABRIELA.ARAUJO72@GMAIL.COM,site,fb,paid,meta_prospeccao_blends,BEMVINDO10,74.70,7.47,14.90,82.13,Pago
103115,2026-09-05 23:41:50,camila.rodrigues12@gmail.com,site,email,newsletter,news_sep,,199.80,0.00,0.00,199.80,Pago
103116,2026-09-06 06:18:43,priscila.costa61@gmail.com,site,google,cpc,GOOGLE_SEARCH_MARCA,,54.90,0.00,22.90,77.80,Pago
103117,2026-09-06 07:21:04,julia.ferreira1994@yahoo.com.br,site,,,,BIA10,119.90,11.99,14.90,122.81,Pago
103118,2026-09-06 07:21:24,juliana.santos23@gmail.com,site,ig,cpc,Meta_Prospeccao_Blends , BEMVINDO10,54.90,5.49,14.90,64.31,Cancelado
103119,2026-09-06 08:07:45,eduardo.pereira2@icloud.com,site,,,,,174.70,0.00,0.00,174.70,Pago
103120,2026-09-06 09:38:24,juliana.souza@outlook.com,site,whatsapp,referral,indique_ganhe, INDIQUE15,74.80,11.22,14.90,78.48,Pago
103121,2026-09-06 10:17:29,thais.zanotti96@outlook.com,site,,,,,174.80,0.00,0.00,174.80,Pago
103122,2026-09-06 12:02:43,lucas.carvalho1991@hotmail.com,site,google,cpc,GOOGLE_SEARCH_MARCA,,119.90,0.00,14.90,134.80,Pago
103123,2026-09-06 14:01:07,BEATRIZ.DALLABERNARDINA19@GMAIL.COM,site,facebook,cpc,META_REMARKETING,BEMVINDO10,184.80,18.48,0.00,166.32,Pago
103124,2026-09-06 14:05:46,MARIA.ALMEIDA46@GMAIL.COM,site,google,cpc,GOOGLE_SEARCH_MARCA,,169.70,0.00,0.00,169.70,Pago
103125,2026-09-06 14:53:48,marcelo.dallabernardina@hotmail.com,site,google,cpc,GOOGLE_SEARCH_MARCA,,279.80,0.00,0.00,279.80,Pago
103126,2026-09-06 15:29:16,renata.carvalho116@gmail.com,site,instagram,cpc,META_PROSPECCAO_BLENDS,PRIMEIRACOMPRA,169.80,25.47,14.90,159.23,Pago
103127,2026-09-06 18:13:15,camila.rocha@hotmail.com,site,google,cpc,GOOGLE_SEARCH_MARCA,,139.90,0.00,22.90,162.80,Cancelado
103128,2026-09-06 19:04:41,camila.almeida1989@hotmail.com,site,google,cpc,GOOGLE_SHOPPING, CAFE20,219.80,43.96,0.00,175.84,Pago
103129,2026-09-06 23:22:41,carolina.lima28@gmail.com,site,ig,cpc,Meta_Prospeccao_Blends ,,749.40,0.00,0.00,749.40,Pago
103130,2026-09-06 23:55:03,leticia.almeida1998@outlook.com,site,,,,,69.90,0.00,14.90,84.80,Pago
103131,2026-09-07 06:54:36,fernanda.almeida2006@icloud.com,site,,,,,49.90,0.00,14.90,64.80,Pago
103132,2026-09-07 07:30:51,marcelo.santos@yahoo.com.br,site,google,cpc,GOOGLE_SEARCH_MARCA,,239.80,0.00,0.00,239.80,Pago
103133,2026-09-07 09:10:52,leonardo.rodrigues2@outlook.com,site,whatsapp,referral,indique_ganhe,,518.40,0.00,0.00,518.40,Pago
103134,2026-09-07 09:59:11,RAFAEL.OLIVEIRA18@HOTMAIL.COM,site,ig,cpc,Meta_Prospeccao_Blends ,,504.60,0.00,0.00,504.60,Pago
103135,2026-09-07 12:39:15,luiza.dallabernardina2004@gmail.com,assinatura,,,,,69.90,6.99,0.00,62.91,Pago
103136,2026-09-07 17:29:45, debora.ferreira1988@gmail.com,site,,,,CAFE20,18.90,3.78,31.50,46.62,Pago
103137,2026-09-07 19:03:19,maria.pimentel1993@yahoo.com.br,site,google,cpc,GOOGLE_SEARCH_MARCA,FRETEGRATIS,403.40,0.00,0.00,403.40,Pago
103138,2026-09-07 19:07:22,aline.mercon1987@gmail.com,site,fb,paid,meta_prospeccao_blends,CAFE20,119.90,23.98,14.90,110.82,Pago
103139,2026-09-07 19:07:41,carolina.souza1980@outlook.com,site,instagram,influencer,INFLU_CAFE_COM_BIA,BIA10,69.90,6.99,14.90,77.81,Pago
103140,2026-09-07 20:30:07,gabriela.oliveira409@gmail.com,site,google,cpc,GOOGLE_SHOPPING,,49.90,0.00,31.50,81.40,Cancelado
103141,2026-09-07 23:31:41,leticia.santos93@gmail.com,site,instagram,social,bio_link,,44.90,0.00,31.50,76.40,Pago
103141,2026-09-07 23:31:41,leticia.santos93@gmail.com,site,instagram,social,bio_link,,44.90,0.00,31.50,76.40,Pago
103142,2026-09-08 06:07:59,ana.almeida@gmail.com,site,ig,cpc,Meta_Prospeccao_Blends ,CAFE20,374.70,74.94,0.00,299.76,Pago
103143,2026-09-08 06:36:29,julia.santos@hotmail.com,site,facebook,cpc,META_REMARKETING,,314.60,0.00,0.00,314.60,Pago
103144,2026-09-08 07:14:23,thiago.lima2001@gmail.com,site,instagram,cpc,META_REMARKETING,PRIMEIRACOMPRA,189.80,28.47,0.00,161.33,Pago
103145,2026-09-08 08:03:32,LUCAS.NASCIMENTO44@GMAIL.COM,site,google,cpc,GOOGLE_SEARCH_MARCA,,338.70,0.00,0.00,338.70,Cancelado
103146,2026-09-08 08:43:59,mariana.nascimento1987@gmail.com,site,,,,,18.90,0.00,14.90,33.80,Pago
103147,2026-09-08 13:51:20,beatriz.souza1996@gmail.com,site,email,newsletter,news_sep,FRETEGRATIS,94.80,0.00,0.00,94.80,Pago
103148,2026-09-08 17:51:56,caio.costa1984@gmail.com,site,google,cpc,GOOGLE_SEARCH_MARCA,,339.60,0.00,0.00,339.60,Pago
103149,2026-09-08 19:22:19, patricia.carvalho1981@gmail.com,site,google,cpc,GOOGLE_SEARCH_GENERICO,BEMVINDO10,289.70,28.97,0.00,260.73,Pago
103150,2026-09-08 20:09:16,gustavo.gomes@outlook.com,site,email,newsletter,news_sep,,139.90,0.00,31.50,171.40,Pago
103151,2026-09-08 20:17:19,debora.gomes308@gmail.com,site,google,shopping,GOOGLE_SHOPPING,,99.80,0.00,14.90,114.70,Pago
103152,2026-09-08 20:23:25,leonardo.ferreira@yahoo.com.br,site,,,,,474.60,0.00,0.00,474.60,Pago
103153,2026-09-08 20:24:19,mateus.simoes1995@gmail.com,site,google,cpc,GOOGLE_SEARCH_MARCA,,18.90,0.00,14.90,33.80,Pago
103154,2026-09-08 20:27:22,rodrigo.gomes22@gmail.com,site,instagram,cpc,META_PROSPECCAO_BLENDS,CAFE20,369.70,73.94,0.00,295.76,Pago
103155,2026-09-08 21:32:31,pedro.pimentel552@gmail.com,site,,,,,139.90,0.00,14.90,154.80,Pago
103156,2026-09-08 21:59:18,julia.carvalho@gmail.com,site,,,,,194.60,0.00,0.00,194.60,Pago
103157,2026-09-08 23:38:21,camila.nascimento@hotmail.com,site,instagram,influencer,INFLU_DUDA_BARISTA,BIA10,209.80,20.98,0.00,188.82,Pago
103158,2026-09-09 06:50:06,rafael.mercon@gmail.com,site,instagram,cpc,META_REMARKETING,,279.80,0.00,0.00,279.80,Pago
103159,2026-09-09 07:18:05,camila.martins76@gmail.com,site,fb,paid,meta_prospeccao_blends,CAFE20,49.90,9.98,14.90,54.82,Pago
103160,2026-09-09 07:38:57,beatriz.loureiro1993@gmail.com,site,instagram,influencer,INFLU_CAFE_COM_BIA,DUDA15,419.50,62.92,0.00,356.58,Pago
103161,2026-09-09 08:22:58,PEDRO.MARTINS@GMAIL.COM,site,email,newsletter,news_sep,,139.80,0.00,14.90,154.70,Pago
103162,2026-09-09 08:24:31,renata.ribeiro12@gmail.com,site,google,cpc,GOOGLE_SEARCH_MARCA,,49.90,0.00,14.90,64.80,Pago
103163,2026-09-09 09:19:06,maria.nascimento2002@gmail.com,site,google,cpc,GOOGLE_SEARCH_MARCA,,109.80,0.00,31.50,141.30,Pago
103164,2026-09-09 12:28:10,rafael.pimentel1995@gmail.com,assinatura,,,,,69.90,6.99,0.00,62.91,Pago
103165,2026-09-09 13:02:10,GUSTAVO.MOREIRA28@GMAIL.COM,site,,,,,239.80,0.00,0.00,239.80,Pago
103166,2026-09-09 13:13:47,RENATA.MOREIRA32@YAHOO.COM.BR,site,,,,,169.80,0.00,0.00,169.80,Pago
103167,2026-09-09 13:13:54,bruno.santos32@gmail.com,site,,,,,139.90,0.00,14.90,154.80,Pago
103168,2026-09-09 13:37:13,joao.costa@gmail.com,site,,,,,149.70,0.00,14.90,164.60,Pago
103169,2026-09-09 13:45:19,aline.araujo@hotmail.com,assinatura,,,,,69.90,6.99,0.00,62.91,Pago
103170,2026-09-09 13:48:11,eduardo.silva1999@hotmail.com,site,google,cpc,GOOGLE_SEARCH_GENERICO,,79.80,0.00,14.90,94.70,Pago
103171,2026-09-09 14:52:35,rodrigo.carvalho53@icloud.com,site,google,shopping,GOOGLE_SHOPPING,,359.60,0.00,0.00,359.60,Pago
103172,2026-09-09 17:12:05,julia.simoes591@hotmail.com,site,google,cpc,google_search_generico,,49.90,0.00,14.90,64.80,Pago
103173,2026-09-09 17:15:54, patricia.ferreira2004@gmail.com,site,instagram,social,bio_link,CAFE20,239.60,47.92,0.00,191.68,Pago
103174,2026-09-09 17:20:40,maria.loureiro41@outlook.com,site,google,cpc,GOOGLE_SEARCH_MARCA,,44.90,0.00,27.90,72.80,Pago
103175,2026-09-09 17:36:30,gustavo.martins2006@gmail.com,site,google,cpc,GOOGLE_SEARCH_MARCA,,189.80,0.00,0.00,189.80,Pago
103176,2026-09-09 19:23:08,julia.moreira@hotmail.com,site,instagram,cpc,META_PROSPECCAO_BLENDS,,49.90,0.00,14.90,64.80,Pago
103177,2026-09-09 19:50:18,mariana.silva1980@gmail.com,site,email,newsletter,news_sep,,54.90,0.00,14.90,69.80,Pago
103178,2026-09-09 20:42:41, carlos.mercon@gmail.com,assinatura,,,,,69.90,6.99,0.00,62.91,Pago
103179,2026-09-09 21:15:15,andre.simoes78@icloud.com,site,fb,paid,meta_prospeccao_blends,BEMVINDO10,89.90,8.99,14.90,95.81,Pago
103180,2026-09-09 21:32:28,PATRICIA.DALLABERNARDINA76@GMAIL.COM,site,instagram,social,bio_link,FRETEGRATIS,87.70,0.00,0.00,87.70,Pago
103181,2026-09-09 21:36:23,andre.loureiro1984@gmail.com,site,email,newsletter,news_sep,,44.90,0.00,14.90,59.80,Pago
103182,2026-09-09 21:41:08,aline.araujo49@hotmail.com,site,ig,cpc,Meta_Prospeccao_Blends ,PRIMEIRACOMPRA,229.80,34.47,0.00,195.33,Pago
103183,2026-09-09 21:41:11,PRISCILA.RODRIGUES@GMAIL.COM,site,email,newsletter,news_sep,,123.70,0.00,22.90,146.60,Pago
103184,2026-09-09 22:18:35,mateus.carvalho95@gmail.com,assinatura,,,,,69.90,6.99,0.00,62.91,Pago
103185,2026-09-10 06:00:22,julia.mercon1982@gmail.com,site,,,,BIA10,554.30,55.43,0.00,498.87,Pago
103186,2026-09-10 07:23:13,gabriela.dallabernardina429@yahoo.com.br,site,facebook,cpc,META_PROSPECCAO_BLENDS,,399.70,0.00,0.00,399.70,Pago
103187,2026-09-10 08:18:21,aline.barbosa@hotmail.com,site,,,,,18.90,0.00,14.90,33.80,Pago
103188,2026-09-10 09:01:38,pedro.pimentel@gmail.com,site,instagram,social,bio_link,,49.90,0.00,31.50,81.40,Cancelado
103189,2026-09-10 11:47:11,rodrigo.pimentel81@gmail.com,site,instagram,social,bio_link,,119.90,0.00,14.90,134.80,Pago
103190,2026-09-10 12:43:31,priscila.mercon1986@icloud.com,site,facebook,cpc,META_PROSPECCAO_BLENDS,CAFE20,56.70,11.34,14.90,60.26,Pago
103191,2026-09-10 13:47:46,carlos.rocha62@icloud.com,site,google,cpc,GOOGLE_SHOPPING,CAFE20,79.90,15.98,14.90,78.82,Pago
103192,2026-09-10 14:05:43,MARIANA.ALMEIDA91@GMAIL.COM,site,instagram,cpc,META_PROSPECCAO_BLENDS,BEMVINDO10,129.70,12.97,14.90,131.63,Pago
103193,2026-09-10 14:35:46,FERNANDA.SIMOES1998@ICLOUD.COM,site,google,cpc,google_search_generico,PRIMEIRACOMPRA,214.60,32.19,0.00,182.41,Pago
103194,2026-09-10 15:22:53,fernanda.almeida@icloud.com,assinatura,,,,,69.90,6.99,0.00,62.91,Cancelado
103195,2026-09-10 16:00:40,JULIA.CARVALHO43@GMAIL.COM,site,facebook,cpc,META_PROSPECCAO_BLENDS,,159.90,0.00,0.00,159.90,Pago
103196,2026-09-10 16:38:46,MARIA.SOUZA23@GMAIL.COM,assinatura,,,,,69.90,6.99,0.00,62.91,Pago
103197,2026-09-10 17:19:16,LUCAS.ZANOTTI@YAHOO.COM.BR,site,,,,,159.90,0.00,0.00,159.90,Pago
103198,2026-09-10 17:30:50,rafael.silva@gmail.com,site,facebook,cpc,META_PROSPECCAO_BLENDS,,69.90,0.00,31.50,101.40,Pago
103199,2026-09-10 17:52:54,ana.gomes@hotmail.com,site,google,cpc,GOOGLE_SEARCH_GENERICO,,199.70,0.00,0.00,199.70,Pago
103200,2026-09-10 18:11:21,camila.martins@gmail.com,site,,,,,219.70,0.00,0.00,219.70,Pago
103201,2026-09-11 06:06:42,gabriel.pimentel@gmail.com,site,google,cpc,GOOGLE_SEARCH_MARCA,,139.80,0.00,14.90,154.70,Pago
103202,2026-09-11 06:21:46,pedro.loureiro1990@outlook.com,site,google,cpc,google_search_generico,,127.60,0.00,14.90,142.50,Pago
103203,2026-09-11 06:33:28,GABRIEL.FERREIRA1989@HOTMAIL.COM,site,instagram,cpc,META_REMARKETING,,118.70,0.00,31.50,150.20,Pago
103204,2026-09-11 06:36:46,bruna.mercon71@gmail.com,site,instagram,cpc,META_REMARKETING,CAFE20,229.70,45.94,0.00,183.76,Cancelado
103205,2026-09-11 06:57:01,caio.dallabernardina11@hotmail.com,site,google,cpc,GOOGLE_SHOPPING,,49.90,0.00,27.90,77.80,Cancelado
103206,2026-09-11 08:48:41,carlos.gomes18@hotmail.com,assinatura,,,,,69.90,6.99,0.00,62.91,Pago
103207,2026-09-11 11:39:03,camila.martins2003@yahoo.com.br,site,instagram,influencer,INFLU_CAFE_COM_BIA,DUDA15,99.70,14.96,14.90,99.64,Pago
103208,2026-09-11 12:26:00,felipe.lima1988@hotmail.com,site,google,cpc,GOOGLE_SEARCH_MARCA,,159.90,0.00,0.00,159.90,Pago
103209,2026-09-11 14:16:46,ana.ferreira@gmail.com,site,google,cpc,GOOGLE_SEARCH_MARCA,,153.70,0.00,0.00,153.70,Pago
103210,2026-09-11 15:38:50,BRUNO.SOUZA61@GMAIL.COM,site,,,,,63.80,0.00,22.90,86.70,Pago
103211,2026-09-11 16:18:06,gustavo.silva51@gmail.com,site,google,cpc,GOOGLE_SEARCH_MARCA,,589.50,0.00,0.00,589.50,Pago
103212,2026-09-11 16:32:49,thiago.carvalho59@gmail.com,site,email,newsletter,news_sep,,219.70,0.00,0.00,219.70,Pago
103213,2026-09-11 17:51:54,beatriz.carvalho@gmail.com,site,google,cpc,GOOGLE_SEARCH_MARCA,,379.70,0.00,0.00,379.70,Pago
103214,2026-09-11 20:10:11,bruno.simoes@gmail.com,site,,,,,229.80,0.00,0.00,229.80,Pago
103215,2026-09-11 20:24:27,camila.pimentel80@gmail.com,site,google,cpc,GOOGLE_SEARCH_MARCA,,291.30,0.00,0.00,291.30,Pago
103216,2026-09-11 21:08:53,ana.oliveira38@gmail.com,site,google,shopping,GOOGLE_SHOPPING,,399.50,0.00,0.00,399.50,Pago
103217,2026-09-12 06:54:55,maria.dallabernardina1996@gmail.com,site,,,,,184.70,0.00,0.00,184.70,Pago
103218,2026-09-12 06:57:05,diego.silva@gmail.com,site,facebook,cpc,META_PROSPECCAO_BLENDS,CAFE20,69.90,13.98,14.90,70.82,Pago
103219,2026-09-12 07:20:26,ana.moreira89@hotmail.com,site,google,cpc,GOOGLE_SEARCH_MARCA,,379.30,0.00,0.00,379.30,Pago
103220,2026-09-12 09:42:47,juliana.almeida@hotmail.com,site,facebook,cpc,META_PROSPECCAO_BLENDS,BEMVINDO10,149.80,14.98,14.90,149.72,Cancelado
103221,2026-09-12 10:17:07,felipe.martins91@gmail.com,site,,,,BIA10,319.80,31.98,0.00,287.82,Cancelado
103222,2026-09-12 11:27:02,PRISCILA.CARVALHO16@YAHOO.COM.BR,site,instagram,social,bio_link,,98.80,0.00,22.90,121.70,Cancelado
103223,2026-09-12 13:07:01,diego.oliveira@gmail.com,site,email,newsletter,news_sep,,44.90,0.00,22.90,67.80,Pago
103224,2026-09-12 13:43:37,andre.barbosa@gmail.com,site,fb,paid,meta_prospeccao_blends,,144.80,0.00,14.90,159.70,Reembolsado
103225,2026-09-12 14:56:05,aline.simoes80@hotmail.com,site,instagram,cpc,META_REMARKETING,,399.70,0.00,0.00,399.70,Pago
103226,2026-09-12 15:57:02,renata.almeida1982@gmail.com,site,instagram,social,bio_link,,254.70,0.00,0.00,254.70,Pago
103227,2026-09-12 18:17:57,debora.zanotti1991@hotmail.com,site,,,,,89.90,0.00,14.90,104.80,Pago
103228,2026-09-12 19:16:08,gabriel.oliveira78@icloud.com,site,,,,,112.50,0.00,27.90,140.40,Pago
103229,2026-09-12 20:02:40,rafael.dallabernardina31@gmail.com,site,email,newsletter,news_sep,CAFE20 ,199.80,39.96,0.00,159.84,Pago
103230,2026-09-12 23:04:12,debora.moreira@hotmail.com,site,,,,,479.70,0.00,0.00,479.70,Pago
103231,2026-09-13 07:17:46,debora.almeida43@gmail.com,site,google,cpc,GOOGLE_SEARCH_MARCA,,37.80,0.00,14.90,52.70,Pago
103232,2026-09-13 07:45:58,mariana.almeida5@gmail.com,assinatura,,,,,69.90,6.99,0.00,62.91,Pago
103233,2026-09-13 07:53:40,thiago.loureiro75@icloud.com,site,facebook,cpc,META_REMARKETING,,294.70,0.00,0.00,294.70,Cancelado
103234,2026-09-13 07:56:26,luiza.araujo581@gmail.com,site,,,,,164.80,0.00,0.00,164.80,Pago
103235,2026-09-13 09:13:58,larissa.araujo47@icloud.com,site,google,cpc,GOOGLE_SEARCH_MARCA,,18.90,0.00,14.90,33.80,Pago
103236,2026-09-13 11:42:22,andre.silva2004@gmail.com,site,google,cpc,GOOGLE_SEARCH_GENERICO,,54.90,0.00,14.90,69.80,Pago
103237,2026-09-13 13:11:57,renata.lima@outlook.com,site,fb,paid,meta_prospeccao_blends,BEMVINDO10,279.70,27.97,0.00,251.73,Cancelado
103238,2026-09-13 14:24:06,camila.santos@hotmail.com,site,email,newsletter,news_sep,,164.80,0.00,0.00,164.80,Pago
103239,2026-09-13 15:06:22,rodrigo.nascimento39@gmail.com,site,ig,cpc,Meta_Prospeccao_Blends ,CAFE20,89.90,17.98,14.90,86.82,Pago
103240,2026-09-13 15:18:17,julia.araujo@gmail.com,site,google,cpc,GOOGLE_SEARCH_MARCA,,143.70,0.00,14.90,158.60,Pago
103241,2026-09-13 16:43:12,camila.silva71@hotmail.com,assinatura,,,,,69.90,6.99,0.00,62.91,Pago
103242,2026-09-13 18:00:39,gabriel.lima@gmail.com,site,instagram,social,bio_link,,159.90,0.00,0.00,159.90,Pago
103243,2026-09-13 18:51:52,bruna.mercon89@gmail.com,site,instagram,social,bio_link,,94.80,0.00,14.90,109.70,Pago
103244,2026-09-13 18:55:21,priscila.pereira@gmail.com,site,,,,,79.80,0.00,14.90,94.70,Pago
103245,2026-09-13 19:28:42,julia.lima52@outlook.com,site,ig,cpc,Meta_Prospeccao_Blends ,,194.80,0.00,0.00,194.80,Pago
103246,2026-09-13 19:31:22, pedro.costa@gmail.com,site,google,shopping,GOOGLE_SHOPPING,,324.60,0.00,0.00,324.60,Pago
103247,2026-09-13 23:24:24,beatriz.lima1981@gmail.com,site,facebook,cpc,META_PROSPECCAO_BLENDS,,204.70,0.00,0.00,204.70,Pago
103248,2026-09-13 23:53:09,camila.martins86@gmail.com,site,google,shopping,GOOGLE_SHOPPING,,294.60,0.00,0.00,294.60,Pago
103249,2026-09-14 06:43:35,lucas.barbosa50@gmail.com,site,email,newsletter,news_sep,,79.90,0.00,14.90,94.80,Pago
103250,2026-09-14 06:59:59,gustavo.loureiro2000@yahoo.com.br,site,,,,,99.70,0.00,14.90,114.60,Pago
103251,2026-09-14 07:55:40,larissa.nascimento2001@outlook.com,site,facebook,cpc,META_PROSPECCAO_BLENDS,CAFE20,254.60,50.92,0.00,203.68,Pago
103252,2026-09-14 08:57:06,luiza.zanotti70@hotmail.com,site,instagram,cpc,META_PROSPECCAO_BLENDS,BEMVINDO10,189.80,18.98,0.00,170.82,Pago
103253,2026-09-14 09:43:25,gabriel.simoes1988@gmail.com,site,whatsapp,referral,indique_ganhe,,119.90,0.00,14.90,134.80,Aguardando pagamento
103254,2026-09-14 10:15:18,gabriela.carvalho66@gmail.com,site,,,,,54.90,0.00,14.90,69.80,Pago
103255,2026-09-14 11:21:07,fernanda.loureiro1993@gmail.com,site,fb,paid,meta_prospeccao_blends,,334.50,0.00,0.00,334.50,Pago
103256,2026-09-14 12:00:03,thais.ribeiro@hotmail.com,site,,,,,679.40,0.00,0.00,679.40,Cancelado
103257,2026-09-14 13:13:48, gustavo.santos@hotmail.com,site,whatsapp,referral,indique_ganhe,,74.70,0.00,14.90,89.60,Pago
103258,2026-09-14 14:03:03,julia.carvalho1997@gmail.com,site,facebook,cpc,META_PROSPECCAO_BLENDS,BEMVINDO10,129.80,12.98,14.90,131.72,Pago
103259,2026-09-14 15:30:42,maria.gomes14@gmail.com,site,google,shopping,GOOGLE_SHOPPING,,119.90,0.00,14.90,134.80,Pago
103260,2026-09-14 16:02:28,luiza.carvalho@outlook.com,site,instagram,influencer,INFLU_CAFE_COM_BIA,BIA10,139.90,13.99,22.90,148.81,Pago
103261,2026-09-14 17:47:57, diego.gomes66@icloud.com,site,instagram,cpc,META_REMARKETING,CAFE20 ,119.90,23.98,14.90,110.82,Pago
103262,2026-09-14 18:42:17,mariana.carvalho@outlook.com,site,,,,,49.90,0.00,27.90,77.80,Pago
103263,2026-09-14 19:12:08,mariana.santos87@hotmail.com,site,instagram,influencer,INFLU_CAFE_COM_BIA,DUDA15,69.90,10.49,14.90,74.31,Pago
103264,2026-09-14 22:17:18, juliana.mercon41@gmail.com,site,google,cpc,GOOGLE_SEARCH_GENERICO,,18.90,0.00,14.90,33.80,Pago
103265,2026-09-14 22:25:02,camila.loureiro33@gmail.com,site,google,cpc,GOOGLE_SEARCH_MARCA,BEMVINDO10,129.80,12.98,31.50,148.32,Pago
103266,2026-09-14 23:02:11,andre.loureiro90@gmail.com,site,instagram,social,bio_link,,159.90,0.00,0.00,159.90,Cancelado
103267,2026-09-15 06:07:54,leticia.costa2005@gmail.com,site,,,,,139.80,0.00,14.90,154.70,Pago
103268,2026-09-15 06:23:58,priscila.costa1991@gmail.com,site,email,newsletter,news_sep,CAFE20,24.90,4.98,14.90,34.82,Pago
103269,2026-09-15 06:28:39,thiago.carvalho83@icloud.com,site,instagram,social,bio_link,,117.70,0.00,31.50,149.20,Pago
103270,2026-09-15 07:59:48,juliana.martins22@yahoo.com.br,site,instagram,social,bio_link,,178.80,0.00,0.00,178.80,Pago
103271,2026-09-15 09:24:46,leticia.souza@gmail.com,site,instagram,influencer,INFLU_CAFE_COM_BIA,BIA10 ,243.50,24.35,0.00,219.15,Pago
103272,2026-09-15 11:32:18,renata.araujo2000@outlook.com,assinatura,,,,,69.90,6.99,0.00,62.91,Pago
103273,2026-09-15 13:17:51,marcelo.pereira34@gmail.com,assinatura,,,,,69.90,6.99,0.00,62.91,Pago
103273,2026-09-15 13:17:51,marcelo.pereira34@gmail.com,assinatura,,,,,69.90,6.99,0.00,62.91,Pago
103274,2026-09-15 14:05:05, caio.souza2000@gmail.com,site,google,cpc,GOOGLE_SEARCH_MARCA,,324.50,0.00,0.00,324.50,Pago
103275,2026-09-15 14:24:20, caio.costa1986@hotmail.com,site,facebook,cpc,META_PROSPECCAO_BLENDS,,54.90,0.00,14.90,69.80,Pago
103276,2026-09-15 15:16:23,larissa.gomes@gmail.com,site,,,,,119.90,0.00,14.90,134.80,Reembolsado
103277,2026-09-15 15:19:26,rodrigo.gomes82@gmail.com,site,instagram,cpc,META_PROSPECCAO_BLENDS,PRIMEIRACOMPRA,89.90,13.49,27.90,104.31,Pago
103278,2026-09-15 15:57:42,gabriela.costa@gmail.com,site,google,cpc,GOOGLE_SEARCH_MARCA,FRETEGRATIS,159.90,0.00,0.00,159.90,Pago
103279,2026-09-15 16:04:28,lucas.rocha1988@hotmail.com,site,google,cpc,GOOGLE_SEARCH_GENERICO,,44.90,0.00,14.90,59.80,Pago
103280,2026-09-15 16:57:53,thais.santos2002@gmail.com,assinatura,,,,,69.90,6.99,0.00,62.91,Pago
103281,2026-09-15 17:16:39,patricia.carvalho1981@gmail.com,assinatura,,,,,69.90,6.99,0.00,62.91,Pago
103282,2026-09-15 18:43:03,rodrigo.martins35@icloud.com,site,google,cpc,google_search_generico,,24.90,0.00,27.90,52.80,Cancelado
103283,2026-09-15 20:32:19, renata.pereira@hotmail.com,site,email,newsletter,news_sep,,69.90,0.00,14.90,84.80,Pago
103284,2026-09-15 21:53:35,priscila.oliveira1991@yahoo.com.br,site,google,cpc,GOOGLE_SEARCH_MARCA,,54.90,0.00,14.90,69.80,Pago
103285,2026-09-15 21:59:28,diego.nascimento60@gmail.com,site,,,,,104.80,0.00,31.50,136.30,Pago
103286,2026-09-15 23:02:09,gabriel.simoes@gmail.com,site,,,,bia10,37.80,3.78,27.90,61.92,Pago
103287,2026-09-15 23:18:08,priscila.martins8@hotmail.com,site,google,cpc,GOOGLE_SHOPPING,PRIMEIRACOMPRA,44.90,6.73,14.90,53.07,Pago
103288,2026-09-16 07:23:11,priscila.costa2000@outlook.com,site,facebook,cpc,META_PROSPECCAO_BLENDS,CAFE20,159.90,31.98,14.90,142.82,Pago
103289,2026-09-16 08:44:51,thais.dallabernardina@yahoo.com.br,site,instagram,cpc,META_PROSPECCAO_BLENDS,,159.90,0.00,0.00,159.90,Pago
103290,2026-09-16 11:50:07,gabriel.ribeiro60@hotmail.com,site,instagram,cpc,META_PROSPECCAO_BLENDS,PRIMEIRACOMPRA,124.70,18.70,14.90,120.90,Pago
103291,2026-09-16 12:50:22,caio.moreira@gmail.com,site,google,shopping,GOOGLE_SHOPPING,,169.80,0.00,0.00,169.80,Pago
103292,2026-09-16 13:00:45,leticia.pereira1990@gmail.com,site,facebook,cpc,META_REMARKETING, BEMVINDO10,174.70,17.47,0.00,157.23,Pago
103293,2026-09-16 17:08:52,bruna.carvalho1980@hotmail.com,site,fb,paid,meta_prospeccao_blends,,49.90,0.00,14.90,64.80,Pago
103294,2026-09-16 17:26:54,julia.ribeiro45@gmail.com,site,google,cpc,GOOGLE_SEARCH_MARCA, CAFE20,279.60,55.92,0.00,223.68,Pago
103295,2026-09-16 17:51:45,patricia.almeida2005@gmail.com,site,instagram,social,bio_link,,69.90,0.00,14.90,84.80,Pago
103296,2026-09-16 18:01:25,fernanda.moreira@gmail.com,site,,,,,309.70,0.00,0.00,309.70,Pago
103297,2026-09-16 18:16:34,felipe.gomes2006@gmail.com,site,email,newsletter,news_sep,,79.80,0.00,31.50,111.30,Pago
103298,2026-09-16 18:30:17,maria.oliveira1999@hotmail.com,site,google,cpc,GOOGLE_SEARCH_MARCA,fretegratis,49.90,0.00,0.00,49.90,Pago
103299,2026-09-16 19:28:33,thiago.pereira2001@gmail.com,site,,,,,139.90,0.00,14.90,154.80,Pago
103300,2026-09-16 20:49:41,maria.moreira83@icloud.com,site,ig,cpc,Meta_Prospeccao_Blends ,CAFE20,179.80,35.96,14.90,158.74,Pago
103301,2026-09-16 22:08:02,maria.loureiro@gmail.com,site,instagram,social,bio_link,BEMVINDO10,219.70,21.97,0.00,197.73,Cancelado
103302,2026-09-17 07:32:23,fernanda.lima69@yahoo.com.br,site,,,,,49.90,0.00,14.90,64.80,Pago
103303,2026-09-17 08:07:48,ana.almeida1989@yahoo.com.br,site,facebook,cpc,META_REMARKETING,CAFE20,134.80,26.96,31.50,139.34,Pago
103304,2026-09-17 12:15:36,debora.oliveira1994@icloud.com,site,,,,,69.80,0.00,14.90,84.70,Pago
103305,2026-09-17 12:28:57,bruna.araujo488@gmail.com,site,,,,,183.70,0.00,0.00,183.70,Pago
103306,2026-09-17 12:33:24,camila.nascimento1987@gmail.com,site,facebook,cpc,META_REMARKETING,,49.90,0.00,22.90,72.80,Pago
103307,2026-09-17 12:50:25,ana.lima1989@gmail.com,site,,,,,99.80,0.00,14.90,114.70,Pago
103308,2026-09-17 13:12:28,juliana.ferreira1991@gmail.com,site,facebook,cpc,META_REMARKETING,,159.90,0.00,0.00,159.90,Pago
103309,2026-09-17 14:17:47,thiago.barbosa67@gmail.com,site,instagram,cpc,META_PROSPECCAO_BLENDS,BEMVINDO10,189.70,18.97,0.00,170.73,Pago
103310,2026-09-17 14:29:19,FERNANDA.RIBEIRO@GMAIL.COM,site,google,cpc,GOOGLE_SEARCH_MARCA,,89.90,0.00,14.90,104.80,Pago
103311,2026-09-17 15:15:19,leticia.almeida524@gmail.com,site,instagram,influencer,INFLU_DUDA_BARISTA,BIA10,278.60,27.86,0.00,250.74,Pago
103312,2026-09-17 16:17:54,ANA.LOUREIRO47@YAHOO.COM.BR,site,instagram,social,bio_link,,179.70,0.00,0.00,179.70,Pago
103313,2026-09-17 16:38:32,renata.lima912@outlook.com,site,google,cpc,GOOGLE_SEARCH_MARCA,,359.60,0.00,0.00,359.60,Pago
103314,2026-09-17 16:59:41,ana.santos@icloud.com,site,google,cpc,GOOGLE_SEARCH_MARCA,,139.80,0.00,14.90,154.70,Pago
103315,2026-09-17 18:43:45,luiza.barbosa95@yahoo.com.br,site,google,cpc,GOOGLE_SHOPPING,BEMVINDO10,89.90,8.99,14.90,95.81,Aguardando pagamento
103316,2026-09-17 20:07:03,maria.pimentel2001@hotmail.com,site,facebook,cpc,META_PROSPECCAO_BLENDS,,89.90,0.00,27.90,117.80,Pago
103317,2026-09-17 21:30:13,luiza.lima17@gmail.com,site,facebook,cpc,META_REMARKETING,PRIMEIRACOMPRA,189.80,28.47,0.00,161.33,Pago
103318,2026-09-17 23:54:29,EDUARDO.GOMES46@HOTMAIL.COM,site,google,cpc,GOOGLE_SHOPPING,,259.80,0.00,0.00,259.80,Pago
103319,2026-09-18 07:39:25,priscila.nascimento22@icloud.com,site,instagram,cpc,META_PROSPECCAO_BLENDS,PRIMEIRACOMPRA,234.70,35.20,0.00,199.50,Pago
103320,2026-09-18 07:45:18, julia.barbosa52@outlook.com,site,instagram,social,bio_link,,148.70,0.00,14.90,163.60,Pago
103321,2026-09-18 11:53:51,thiago.simoes@gmail.com,site,,,,,89.90,0.00,14.90,104.80,Pago
103322,2026-09-18 12:24:59,maria.santos1997@gmail.com,site,,,,,98.80,0.00,31.50,130.30,Pago
103323,2026-09-18 13:04:42,bruna.martins1998@hotmail.com,site,google,cpc,google_search_generico,,18.90,0.00,14.90,33.80,Pago
103324,2026-09-18 13:29:35,carlos.souza@gmail.com,site,,,,,79.90,0.00,31.50,111.40,Pago
103325,2026-09-18 17:22:47,bruna.araujo103@gmail.com,site,instagram,cpc,META_PROSPECCAO_BLENDS,PRIMEIRACOMPRA,129.80,19.47,14.90,125.23,Pago
103326,2026-09-18 17:59:33,carolina.zanotti1991@hotmail.com,site,,,,INDIQUE15,134.80,20.22,14.90,129.48,Pago
103327,2026-09-18 19:45:10,thiago.rodrigues2000@hotmail.com,site,google,cpc,GOOGLE_SEARCH_MARCA,,79.90,0.00,14.90,94.80,Pago
103328,2026-09-18 22:40:12,mariana.silva1988@gmail.com,site,google,organic,,,319.60,0.00,0.00,319.60,Pago
103329,2026-09-18 23:09:08,debora.nascimento67@hotmail.com,site,instagram,social,bio_link,,74.80,0.00,14.90,89.70,Pago
103330,2026-09-18 23:53:04,fabio.simoes2005@hotmail.com,site,google,cpc,GOOGLE_SEARCH_MARCA,,99.80,0.00,14.90,114.70,Pago
103331,2026-09-19 06:56:52,gabriela.nascimento1991@gmail.com,assinatura,,,,,69.90,6.99,0.00,62.91,Pago
103332,2026-09-19 07:29:59,LETICIA.OLIVEIRA@GMAIL.COM,site,instagram,cpc,META_PROSPECCAO_BLENDS,,139.90,0.00,14.90,154.80,Pago
103333,2026-09-19 08:15:35,ana.gomes2001@gmail.com,site,,,,,159.90,0.00,0.00,159.90,Pago
103334,2026-09-19 09:58:43,mariana.souza1993@hotmail.com,assinatura,,,,,69.90,6.99,0.00,62.91,Pago
103335,2026-09-19 10:17:39,leticia.oliveira1981@hotmail.com,site,,,,,354.40,0.00,0.00,354.40,Pago
103336,2026-09-19 10:34:23,debora.dallabernardina36@gmail.com,site,email,newsletter,news_sep,,359.60,0.00,0.00,359.60,Pago
103337,2026-09-19 11:14:03,gabriela.loureiro76@gmail.com,site,email,newsletter,news_sep,,49.90,0.00,14.90,64.80,Pago
103338,2026-09-19 11:58:50,beatriz.gomes2003@gmail.com,site,google,cpc,GOOGLE_SEARCH_GENERICO,,209.80,0.00,0.00,209.80,Pago
103339,2026-09-19 12:18:26, debora.pimentel90@gmail.com,site,,,,,339.50,0.00,0.00,339.50,Pago
103340,2026-09-19 12:41:48,patricia.carvalho85@gmail.com,site,,,,,439.60,0.00,0.00,439.60,Pago
103341,2026-09-19 14:00:16,carolina.lima41@hotmail.com,site,google,cpc,GOOGLE_SEARCH_GENERICO,,189.60,0.00,0.00,189.60,Pago
103342,2026-09-19 15:28:39,debora.rocha@hotmail.com,site,facebook,cpc,META_PROSPECCAO_BLENDS,BEMVINDO10,79.90,7.99,14.90,86.81,Pago
103343,2026-09-19 15:40:16,renata.carvalho1981@gmail.com,site,email,newsletter,news_sep,CAFE20,44.90,8.98,14.90,50.82,Pago
103344,2026-09-19 16:32:01,renata.oliveira49@hotmail.com,site,instagram,cpc,META_REMARKETING,PRIMEIRACOMPRA,54.90,8.23,14.90,61.57,Reembolsado
103345,2026-09-19 17:54:02,JULIANA.SILVA16@GMAIL.COM,site,google,organic,,,164.80,0.00,0.00,164.80,Pago
103346,2026-09-19 21:17:20,gabriel.oliveira1980@outlook.com,site,,,,,69.90,0.00,14.90,84.80,Pago
103347,2026-09-19 22:17:49,thiago.ferreira1987@gmail.com,assinatura,,,,,69.90,6.99,0.00,62.91,Pago
103348,2026-09-19 22:55:54,vinicius.carvalho1991@outlook.com,site,google,shopping,GOOGLE_SHOPPING,,119.90,0.00,14.90,134.80,Pago
103349,2026-09-20 07:22:33,carolina.santos27@hotmail.com,assinatura,,,,,69.90,6.99,0.00,62.91,Pago
103350,2026-09-20 09:54:56,gabriela.martins2001@hotmail.com,site,,,,,389.50,0.00,0.00,389.50,Cancelado
103351,2026-09-20 10:01:30,pedro.costa1997@gmail.com,site,instagram,social,bio_link,,44.90,0.00,14.90,59.80,Pago
103352,2026-09-20 11:38:55,leticia.costa87@outlook.com,site,,,,,79.90,0.00,14.90,94.80,Pago
103353,2026-09-20 11:52:20,rafael.araujo1987@gmail.com,site,google,cpc,GOOGLE_SEARCH_MARCA,,319.80,0.00,0.00,319.80,Pago
103354,2026-09-20 12:55:04,gustavo.araujo1981@yahoo.com.br,assinatura,,,,,69.90,6.99,0.00,62.91,Pago
103355,2026-09-20 13:48:26,vinicius.almeida42@gmail.com,site,google,organic,,CAFE20,44.90,8.98,14.90,50.82,Pago
103356,2026-09-20 15:50:46,camila.pereira9@icloud.com,site,google,organic,,BEMVINDO10,399.60,39.96,0.00,359.64,Pago
103357,2026-09-20 19:19:39,thais.carvalho@gmail.com,site,email,newsletter,news_sep,,204.80,0.00,0.00,204.80,Pago
103358,2026-09-20 20:21:26,gustavo.ferreira@hotmail.com,assinatura,,,,,69.90,6.99,0.00,62.91,Pago
103359,2026-09-20 20:32:47,marcelo.moreira@hotmail.com,site,instagram,influencer,INFLU_DUDA_BARISTA,DUDA15,49.90,7.48,22.90,65.32,Pago
103360,2026-09-20 20:35:18,eduardo.almeida@gmail.com,site,google,cpc,google_search_generico,,92.70,0.00,14.90,107.60,Pago
103361,2026-09-20 21:59:20,carlos.lima1995@yahoo.com.br,site,facebook,cpc,META_PROSPECCAO_BLENDS,primeiracompra,69.90,10.49,14.90,74.31,Pago
103362,2026-09-20 22:00:36,camila.costa78@gmail.com,site,,,,DUDA15,18.90,2.83,14.90,30.97,Pago
103363,2026-09-21 07:27:24,FERNANDA.SILVA95@OUTLOOK.COM,site,instagram,influencer,INFLU_CAFE_COM_BIA,,649.40,0.00,0.00,649.40,Pago
103364,2026-09-21 09:35:20,patricia.pimentel@icloud.com,site,,,,CAFE20,49.90,9.98,14.90,54.82,Pago
103365,2026-09-21 10:00:12,bruna.simoes@hotmail.com,site,instagram,influencer,INFLU_CAFE_COM_BIA,DUDA15,89.90,13.49,14.90,91.31,Pago
103366,2026-09-21 10:05:29,priscila.dallabernardina68@gmail.com,site,,,,,279.50,0.00,0.00,279.50,Pago
103367,2026-09-21 11:55:58,FERNANDA.SILVA2001@YAHOO.COM.BR,site,email,newsletter,news_sep,,319.80,0.00,0.00,319.80,Pago
103368,2026-09-21 12:25:11,beatriz.simoes55@gmail.com,site,email,newsletter,news_sep,FRETEGRATIS,159.90,0.00,0.00,159.90,Pago
103369,2026-09-21 13:08:10,felipe.ferreira@gmail.com,site,facebook,cpc,META_PROSPECCAO_BLENDS,,123.70,0.00,31.50,155.20,Pago
103370,2026-09-21 13:43:07,eduardo.almeida1994@gmail.com,site,google,cpc,GOOGLE_SEARCH_MARCA,,298.70,0.00,0.00,298.70,Pago
103371,2026-09-21 13:54:23,debora.almeida45@yahoo.com.br,site,,,,,159.90,0.00,0.00,159.90,Cancelado
103372,2026-09-21 14:13:37,thais.ferreira96@yahoo.com.br,site,email,newsletter,news_sep,FRETEGRATIS,92.70,0.00,0.00,92.70,Pago
103373,2026-09-21 14:22:37,priscila.pereira2000@outlook.com,site,google,cpc,GOOGLE_SEARCH_MARCA,,279.80,0.00,0.00,279.80,Pago
103374,2026-09-21 15:42:08,priscila.pereira14@gmail.com,site,google,cpc,GOOGLE_SEARCH_MARCA,CAFE20,229.60,45.92,0.00,183.68,Pago
103375,2026-09-21 18:18:39,fabio.oliveira@outlook.com,site,instagram,social,bio_link,FRETEGRATIS,44.90,0.00,0.00,44.90,Pago
103376,2026-09-21 18:19:24, fabio.oliveira2005@gmail.com,site,email,newsletter,news_sep,,79.90,0.00,14.90,94.80,Pago
103377,2026-09-21 20:30:02,vinicius.santos2004@hotmail.com,site,facebook,cpc,META_REMARKETING,,24.90,0.00,14.90,39.80,Pago
103378,2026-09-21 23:51:30,mateus.pereira82@hotmail.com,site,google,cpc,GOOGLE_SEARCH_MARCA,,284.40,0.00,0.00,284.40,Pago
103379,2026-09-21 23:53:19,bruno.nascimento1991@outlook.com,site,,,,,89.90,0.00,14.90,104.80,Aguardando pagamento
103380,2026-09-21 23:55:23,bruna.araujo@hotmail.com,site,google,shopping,GOOGLE_SHOPPING,,179.80,0.00,0.00,179.80,Pago
103381,2026-09-21 23:58:53,diego.almeida82@icloud.com,site,facebook,cpc,META_PROSPECCAO_BLENDS,,393.60,0.00,0.00,393.60,Pago
103382,2026-09-22 06:30:49,diego.pereira1999@gmail.com,site,,,,,49.90,0.00,14.90,64.80,Pago
103383,2026-09-22 06:50:00,luiza.ribeiro93@gmail.com,site,google,cpc,GOOGLE_SEARCH_MARCA,,159.80,0.00,0.00,159.80,Pago
103384,2026-09-22 06:58:00,aline.oliveira1988@gmail.com,site,google,cpc,GOOGLE_SEARCH_MARCA,,304.50,0.00,0.00,304.50,Pago
103385,2026-09-22 08:09:24,mateus.costa1984@gmail.com,site,google,cpc,GOOGLE_SEARCH_MARCA,,274.50,0.00,0.00,274.50,Pago
103386,2026-09-22 14:06:21,ana.moreira58@gmail.com,site,,,,,49.90,0.00,14.90,64.80,Pago
103387,2026-09-22 14:37:19,priscila.oliveira95@hotmail.com,site,,,,,79.90,0.00,14.90,94.80,Pago
103388,2026-09-22 19:24:03,renata.silva89@yahoo.com.br,site,google,shopping,GOOGLE_SHOPPING,,139.90,0.00,22.90,162.80,Pago
103389,2026-09-22 20:08:19,fernanda.loureiro1989@gmail.com,site,email,newsletter,news_sep,,69.90,0.00,14.90,84.80,Pago
103390,2026-09-22 20:08:40,camila.nascimento74@gmail.com,site,instagram,social,bio_link,,79.80,0.00,27.90,107.70,Pago
103391,2026-09-22 20:19:33,renata.barbosa57@gmail.com,site,whatsapp,referral,indique_ganhe,INDIQUE15,159.90,23.98,14.90,150.82,Pago
103392,2026-09-22 22:09:08,larissa.araujo1999@gmail.com,site,email,newsletter,news_sep,,154.70,0.00,0.00,154.70,Pago
103393,2026-09-22 22:49:44,MARIANA.FERREIRA@GMAIL.COM,site,instagram,cpc,META_PROSPECCAO_BLENDS,PRIMEIRACOMPRA,159.80,23.97,14.90,150.73,Pago
103394,2026-09-23 06:42:17,camila.simoes50@gmail.com,site,fb,paid,meta_prospeccao_blends,PRIMEIRACOMPRA,68.70,10.30,31.50,89.90,Pago
103395,2026-09-23 07:35:29,bruna.gomes@gmail.com,site,google,cpc,GOOGLE_SEARCH_MARCA,,24.90,0.00,14.90,39.80,Pago
103396,2026-09-23 08:36:13,bruna.araujo1994@gmail.com,site,email,newsletter,news_sep,FRETEGRATIS,44.90,0.00,0.00,44.90,Pago
103397,2026-09-23 09:29:04,camila.martins392@outlook.com,site,google,cpc,GOOGLE_SEARCH_MARCA,,164.80,0.00,0.00,164.80,Pago
103398,2026-09-23 10:02:18,thais.costa1998@icloud.com,site,instagram,social,bio_link,,139.80,0.00,14.90,154.70,Pago
103399,2026-09-23 10:28:33,thais.araujo@icloud.com,site,instagram,social,bio_link,,69.90,0.00,14.90,84.80,Pago
103400,2026-09-23 11:06:40,aline.carvalho@hotmail.com,assinatura,,,,,69.90,6.99,0.00,62.91,Reembolsado
103401,2026-09-23 11:13:37,priscila.almeida15@outlook.com,site,instagram,social,bio_link,,139.90,0.00,31.50,171.40,Pago
103402,2026-09-23 11:20:21,rafael.mercon2001@gmail.com,site,google,cpc,google_search_generico,,124.70,0.00,14.90,139.60,Pago
103403,2026-09-23 12:11:46,juliana.souza2003@gmail.com,site,email,newsletter,news_sep,,54.90,0.00,14.90,69.80,Pago
103404,2026-09-23 12:58:10,joao.nascimento508@gmail.com,site,google,cpc,GOOGLE_SHOPPING,,239.70,0.00,0.00,239.70,Aguardando pagamento
103405,2026-09-23 13:29:48,gabriel.gomes1991@gmail.com,site,email,newsletter,news_sep,,24.90,0.00,14.90,39.80,Pago
103406,2026-09-23 15:17:55,leticia.souza81@yahoo.com.br,site,,,,,172.60,0.00,0.00,172.60,Pago
103407,2026-09-23 16:32:42,renata.simoes10@gmail.com,site,instagram,social,bio_link,,244.50,0.00,0.00,244.50,Pago
103408,2026-09-23 20:25:08,rafael.loureiro46@hotmail.com,assinatura,,,,,69.90,6.99,0.00,62.91,Pago
103409,2026-09-24 06:07:19,rodrigo.pereira@gmail.com,site,google,cpc,GOOGLE_SEARCH_MARCA,,18.90,0.00,22.90,41.80,Pago
103410,2026-09-24 07:07:58,caio.mercon@hotmail.com,site,google,cpc,GOOGLE_SEARCH_GENERICO,,54.90,0.00,14.90,69.80,Pago
103411,2026-09-24 07:14:55,beatriz.rodrigues1995@icloud.com,site,email,newsletter,news_sep,,129.80,0.00,14.90,144.70,Pago
103412,2026-09-24 07:41:09,bruna.rocha85@gmail.com,assinatura,,,,,69.90,6.99,0.00,62.91,Cancelado
103413,2026-09-24 13:55:27,marcelo.simoes2004@gmail.com,site,ig,cpc,Meta_Prospeccao_Blends ,CAFE20,49.80,9.96,14.90,54.74,Pago
103414,2026-09-24 14:56:31,PATRICIA.GOMES@GMAIL.COM,site,google,cpc,GOOGLE_SHOPPING,,139.80,0.00,14.90,154.70,Pago
103415,2026-09-24 17:07:51,thiago.costa1982@hotmail.com,site,,,,,24.90,0.00,31.50,56.40,Pago
103416,2026-09-24 17:47:33,JOAO.ALMEIDA2001@GMAIL.COM,site,,,,,24.90,0.00,14.90,39.80,Pago
103417,2026-09-24 19:07:27,marcelo.ribeiro@outlook.com,site,,,,,302.50,0.00,0.00,302.50,Cancelado
103418,2026-09-24 19:46:28,marcelo.santos@gmail.com,site,instagram,influencer,INFLU_DUDA_BARISTA,BIA10,456.40,45.64,0.00,410.76,Pago
103419,2026-09-24 21:35:50,thiago.dallabernardina1998@yahoo.com.br,site,instagram,influencer,INFLU_CAFE_COM_BIA,DUDA15,144.70,21.70,14.90,137.90,Pago
103420,2026-09-24 22:29:58, mateus.dallabernardina1999@gmail.com,site,instagram,influencer,INFLU_DUDA_BARISTA,BIA10,158.80,15.88,14.90,157.82,Pago
103421,2026-09-25 08:41:59,GABRIELA.RIBEIRO1988@YAHOO.COM.BR,site,instagram,social,bio_link,,119.90,0.00,14.90,134.80,Pago
103422,2026-09-25 09:45:17, patricia.mercon75@gmail.com,assinatura,,,,,69.90,6.99,0.00,62.91,Pago
103423,2026-09-25 11:27:53,priscila.lima@gmail.com,site,,,,BIA10,49.90,4.99,14.90,59.81,Pago
103424,2026-09-25 12:46:03,larissa.dallabernardina@gmail.com,site,,,,,24.90,0.00,22.90,47.80,Aguardando pagamento
103425,2026-09-25 14:35:31,carolina.oliveira@gmail.com,site,,,,,374.50,0.00,0.00,374.50,Cancelado
103426,2026-09-25 15:00:02,debora.rocha@gmail.com,site,instagram,social,bio_link,,379.60,0.00,0.00,379.60,Pago
103427,2026-09-25 15:21:36,thiago.santos5@gmail.com,site,instagram,social,bio_link,,138.80,0.00,14.90,153.70,Pago
103428,2026-09-25 16:21:47,thais.simoes1987@gmail.com,site,google,cpc,GOOGLE_SEARCH_MARCA,,49.90,0.00,14.90,64.80,Aguardando pagamento
103429,2026-09-25 17:43:43,eduardo.pimentel@gmail.com,site,google,shopping,GOOGLE_SHOPPING,,139.90,0.00,27.90,167.80,Pago
103430,2026-09-25 18:08:17,aline.rocha1981@gmail.com,site,facebook,cpc,META_PROSPECCAO_BLENDS,PRIMEIRACOMPRA,209.80,31.47,0.00,178.33,Pago
103431,2026-09-25 18:19:30,DEBORA.RODRIGUES39@GMAIL.COM,site,instagram,social,bio_link,,99.80,0.00,14.90,114.70,Pago
103432,2026-09-25 21:07:54,bruna.araujo1999@hotmail.com,site,instagram,cpc,META_PROSPECCAO_BLENDS,CAFE20,49.90,9.98,14.90,54.82,Pago
103433,2026-09-25 23:31:34, julia.pereira55@gmail.com,site,ig,cpc,Meta_Prospeccao_Blends ,,89.90,0.00,14.90,104.80,Pago
103434,2026-09-25 23:38:17,RAFAEL.SIMOES64@YAHOO.COM.BR,site,google,cpc,GOOGLE_SEARCH_MARCA,,568.40,0.00,0.00,568.40,Pago
103435,2026-09-25 23:47:26,marcelo.martins27@hotmail.com,site,google,cpc,google_search_generico,,74.70,0.00,14.90,89.60,Pago
103436,2026-09-26 09:40:52,fabio.dallabernardina1995@gmail.com,site,fb,paid,meta_prospeccao_blends,CAFE20,384.60,76.92,0.00,307.68,Pago
103437,2026-09-26 10:17:01,lucas.zanotti34@icloud.com,site,email,newsletter,news_sep,,89.80,0.00,14.90,104.70,Pago
103438,2026-09-26 10:54:15,PEDRO.ROCHA14@GMAIL.COM,site,google,cpc,GOOGLE_SEARCH_MARCA,,569.30,0.00,0.00,569.30,Aguardando pagamento
103439,2026-09-26 11:37:27,larissa.rocha@gmail.com,site,,,,,69.90,0.00,14.90,84.80,Pago
103440,2026-09-26 13:32:02,lucas.moreira66@gmail.com,site,google,cpc,GOOGLE_SEARCH_MARCA,,169.80,0.00,0.00,169.80,Pago
103441,2026-09-26 15:09:01,fernanda.simoes2004@icloud.com,site,instagram,social,bio_link,,24.90,0.00,14.90,39.80,Pago
103442,2026-09-26 15:33:58,leticia.carvalho92@gmail.com,site,facebook,cpc,META_REMARKETING,,89.90,0.00,14.90,104.80,Pago
103443,2026-09-26 16:06:16,carolina.dallabernardina1988@yahoo.com.br,site,google,cpc,GOOGLE_SEARCH_MARCA,,54.90,0.00,14.90,69.80,Pago
103444,2026-09-26 16:24:33,priscila.nascimento@gmail.com,site,google,cpc,GOOGLE_SHOPPING,,54.90,0.00,14.90,69.80,Pago
103445,2026-09-26 17:19:59,mariana.moreira1982@hotmail.com,site,instagram,social,bio_link,,283.60,0.00,0.00,283.60,Pago
103446,2026-09-26 19:39:18, gabriela.costa1999@hotmail.com,site,,,,FRETEGRATIS,92.70,0.00,0.00,92.70,Pago
103447,2026-09-26 20:39:38,carolina.almeida@gmail.com,site,whatsapp,referral,indique_ganhe,INDIQUE15,244.60,36.69,0.00,207.91,Pago
103448,2026-09-26 21:06:53,patricia.araujo1987@hotmail.com,assinatura,,,,,69.90,6.99,0.00,62.91,Cancelado
103449,2026-09-26 21:10:42,marcelo.moreira@icloud.com,site,instagram,social,bio_link,,37.80,0.00,14.90,52.70,Pago
103450,2026-09-26 22:34:20,maria.costa@outlook.com,site,google,cpc,GOOGLE_SEARCH_MARCA,,239.70,0.00,0.00,239.70,Pago
103451,2026-09-26 22:55:43,vinicius.simoes1993@hotmail.com,site,whatsapp,referral,indique_ganhe,,159.80,0.00,0.00,159.80,Pago
103452,2026-09-27 06:01:23, priscila.silva2005@gmail.com,site,google,cpc,GOOGLE_SHOPPING,,129.80,0.00,14.90,144.70,Pago
103453,2026-09-27 06:05:01,fabio.moreira2004@gmail.com,site,google,organic,,,419.40,0.00,0.00,419.40,Pago
103454,2026-09-27 06:06:10,leticia.mercon@gmail.com,site,google,organic,,,54.90,0.00,14.90,69.80,Pago
103455,2026-09-27 08:26:19,luiza.araujo26@yahoo.com.br,site,ig,cpc,Meta_Prospeccao_Blends ,,99.80,0.00,14.90,114.70,Aguardando pagamento
103456,2026-09-27 11:38:00,lucas.gomes@hotmail.com,site,instagram,social,bio_link,,54.90,0.00,14.90,69.80,Pago
103457,2026-09-27 15:34:35,thais.almeida18@yahoo.com.br,site,google,cpc,GOOGLE_SHOPPING,,139.80,0.00,14.90,154.70,Pago
103458,2026-09-27 17:37:23,priscila.gomes@gmail.com,site,google,cpc,GOOGLE_SEARCH_MARCA,,209.80,0.00,0.00,209.80,Pago
103459,2026-09-27 18:41:10,ANA.PIMENTEL13@GMAIL.COM,site,facebook,cpc,META_PROSPECCAO_BLENDS,PRIMEIRACOMPRA,44.90,6.73,14.90,53.07,Pago
103460,2026-09-27 19:10:53,carlos.barbosa@yahoo.com.br,site,email,newsletter,news_sep,,226.30,0.00,0.00,226.30,Pago
103461,2026-09-27 20:21:58,vinicius.barbosa5@outlook.com,site,google,cpc,GOOGLE_SEARCH_GENERICO,,209.80,0.00,0.00,209.80,Pago
103462,2026-09-27 20:33:38,bruna.gomes855@hotmail.com,assinatura,,,,,69.90,6.99,0.00,62.91,Pago
103463,2026-09-27 21:03:52,debora.moreira@gmail.com,site,instagram,cpc,META_PROSPECCAO_BLENDS,PRIMEIRACOMPRA,54.90,8.23,31.50,78.17,Pago
103464,2026-09-27 21:09:12,thais.nascimento1999@outlook.com,site,,,,,344.60,0.00,0.00,344.60,Pago
103465,2026-09-27 21:30:16,camila.santos1986@yahoo.com.br,site,instagram,cpc,META_REMARKETING,BEMVINDO10,239.80,23.98,0.00,215.82,Pago
103466,2026-09-27 21:37:46,bruna.ribeiro41@icloud.com,site,,,,,94.80,0.00,14.90,109.70,Pago
103467,2026-09-27 23:02:25,fabio.simoes@gmail.com,site,google,cpc,google_search_generico,,18.90,0.00,31.50,50.40,Pago
103468,2026-09-27 23:06:20,THIAGO.GOMES1982@YAHOO.COM.BR,site,instagram,influencer,INFLU_DUDA_BARISTA,BIA10,89.90,8.99,14.90,95.81,Pago
103469,2026-09-27 23:36:27,diego.costa@gmail.com,site,google,cpc,GOOGLE_SEARCH_MARCA,,149.70,0.00,31.50,181.20,Pago
103470,2026-09-28 06:21:54,diego.zanotti@hotmail.com,site,,,,BIA10,132.60,13.26,14.90,134.24,Pago
103471,2026-09-28 07:09:18,mariana.mercon65@hotmail.com,site,instagram,social,bio_link,,189.80,0.00,0.00,189.80,Pago
103472,2026-09-28 08:26:34,THIAGO.ARAUJO2003@OUTLOOK.COM,assinatura,,,,,69.90,6.99,0.00,62.91,Pago
103473,2026-09-28 09:50:15,debora.martins78@icloud.com,site,facebook,cpc,META_PROSPECCAO_BLENDS,PRIMEIRACOMPRA,56.70,8.51,27.90,76.09,Pago
103474,2026-09-28 09:52:23,julia.pereira84@icloud.com,site,,,,,344.70,0.00,0.00,344.70,Pago
103475,2026-09-28 10:20:08,thais.gomes@hotmail.com,assinatura,,,,,69.90,6.99,0.00,62.91,Pago
103476,2026-09-28 10:24:14,leticia.nascimento1990@outlook.com,site,email,newsletter,news_sep,,109.80,0.00,14.90,124.70,Aguardando pagamento
103477,2026-09-28 11:32:30,patricia.ferreira2002@icloud.com,site,instagram,social,bio_link,,204.80,0.00,0.00,204.80,Pago
103478,2026-09-28 12:18:47,renata.dallabernardina@gmail.com,site,,,,,519.60,0.00,0.00,519.60,Pago
103479,2026-09-28 13:52:06,rodrigo.martins@gmail.com,site,ig,cpc,Meta_Prospeccao_Blends ,cafe20,209.80,41.96,0.00,167.84,Aguardando pagamento
103480,2026-09-28 14:15:52,LEONARDO.ROCHA96@GMAIL.COM,site,,,,,158.80,0.00,0.00,158.80,Pago
103481,2026-09-28 15:50:33,leonardo.nascimento@hotmail.com,assinatura,,,,,69.90,6.99,0.00,62.91,Pago
103482,2026-09-28 16:05:04,rafael.martins1989@gmail.com,site,instagram,social,bio_link,,89.90,0.00,14.90,104.80,Pago
103483,2026-09-28 17:01:32,joao.pimentel1997@gmail.com,site,ig,cpc,Meta_Prospeccao_Blends ,BEMVINDO10,434.50,43.45,0.00,391.05,Aguardando pagamento
103484,2026-09-28 17:12:33,pedro.simoes@icloud.com,site,google,cpc,GOOGLE_SEARCH_MARCA,FRETEGRATIS,44.90,0.00,0.00,44.90,Pago
103485,2026-09-28 18:27:55,RODRIGO.SANTOS@GMAIL.COM,site,,,,,139.80,0.00,27.90,167.70,Aguardando pagamento
103486,2026-09-28 18:52:09,andre.zanotti2002@hotmail.com,site,google,cpc,GOOGLE_SEARCH_MARCA,,82.70,0.00,14.90,97.60,Aguardando pagamento
103487,2026-09-28 19:39:33,GABRIELA.DALLABERNARDINA92@GMAIL.COM,site,ig,cpc,Meta_Prospeccao_Blends ,,18.90,0.00,14.90,33.80,Pago
103488,2026-09-28 20:04:06,joao.simoes@gmail.com,site,google,cpc,GOOGLE_SEARCH_MARCA,,319.50,0.00,0.00,319.50,Pago
103489,2026-09-28 20:04:57,luiza.santos1996@gmail.com,site,ig,cpc,Meta_Prospeccao_Blends ,CAFE20,239.80,47.96,0.00,191.84,Pago
103490,2026-09-28 21:12:24,vinicius.pimentel1994@yahoo.com.br,site,,,,,18.90,0.00,14.90,33.80,Pago
103491,2026-09-28 22:58:39,eduardo.rodrigues56@gmail.com,assinatura,,,,,69.90,6.99,0.00,62.91,Pago
103492,2026-09-29 06:17:48,patricia.nascimento@outlook.com,site,google,cpc,GOOGLE_SEARCH_MARCA,,289.70,0.00,0.00,289.70,Cancelado
103493,2026-09-29 06:18:11,carlos.rodrigues2000@icloud.com,assinatura,,,,,69.90,6.99,0.00,62.91,Aguardando pagamento
103494,2026-09-29 07:45:07,caio.carvalho1997@gmail.com,site,instagram,cpc,META_PROSPECCAO_BLENDS,BEMVINDO10,339.70,33.97,0.00,305.73,Cancelado
103495,2026-09-29 09:38:44,camila.simoes1989@icloud.com,site,google,shopping,GOOGLE_SHOPPING,,213.70,0.00,0.00,213.70,Aguardando pagamento
103496,2026-09-29 11:08:13,debora.mercon@gmail.com,site,email,newsletter,news_sep,,184.80,0.00,0.00,184.80,Aguardando pagamento
103497,2026-09-29 12:57:38,caio.martins1996@hotmail.com,site,google,organic,,,279.80,0.00,0.00,279.80,Aguardando pagamento
103498,2026-09-29 12:58:36,larissa.santos1999@icloud.com,site,,,,,109.80,0.00,14.90,124.70,Pago
103499,2026-09-29 13:00:20,vinicius.loureiro1987@gmail.com,site,google,cpc,GOOGLE_SEARCH_MARCA,,514.50,0.00,0.00,514.50,Pago
103500,2026-09-29 13:39:04,DIEGO.SILVA@OUTLOOK.COM,site,instagram,social,bio_link,,139.80,0.00,27.90,167.70,Pago
103501,2026-09-29 15:08:06,patricia.mercon1984@hotmail.com,site,fb,paid,meta_prospeccao_blends,BEMVINDO10,394.50,39.45,0.00,355.05,Pago
103502,2026-09-29 15:26:50,juliana.moreira@gmail.com,site,instagram,influencer,INFLU_CAFE_COM_BIA, BIA10,214.70,21.47,0.00,193.23,Pago
103503,2026-09-29 15:54:27,patricia.mercon@gmail.com,site,instagram,influencer,INFLU_DUDA_BARISTA, DUDA15,223.70,33.55,0.00,190.15,Reembolsado
103504,2026-09-29 16:17:27,joao.santos44@gmail.com,site,google,cpc,GOOGLE_SEARCH_MARCA,,69.90,0.00,14.90,84.80,Pago
103505,2026-09-29 19:40:20,andre.barbosa274@gmail.com,site,email,newsletter,news_sep,,98.80,0.00,31.50,130.30,Aguardando pagamento
103506,2026-09-29 22:03:34,fabio.dallabernardina@icloud.com,site,,,,CAFE20,69.90,13.98,14.90,70.82,Pago
103507,2026-09-30 06:41:30,mariana.lima55@hotmail.com,site,instagram,cpc,META_PROSPECCAO_BLENDS,CAFE20,24.90,4.98,14.90,34.82,Pago
103508,2026-09-30 07:26:25,ana.carvalho93@hotmail.com,site,,,,,79.90,0.00,31.50,111.40,Pago
103509,2026-09-30 07:30:21,carolina.souza@gmail.com,site,facebook,cpc,META_REMARKETING,,319.80,0.00,0.00,319.80,Aguardando pagamento
103510,2026-09-30 11:49:29,carlos.carvalho2@outlook.com,assinatura,,,,,69.90,6.99,0.00,62.91,Pago
103511,2026-09-30 12:00:17,rafael.dallabernardina72@gmail.com,assinatura,,,,,69.90,6.99,0.00,62.91,Aguardando pagamento
103512,2026-09-30 12:23:03,carolina.gomes44@gmail.com,site,fb,paid,meta_prospeccao_blends,PRIMEIRACOMPRA,98.80,14.82,22.90,106.88,Pago
103513,2026-09-30 13:49:47,mariana.araujo1998@hotmail.com,site,google,cpc,google_search_generico,,49.90,0.00,14.90,64.80,Pago
103514,2026-09-30 14:17:00,caio.simoes@gmail.com,site,,,,,239.80,0.00,0.00,239.80,Aguardando pagamento
103515,2026-09-30 14:26:48,fernanda.loureiro96@yahoo.com.br,assinatura,,,,,69.90,6.99,0.00,62.91,Aguardando pagamento
103516,2026-09-30 14:36:02,patricia.souza@hotmail.com,site,instagram,social,bio_link,,414.40,0.00,0.00,414.40,Aguardando pagamento
103517,2026-09-30 15:00:18, luiza.martins1999@gmail.com,site,facebook,cpc,META_REMARKETING,,128.70,0.00,27.90,156.60,Pago
103518,2026-09-30 15:45:06,bruna.martins1984@hotmail.com,site,google,cpc,GOOGLE_SEARCH_MARCA,PRIMEIRACOMPRA,194.80,29.22,0.00,165.58,Aguardando pagamento
103519,2026-09-30 15:47:37,ana.simoes1994@icloud.com,assinatura,,,,,69.90,6.99,0.00,62.91,Cancelado
103520,2026-09-30 16:11:04,camila.santos@outlook.com,site,facebook,cpc,META_REMARKETING,PRIMEIRACOMPRA,124.80,18.72,14.90,120.98,Pago
103521,2026-09-30 18:31:40,GUSTAVO.MOREIRA40@GMAIL.COM,site,google,cpc,google_search_generico,,184.60,0.00,0.00,184.60,Pago
103522,2026-09-30 18:52:09,diego.almeida58@icloud.com,site,google,cpc,GOOGLE_SEARCH_MARCA,,179.80,0.00,0.00,179.80,Aguardando pagamento
103523,2026-09-30 19:19:35,mariana.barbosa@outlook.com,site,,,,,144.80,0.00,31.50,176.30,Aguardando pagamento
103524,2026-09-30 19:22:07,gabriel.araujo75@yahoo.com.br,site,,,,,49.90,0.00,22.90,72.80,Pago
103525,2026-09-30 22:15:44,debora.rocha477@gmail.com,site,instagram,social,bio_link,,304.70,0.00,0.00,304.70,Pago
103526,2026-09-30 22:46:18,renata.rocha@icloud.com,site,instagram,influencer,INFLU_CAFE_COM_BIA,DUDA15,44.90,6.73,14.90,53.07,Aguardando pagamento
103527,2026-09-30 22:49:35, bruna.martins76@gmail.com,site,instagram,influencer,INFLU_DUDA_BARISTA,BIA10,18.90,1.89,27.90,44.91,Pago
