Código;Nome;Telefone;Cidade;UF;Data Cadastro;Origem;Aceita Marketing;Email
1;Bruno Ferreira;(41) 98178-7912;São Paulo;SP;13/01/2026;;;Bruno.Ferreira@Icloud.Com
2;Priscila Costa;(27) 98451-8359;Serra;ES;16/09/2026;Facebook;N;Priscila.Costa2000@Outlook.Com
3;Mateus Zanotti;(27) 99960-6514;Vila Velha;ES;04/01/2026;;S;Mateus.Zanotti55@Gmail.Com
4;Aline Pimentel;(27) 98255-7201;Guarapari;ES;14/07/2026;Meta Ads;Não;Aline.Pimentel@Hotmail.Com
5;Caio Carvalho;;Vitória;ES;31/05/2026;Facebook;S;Caio.Carvalho1986@Gmail.Com
6;Gustavo Rodrigues;(27) 98727-4432;Serra;ES;10/02/2026;Instagram;;Gustavo.Rodrigues59@Gmail.Com
7;Camila Barbosa;(27) 98552-4598;Serra;ES;06/02/2026;;;Camila.Barbosa@Hotmail.Com
8;Maria Nascimento;;Linhares;ES;29/01/2026;Google Shopping;Não;Maria.Nascimento@Gmail.Com
9;Renata Lima;(27) 98538-8019;Guarapari;ES;13/09/2026;instagram;Sim;Renata.Lima@Outlook.Com
10;Larissa Rocha;;VITÓRIA;ES;24/07/2026;;N;Larissa.Rocha@Gmail.Com
11;Bruna Araújo;(27) 99762-1188;Guarapari;ES;05/08/2026;Instagram;Não;Bruna.Araujo1994@Gmail.Com
12;Diego Merçon;(27) 98601-8123;Vitória;ES;28/02/2026;Google Shopping;S;Diego.Mercon2004@Gmail.Com
13;Thiago Rocha;(27) 98611-9317;Cachoeiro de Itapemirim;ES;02/01/2026;;;Thiago.Rocha1985@Gmail.Com
14;Camila Barbosa;(27) 98039-2832;Cariacica;ES;20/03/2026;;Sim;Camila.Barbosa1980@Gmail.Com
15;Mariana Moreira;(31) 99557-9727;Salvador;BA;07/06/2026;Site;;Mariana.Moreira1982@Hotmail.Com
16;Mateus Rodrigues;(27) 99546-4295;Guarapari;ES;07/03/2026;;Não;Mateus.Rodrigues68@Gmail.Com
17;Eduardo Gomes;(27) 98131-6539;Vila Velha;ES;24/07/2026;Influenciadora;Sim;Eduardo.Gomes@Gmail.Com
18;Ana Oliveira;(27) 99854-1514;Vitória;ES;28/04/2026;Facebook;Sim;Ana.Oliveira@Gmail.Com
19;Letícia Simões;(41) 99180-8744;São Paulo;SP;06/02/2026;site;sim;Leticia.Simoes1986@Gmail.Com
20;Felipe Souza;(27) 98841-8651;Serra;ES;31/08/2026;IG;S;Felipe.Souza13@Gmail.Com
21;Gabriel Santos;(27) 98392-4116;Vila Velha;ES;28/01/2026;;Sim;Gabriel.Santos52@Gmail.Com
22;Letícia Gomes;(27) 98103-9856;VITÓRIA;ES;13/03/2026;;S;Leticia.Gomes32@Outlook.Com
23;Mateus Ribeiro;(27) 98337-7209;Vitória;ES;17/02/2026;;Sim;Mateus.Ribeiro@Hotmail.Com
24;Renata Almeida;(71) 98996-3536;Belo Horizonte;MG;19/07/2026;instagram;Sim;Renata.Almeida2002@Outlook.Com
25;Fábio Dalla Bernardina;(27) 98102-8811;Vitória;ES;22/04/2026;instagram;N;Fabio.Dallabernardina1981@Gmail.Com
26;Débora Oliveira;(21) 98826-2964;Belo Horizonte;MG;29/09/2026;;N;Debora.Oliveira1982@Gmail.Com
27;Maria Pimentel;;Linhares;ES;07/05/2026;indicacao;sim;Maria.Pimentel1993@Yahoo.Com.Br
28;Carlos Ferreira;;Cachoeiro de Itapemirim;ES;15/04/2026;;sim;Carlos.Ferreira@Icloud.Com
29;Thaís Moreira;(27) 98543-3170;Cariacica;ES;07/02/2026;Meta Ads;Não;Thais.Moreira1982@Gmail.Com
30;Eduardo Almeida;(27) 99652-9666;Colatina;ES;05/02/2026;;Não;Eduardo.Almeida1994@Gmail.Com
31;Gabriel Lima;(27) 98557-5616;VITÓRIA;ES;03/06/2026;;sim;Gabriel.Lima@Outlook.Com
32;Letícia Rocha;(27) 98867-5533;Cachoeiro de Itapemirim;ES;25/06/2026;;S;Leticia.Rocha@Gmail.Com
33;Thiago Pereira;(27) 98019-2832;Guarapari;ES;20/06/2026;Facebook;;Thiago.Pereira1994@Hotmail.Com
34;Larissa Ribeiro;(31) 99840-6862;Curitiba;PR;09/07/2026;Facebook;Não;Larissa.Ribeiro17@Gmail.Com
35;Eduardo Merçon;(27) 99770-3662;Vila Velha;ES;08/05/2026;Meta Ads;Não;Eduardo.Mercon1993@Gmail.Com
36;João Pereira;(21) 98546-3608;São Paulo;SP;01/04/2026;;sim;Joao.Pereira95@Icloud.Com
37;Renata Carvalho;(27) 99351-4164;Vitória;ES;20/01/2026;Instagram;N;Renata.Carvalho@Gmail.Com
38;Thiago Carvalho;(41) 98678-1452;Salvador;BA;23/05/2026;Google;Sim;Thiago.Carvalho83@Icloud.Com
39;Letícia Santos;;São Paulo;SP;14/05/2026;instagram;N;Leticia.Santos14@Gmail.Com
40;Carolina Silva;(71) 99509-4228;São Paulo;SP;08/04/2026;;N;Carolina.Silva2005@Icloud.Com
41;Carlos Pimentel;(27) 98633-7691;Cariacica;ES;05/02/2026;;Sim;Carlos.Pimentel@Gmail.Com
42;Fernanda Ribeiro;(27) 99165-5930;Colatina;ES;01/06/2026;Facebook;Sim;Fernanda.Ribeiro1992@Gmail.Com
43;Fernanda Ribeiro;;Cariacica;ES;01/01/2026;;Sim;Fernanda.Ribeiro1999@Gmail.Com
44;Camila Simões;(27) 99268-6491;Cachoeiro de Itapemirim;ES;19/09/2026;;Sim;Camila.Simoes1989@Icloud.Com
45;Bruno Costa;(27) 99251-2193;CARIACICA;ES;01/05/2026;instagram;N;Bruno.Costa@Gmail.Com
46;Gustavo Martins;(31) 99828-2746;Rio de Janeiro;RJ;10/04/2026;Google Ads;S;Gustavo.Martins@Icloud.Com
47;Débora Gomes;;Cariacica;ES;23/04/2026;Instagram;Não;Debora.Gomes@Gmail.Com
48;Leonardo Pimentel;(27) 99837-3607;Cariacica;ES;12/06/2026;;Não;Leonardo.Pimentel93@Outlook.Com
49;Mariana Loureiro;(27) 98489-5499;CACHOEIRO DE ITAPEMIRIM;ES;01/09/2026;influencer;;Mariana.Loureiro2004@Hotmail.Com
50;Patrícia Nascimento;(27) 98784-3503;Vila Velha;ES;27/05/2026;Google Ads;N;Patricia.Nascimento@Gmail.Com
51;Carolina Santos;(41) 99937-1320;Campinas;SP;19/06/2026;Influenciadora;S;Carolina.Santos27@Hotmail.Com
52;Aline Almeida;(71) 99118-4613;São Paulo;SP;14/07/2026;Google;Sim;Aline.Almeida97@Outlook.Com
53;Ana Araújo;(21) 99721-8657;São Paulo;SP;20/05/2026;google ads;;Ana.Araujo2001@Hotmail.Com
54;Fábio Moreira;(27) 98277-8564;Serra;ES;14/01/2026;;Sim;Fabio.Moreira@Icloud.Com
55;Fernanda Gomes;(19) 98516-2341;Campinas;SP;14/05/2026;IG;Sim;Fernanda.Gomes42@Gmail.Com
56;Eduardo Ferreira;;Campinas;SP;27/01/2026;Google Ads;N;Eduardo.Ferreira1982@Gmail.Com
57;Juliana Simões;(11) 99570-7043;Rio de Janeiro;RJ;11/01/2026;instagram;;Juliana.Simoes@Hotmail.Com
58;Gabriela Souza;(19) 98812-4249;Belo Horizonte;MG;28/02/2026;Instagram;S;Gabriela.Souza75@Yahoo.Com.Br
59;Gabriela Simões;(31) 98711-9728;Curitiba;PR;05/05/2026;Instagram;;Gabriela.Simoes@Yahoo.Com.Br
60;Patrícia Silva;(27) 99967-6934;Serra;ES;09/07/2026;;Sim;Patricia.Silva54@Gmail.Com
61;Vinícius Pereira;;Colatina;ES;24/08/2026;Google;;Vinicius.Pereira1996@Gmail.Com
62;Luíza Rodrigues;;Cariacica;ES;27/08/2026;;;Luiza.Rodrigues@Gmail.Com
63;Juliana Nascimento;(11) 98697-5581;Curitiba;PR;14/07/2026;Google;sim;Juliana.Nascimento@Gmail.Com
64;Débora Costa;(27) 99137-4937;Cariacica;ES;22/05/2026;site;sim;Debora.Costa1987@Hotmail.Com
65;Ana Oliveira;(27) 99359-7046;Vila Velha;ES;09/09/2026;;;Ana.Oliveira38@Gmail.Com
66;Priscila Nascimento;(27) 98514-4777;Vila Velha;ES;29/09/2026;Google Ads;;Priscila.Nascimento46@Gmail.Com
67;Priscila Merçon;(19) 98566-9595;São Paulo;SP;09/04/2026;;S;Priscila.Mercon@Gmail.Com
68;André Ferreira;(41) 98259-5494;Rio de Janeiro;RJ;21/02/2026;Google;Sim;Andre.Ferreira47@Gmail.Com
69;Gabriel Silva;(27) 98697-4020;Cariacica;ES;06/03/2026;IG;Não;Gabriel.Silva74@Hotmail.Com
70;Rodrigo Souza;(27) 99289-1878;Linhares;ES;10/05/2026;indicacao;Não;Rodrigo.Souza9@Gmail.Com
71;Mariana Souza;(27) 99619-4697;Colatina;ES;05/06/2026;Instagram;S;Mariana.Souza72@Yahoo.Com.Br
72;Renata Almeida;;Colatina;ES;14/07/2026;;S;Renata.Almeida76@Yahoo.Com.Br
73;Thiago Simões;(27) 98153-3564;Guarapari;ES;17/04/2026;;sim;Thiago.Simoes@Gmail.Com
74;Rodrigo Almeida;(19) 98145-4824;Rio de Janeiro;RJ;19/08/2026;Meta Ads;;Rodrigo.Almeida5@Gmail.Com
75;Priscila Ferreira;(27) 98122-3718;Vitória;ES;12/04/2026;Site;S;Priscila.Ferreira83@Gmail.Com
76;Renata Zanotti;(27) 99105-9090;Cariacica;ES;28/05/2026;Instagram;sim;Renata.Zanotti39@Gmail.Com
77;Carlos Pimentel;(27) 99947-1339;Linhares;ES;21/01/2026;;sim;Carlos.Pimentel790@Yahoo.Com.Br
78;Camila Martins;(27) 99198-8141;Vila Velha;ES;18/05/2026;;sim;Camila.Martins67@Gmail.Com
79;Rodrigo Carvalho;(27) 99756-3634;Vitória;ES;09/09/2026;;Sim;Rodrigo.Carvalho53@Icloud.Com
80;Bruna Merçon;(27) 98516-6296;Serra;ES;11/09/2026;;Sim;Bruna.Mercon71@Gmail.Com
81;João Simões;;Vila Velha;ES;26/07/2026;Facebook;Sim;Joao.Simoes70@Gmail.Com
82;Pedro Costa;;Cariacica;ES;13/09/2026;Google Shopping;Sim;Pedro.Costa@Gmail.Com
83;André Barbosa;(27) 99723-2858;Vila Velha;ES;03/05/2026;;N;Andre.Barbosa2@Gmail.Com
84;Rafael Martins;(27) 99709-8905;Serra;ES;02/03/2026;Google Ads;N;Rafael.Martins1989@Gmail.Com
85;Larissa Araújo;(27) 98565-7798;Vitória;ES;05/05/2026;indicacao;N;Larissa.Araujo1999@Gmail.Com
86;Ana Almeida;(19) 99772-3434;Belo Horizonte;MG;17/09/2026;Facebook;Não;Ana.Almeida1989@Yahoo.Com.Br
87;Priscila Merçon;(27) 99428-4912;Vila Velha;ES;05/09/2026;Google;S;Priscila.Mercon70@Gmail.Com
88;Vinícius Santos;(27) 99359-3492;Serra;ES;30/04/2026;;Sim;Vinicius.Santos41@Hotmail.Com
89;Luíza Nascimento;(27) 98031-3361;Cariacica;ES;19/01/2026;google ads;N;Luiza.Nascimento@Outlook.Com
90;Letícia Nascimento;;Vitória;ES;21/03/2026;Google Ads;Sim;Leticia.Nascimento80@Icloud.Com
91;Rodrigo Barbosa;(27) 99401-5708;Cachoeiro de Itapemirim;ES;14/07/2026;site;;Rodrigo.Barbosa@Gmail.Com
92;Beatriz Merçon;;Vila Velha;ES;16/02/2026;Indicação;Sim;Beatriz.Mercon@Hotmail.Com
93;Maria Almeida;(27) 99087-7751;Vila Velha;ES;24/01/2026;;S;Maria.Almeida46@Gmail.Com
94;Júlia Pimentel;(27) 99869-3344;Cariacica;ES;03/04/2026;google ads;sim;Julia.Pimentel1999@Gmail.Com
95;Ana Gomes;(27) 98904-6661;Vitória;ES;11/05/2026;IG;Sim;Ana.Gomes2001@Gmail.Com
96;Vinícius Zanotti;(27) 99747-8916;Serra;ES;03/06/2026;;sim;Vinicius.Zanotti33@Gmail.Com
97;Luíza Almeida;(27) 98562-1132;Serra;ES;15/07/2026;instagram;Sim;Luiza.Almeida@Icloud.Com
98;Rodrigo Almeida;(27) 98389-5106;Cachoeiro de Itapemirim;ES;26/01/2026;;N;Rodrigo.Almeida30@Gmail.Com
99;Pedro Almeida;(21) 98184-5835;São Paulo;SP;12/03/2026;Google;sim;Pedro.Almeida1981@Gmail.Com
100;Larissa Barbosa;(21) 98526-8894;Salvador;BA;01/08/2026;;N;Larissa.Barbosa1996@Gmail.Com
101;Carlos Souza;(71) 99381-7511;Belo Horizonte;MG;01/06/2026;indicacao;N;Carlos.Souza@Gmail.Com
102;Bruna Silva;(27) 99377-5295;Serra;ES;07/07/2026;;Sim;Bruna.Silva@Hotmail.Com
103;Mariana Martins;(27) 98453-2035;Colatina;ES;10/07/2026;Google;sim;Mariana.Martins1999@Gmail.Com
104;André Loureiro;(27) 98623-9071;VITÓRIA;ES;26/08/2026;Google Shopping;Sim;Andre.Loureiro@Gmail.Com
105;Rafael Araújo;(27) 99202-3531;Serra;ES;01/05/2026;instagram;;Rafael.Araujo1991@Outlook.Com
106;Caio Ribeiro;(27) 98908-8285;Vila Velha;ES;20/02/2026;;;Caio.Ribeiro1981@Gmail.Com
107;Aline Barbosa;(27) 98388-3001;Vila Velha;ES;05/07/2026;;Não;Aline.Barbosa@Hotmail.Com
108;Fernanda Loureiro;(11) 98498-3063;Curitiba;PR;21/08/2026;Indicacao amigo;sim;Fernanda.Loureiro@Gmail.Com
109;Priscila Costa;(21) 99615-1046;Campinas;SP;16/04/2026;;;Priscila.Costa@Gmail.Com
110;Camila Souza;(27) 99617-4898;Serra;ES;16/03/2026;instagram;Sim;Camila.Souza@Gmail.Com
111;Maria Lima;(31) 98975-8344;São Paulo;SP;09/01/2026;Google;sim;Maria.Lima1993@Gmail.Com
112;Renata Rocha;(27) 98617-8504;Cariacica;ES;20/09/2026;influencer;sim;Renata.Rocha@Icloud.Com
113;Juliana Araújo;(19) 98150-2323;Rio de Janeiro;RJ;16/01/2026;;Sim;Juliana.Araujo@Hotmail.Com
114;Letícia Pimentel;(27) 99223-9692;Serra;ES;17/03/2026;Facebook;N;Leticia.Pimentel1998@Gmail.Com
115;Beatriz Zanotti;(21) 98880-8398;São Paulo;SP;16/09/2026;instagram;S;Beatriz.Zanotti2000@Outlook.Com
116;Renata Araújo;(27) 98640-5176;Serra;ES;31/07/2026;Google;Sim;Renata.Araujo@Gmail.Com
117;Rodrigo Oliveira;(27) 98197-7105;Serra;ES;20/03/2026;Meta Ads;Não;Rodrigo.Oliveira@Gmail.Com
118;Vinícius Carvalho;(27) 99229-6119;Vila Velha;ES;18/06/2026;Instagram;S;Vinicius.Carvalho86@Gmail.Com
119;Juliana Ferreira;(27) 99561-5564;Vitória;ES;17/09/2026;;S;Juliana.Ferreira1991@Gmail.Com
120;Caio Pimentel;(27) 99902-5381;Colatina;ES;08/08/2026;Google;;Caio.Pimentel2000@Gmail.Com
121;André Nascimento;(27) 99346-7566;Linhares;ES;20/05/2026;;Não;Andre.Nascimento@Gmail.Com
122;Carolina Gomes;(11) 99590-2391;São Paulo;SP;29/09/2026;;Sim;Carolina.Gomes44@Gmail.Com
123;Thaís Santos;(19) 98994-8242;Belo Horizonte;MG;21/03/2026;Site;Não;Thais.Santos87@Hotmail.Com
124;Gabriel Carvalho;(41) 98996-9633;Belo Horizonte;MG;21/04/2026;;N;Gabriel.Carvalho56@Icloud.Com
125;Thaís Santos;(21) 99565-5186;Campinas;SP;24/01/2026;Google;Não;Thais.Santos1@Gmail.Com
126;Bruna Barbosa;(71) 99651-6802;Salvador;BA;09/08/2026;Facebook;;Bruna.Barbosa1987@Outlook.Com
127;Carlos Moreira;(27) 98592-2887;Serra;ES;24/08/2026;;S;Carlos.Moreira55@Icloud.Com
128;Thaís Gomes;;Vitória;ES;16/06/2026;google;Não;Thais.Gomes@Hotmail.Com
129;Gabriela Dalla Bernardina;(27) 99045-2868;Vitória;ES;26/09/2026;;N;Gabriela.Dallabernardina44@Gmail.Com
130;Eduardo Carvalho;(27) 98210-3399;Vila Velha;ES;10/04/2026;;;Eduardo.Carvalho2006@Gmail.Com
131;Lucas Pereira;(41) 99556-8354;Campinas;SP;30/03/2026;IG;Não;Lucas.Pereira99@Hotmail.Com
132;Carlos Lima;(27) 98620-5500;Cachoeiro de Itapemirim;ES;15/06/2026;Google;Sim;Carlos.Lima57@Hotmail.Com
133;Gabriela Gomes;;Salvador;BA;30/06/2026;Google Ads;sim;Gabriela.Gomes@Gmail.Com
134;Luíza Barbosa;(27) 98385-6267;Cachoeiro de Itapemirim;ES;17/09/2026;Google;N;Luiza.Barbosa95@Yahoo.Com.Br
135;Maria Gomes;(27) 99323-3827;Cariacica;ES;14/09/2026;;N;Maria.Gomes14@Gmail.Com
136;Marcelo Rocha;(27) 98793-7697;Vila Velha;ES;13/08/2026;instagram;S;Marcelo.Rocha79@Gmail.Com
137;Lucas Nascimento;(27) 98516-3463;Vila Velha;ES;27/01/2026;Influenciadora;N;Lucas.Nascimento1997@Hotmail.Com
138;André Loureiro;(27) 99451-2388;Colatina;ES;14/03/2026;Facebook;S;Andre.Loureiro90@Gmail.Com
139;Carlos Lima;(27) 98191-7937;Cariacica;ES;12/07/2026;Facebook;sim;Carlos.Lima2002@Icloud.Com
140;Camila Costa;(27) 98281-3538;Vila Velha;ES;10/01/2026;Google;Sim;Camila.Costa44@Gmail.Com
141;Patrícia Merçon;(27) 98332-3962;Vitória;ES;27/09/2026;Instagram;S;Patricia.Mercon1984@Hotmail.Com
142;Aline Simões;(27) 99540-8355;Vila Velha;ES;26/03/2026;Influenciadora;S;Aline.Simoes93@Yahoo.Com.Br
143;Juliana Costa;(27) 99575-5616;Cariacica;ES;03/05/2026;instagram;Não;Juliana.Costa2001@Hotmail.Com
144;Camila Costa;(27) 98984-7081;Cachoeiro de Itapemirim;ES;15/09/2026;Influenciadora;sim;Camila.Costa78@Gmail.Com
145;Marcelo Souza;(27) 99854-9410;Cariacica;ES;22/02/2026;google ads;Não;Marcelo.Souza@Gmail.Com
146;Mariana Gomes;(27) 99028-7126;Serra;ES;12/08/2026;IG;sim;Mariana.Gomes45@Gmail.Com
147;Rafael Lima;(71) 98960-8349;Campinas;SP;20/02/2026;instagram;N;Rafael.Lima5@Gmail.Com
148;Fernanda Lima;(27) 98227-5720;Serra;ES;10/02/2026;;S;Fernanda.Lima2003@Outlook.Com
149;Caio Gomes;(27) 98033-9443;Guarapari;ES;03/08/2026;Facebook;S;Caio.Gomes9@Yahoo.Com.Br
150;Ana Pimentel;(27) 99360-2402;Vila Velha;ES;15/03/2026;;sim;Ana.Pimentel1987@Hotmail.Com
151;Débora Barbosa;(27) 98799-8702;Vitória;ES;04/07/2026;google ads;;Debora.Barbosa2005@Outlook.Com
152;Thiago Dalla Bernardina;(27) 99501-2698;VILA VELHA;ES;18/07/2026;;Sim;Thiago.Dallabernardina@Gmail.Com
153;Aline Barbosa;(71) 98951-8840;Salvador;BA;20/06/2026;;N;Aline.Barbosa2006@Gmail.Com
154;Renata Santos;(27) 98646-6080;Vitória;ES;11/03/2026;;;Renata.Santos@Gmail.Com
155;Fernanda Almeida;(27) 98559-3039;Serra;ES;31/08/2026;google ads;Não;Fernanda.Almeida@Icloud.Com
156;Leonardo Araújo;(27) 99892-9507;Serra;ES;12/08/2026;;N;Leonardo.Araujo44@Hotmail.Com
157;Thaís Pereira;(27) 98671-5843;Vitória;ES;12/02/2026;;;Thais.Pereira70@Gmail.Com
158;Renata Carvalho;(27) 98890-5498;Colatina;ES;07/08/2026;Facebook;N;Renata.Carvalho1981@Gmail.Com
159;Bruna Carvalho;(27) 99951-1510;Vila Velha;ES;30/01/2026;Google;S;Bruna.Carvalho2005@Icloud.Com
160;Júlia Ferreira;(27) 98066-3513;Linhares;ES;13/08/2026;instagram;;Julia.Ferreira83@Hotmail.Com
161;Júlia Moreira;(27) 99330-5566;Serra;ES;09/07/2026;Google Shopping;N;Julia.Moreira18@Hotmail.Com
162;Bruna Barbosa;(27) 99253-5678;Vila Velha;ES;06/04/2026;Meta Ads;N;Bruna.Barbosa16@Hotmail.Com
163;Larissa Oliveira;(27) 99659-6236;Vitória;ES;09/09/2026;Google;S;Larissa.Oliveira1985@Hotmail.Com
164;Gabriela Almeida;(27) 99625-6922;Vila Velha;ES;03/02/2026;Google;N;Gabriela.Almeida2002@Icloud.Com
165;Rafael Ferreira;(27) 98755-8657;Linhares;ES;04/03/2026;google ads;N;Rafael.Ferreira64@Outlook.Com
166;Gabriela Araújo;;Serra;ES;08/03/2026;influencer;S;Gabriela.Araujo92@Outlook.Com
167;Leonardo Gomes;(41) 99310-3981;SALVADOR;BA;12/06/2026;Influenciadora;S;Leonardo.Gomes88@Gmail.Com
168;Gabriela Pereira;(27) 99940-9501;Serra;ES;29/01/2026;influencer;Não;Gabriela.Pereira1990@Gmail.Com
169;Priscila Rodrigues;(27) 98191-9234;Guarapari;ES;10/02/2026;;;Priscila.Rodrigues17@Yahoo.Com.Br
170;Thaís Dalla Bernardina;(31) 98166-1744;Salvador;BA;20/03/2026;;Sim;Thais.Dallabernardina1990@Gmail.Com
171;Fábio Ribeiro;(27) 99117-5745;Cachoeiro de Itapemirim;ES;16/05/2026;;sim;Fabio.Ribeiro@Hotmail.Com
172;Bruna Almeida;(27) 98900-7809;Vila Velha;ES;04/06/2026;Google Shopping;N;Bruna.Almeida1982@Gmail.Com
173;Larissa Nascimento;;Serra;ES;15/04/2026;;sim;Larissa.Nascimento1990@Gmail.Com
174;Renata Souza;(27) 98103-5754;Vitória;ES;24/02/2026;Google Ads;sim;Renata.Souza@Gmail.Com
175;Camila Nascimento;(21) 99020-9433;Campinas;SP;03/08/2026;Indicacao amigo;N;Camila.Nascimento74@Gmail.Com
176;Júlia Araújo;(27) 98722-1797;Linhares;ES;07/06/2026;google;sim;Julia.Araujo@Gmail.Com
177;Juliana Almeida;(27) 99807-5333;Vitória;ES;11/09/2026;Meta Ads;S;Juliana.Almeida@Hotmail.Com
178;Bruna Santos;(27) 98591-2204;Guarapari;ES;26/07/2026;Influenciadora;N;Bruna.Santos@Gmail.Com
179;Thiago Pimentel;(27) 98806-7114;Vitória;ES;19/08/2026;;sim;Thiago.Pimentel@Gmail.Com
180;Aline Merçon;(27) 99024-1659;Serra;ES;23/06/2026;;Não;Aline.Mercon1986@Outlook.Com
181;Marcelo Gomes;(27) 99907-6218;Serra;ES;12/03/2026;;Não;Marcelo.Gomes1999@Gmail.Com
182;Débora Rocha;(27) 98972-1272;VILA VELHA;ES;03/06/2026;IG;;Debora.Rocha1995@Yahoo.Com.Br
183;Fábio Almeida;(27) 98971-5350;Colatina;ES;26/02/2026;;Sim;Fabio.Almeida2002@Gmail.Com
184;Fábio Martins;(19) 98302-4968;Campinas;SP;27/04/2026;indicacao;S;Fabio.Martins1996@Yahoo.Com.Br
185;Larissa Ribeiro;(41) 99885-8726;Campinas;SP;14/08/2026;Facebook;sim;Larissa.Ribeiro89@Outlook.Com
186;Marcelo Costa;(27) 98771-6140;Cariacica;ES;01/02/2026;Site;sim;Marcelo.Costa1990@Hotmail.Com
187;Carlos Barbosa;(27) 99645-5331;Cachoeiro de Itapemirim;ES;24/08/2026;;S;Carlos.Barbosa2001@Icloud.Com
188;Thiago Barbosa;(21) 99413-9011;Rio de Janeiro;RJ;09/04/2026;;S;Thiago.Barbosa39@Gmail.Com
189;Letícia Almeida;(27) 99834-7464;Serra;ES;28/06/2026;Instagram;Não;Leticia.Almeida1998@Outlook.Com
190;Lucas Carvalho;(27) 98413-9824;Vila Velha;ES;28/05/2026;Instagram;sim;Lucas.Carvalho57@Hotmail.Com
191;Thaís Dalla Bernardina;(41) 98462-4814;Belo Horizonte;MG;20/05/2026;Facebook;sim;Thais.Dallabernardina@Gmail.Com
192;Juliana Souza;(27) 99902-3587;Guarapari;ES;31/07/2026;Instagram;N;Juliana.Souza@Gmail.Com
193;Fernanda Merçon;(27) 99859-2465;Vitória;ES;01/09/2026;Google;;Fernanda.Mercon37@Icloud.Com
194;Maria Pereira;(19) 99613-9116;Salvador;BA;29/04/2026;;S;Maria.Pereira@Gmail.Com
195;João Almeida;;Vila Velha;ES;29/05/2026;instagram;Não;Joao.Almeida@Gmail.Com
196;Leonardo Rodrigues;(27) 99497-8518;Vila Velha;ES;10/03/2026;Google;N;Leonardo.Rodrigues@Gmail.Com
197;Patrícia Almeida;(27) 99753-7643;Colatina;ES;06/04/2026;Google Shopping;Sim;Patricia.Almeida@Gmail.Com
198;Bruna Simões;(27) 99916-5064;Serra;ES;21/09/2026;;sim;Bruna.Simoes@Hotmail.Com
199;Letícia Nascimento;(27) 98535-6890;Vitória;ES;16/07/2026;Instagram;sim;Leticia.Nascimento1998@Yahoo.Com.Br
200;Leonardo Almeida;(11) 99413-2923;Rio de Janeiro;RJ;01/02/2026;Google;N;Leonardo.Almeida1992@Outlook.Com
201;Mariana Ferreira;(41) 98765-7813;São Paulo;SP;01/06/2026;Google Shopping;Não;Mariana.Ferreira@Hotmail.Com
202;Felipe Merçon;(27) 98914-9653;Cariacica;ES;30/08/2026;Instagram;S;Felipe.Mercon2001@Gmail.Com
203;Priscila Rocha;(27) 98671-9525;Vila Velha;ES;09/02/2026;Instagram;Sim;Priscila.Rocha1998@Gmail.Com
204;Rodrigo Oliveira;;VITÓRIA;ES;16/04/2026;Google;sim;Rodrigo.Oliveira@Hotmail.Com
205;Gabriela Dalla Bernardina;(21) 99184-2196;São Paulo;SP;30/01/2026;;Sim;Gabriela.Dallabernardina3@Gmail.Com
206;Diego Santos;(27) 98368-3218;Serra;ES;26/06/2026;instagram;;Diego.Santos@Gmail.Com
207;Bruna Gomes;;Belo Horizonte;MG;04/08/2026;Instagram;;Bruna.Gomes@Icloud.Com
208;Mariana Silva;(71) 99115-7948;Belo Horizonte;MG;21/07/2026;instagram;Sim;Mariana.Silva97@Hotmail.Com
209;Aline Lima;(27) 99657-7868;Vitória;ES;28/04/2026;Google Ads;N;Aline.Lima1986@Gmail.Com
210;Júlia Souza;(71) 99786-1797;Belo Horizonte;MG;09/01/2026;Google;N;Julia.Souza77@Yahoo.Com.Br
211;Maria Lima;(27) 99182-6253;Serra;ES;30/04/2026;IG;S;Maria.Lima@Yahoo.Com.Br
212;Carolina Almeida;(21) 99282-7999;São Paulo;SP;15/03/2026;;Sim;Carolina.Almeida1981@Yahoo.Com.Br
213;Gustavo Rocha;(27) 98614-7167;VITÓRIA;ES;25/01/2026;google ads;Não;Gustavo.Rocha41@Hotmail.Com
214;Mariana Almeida;(27) 98845-7824;Guarapari;ES;31/08/2026;Instagram;sim;Mariana.Almeida91@Gmail.Com
215;Letícia Costa;(27) 98189-9775;Serra;ES;10/03/2026;Google;Sim;Leticia.Costa@Hotmail.Com
216;Bruna Simões;(27) 99647-4555;Vila Velha;ES;08/04/2026;;;Bruna.Simoes@Gmail.Com
217;Ana Costa;(27) 99424-4350;Vila Velha;ES;20/06/2026;Google Ads;Não;Ana.Costa@Hotmail.Com
218;Gabriela Araújo;(27) 98535-6892;Vila Velha;ES;03/05/2026;;sim;Gabriela.Araujo1997@Gmail.Com
219;Juliana Merçon;(27) 98093-4625;Serra;ES;12/09/2026;Google;sim;Juliana.Mercon41@Gmail.Com
220;Fernanda Nascimento;(27) 99127-6530;Cariacica;ES;02/08/2026;;Sim;Fernanda.Nascimento1992@Gmail.Com
221;Rodrigo Gomes;(27) 99475-9954;Vitória;ES;08/09/2026;;;Rodrigo.Gomes22@Gmail.Com
222;Júlia Simões;(27) 99725-4791;Vitória;ES;31/01/2026;Google;Não;Julia.Simoes@Hotmail.Com
223;Maria Pimentel;(19) 98032-1108;Belo Horizonte;MG;16/09/2026;;sim;Maria.Pimentel2001@Hotmail.Com
224;Débora Dalla Bernardina;(27) 99665-8054;Cariacica;ES;30/07/2026;google ads;N;Debora.Dallabernardina36@Gmail.Com
225;Beatriz Rocha;(27) 98516-6807;Cariacica;ES;02/04/2026;;sim;Beatriz.Rocha@Yahoo.Com.Br
226;Bruna Gomes;(27) 99400-2320;Vila Velha;ES;23/07/2026;Facebook;N;Bruna.Gomes1987@Gmail.Com
227;Bruna Araújo;(27) 99439-3807;Vitória;ES;17/01/2026;Google Shopping;N;Bruna.Araujo@Icloud.Com
228;Carlos Moreira;;Vila Velha;ES;11/08/2026;Facebook;S;Carlos.Moreira@Gmail.Com
229;Priscila Moreira;(27) 99969-4394;Vitória;ES;08/02/2026;Instagram;Sim;Priscila.Moreira@Gmail.Com
230;André Pereira;(41) 98679-7288;Belo Horizonte;MG;23/07/2026;;S;Andre.Pereira1987@Hotmail.Com
231;Lucas Rocha;(27) 98475-2245;SERRA;ES;13/03/2026;Influenciadora;Não;Lucas.Rocha@Gmail.Com
232;Carlos Silva;(27) 98728-7150;Vila Velha;ES;23/07/2026;Meta Ads;Não;Carlos.Silva82@Hotmail.Com
233;Thaís Almeida;(27) 98315-7225;Vila Velha;ES;14/07/2026;Google;Sim;Thais.Almeida@Gmail.Com
234;Beatriz Oliveira;(11) 98209-3170;CAMPINAS;SP;20/03/2026;influencer;Não;Beatriz.Oliveira1@Gmail.Com
235;Priscila Rocha;(27) 99135-2524;Serra;ES;09/08/2026;IG;sim;Priscila.Rocha@Gmail.Com
236;João Almeida;(27) 99171-9537;Vila Velha;ES;16/06/2026;;sim;Joao.Almeida@Outlook.Com
237;Letícia Almeida;(27) 98890-5521;Vila Velha;ES;14/07/2026;;;Leticia.Almeida@Gmail.Com
238;Eduardo Rodrigues;(27) 99262-4203;Colatina;ES;05/09/2026;Google Ads;N;Eduardo.Rodrigues2003@Hotmail.Com
239;Bruna Nascimento;(27) 98881-3230;Serra;ES;11/03/2026;Google Ads;Não;Bruna.Nascimento80@Hotmail.Com
240;Camila Araújo;(27) 99981-4971;Cariacica;ES;13/04/2026;Facebook;sim;Camila.Araujo1989@Icloud.Com
241;Gustavo Carvalho;(27) 98368-1440;Guarapari;ES;24/05/2026;;Sim;Gustavo.Carvalho@Yahoo.Com.Br
242;Felipe Gomes;(19) 99378-9180;Salvador;BA;25/08/2026;;;Felipe.Gomes2006@Gmail.Com
243;Larissa Zanotti;;Cariacica;ES;05/06/2026;IG;S;Larissa.Zanotti55@Gmail.Com
244;Vinícius Barbosa;;Colatina;ES;17/09/2026;Google;;Vinicius.Barbosa5@Outlook.Com
245;Eduardo Pereira;(27) 99387-7547;Cachoeiro de Itapemirim;ES;08/05/2026;Meta Ads;Sim;Eduardo.Pereira@Yahoo.Com.Br
246;Vinícius Souza;;Cariacica;ES;19/06/2026;Indicação;Sim;Vinicius.Souza2@Gmail.Com
247;Bruna Gomes;(27) 98706-1402;Vitória;ES;24/04/2026;Google;N;Bruna.Gomes2001@Outlook.Com
248;Júlia Souza;(27) 98932-4389;Serra;ES;01/06/2026;Google;S;Julia.Souza94@Gmail.Com
249;Renata Dalla Bernardina;(27) 98091-2885;VILA VELHA;ES;28/06/2026;Google;N;Renata.Dallabernardina90@Gmail.Com
250;Mateus Dalla Bernardina;(27) 98677-7985;Vila Velha;ES;25/06/2026;instagram;N;Mateus.Dallabernardina@Outlook.Com
251;Mateus Pereira;(27) 99510-4232;Vitória;ES;29/04/2026;indicacao;Sim;Mateus.Pereira82@Hotmail.Com
252;Fernanda Costa;(27) 98208-9796;Linhares;ES;08/08/2026;Google Ads;Sim;Fernanda.Costa2004@Gmail.Com
253;Beatriz Rodrigues;(27) 99222-7367;Serra;ES;16/06/2026;instagram;Não;Beatriz.Rodrigues1995@Icloud.Com
254;Renata Pimentel;(27) 99208-2388;Colatina;ES;28/02/2026;Google Shopping;S;Renata.Pimentel2006@Gmail.Com
255;Gabriela Souza;(27) 98795-7852;Cariacica;ES;10/06/2026;Google Shopping;Sim;Gabriela.Souza1991@Gmail.Com
256;Juliana Loureiro;(27) 98341-9022;Guarapari;ES;16/07/2026;Google Ads;Não;Juliana.Loureiro2002@Gmail.Com
257;Renata Pimentel;(27) 98399-7290;Vitória;ES;06/04/2026;Instagram;Não;Renata.Pimentel@Hotmail.Com
258;Vinícius Simões;(27) 98342-2354;Cariacica;ES;16/09/2026;Indicacao amigo;Não;Vinicius.Simoes1993@Hotmail.Com
259;Letícia Ferreira;(27) 99520-9115;Linhares;ES;23/04/2026;google ads;sim;Leticia.Ferreira@Hotmail.Com
260;Letícia Merçon;(31) 99556-8231;Salvador;BA;27/02/2026;;S;Leticia.Mercon70@Outlook.Com
261;Mariana Almeida;(31) 98899-2923;Salvador;BA;06/08/2026;google ads;sim;Mariana.Almeida5@Gmail.Com
262;Luíza Zanotti;(27) 98339-3281;Serra;ES;02/05/2026;;N;Luiza.Zanotti2002@Icloud.Com
263;Fábio Carvalho;(27) 98662-5794;Vila Velha;ES;16/04/2026;Instagram;Não;Fabio.Carvalho1988@Outlook.Com
264;Marcelo Simões;(27) 99775-3078;Vila Velha;ES;17/05/2026;instagram;;Marcelo.Simoes13@Gmail.Com
265;Gustavo Martins;(27) 98848-7146;Cachoeiro de Itapemirim;ES;14/06/2026;;Sim;Gustavo.Martins1998@Gmail.Com
266;Letícia Zanotti;(27) 98005-2526;Linhares;ES;17/02/2026;;S;Leticia.Zanotti48@Gmail.Com
267;Eduardo Oliveira;(21) 99013-5399;Salvador;BA;23/08/2026;;Sim;Eduardo.Oliveira@Hotmail.Com
268;Luíza Lima;(31) 98094-2631;Campinas;SP;26/05/2026;Facebook;Sim;Luiza.Lima73@Icloud.Com
269;Camila Gomes;;Rio de Janeiro;RJ;24/08/2026;Google Shopping;Sim;Camila.Gomes59@Gmail.Com
270;Aline Rodrigues;;Vila Velha;ES;21/05/2026;;N;Aline.Rodrigues1991@Icloud.Com
271;Júlia Zanotti;(27) 98271-4705;Vitória;ES;30/04/2026;Google Shopping;;Julia.Zanotti@Hotmail.Com
272;Patrícia Souza;(27) 98468-7276;Vitória;ES;16/08/2026;Google Ads;;Patricia.Souza@Hotmail.Com
273;Rafael Araújo;;Vitória;ES;08/07/2026;Instagram;N;Rafael.Araujo1984@Icloud.Com
274;Fernanda Loureiro;(19) 99761-4559;Belo Horizonte;MG;26/03/2026;Google Ads;;Fernanda.Loureiro96@Yahoo.Com.Br
275;Carolina Nascimento;(27) 98508-5668;Vitória;ES;16/07/2026;IG;N;Carolina.Nascimento18@Icloud.Com
276;André Costa;(19) 98605-1894;São Paulo;SP;14/01/2026;Influenciadora;Sim;Andre.Costa1999@Gmail.Com
277;Beatriz Ferreira;;Cariacica;ES;03/05/2026;influencer;sim;Beatriz.Ferreira2000@Gmail.Com
278;Luíza Ribeiro;(19) 99954-2195;Campinas;SP;12/06/2026;indicacao;sim;Luiza.Ribeiro1997@Gmail.Com
279;Maria Araújo;(19) 98867-7590;Campinas;SP;21/04/2026;Instagram;Sim;Maria.Araujo1989@Outlook.Com
280;Fernanda Lima;;Cachoeiro de Itapemirim;ES;08/06/2026;Facebook;Sim;Fernanda.Lima69@Yahoo.Com.Br
281;Bruno Santos;(27) 99253-1901;Cariacica;ES;12/08/2026;Facebook;Sim;Bruno.Santos32@Gmail.Com
282;Larissa Zanotti;(27) 99059-5247;Cariacica;ES;31/03/2026;Instagram;Não;Larissa.Zanotti2@Gmail.Com
283;Gabriel Merçon;(27) 98130-5308;Cariacica;ES;06/03/2026;Meta Ads;sim;Gabriel.Mercon4@Gmail.Com
284;Juliana Moreira;;CAMPINAS;SP;19/09/2026;;sim;Juliana.Moreira@Gmail.Com
285;Ana Ferreira;(27) 98366-1579;Vitória;ES;18/09/2026;instagram;sim;Ana.Ferreira6@Hotmail.Com
286;Mariana Ribeiro;(27) 98763-2956;LINHARES;ES;03/08/2026;;Não;Mariana.Ribeiro93@Gmail.Com
287;Débora Santos;(11) 98670-2415;Campinas;SP;27/01/2026;;Sim;Debora.Santos52@Gmail.Com
288;Gabriela Moreira;(27) 98754-9083;Cariacica;ES;05/01/2026;;Sim;Gabriela.Moreira2003@Gmail.Com
289;Diego Merçon;(27) 98477-9872;Vitória;ES;11/04/2026;indicacao;Não;Diego.Mercon@Hotmail.Com
290;João Merçon;(27) 98420-9680;Vitória;ES;05/01/2026;;;Joao.Mercon1992@Gmail.Com
291;Maria Lima;(27) 99837-9515;VILA VELHA;ES;03/08/2026;indicacao;sim;Maria.Lima@Gmail.Com
292;Júlia Moreira;(19) 98153-2020;Salvador;BA;10/07/2026;Google;Sim;Julia.Moreira@Icloud.Com
293;Letícia Nascimento;(27) 98927-5455;SERRA;ES;08/03/2026;Google;S;Leticia.Nascimento2002@Gmail.Com
294;Luíza Souza;(27) 98643-7660;Cariacica;ES;14/04/2026;Meta Ads;sim;Luiza.Souza@Hotmail.Com
295;Felipe Gomes;(27) 98322-5984;Vitória;ES;03/07/2026;instagram;;Felipe.Gomes40@Gmail.Com
296;Mariana Carvalho;;Vila Velha;ES;17/06/2026;;;Mariana.Carvalho@Icloud.Com
297;Diego Dalla Bernardina;(27) 99646-3290;Vitória;ES;27/07/2026;Instagram;sim;Diego.Dallabernardina@Hotmail.Com
298;Rafael Costa;(27) 98172-5240;Cachoeiro de Itapemirim;ES;01/02/2026;Instagram;Sim;Rafael.Costa1991@Icloud.Com
299;Júlia Costa;(11) 98250-1699;Salvador;BA;08/02/2026;Site;Sim;Julia.Costa@Gmail.Com
300;Luíza Ribeiro;(27) 99399-7990;Serra;ES;26/01/2026;;S;Luiza.Ribeiro93@Gmail.Com
301;Thiago Rodrigues;(27) 99263-5026;Colatina;ES;20/04/2026;;S;Thiago.Rodrigues@Yahoo.Com.Br
302;Priscila Martins;(27) 98858-4267;Vitória;ES;13/09/2026;Google Shopping;S;Priscila.Martins8@Hotmail.Com
303;Priscila Silva;(27) 99115-8940;Cariacica;ES;27/09/2026;;;Priscila.Silva2005@Gmail.Com
304;Letícia Pereira;(27) 99834-5602;Vitória;ES;15/09/2026;;S;Leticia.Pereira1990@Gmail.Com
305;Luíza Ferreira;(27) 98545-9743;Vila Velha;ES;30/08/2026;Meta Ads;S;Luiza.Ferreira@Icloud.Com
306;Fábio Araújo;(27) 99213-6210;Vila Velha;ES;29/01/2026;influencer;S;Fabio.Araujo@Gmail.Com
307;João Zanotti;(27) 99153-4084;Vitória;ES;03/07/2026;;N;Joao.Zanotti1991@Yahoo.Com.Br
308;Camila Martins;(27) 98448-1326;Colatina;ES;10/09/2026;Influenciadora;Não;Camila.Martins@Gmail.Com
309;Thaís Costa;(11) 98121-1359;Curitiba;PR;01/01/2026;Google Ads;;Thais.Costa1990@Gmail.Com
310;Eduardo Oliveira;(27) 98206-6514;Linhares;ES;14/03/2026;instagram;N;Eduardo.Oliveira2002@Hotmail.Com
311;Vinícius Loureiro;;Rio de Janeiro;RJ;11/03/2026;Instagram;sim;Vinicius.Loureiro63@Gmail.Com
312;Ana Zanotti;(27) 99233-6213;Vila Velha;ES;31/05/2026;instagram;N;Ana.Zanotti1992@Gmail.Com
313;Gabriel Martins;(27) 98710-6234;Vila Velha;ES;24/04/2026;Site;Não;Gabriel.Martins1990@Gmail.Com
314;Carlos Gomes;(31) 98717-5205;Rio de Janeiro;RJ;15/02/2026;Instagram;S;Carlos.Gomes@Gmail.Com
315;Mateus Ribeiro;(27) 98207-8855;SERRA;ES;13/08/2026;influencer;Sim;Mateus.Ribeiro64@Outlook.Com
316;Júlia Santos;(27) 98151-6600;Vitória;ES;26/04/2026;Instagram;N;Julia.Santos38@Gmail.Com
317;Júlia Barbosa;(27) 99442-1507;Cariacica;ES;12/07/2026;;Não;Julia.Barbosa1990@Yahoo.Com.Br
318;Carolina Pereira;(27) 98838-9849;Vila Velha;ES;26/03/2026;google;sim;Carolina.Pereira7@Gmail.Com
319;Beatriz Santos;(27) 98111-6911;Vitória;ES;25/05/2026;instagram;S;Beatriz.Santos1998@Hotmail.Com
320;Ana Costa;(27) 99728-2892;Cariacica;ES;03/09/2026;Instagram;;Ana.Costa22@Gmail.Com
321;Letícia Oliveira;(27) 99813-7249;SERRA;ES;23/07/2026;Meta Ads;Sim;Leticia.Oliveira83@Gmail.Com
322;Renata Gomes;(27) 98309-2584;Vitória;ES;17/08/2026;;Não;Renata.Gomes34@Yahoo.Com.Br
323;Vinícius Merçon;(19) 99676-9561;Salvador;BA;26/06/2026;instagram;N;Vinicius.Mercon1987@Gmail.Com
324;Mariana Martins;(27) 99169-9467;Cariacica;ES;01/09/2026;;;Mariana.Martins39@Gmail.Com
325;Camila Costa;(27) 99399-8133;Vitória;ES;18/08/2026;Instagram;Não;Camila.Costa@Hotmail.Com
326;Júlia Oliveira;;Serra;ES;17/03/2026;Instagram;;Julia.Oliveira50@Outlook.Com
327;Caio Moreira;(27) 98306-3428;Serra;ES;07/01/2026;;N;Caio.Moreira67@Gmail.Com
328;Fábio Merçon;(27) 99797-7732;Serra;ES;21/02/2026;Google;N;Fabio.Mercon13@Outlook.Com
329;Juliana Santos;(27) 99246-7581;Colatina;ES;06/09/2026;Facebook;;Juliana.Santos23@Gmail.Com
330;Pedro Dalla Bernardina;;Serra;ES;19/06/2026;IG;sim;Pedro.Dallabernardina61@Gmail.Com
331;Gabriel Ferreira;(11) 98551-7828;Campinas;SP;09/09/2026;Facebook;S;Gabriel.Ferreira1989@Hotmail.Com
332;Fernanda Ribeiro;(31) 99055-3604;Salvador;BA;15/02/2026;;Sim;Fernanda.Ribeiro1995@Gmail.Com
333;Débora Moreira;(31) 98510-1541;Salvador;BA;17/09/2026;IG;;Debora.Moreira@Gmail.Com
334;Thiago Carvalho;(27) 99395-1500;Vitória;ES;04/07/2026;Google Ads;Sim;Thiago.Carvalho60@Icloud.Com
335;Camila Martins;(27) 99715-5237;Vila Velha;ES;08/09/2026;IG;sim;Camila.Martins76@Gmail.Com
336;Luíza Merçon;(21) 98551-7709;Belo Horizonte;MG;17/07/2026;;Sim;Luiza.Mercon1987@Gmail.Com
337;Larissa Loureiro;(27) 99245-6004;Vila Velha;ES;05/01/2026;google ads;N;Larissa.Loureiro@Gmail.Com
338;Bruna Carvalho;(27) 99386-9530;Vila Velha;ES;21/05/2026;influencer;sim;Bruna.Carvalho@Hotmail.Com
339;Ana Rocha;(27) 99216-5631;Cachoeiro de Itapemirim;ES;23/07/2026;;Não;Ana.Rocha85@Outlook.Com
340;Carlos Rodrigues;(27) 98385-3456;Vila Velha;ES;22/06/2026;IG;Não;Carlos.Rodrigues2000@Icloud.Com
341;Caio Araújo;(31) 99342-9148;São Paulo;SP;04/05/2026;Google Ads;Não;Caio.Araujo1990@Gmail.Com
342;Gustavo Araújo;(21) 98702-4643;Salvador;BA;13/05/2026;Indicação;;Gustavo.Araujo1981@Yahoo.Com.Br
343;Eduardo Rocha;(27) 98601-2599;Vila Velha;ES;01/09/2026;Google Shopping;N;Eduardo.Rocha1985@Outlook.Com
344;Diego Merçon;(27) 98455-6820;Vitória;ES;13/05/2026;Google;;Diego.Mercon24@Icloud.Com
345;Patrícia Carvalho;(27) 98963-1879;Vitória;ES;07/06/2026;Instagram;S;Patricia.Carvalho34@Hotmail.Com
346;Fernanda Rocha;(27) 98846-1885;Vila Velha;ES;06/02/2026;site;S;Fernanda.Rocha16@Outlook.Com
347;Fernanda Nascimento;(27) 99766-3954;Serra;ES;19/03/2026;;sim;Fernanda.Nascimento53@Gmail.Com
348;Camila Nascimento;(27) 98428-3762;Vila Velha;ES;07/09/2026;Influenciadora;Não;Camila.Nascimento@Hotmail.Com
349;Júlia Lima;(27) 98878-8821;Serra;ES;23/03/2026;google ads;Não;Julia.Lima1993@Hotmail.Com
350;Aline Silva;(27) 99385-1067;Vitória;ES;20/01/2026;google;;Aline.Silva2004@Gmail.Com
351;Aline Almeida;(27) 98626-3736;Linhares;ES;08/05/2026;;;Aline.Almeida17@Outlook.Com
352;Débora Pimentel;(27) 98701-9031;Vitória;ES;29/05/2026;Meta Ads;;Debora.Pimentel68@Icloud.Com
353;Bruna Silva;(27) 99503-1359;Vila Velha;ES;07/04/2026;Facebook;;Bruna.Silva1987@Gmail.Com
354;Maria Araújo;(27) 99216-1785;Vitória;ES;28/03/2026;Google Ads;sim;Maria.Araujo1988@Yahoo.Com.Br
355;Beatriz Ribeiro;(27) 98971-3508;Vila Velha;ES;11/01/2026;Google;S;Beatriz.Ribeiro@Outlook.Com
356;Thaís Zanotti;;São Paulo;SP;21/02/2026;Instagram;sim;Thais.Zanotti@Outlook.Com
357;Marcelo Costa;;Vila Velha;ES;13/04/2026;Instagram;N;Marcelo.Costa46@Gmail.Com
358;Rodrigo Nascimento;(27) 99857-2809;Vitória;ES;17/04/2026;google ads;S;Rodrigo.Nascimento@Icloud.Com
359;Júlia Merçon;(27) 99319-4787;Vila Velha;ES;10/09/2026;Influenciadora;Sim;Julia.Mercon1982@Gmail.Com
360;Maria Souza;;Curitiba;PR;01/06/2026;google;Não;Maria.Souza23@Gmail.Com
361;João Lima;(27) 99831-8171;Serra;ES;18/02/2026;;N;Joao.Lima@Gmail.Com
362;Lucas Carvalho;(27) 99970-8479;Serra;ES;18/05/2026;Indicacao amigo;sim;Lucas.Carvalho@Hotmail.Com
363;Rodrigo Ribeiro;(27) 99425-1960;Vitória;ES;17/07/2026;Facebook;N;Rodrigo.Ribeiro@Gmail.Com
364;Luíza Martins;(27) 98777-6875;Colatina;ES;23/03/2026;;N;Luiza.Martins73@Gmail.Com
365;Juliana Souza;(27) 98025-9598;Serra;ES;08/03/2026;Google;;Juliana.Souza367@Icloud.Com
366;Carlos Rocha;(27) 98886-5072;Vitória;ES;25/04/2026;;sim;Carlos.Rocha2002@Yahoo.Com.Br
367;Priscila Pimentel;;Cariacica;ES;17/07/2026;Google;;Priscila.Pimentel1980@Gmail.Com
368;Juliana Nascimento;(27) 98456-7203;CARIACICA;ES;26/03/2026;Google;Sim;Juliana.Nascimento31@Gmail.Com
369;Renata Moreira;(27) 98243-9148;Serra;ES;01/05/2026;Google;;Renata.Moreira58@Hotmail.Com
370;Priscila Silva;(27) 98623-9328;Cachoeiro de Itapemirim;ES;31/07/2026;Instagram;Não;Priscila.Silva2005@Yahoo.Com.Br
371;Eduardo Santos;(41) 99228-8751;Campinas;SP;22/08/2026;Google;S;Eduardo.Santos29@Outlook.Com
372;Gabriel Souza;(27) 98727-5783;Serra;ES;06/07/2026;Instagram;sim;Gabriel.Souza@Gmail.Com
373;Pedro Pereira;(27) 98520-4209;Vitória;ES;11/07/2026;Google;N;Pedro.Pereira1984@Hotmail.Com
374;Fernanda Zanotti;(27) 99715-3018;Cachoeiro de Itapemirim;ES;21/07/2026;Instagram;;Fernanda.Zanotti44@Gmail.Com
375;Luíza Rocha;;São Paulo;SP;19/08/2026;influencer;Sim;Luiza.Rocha@Outlook.Com
376;Mateus Zanotti;(27) 98793-6273;Vitória;ES;05/09/2026;Influenciadora;S;Mateus.Zanotti1985@Gmail.Com
377;Thaís Zanotti;(27) 99987-5819;Serra;ES;16/07/2026;;sim;Thais.Zanotti98@Hotmail.Com
378;Thaís Zanotti;(27) 99457-4560;Serra;ES;10/03/2026;google;Sim;Thais.Zanotti96@Outlook.Com
379;Rafael Zanotti;(71) 98660-2890;Rio de Janeiro;RJ;29/05/2026;IG;S;Rafael.Zanotti1985@Outlook.Com
380;Carolina Simões;;Serra;ES;03/09/2026;Influenciadora;Sim;Carolina.Simoes2006@Gmail.Com
381;Maria Simões;(27) 99399-5105;Vila Velha;ES;13/01/2026;;Não;Maria.Simoes8@Gmail.Com
382;Priscila Santos;(27) 99777-4675;Colatina;ES;01/02/2026;Meta Ads;S;Priscila.Santos46@Gmail.Com
383;Gabriela Zanotti;(27) 99959-6122;Serra;ES;19/07/2026;Influenciadora;N;Gabriela.Zanotti86@Hotmail.Com
384;Letícia Costa;(27) 99443-7025;Cachoeiro de Itapemirim;ES;28/01/2026;;N;Leticia.Costa80@Gmail.Com
385;Felipe Almeida;(27) 99971-3847;Vila Velha;ES;11/04/2026;;;Felipe.Almeida1985@Gmail.Com
386;Letícia Lima;(27) 98955-3536;Serra;ES;08/08/2026;Instagram;Sim;Leticia.Lima21@Gmail.Com
387;Thaís Simões;(27) 98149-6207;Serra;ES;15/06/2026;Facebook;N;Thais.Simoes1995@Outlook.Com
388;Débora Pereira;(27) 98715-4624;Vitória;ES;05/04/2026;Google Ads;sim;Debora.Pereira1997@Hotmail.Com
389;Gabriela Costa;(27) 99686-1144;Guarapari;ES;19/06/2026;;S;Gabriela.Costa1999@Hotmail.Com
390;Thaís Pimentel;(27) 99875-2857;Serra;ES;27/06/2026;;Sim;Thais.Pimentel1981@Gmail.Com
391;Débora Merçon;(27) 98089-5856;Cariacica;ES;25/05/2026;Google Ads;;Debora.Mercon1996@Hotmail.Com
392;Júlia Souza;(27) 99283-2072;Vitória;ES;09/04/2026;Google;sim;Julia.Souza2004@Outlook.Com
393;Vinícius Souza;;Cachoeiro de Itapemirim;ES;20/04/2026;;Sim;Vinicius.Souza1997@Hotmail.Com
394;Júlia Santos;(27) 99177-4729;Vitória;ES;19/06/2026;;sim;Julia.Santos23@Outlook.Com
395;Bruna Ribeiro;(27) 99095-1096;Vitória;ES;28/07/2026;;;Bruna.Ribeiro41@Icloud.Com
396;Fábio Santos;(27) 98593-5937;Vitória;ES;02/02/2026;Google Shopping;Sim;Fabio.Santos90@Outlook.Com
397;Leonardo Araújo;(27) 98320-9740;Cariacica;ES;25/05/2026;;;Leonardo.Araujo2006@Gmail.Com
398;Diego Almeida;;Curitiba;PR;20/07/2026;IG;;Diego.Almeida82@Icloud.Com
399;Priscila Lima;(27) 98807-9800;Colatina;ES;06/01/2026;indicacao;;Priscila.Lima@Yahoo.Com.Br
400;Aline Costa;(27) 98376-4617;Vila Velha;ES;13/02/2026;google ads;;Aline.Costa2000@Gmail.Com
401;Camila Simões;(27) 99125-2198;Cachoeiro de Itapemirim;ES;10/05/2026;Google;S;Camila.Simoes1981@Hotmail.Com
402;Rodrigo Nascimento;(27) 98204-5671;Vila Velha;ES;12/04/2026;Facebook;S;Rodrigo.Nascimento1984@Icloud.Com
403;Renata Nascimento;(27) 99158-6971;Vitória;ES;10/04/2026;Google Shopping;Sim;Renata.Nascimento79@Yahoo.Com.Br
404;Patrícia Ferreira;(27) 98566-6889;Serra;ES;08/08/2026;Influenciadora;;Patricia.Ferreira2002@Icloud.Com
405;Leonardo Gomes;(27) 98222-3879;Guarapari;ES;19/06/2026;Facebook;Sim;Leonardo.Gomes46@Hotmail.Com
406;Rafael Barbosa;(27) 99489-2235;Vitória;ES;11/02/2026;Google Shopping;N;Rafael.Barbosa1988@Icloud.Com
407;Fábio Moreira;(27) 99129-5269;Vitória;ES;17/09/2026;site;;Fabio.Moreira2004@Gmail.Com
408;Rafael Carvalho;(27) 98951-9210;Vitória;ES;30/08/2026;;S;Rafael.Carvalho1987@Gmail.Com
409;Ana Simões;(27) 99550-9423;Vila Velha;ES;23/07/2026;google ads;;Ana.Simoes2005@Icloud.Com
410;Aline Santos;(27) 98541-7052;Vitória;ES;16/03/2026;Meta Ads;Sim;Aline.Santos29@Gmail.Com
411;Aline Araújo;(27) 98663-2691;Cachoeiro de Itapemirim;ES;16/04/2026;Instagram;sim;Aline.Araujo@Gmail.Com
412;Thiago Dalla Bernardina;;Vila Velha;ES;24/09/2026;Instagram;;Thiago.Dallabernardina1998@Yahoo.Com.Br
413;Bruna Ferreira;(27) 99623-8898;Cariacica;ES;09/02/2026;;Não;Bruna.Ferreira67@Gmail.Com
414;Larissa Gomes;(27) 98575-4465;Cachoeiro de Itapemirim;ES;04/01/2026;Site;sim;Larissa.Gomes@Outlook.Com
415;Patrícia Dalla Bernardina;(27) 98431-3641;Cariacica;ES;02/03/2026;Meta Ads;S;Patricia.Dallabernardina1995@Hotmail.Com
416;Maria Lima;(27) 99824-3406;Vitória;ES;30/07/2026;Google Shopping;;Maria.Lima744@Outlook.Com
417;Marcelo Araújo;(71) 99355-5644;São Paulo;SP;13/05/2026;Facebook;;Marcelo.Araujo1998@Gmail.Com
418;Juliana Martins;(27) 99627-3979;Vitória;ES;21/04/2026;;S;Juliana.Martins22@Yahoo.Com.Br
419;Patrícia Gomes;(27) 98789-3166;Serra;ES;19/09/2026;Google;Sim;Patricia.Gomes@Gmail.Com
420;Débora Simões;(27) 98363-8796;Vitória;ES;14/04/2026;;S;Debora.Simoes@Yahoo.Com.Br
421;Diego Rocha;(21) 99847-9835;Belo Horizonte;MG;20/01/2026;site;;Diego.Rocha@Hotmail.Com
422;Aline Santos;(19) 99617-7246;Curitiba;PR;09/08/2026;Instagram;sim;Aline.Santos90@Gmail.Com
423;Letícia Martins;(27) 99795-9908;Colatina;ES;20/02/2026;Meta Ads;;Leticia.Martins@Gmail.Com
424;Ana Moreira;(27) 99340-4365;Serra;ES;07/04/2026;google;S;Ana.Moreira1983@Gmail.Com
425;Beatriz Lima;(27) 99750-9783;Vila Velha;ES;11/06/2026;Google;N;Beatriz.Lima2000@Gmail.Com
426;Bruna Merçon;;Cariacica;ES;07/07/2026;Google Ads;;Bruna.Mercon1993@Outlook.Com
427;Gabriela Moreira;(21) 99751-2951;São Paulo;SP;05/09/2026;Google Ads;N;Gabriela.Moreira2004@Hotmail.Com
428;Mateus Souza;(41) 99257-1852;Curitiba;PR;17/08/2026;Instagram;S;Mateus.Souza28@Gmail.Com
429;Rodrigo Pimentel;(27) 98759-2311;Vila Velha;ES;03/01/2026;Meta Ads;sim;Rodrigo.Pimentel@Gmail.Com
430;Gustavo Pimentel;(27) 99936-3871;Vitória;ES;16/07/2026;Google Shopping;sim;Gustavo.Pimentel84@Yahoo.Com.Br
431;Débora Almeida;(27) 99430-4795;Cariacica;ES;13/08/2026;Google Shopping;N;Debora.Almeida1981@Outlook.Com
432;Ana Pereira;;Belo Horizonte;MG;19/01/2026;;S;Ana.Pereira12@Gmail.Com
433;Diego Almeida;(27) 98711-5530;Serra;ES;05/02/2026;Google;N;Diego.Almeida2006@Yahoo.Com.Br
434;Bruna Moreira;(27) 98218-2185;CARIACICA;ES;10/04/2026;Instagram;N;Bruna.Moreira@Hotmail.Com
435;Marcelo Rodrigues;(19) 99978-7178;Rio de Janeiro;RJ;24/06/2026;;Não;Marcelo.Rodrigues2006@Gmail.Com
436;Leonardo Simões;(27) 98528-2106;Vitória;ES;05/05/2026;google ads;sim;Leonardo.Simoes@Hotmail.Com
437;Bruno Nascimento;(27) 99435-5314;Vitória;ES;23/04/2026;google;S;Bruno.Nascimento1991@Outlook.Com
438;Camila Martins;;Vila Velha;ES;25/06/2026;Instagram;S;Camila.Martins@Yahoo.Com.Br
439;Mariana Rodrigues;(41) 98729-3555;Salvador;BA;13/04/2026;Google Ads;Sim;Mariana.Rodrigues@Gmail.Com
440;Rodrigo Pimentel;(27) 98760-6167;Cariacica;ES;03/03/2026;Influenciadora;Sim;Rodrigo.Pimentel2004@Gmail.Com
441;Débora Rodrigues;(27) 99076-7933;Vitória;ES;21/05/2026;Google;Não;Debora.Rodrigues1987@Gmail.Com
442;Bruna Simões;(27) 98646-1137;Cariacica;ES;17/01/2026;Google Ads;Sim;Bruna.Simoes@Outlook.Com
443;Beatriz Nascimento;(27) 98538-4885;Guarapari;ES;18/04/2026;Meta Ads;Sim;Beatriz.Nascimento47@Gmail.Com
444;Juliana Ribeiro;(27) 99749-7563;Serra;ES;25/06/2026;Instagram;S;Juliana.Ribeiro1993@Gmail.Com
445;Luíza Simões;(21) 99137-8081;Curitiba;PR;03/04/2026;Facebook;S;Luiza.Simoes@Gmail.Com
446;Larissa Martins;;Vitória;ES;11/04/2026;;Sim;Larissa.Martins2@Hotmail.Com
447;André Rodrigues;(27) 99414-3676;Vitória;ES;11/06/2026;Google;sim;Andre.Rodrigues@Hotmail.Com
448;Beatriz Gomes;(27) 99147-5222;Serra;ES;11/05/2026;;sim;Beatriz.Gomes96@Gmail.Com
449;Thaís Costa;(27) 98357-5663;GUARAPARI;ES;30/07/2026;Facebook;N;Thais.Costa1998@Icloud.Com
450;Renata Oliveira;(27) 99959-3373;Cachoeiro de Itapemirim;ES;19/09/2026;;Não;Renata.Oliveira49@Hotmail.Com
451;Thaís Moreira;(27) 98467-6136;Serra;ES;22/06/2026;site;N;Thais.Moreira@Gmail.Com
452;Caio Loureiro;;São Paulo;SP;30/05/2026;Meta Ads;;Caio.Loureiro51@Gmail.Com
453;Rafael Dalla Bernardina;(27) 98341-7505;Vila Velha;ES;05/04/2026;;Sim;Rafael.Dallabernardina31@Gmail.Com
454;Maria Silva;(27) 98537-3544;Vitória;ES;02/02/2026;;Não;Maria.Silva1992@Gmail.Com
455;Mariana Dalla Bernardina;(27) 99078-3795;Vitória;ES;19/07/2026;instagram;N;Mariana.Dallabernardina1994@Gmail.Com
456;Carlos Martins;(27) 98276-9835;Cariacica;ES;02/07/2026;Meta Ads;Sim;Carlos.Martins60@Outlook.Com
457;Fábio Ribeiro;(27) 99861-6688;Vila Velha;ES;22/08/2026;Meta Ads;;Fabio.Ribeiro2000@Outlook.Com
458;Leonardo Almeida;(27) 98021-1001;Vila Velha;ES;27/04/2026;google ads;sim;Leonardo.Almeida47@Gmail.Com
459;Juliana Barbosa;(27) 98018-8052;Vila Velha;ES;11/03/2026;;;Juliana.Barbosa2@Hotmail.Com
460;Diego Carvalho;(27) 98511-3675;Serra;ES;29/04/2026;Instagram;;Diego.Carvalho1993@Hotmail.Com
461;Bruno Rodrigues;(27) 99565-5454;Cariacica;ES;19/07/2026;Instagram;S;Bruno.Rodrigues1993@Gmail.Com
462;Vinícius Costa;(27) 99304-8460;Vitória;ES;30/09/2026;Facebook;S;Vinicius.Costa@Gmail.Com
463;Rodrigo Costa;(27) 98045-4046;Guarapari;ES;20/05/2026;Google;Sim;Rodrigo.Costa@Gmail.Com
464;Renata Dalla Bernardina;;Vitória;ES;25/05/2026;Indicação;sim;Renata.Dallabernardina@Gmail.Com
465;Rodrigo Carvalho;(27) 99727-3393;Vitória;ES;09/06/2026;Instagram;;Rodrigo.Carvalho@Gmail.Com
466;Juliana Pereira;(31) 98249-5078;Salvador;BA;20/07/2026;Instagram;N;Juliana.Pereira25@Hotmail.Com
467;Maria Costa;(21) 98968-7375;Belo Horizonte;MG;15/08/2026;google;N;Maria.Costa@Outlook.Com
468;Mateus Loureiro;(27) 98250-5150;Cariacica;ES;09/06/2026;Google;sim;Mateus.Loureiro1981@Outlook.Com
469;Maria Simões;(27) 98664-1246;Serra;ES;02/06/2026;google ads;Sim;Maria.Simoes@Icloud.Com
470;Bruna Ferreira;(41) 98317-7084;Rio de Janeiro;RJ;22/05/2026;Instagram;Não;Bruna.Ferreira1981@Hotmail.Com
471;Júlia Simões;(27) 98728-3521;Vitória;ES;08/05/2026;Influenciadora;N;Julia.Simoes1990@Gmail.Com
472;Priscila Loureiro;(27) 99411-7189;Vitória;ES;30/04/2026;;Não;Priscila.Loureiro97@Gmail.Com
473;Maria Martins;;Guarapari;ES;10/03/2026;;Sim;Maria.Martins1994@Gmail.Com
474;Patrícia Dalla Bernardina;(27) 98141-9702;Vila Velha;ES;06/04/2026;Instagram;;Patricia.Dallabernardina1988@Outlook.Com
475;Diego Carvalho;(27) 99502-4039;Serra;ES;01/06/2026;;N;Diego.Carvalho1980@Outlook.Com
476;Bruno Nascimento;(19) 98388-9586;Salvador;BA;06/07/2026;;sim;Bruno.Nascimento1982@Outlook.Com
477;Patrícia Ribeiro;(27) 99349-2092;Cariacica;ES;20/03/2026;;;Patricia.Ribeiro@Gmail.Com
478;Maria Moreira;(27) 99076-5193;Cariacica;ES;06/09/2026;instagram;N;Maria.Moreira83@Icloud.Com
479;Júlia Silva;(27) 99640-1994;Cariacica;ES;24/04/2026;Instagram;Sim;Julia.Silva27@Gmail.Com
480;Pedro Pimentel;(11) 98159-4537;Salvador;BA;01/08/2026;Facebook;;Pedro.Pimentel@Gmail.Com
481;Mariana Barbosa;(21) 99167-3931;Belo Horizonte;MG;19/02/2026;;Não;Mariana.Barbosa@Outlook.Com
482;Fábio Carvalho;(27) 99808-2705;SERRA;ES;01/08/2026;google ads;;Fabio.Carvalho1994@Icloud.Com
483;Débora Nascimento;(27) 99911-6772;Cariacica;ES;03/04/2026;IG;Sim;Debora.Nascimento1985@Yahoo.Com.Br
484;Vinícius Merçon;(27) 98492-9939;Colatina;ES;16/06/2026;;;Vinicius.Mercon1993@Gmail.Com
485;Renata Gomes;;Vila Velha;ES;11/05/2026;Meta Ads;sim;Renata.Gomes1980@Gmail.Com
486;Mariana Costa;(27) 99047-3534;Guarapari;ES;04/06/2026;;;Mariana.Costa1980@Gmail.Com
487;Larissa Rodrigues;(27) 99661-5920;Vila Velha;ES;24/08/2026;Facebook;Não;Larissa.Rodrigues@Gmail.Com
488;Fernanda Dalla Bernardina;(27) 98999-2562;Vila Velha;ES;24/07/2026;;S;Fernanda.Dallabernardina10@Hotmail.Com
489;Luíza Araújo;(27) 99801-8115;Serra;ES;03/06/2026;Google Ads;N;Luiza.Araujo@Gmail.Com
490;Bruno Dalla Bernardina;(71) 98783-1886;Campinas;SP;03/03/2026;google;;Bruno.Dallabernardina@Icloud.Com
491;Luíza Lima;(27) 98103-7436;Vitória;ES;22/01/2026;Meta Ads;N;Luiza.Lima1996@Gmail.Com
492;Carolina Almeida;(27) 98974-1807;Vitória;ES;16/09/2026;Indicacao amigo;Não;Carolina.Almeida@Gmail.Com
493;Débora Ribeiro;;Guarapari;ES;15/05/2026;;sim;Debora.Ribeiro@Hotmail.Com
494;Débora Ferreira;(27) 99402-2467;Serra;ES;11/04/2026;Google;Sim;Debora.Ferreira32@Hotmail.Com
495;Aline Costa;(27) 99576-5994;Vitória;ES;31/07/2026;IG;sim;Aline.Costa1991@Icloud.Com
496;Renata Pimentel;(27) 99403-7124;Vila Velha;ES;29/06/2026;instagram;N;Renata.Pimentel@Gmail.Com
497;João Nascimento;;Cariacica;ES;17/03/2026;instagram;sim;Joao.Nascimento@Gmail.Com
498;Débora Merçon;(21) 99423-1301;São Paulo;SP;19/04/2026;Facebook;;Debora.Mercon34@Yahoo.Com.Br
499;Camila Santos;(27) 98108-8617;Vila Velha;ES;27/09/2026;Instagram;S;Camila.Santos1986@Yahoo.Com.Br
500;Letícia Simões;(27) 99776-7332;Vila Velha;ES;05/01/2026;;Não;Leticia.Simoes@Gmail.Com
501;Beatriz Nascimento;(27) 98407-9202;Vila Velha;ES;14/07/2026;IG;sim;Beatriz.Nascimento1999@Gmail.Com
502;Débora Almeida;(27) 98710-6765;Vitória;ES;12/01/2026;;Não;Debora.Almeida43@Gmail.Com
503;Débora Rodrigues;(31) 99933-5590;Salvador;BA;04/06/2026;Meta Ads;N;Debora.Rodrigues8@Hotmail.Com
504;Rafael Oliveira;;Colatina;ES;24/06/2026;Meta Ads;;Rafael.Oliveira1992@Icloud.Com
505;Gabriela Pimentel;(27) 99336-3270;Vila Velha;ES;20/03/2026;Google Ads;S;Gabriela.Pimentel1994@Gmail.Com
506;André Zanotti;(21) 99343-3589;Campinas;SP;14/04/2026;google ads;S;Andre.Zanotti@Hotmail.Com
507;Gabriel Pereira;(11) 99802-7783;Campinas;SP;30/09/2026;Instagram;Não;Gabriel.Pereira@Gmail.Com
508;Letícia Lima;(27) 99561-5372;Vitória;ES;05/06/2026;;Sim;Leticia.Lima@Gmail.Com
509;Mariana Simões;(27) 99028-8680;Vitória;ES;29/04/2026;;;Mariana.Simoes@Hotmail.Com
510;Bruna Martins;(27) 98066-7694;Vila Velha;ES;11/07/2026;Influenciadora;Não;Bruna.Martins@Gmail.Com
511;Bruno Dalla Bernardina;(27) 99898-8197;Vila Velha;ES;08/01/2026;;N;Bruno.Dallabernardina@Gmail.Com
512;Leonardo Ferreira;(19) 99474-6126;São Paulo;SP;08/09/2026;Google;sim;Leonardo.Ferreira@Yahoo.Com.Br
513;Pedro Rocha;(27) 99062-9812;Vila Velha;ES;26/09/2026;;N;Pedro.Rocha14@Gmail.Com
514;Débora Merçon;(27) 98815-5989;Cariacica;ES;21/01/2026;;Sim;Debora.Mercon@Gmail.Com
515;Carolina Almeida;(27) 98949-8400;Vitória;ES;27/05/2026;influencer;Não;Carolina.Almeida1981@Outlook.Com
516;Luíza Zanotti;(27) 98923-1408;Serra;ES;14/09/2026;;Sim;Luiza.Zanotti70@Hotmail.Com
517;Lucas Rodrigues;(71) 98253-2494;RIO DE JANEIRO;RJ;14/04/2026;IG;;Lucas.Rodrigues2002@Gmail.Com
518;Lucas Rocha;;COLATINA;ES;19/08/2026;instagram;sim;Lucas.Rocha1992@Outlook.Com
519;Camila Nascimento;(27) 98366-1840;Vitória;ES;14/07/2026;Facebook;Não;Camila.Nascimento@Gmail.Com
520;Leonardo Almeida;;Vila Velha;ES;08/06/2026;;N;Leonardo.Almeida@Gmail.Com
521;Diego Silva;(27) 99350-8794;Linhares;ES;12/09/2026;;Sim;Diego.Silva@Gmail.Com
522;Thaís Silva;(27) 99141-4401;Cachoeiro de Itapemirim;ES;15/08/2026;;N;Thais.Silva32@Yahoo.Com.Br
523;Maria Simões;(27) 99884-2436;Serra;ES;28/06/2026;IG;Não;Maria.Simoes2006@Gmail.Com
524;Mateus Simões;(27) 99612-3906;Linhares;ES;02/08/2026;instagram;Sim;Mateus.Simoes1999@Yahoo.Com.Br
525;Lucas Merçon;;Salvador;BA;04/07/2026;indicacao;;Lucas.Mercon39@Hotmail.Com
526;Larissa Souza;(27) 99074-4438;Serra;ES;03/02/2026;;Não;Larissa.Souza89@Outlook.Com
527;Débora Oliveira;(71) 98588-7996;Curitiba;PR;30/01/2026;Google;;Debora.Oliveira2003@Yahoo.Com.Br
528;Luíza Pimentel;(27) 99064-9154;Cariacica;ES;12/06/2026;Google Shopping;N;Luiza.Pimentel1984@Yahoo.Com.Br
529;Bruno Zanotti;(27) 98952-2932;Vitória;ES;03/04/2026;Google Ads;Sim;Bruno.Zanotti@Gmail.Com
530;Vinícius Ribeiro;(71) 98434-1185;Curitiba;PR;17/04/2026;influencer;;Vinicius.Ribeiro6@Outlook.Com
531;Júlia Almeida;(31) 98233-6460;Campinas;SP;25/05/2026;;S;Julia.Almeida1996@Gmail.Com
532;Felipe Nascimento;(31) 99322-3224;Curitiba;PR;15/01/2026;Facebook;sim;Felipe.Nascimento44@Hotmail.Com
533;Diego Nascimento;(41) 98613-6169;Salvador;BA;24/08/2026;google ads;;Diego.Nascimento60@Gmail.Com
534;Patrícia Carvalho;(27) 98768-9753;Serra;ES;10/01/2026;Google Ads;;Patricia.Carvalho9@Gmail.Com
535;Beatriz Merçon;;Vila Velha;ES;19/07/2026;Google;Sim;Beatriz.Mercon40@Gmail.Com
536;Gabriela Costa;(27) 99607-1612;Serra;ES;02/05/2026;;S;Gabriela.Costa@Gmail.Com
537;Rafael Costa;(27) 99588-6363;Vila Velha;ES;13/01/2026;Influenciadora;Sim;Rafael.Costa1995@Outlook.Com
538;Rafael Costa;(41) 98237-1067;Rio de Janeiro;RJ;20/02/2026;Facebook;sim;Rafael.Costa93@Hotmail.Com
539;Caio Oliveira;(27) 99569-6119;Cariacica;ES;23/01/2026;Meta Ads;N;Caio.Oliveira@Gmail.Com
540;Felipe Nascimento;(27) 98653-8227;Guarapari;ES;09/06/2026;IG;sim;Felipe.Nascimento26@Gmail.Com
541;Letícia Souza;(27) 98423-9888;Vitória;ES;20/05/2026;Google Shopping;Não;Leticia.Souza1999@Outlook.Com
542;Gabriela Moreira;(27) 99827-6549;Colatina;ES;13/06/2026;Meta Ads;S;Gabriela.Moreira@Gmail.Com
543;Juliana Simões;(27) 98873-7421;Vitória;ES;26/01/2026;Google Ads;N;Juliana.Simoes7@Gmail.Com
544;Gabriela Nascimento;(27) 99994-8629;Vitória;ES;17/08/2026;Facebook;Não;Gabriela.Nascimento2002@Outlook.Com
545;Leonardo Souza;(19) 98963-4796;Rio de Janeiro;RJ;17/02/2026;Google Ads;Sim;Leonardo.Souza1989@Icloud.Com
546;Caio Rodrigues;(27) 99615-6320;Serra;ES;15/03/2026;indicacao;;Caio.Rodrigues@Icloud.Com
547;Beatriz Carvalho;(11) 99237-3087;Campinas;SP;16/01/2026;Google Ads;Sim;Beatriz.Carvalho@Gmail.Com
548;Gabriel Nascimento;(27) 98944-7566;Guarapari;ES;27/07/2026;google ads;Sim;Gabriel.Nascimento@Gmail.Com
549;Diego Pereira;(27) 99666-8063;Vila Velha;ES;03/05/2026;;sim;Diego.Pereira@Gmail.Com
550;Patrícia Barbosa;(31) 99514-8972;Belo Horizonte;MG;11/08/2026;;Sim;Patricia.Barbosa@Icloud.Com
551;Beatriz Gomes;(27) 98222-7208;Colatina;ES;26/08/2026;Instagram;;Beatriz.Gomes23@Gmail.Com
552;Larissa Moreira;(21) 98927-9704;Belo Horizonte;MG;01/02/2026;Facebook;Sim;Larissa.Moreira@Gmail.Com
553;Patrícia Almeida;(27) 99470-6640;Serra;ES;17/08/2026;Instagram;;Patricia.Almeida2005@Gmail.Com
554;Débora Araújo;(27) 99982-1870;Guarapari;ES;05/01/2026;;Sim;Debora.Araujo@Gmail.Com
555;Gabriela Silva;(27) 99280-6212;Serra;ES;03/07/2026;Meta Ads;sim;Gabriela.Silva1993@Yahoo.Com.Br
556;Priscila Costa;(27) 99137-7301;Vila Velha;ES;27/07/2026;;Não;Priscila.Costa85@Gmail.Com
557;Rafael Almeida;(27) 99327-1257;Vitória;ES;04/07/2026;;sim;Rafael.Almeida@Gmail.Com
558;Rafael Oliveira;(71) 99237-7974;Curitiba;PR;07/09/2026;instagram;;Rafael.Oliveira18@Hotmail.Com
559;Priscila Gomes;(27) 99238-1121;Serra;ES;21/08/2026;Google Shopping;;Priscila.Gomes@Gmail.Com
560;Thiago Ribeiro;(27) 99163-8917;VITÓRIA;ES;02/05/2026;Google Ads;S;Thiago.Ribeiro70@Gmail.Com
561;Thiago Gomes;(27) 98502-8740;Vitória;ES;27/09/2026;;;Thiago.Gomes1982@Yahoo.Com.Br
562;Diego Moreira;(27) 99594-1176;Guarapari;ES;09/02/2026;;;Diego.Moreira@Gmail.Com
563;Fábio Dalla Bernardina;(27) 98343-1578;Vila Velha;ES;20/09/2026;Google;sim;Fabio.Dallabernardina43@Gmail.Com
564;Fábio Rodrigues;(27) 99173-1845;Vila Velha;ES;05/06/2026;Google Shopping;Não;Fabio.Rodrigues8@Yahoo.Com.Br
565;Caio Silva;(27) 98157-5552;Cariacica;ES;30/05/2026;Google Shopping;Não;Caio.Silva@Gmail.Com
566;Letícia Silva;(27) 99513-3476;Linhares;ES;24/05/2026;Facebook;sim;Leticia.Silva1983@Gmail.Com
567;Thiago Zanotti;(27) 98702-2382;Vitória;ES;09/07/2026;Google;Sim;Thiago.Zanotti@Outlook.Com
568;Vinícius Merçon;(71) 98342-4454;SÃO PAULO;SP;20/03/2026;Indicacao amigo;;Vinicius.Mercon1987@Hotmail.Com
569;Letícia Merçon;(27) 98975-5937;Serra;ES;26/06/2026;Google;N;Leticia.Mercon@Hotmail.Com
570;Bruna Martins;(27) 98591-8353;Vitória;ES;30/09/2026;;;Bruna.Martins1984@Hotmail.Com
571;Pedro Souza;(27) 99880-5466;Colatina;ES;11/06/2026;google;;Pedro.Souza69@Hotmail.Com
572;Thiago Loureiro;(21) 99503-4193;São Paulo;SP;17/05/2026;;sim;Thiago.Loureiro75@Icloud.Com
573;Ana Simões;(27) 98200-9605;Serra;ES;03/04/2026;Google Ads;S;Ana.Simoes@Gmail.Com
574;Gabriela Rodrigues;;Vitória;ES;17/08/2026;Meta Ads;Sim;Gabriela.Rodrigues@Yahoo.Com.Br
575;Gabriel Oliveira;(71) 99159-4027;Campinas;SP;04/03/2026;;sim;Gabriel.Oliveira78@Icloud.Com
576;Renata Simões;(19) 99417-6298;Campinas;SP;05/04/2026;site;Não;Renata.Simoes10@Gmail.Com
577;Thiago Rodrigues;(27) 99249-7432;Vila Velha;ES;20/06/2026;Instagram;N;Thiago.Rodrigues@Hotmail.Com
578;Priscila Merçon;(27) 99869-8234;Vitória;ES;09/09/2026;instagram;;Priscila.Mercon1986@Icloud.Com
579;João Martins;(27) 99361-7397;Vitória;ES;09/05/2026;;S;Joao.Martins2000@Gmail.Com
580;Fábio Silva;(27) 98827-2148;Serra;ES;18/06/2026;IG;sim;Fabio.Silva66@Hotmail.Com
581;Juliana Souza;(11) 98820-1904;Belo Horizonte;MG;02/01/2026;Google Ads;S;Juliana.Souza73@Gmail.Com
582;Patrícia Oliveira;(27) 98361-1644;Vila Velha;ES;16/02/2026;;Sim;Patricia.Oliveira59@Icloud.Com
583;Bruna Souza;;Vitória;ES;08/04/2026;Indicacao amigo;Não;Bruna.Souza81@Hotmail.Com
584;Juliana Araújo;(27) 99023-9748;Vila Velha;ES;13/01/2026;Instagram;sim;Juliana.Araujo2005@Icloud.Com
585;João Santos;(27) 98242-4468;Serra;ES;19/08/2026;indicacao;S;Joao.Santos44@Gmail.Com
586;Priscila Lima;(27) 99506-3319;Vitória;ES;25/09/2026;;S;Priscila.Lima@Gmail.Com
587;Thaís Santos;(27) 98352-1818;Vitória;ES;10/01/2026;;Sim;Thais.Santos2002@Gmail.Com
588;Camila Moreira;;Cariacica;ES;19/02/2026;;N;Camila.Moreira@Gmail.Com
589;Bruna Nascimento;(27) 98658-4493;Vitória;ES;14/04/2026;Meta Ads;N;Bruna.Nascimento2001@Outlook.Com
590;Aline Barbosa;(27) 98273-2637;Vitória;ES;01/08/2026;influencer;Sim;Aline.Barbosa@Yahoo.Com.Br
591;João Martins;(27) 99447-5648;Vitória;ES;12/07/2026;Instagram;;Joao.Martins@Gmail.Com
592;Felipe Lima;(27) 98489-3859;Serra;ES;01/09/2026;Google;Sim;Felipe.Lima1988@Hotmail.Com
593;Juliana Pimentel;(27) 98009-4860;Serra;ES;20/01/2026;Google Shopping;sim;Juliana.Pimentel12@Gmail.Com
594;Caio Carvalho;(27) 99577-4409;Cariacica;ES;29/09/2026;instagram;Sim;Caio.Carvalho1997@Gmail.Com
595;Larissa Simões;(31) 98110-6966;Belo Horizonte;MG;10/04/2026;Meta Ads;Não;Larissa.Simoes@Gmail.Com
596;Thaís Merçon;(27) 98360-3589;Guarapari;ES;11/08/2026;IG;sim;Thais.Mercon@Gmail.Com
597;Júlia Ferreira;(27) 98858-4256;Serra;ES;06/09/2026;;S;Julia.Ferreira1994@Yahoo.Com.Br
598;Beatriz Nascimento;(27) 98769-4615;Vila Velha;ES;16/06/2026;;Não;Beatriz.Nascimento@Hotmail.Com
599;Carolina Lima;(27) 98764-3234;Serra;ES;06/09/2026;IG;N;Carolina.Lima28@Gmail.Com
600;Thiago Costa;(27) 98574-3236;Vitória;ES;10/04/2026;google;S;Thiago.Costa@Yahoo.Com.Br
601;Camila Merçon;(27) 99616-3784;Vila Velha;ES;27/08/2026;Facebook;Sim;Camila.Mercon44@Yahoo.Com.Br
602;Débora Martins;(27) 98029-8014;Vila Velha;ES;28/04/2026;;S;Debora.Martins28@Hotmail.Com
603;Carolina Moreira;(27) 98855-1724;Vitória;ES;07/05/2026;Influenciadora;;Carolina.Moreira@Yahoo.Com.Br
604;Marcelo Santos;(71) 99682-2605;Curitiba;PR;29/08/2026;instagram;;Marcelo.Santos55@Hotmail.Com
605;Ana Zanotti;;Serra;ES;04/05/2026;google;Sim;Ana.Zanotti@Gmail.Com
606;Gabriela Pereira;(27) 99999-8452;Vitória;ES;16/02/2026;Google;Não;Gabriela.Pereira1994@Yahoo.Com.Br
607;Gustavo Pereira;(27) 99762-2158;Vitória;ES;12/03/2026;google;sim;Gustavo.Pereira48@Icloud.Com
608;Gabriela Ribeiro;(27) 99178-4393;Guarapari;ES;20/06/2026;google;sim;Gabriela.Ribeiro1988@Yahoo.Com.Br
609;Maria Rocha;(27) 98748-8624;Serra;ES;11/02/2026;Instagram;;Maria.Rocha@Gmail.Com
610;Priscila Zanotti;(27) 98685-4909;Vitória;ES;07/07/2026;Google;Sim;Priscila.Zanotti1997@Gmail.Com
611;Fábio Zanotti;(27) 98722-5380;Serra;ES;02/09/2026;google ads;S;Fabio.Zanotti2004@Gmail.Com
612;Júlia Carvalho;(27) 99698-3010;Cariacica;ES;05/08/2026;;S;Julia.Carvalho45@Outlook.Com
613;Diego Almeida;(31) 98385-8501;RIO DE JANEIRO;RJ;30/09/2026;Google Ads;S;Diego.Almeida58@Icloud.Com
614;André Oliveira;(21) 99016-3465;RIO DE JANEIRO;RJ;20/07/2026;IG;S;Andre.Oliveira14@Gmail.Com
615;João Almeida;(27) 98710-7883;Cariacica;ES;24/09/2026;;;Joao.Almeida2001@Gmail.Com
616;Júlia Silva;(27) 98843-6616;Serra;ES;11/01/2026;google;;Julia.Silva2006@Icloud.Com
617;Débora Barbosa;(27) 99839-6021;Vitória;ES;17/06/2026;Google;Não;Debora.Barbosa57@Yahoo.Com.Br
618;Aline Almeida;(27) 98933-3725;Vila Velha;ES;14/05/2026;instagram;S;Aline.Almeida@Gmail.Com
619;André Pereira;(21) 98330-4897;Curitiba;PR;24/03/2026;Google Shopping;Não;Andre.Pereira2006@Icloud.Com
620;Renata Rodrigues;(31) 99363-6192;Rio de Janeiro;RJ;12/06/2026;instagram;;Renata.Rodrigues@Outlook.Com
621;Priscila Pereira;(27) 99906-9182;Serra;ES;17/03/2026;Indicação;N;Priscila.Pereira@Gmail.Com
622;Rafael Silva;(27) 99444-5842;Cachoeiro de Itapemirim;ES;23/08/2026;Instagram;N;Rafael.Silva1997@Gmail.Com
623;Fábio Simões;(27) 99411-2840;Serra;ES;29/05/2026;;Não;Fabio.Simoes2005@Hotmail.Com
624;Mariana Gomes;(27) 99313-4197;Colatina;ES;25/07/2026;Influenciadora;;Mariana.Gomes46@Gmail.Com
625;Thiago Costa;(71) 99961-2431;BELO HORIZONTE;MG;24/04/2026;Google;N;Thiago.Costa1982@Hotmail.Com
626;Patrícia Pimentel;(27) 98814-3423;Serra;ES;21/07/2026;Indicacao amigo;;Patricia.Pimentel@Icloud.Com
627;Aline Silva;(27) 99790-2435;Cariacica;ES;07/08/2026;;S;Aline.Silva37@Gmail.Com
628;Vinícius Gomes;(19) 98285-2410;SÃO PAULO;SP;16/08/2026;instagram;;Vinicius.Gomes1985@Hotmail.Com
629;Débora Nascimento;(27) 98838-5478;Vitória;ES;05/06/2026;;sim;Debora.Nascimento9@Gmail.Com
630;Rafael Costa;(27) 99004-1691;Guarapari;ES;25/08/2026;;N;Rafael.Costa24@Gmail.Com
631;André Martins;(27) 99620-1040;Vitória;ES;04/06/2026;;Sim;Andre.Martins72@Gmail.Com
632;Rodrigo Souza;(27) 99007-5009;Vila Velha;ES;03/06/2026;Instagram;sim;Rodrigo.Souza84@Hotmail.Com
633;Júlia Pimentel;(27) 98893-5225;Linhares;ES;22/05/2026;Facebook;Não;Julia.Pimentel1991@Hotmail.Com
634;Gabriel Carvalho;;Vila Velha;ES;01/09/2026;Google Shopping;Sim;Gabriel.Carvalho2003@Gmail.Com
635;Rafael Carvalho;(27) 99303-6832;Serra;ES;25/08/2026;instagram;Não;Rafael.Carvalho21@Gmail.Com
636;Júlia Rocha;(31) 99226-3738;Campinas;SP;30/05/2026;instagram;Não;Julia.Rocha2004@Gmail.Com
637;André Rodrigues;(27) 99094-6761;Vitória;ES;11/06/2026;;Sim;Andre.Rodrigues2002@Gmail.Com
638;Juliana Ribeiro;(27) 99030-4622;Vitória;ES;25/05/2026;Influenciadora;S;Juliana.Ribeiro@Gmail.Com
639;Diego Zanotti;(27) 99876-2251;Cariacica;ES;27/09/2026;;S;Diego.Zanotti@Hotmail.Com
640;Gabriela Zanotti;(27) 99563-6604;Cariacica;ES;09/03/2026;instagram;sim;Gabriela.Zanotti47@Yahoo.Com.Br
641;Beatriz Ferreira;(27) 98256-4438;Vila Velha;ES;05/06/2026;Instagram;S;Beatriz.Ferreira@Gmail.Com
642;Pedro Costa;;Linhares;ES;05/09/2026;Facebook;Não;Pedro.Costa1981@Outlook.Com
643;Gabriela Simões;(27) 98420-4277;Colatina;ES;10/05/2026;IG;sim;Gabriela.Simoes@Gmail.Com
644;Larissa Dalla Bernardina;;Vila Velha;ES;29/06/2026;Instagram;N;Larissa.Dallabernardina36@Gmail.Com
645;Júlia Souza;(27) 99465-4138;Vila Velha;ES;04/05/2026;Influenciadora;;Julia.Souza@Outlook.Com
646;Diego Silva;(19) 98750-4033;Rio de Janeiro;RJ;29/03/2026;indicacao;Sim;Diego.Silva@Outlook.Com
647;Aline Araújo;(27) 98231-6149;Serra;ES;24/02/2026;Google Ads;S;Aline.Araujo1986@Gmail.Com
648;André Barbosa;(27) 98236-7304;Cariacica;ES;11/09/2026;;N;Andre.Barbosa@Gmail.Com
649;Leonardo Ferreira;(27) 99754-2140;Vila Velha;ES;09/06/2026;Facebook;;Leonardo.Ferreira71@Hotmail.Com
650;Eduardo Pereira;(27) 98811-8177;Vitória;ES;01/09/2026;Site;sim;Eduardo.Pereira2@Icloud.Com
651;Bruna Araújo;(27) 98744-4261;Vitória;ES;13/02/2026;google ads;Sim;Bruna.Araujo@Gmail.Com
652;Carolina Dalla Bernardina;(27) 98559-7557;Linhares;ES;26/07/2026;Facebook;sim;Carolina.Dallabernardina1988@Yahoo.Com.Br
653;Marcelo Rodrigues;(27) 98513-9017;Vitória;ES;27/07/2026;;Não;Marcelo.Rodrigues19@Gmail.Com
654;Maria Oliveira;(27) 99238-6356;Serra;ES;10/03/2026;Google Ads;;Maria.Oliveira@Gmail.Com
655;Marcelo Merçon;(27) 99355-9157;Vila Velha;ES;19/02/2026;;Sim;Marcelo.Mercon64@Gmail.Com
656;Priscila Barbosa;(27) 98785-8374;Vitória;ES;14/05/2026;google ads;Não;Priscila.Barbosa@Hotmail.Com
657;Maria Santos;(21) 99006-8056;Rio de Janeiro;RJ;12/07/2026;Facebook;sim;Maria.Santos1997@Gmail.Com
658;Beatriz Moreira;(41) 99171-8697;Belo Horizonte;MG;19/07/2026;instagram;;Beatriz.Moreira1995@Outlook.Com
659;Bruna Rodrigues;(11) 99569-5660;Belo Horizonte;MG;22/03/2026;google;Não;Bruna.Rodrigues64@Yahoo.Com.Br
660;Larissa Carvalho;(27) 99567-6591;Vitória;ES;15/01/2026;Facebook;S;Larissa.Carvalho2005@Yahoo.Com.Br
661;Aline Ribeiro;(27) 98480-6113;Vila Velha;ES;08/08/2026;;sim;Aline.Ribeiro1981@Gmail.Com
662;Gabriel Nascimento;(27) 98943-7921;Vitória;ES;03/02/2026;;;Gabriel.Nascimento1980@Gmail.Com
663;Juliana Moreira;;Serra;ES;04/08/2026;;Não;Juliana.Moreira3@Yahoo.Com.Br
664;Juliana Rocha;(27) 98613-6952;Colatina;ES;21/02/2026;Influenciadora;S;Juliana.Rocha98@Gmail.Com
665;Júlia Barbosa;(27) 99174-7586;Vila Velha;ES;14/04/2026;indicacao;Sim;Julia.Barbosa28@Gmail.Com
666;Luíza Nascimento;(27) 98874-4436;Cariacica;ES;17/02/2026;;Não;Luiza.Nascimento1982@Outlook.Com
667;André Rocha;(27) 98409-7788;Serra;ES;09/02/2026;Meta Ads;Não;Andre.Rocha1993@Outlook.Com
668;Priscila Pereira;;Vila Velha;ES;21/09/2026;Google;sim;Priscila.Pereira2000@Outlook.Com
669;Priscila Pimentel;(27) 99069-4287;Vitória;ES;28/08/2026;Instagram;Não;Priscila.Pimentel1993@Icloud.Com
670;Gabriela Ribeiro;(27) 99732-7757;Vila Velha;ES;17/03/2026;;sim;Gabriela.Ribeiro@Icloud.Com
671;Thiago Simões;;Vitória;ES;27/05/2026;instagram;;Thiago.Simoes77@Gmail.Com
672;Priscila Ribeiro;(27) 98558-3235;Vila Velha;ES;08/06/2026;;sim;Priscila.Ribeiro@Gmail.Com
673;Mateus Loureiro;(27) 99760-2375;VITÓRIA;ES;23/05/2026;instagram;Não;Mateus.Loureiro6@Gmail.Com
674;Vinícius Carvalho;(71) 99725-3302;Salvador;BA;02/06/2026;Facebook;Não;Vinicius.Carvalho@Hotmail.Com
675;Marcelo Simões;(27) 99811-2478;Cariacica;ES;14/09/2026;Instagram;sim;Marcelo.Simoes2004@Gmail.Com
676;Luíza Dalla Bernardina;(27) 98446-3363;Serra;ES;04/03/2026;Instagram;N;Luiza.Dallabernardina2005@Gmail.Com
677;Leonardo Ribeiro;;Guarapari;ES;20/04/2026;Meta Ads;Sim;Leonardo.Ribeiro@Hotmail.Com
678;Mariana Rodrigues;(11) 98043-1570;Salvador;BA;05/08/2026;Facebook;Não;Mariana.Rodrigues19@Gmail.Com
679;Bruno Rodrigues;(11) 99849-2999;Rio de Janeiro;RJ;28/01/2026;Site;sim;Bruno.Rodrigues71@Icloud.Com
680;Gustavo Silva;(21) 98609-4446;Salvador;BA;02/05/2026;Google;;Gustavo.Silva51@Gmail.Com
681;Carlos Merçon;(27) 99685-9055;Vitória;ES;24/03/2026;;Não;Carlos.Mercon@Gmail.Com
682;Carlos Zanotti;(11) 99036-2087;Rio de Janeiro;RJ;31/07/2026;google;sim;Carlos.Zanotti@Gmail.Com
683;Ana Merçon;(27) 98908-3229;Cachoeiro de Itapemirim;ES;17/06/2026;;S;Ana.Mercon2000@Gmail.Com
684;Carlos Moreira;(21) 99734-7722;Campinas;SP;13/04/2026;Facebook;S;Carlos.Moreira628@Icloud.Com
685;Larissa Rodrigues;(11) 98406-2382;Curitiba;PR;13/06/2026;influencer;N;Larissa.Rodrigues2001@Gmail.Com
686;Bruna Moreira;(27) 99253-4747;CACHOEIRO DE ITAPEMIRIM;ES;04/04/2026;google;S;Bruna.Moreira@Outlook.Com
687;Camila Santos;(27) 98305-2459;Vila Velha;ES;25/08/2026;Google;N;Camila.Santos52@Yahoo.Com.Br
688;Gabriel Silva;(71) 99012-2941;Salvador;BA;29/03/2026;Indicacao amigo;N;Gabriel.Silva92@Hotmail.Com
689;Letícia Almeida;(27) 99753-4385;Serra;ES;15/04/2026;instagram;N;Leticia.Almeida96@Gmail.Com
690;Felipe Ribeiro;(27) 99999-5289;Vila Velha;ES;25/05/2026;Google;Não;Felipe.Ribeiro@Gmail.Com
691;Eduardo Moreira;(27) 98960-3182;Vitória;ES;19/08/2026;Instagram;S;Eduardo.Moreira88@Gmail.Com
692;Gustavo Zanotti;(27) 98195-1962;Vitória;ES;23/07/2026;Site;Sim;Gustavo.Zanotti2003@Gmail.Com
693;Aline Pimentel;(27) 98519-9266;Vitória;ES;01/05/2026;Facebook;S;Aline.Pimentel2005@Gmail.Com
694;Eduardo Lima;(27) 98347-9253;Vila Velha;ES;04/06/2026;Google Shopping;Sim;Eduardo.Lima1981@Gmail.Com
695;Rafael Oliveira;(27) 98533-2914;Vitória;ES;23/06/2026;google ads;Não;Rafael.Oliveira2002@Hotmail.Com
696;Letícia Dalla Bernardina;(27) 99698-5321;Colatina;ES;07/03/2026;Facebook;sim;Leticia.Dallabernardina47@Gmail.Com
697;Carlos Dalla Bernardina;(71) 99634-8208;Belo Horizonte;MG;12/08/2026;Google;N;Carlos.Dallabernardina@Outlook.Com
698;Letícia Pereira;(27) 98083-8233;Cariacica;ES;04/04/2026;;;Leticia.Pereira91@Gmail.Com
699;Beatriz Dalla Bernardina;(27) 99778-5654;Vila Velha;ES;06/09/2026;Instagram;N;Beatriz.Dallabernardina19@Gmail.Com
700;Fábio Simões;(27) 99570-3958;Cariacica;ES;28/03/2026;Facebook;;Fabio.Simoes1986@Gmail.Com
701;Juliana Simões;;Belo Horizonte;MG;09/02/2026;;Não;Juliana.Simoes@Gmail.Com
702;Rafael Silva;(27) 98929-5412;Cariacica;ES;24/02/2026;Instagram;S;Rafael.Silva1994@Icloud.Com
703;Maria Loureiro;(27) 98432-1797;Vitória;ES;03/01/2026;google ads;Sim;Maria.Loureiro80@Yahoo.Com.Br
704;Maria Dalla Bernardina;(27) 98816-5180;Vitória;ES;25/05/2026;Influenciadora;;Maria.Dallabernardina1997@Hotmail.Com
705;Fernanda Pereira;(27) 99541-3525;Cachoeiro de Itapemirim;ES;24/07/2026;Meta Ads;Sim;Fernanda.Pereira50@Gmail.Com
706;André Simões;(27) 99704-7020;Vitória;ES;09/09/2026;Meta Ads;N;Andre.Simoes78@Icloud.Com
707;Bruna Martins;(27) 99549-7922;Vitória;ES;08/09/2026;google ads;sim;Bruna.Martins1998@Hotmail.Com
708;Carolina Oliveira;(21) 99326-3540;Belo Horizonte;MG;06/04/2026;Influenciadora;Sim;Carolina.Oliveira6@Hotmail.Com
709;Marcelo Oliveira;(19) 98615-3434;Curitiba;PR;27/09/2026;;N;Marcelo.Oliveira38@Gmail.Com
710;Marcelo Ribeiro;(27) 99878-1738;Vitória;ES;03/06/2026;indicacao;N;Marcelo.Ribeiro@Outlook.Com
711;Beatriz Gomes;(27) 98521-2339;Serra;ES;19/09/2026;google ads;sim;Beatriz.Gomes2003@Gmail.Com
712;Camila Araújo;(27) 99202-8454;Serra;ES;25/08/2026;Instagram;S;Camila.Araujo6@Gmail.Com
713;Thiago Nascimento;(41) 98531-2742;São Paulo;SP;19/08/2026;influencer;;Thiago.Nascimento@Gmail.Com
714;Beatriz Silva;(19) 99779-8974;Rio de Janeiro;RJ;10/01/2026;google;sim;Beatriz.Silva22@Hotmail.Com
715;Gustavo Almeida;(27) 98229-1260;Vila Velha;ES;04/07/2026;Meta Ads;Sim;Gustavo.Almeida@Gmail.Com
716;Felipe Martins;(27) 99724-9824;Serra;ES;07/04/2026;;;Felipe.Martins1984@Gmail.Com
717;Rafael Martins;(27) 99513-8295;Vitória;ES;04/06/2026;Instagram;S;Rafael.Martins@Gmail.Com
718;Renata Moreira;(19) 98104-6469;Salvador;BA;30/08/2026;indicacao;sim;Renata.Moreira32@Yahoo.Com.Br
719;Rodrigo Dalla Bernardina;(27) 98075-8987;Vila Velha;ES;10/08/2026;Meta Ads;;Rodrigo.Dallabernardina1999@Outlook.Com
720;Thaís Simões;(27) 98038-7914;Cariacica;ES;20/09/2026;;Não;Thais.Simoes1987@Gmail.Com
721;Carolina Martins;(27) 98918-8147;Serra;ES;02/02/2026;;sim;Carolina.Martins1995@Icloud.Com
722;Rodrigo Carvalho;(27) 99861-6556;Linhares;ES;28/05/2026;;sim;Rodrigo.Carvalho1987@Gmail.Com
723;Gabriela Dalla Bernardina;(27) 99504-6902;Cachoeiro de Itapemirim;ES;28/08/2026;;;Gabriela.Dallabernardina92@Icloud.Com
724;Júlia Simões;(27) 99240-9063;Vila Velha;ES;24/03/2026;;N;Julia.Simoes@Gmail.Com
725;Rodrigo Almeida;(27) 98734-5273;Vitória;ES;01/08/2026;Meta Ads;;Rodrigo.Almeida1986@Gmail.Com
726;Débora Santos;(27) 98464-2977;Colatina;ES;23/03/2026;Facebook;S;Debora.Santos9@Gmail.Com
727;Patrícia Carvalho;(27) 99747-9444;Vitória;ES;07/09/2026;;S;Patricia.Carvalho1981@Gmail.Com
728;Leonardo Gomes;(27) 99601-2669;Colatina;ES;23/02/2026;Google Shopping;Não;Leonardo.Gomes@Yahoo.Com.Br
729;Eduardo Pereira;;Campinas;SP;27/03/2026;;sim;Eduardo.Pereira1989@Hotmail.Com
730;Larissa Souza;(27) 99709-8760;Vila Velha;ES;06/07/2026;Instagram;N;Larissa.Souza26@Gmail.Com
731;Letícia Carvalho;(27) 99361-5021;Cachoeiro de Itapemirim;ES;16/09/2026;Instagram;;Leticia.Carvalho92@Gmail.Com
732;Mariana Lima;;CARIACICA;ES;29/09/2026;Instagram;sim;Mariana.Lima55@Hotmail.Com
733;Ana Zanotti;;Campinas;SP;15/08/2026;indicacao;S;Ana.Zanotti422@Hotmail.Com
734;Rafael Moreira;(27) 99992-5845;Cariacica;ES;19/01/2026;Google;S;Rafael.Moreira2000@Icloud.Com
735;Carlos Carvalho;(27) 99885-3406;Colatina;ES;05/06/2026;Google Ads;sim;Carlos.Carvalho2@Outlook.Com
736;Diego Pimentel;(71) 98828-4232;Curitiba;PR;17/08/2026;Instagram;N;Diego.Pimentel80@Gmail.Com
737;Patrícia Araújo;(27) 99107-5651;Cariacica;ES;13/02/2026;Site;S;Patricia.Araujo2003@Gmail.Com
738;Débora Nascimento;;Vitória;ES;19/09/2026;instagram;S;Debora.Nascimento@Gmail.Com
739;André Dalla Bernardina;(11) 98531-9314;Salvador;BA;04/05/2026;google ads;Sim;Andre.Dallabernardina@Gmail.Com
740;Gabriel Gomes;(27) 98694-4868;Cariacica;ES;25/01/2026;Meta Ads;N;Gabriel.Gomes1998@Gmail.Com
741;Gabriela Simões;(19) 99064-5057;Rio de Janeiro;RJ;30/04/2026;;N;Gabriela.Simoes1998@Gmail.Com
742;Aline Gomes;(19) 98167-2511;Salvador;BA;22/09/2026;Meta Ads;Sim;Aline.Gomes1984@Hotmail.Com
743;Débora Araújo;(27) 99196-9172;Vila Velha;ES;17/08/2026;Instagram;N;Debora.Araujo1997@Hotmail.Com
744;Rodrigo Dalla Bernardina;;Cariacica;ES;14/08/2026;Google Shopping;sim;Rodrigo.Dallabernardina@Gmail.Com
745;Débora Souza;(27) 99528-3569;Vitória;ES;08/03/2026;Instagram;N;Debora.Souza89@Hotmail.Com
746;Gabriel Pimentel;(27) 98593-1659;Linhares;ES;09/07/2026;indicacao;S;Gabriel.Pimentel@Gmail.Com
747;Aline Almeida;(27) 98099-5999;Serra;ES;02/03/2026;Google Ads;S;Aline.Almeida245@Yahoo.Com.Br
748;Juliana Silva;(27) 98855-8883;Vitória;ES;21/04/2026;;;Juliana.Silva16@Gmail.Com
749;Gustavo Martins;(21) 99033-8551;Campinas;SP;20/08/2026;Google;Não;Gustavo.Martins2006@Gmail.Com
750;Patrícia Oliveira;(27) 98476-7478;Serra;ES;18/08/2026;;S;Patricia.Oliveira2001@Hotmail.Com
751;Leonardo Dalla Bernardina;(31) 99171-6060;Rio de Janeiro;RJ;24/01/2026;Facebook;S;Leonardo.Dallabernardina@Gmail.Com
752;Lucas Costa;;Linhares;ES;05/03/2026;;Não;Lucas.Costa1997@Gmail.Com
753;Gabriel Simões;(21) 98502-8278;Curitiba;PR;15/09/2026;;S;Gabriel.Simoes@Gmail.Com
754;Maria Martins;(27) 98049-9649;Serra;ES;14/06/2026;instagram;Sim;Maria.Martins3@Gmail.Com
755;Beatriz Barbosa;(27) 99573-2468;Vila Velha;ES;12/05/2026;;;Beatriz.Barbosa@Gmail.Com
756;Pedro Pimentel;;Vitória;ES;28/07/2026;Meta Ads;sim;Pedro.Pimentel405@Hotmail.Com
757;Beatriz Santos;(27) 99009-9333;Vila Velha;ES;15/06/2026;google;N;Beatriz.Santos1987@Yahoo.Com.Br
758;Thiago Santos;(27) 98991-1473;Vitória;ES;17/07/2026;;Sim;Thiago.Santos1994@Hotmail.Com
759;João Rodrigues;;Vila Velha;ES;30/04/2026;google;N;Joao.Rodrigues1998@Gmail.Com
760;Débora Costa;(21) 99100-7942;Curitiba;PR;28/07/2026;Meta Ads;N;Debora.Costa1991@Gmail.Com
761;Renata Pimentel;(27) 99224-5110;Vila Velha;ES;20/08/2026;Indicação;;Renata.Pimentel161@Hotmail.Com
762;Felipe Moreira;(41) 99153-2145;São Paulo;SP;14/07/2026;;sim;Felipe.Moreira@Gmail.Com
763;Rafael Dalla Bernardina;(27) 99033-6215;Colatina;ES;22/07/2026;Meta Ads;;Rafael.Dallabernardina72@Gmail.Com
764;Leonardo Rodrigues;(27) 98941-6381;Vila Velha;ES;25/06/2026;site;N;Leonardo.Rodrigues32@Gmail.Com
765;Juliana Silva;(27) 99833-9011;Guarapari;ES;10/03/2026;IG;S;Juliana.Silva@Hotmail.Com
766;Lucas Barbosa;(31) 98722-7166;Belo Horizonte;MG;11/02/2026;;S;Lucas.Barbosa2006@Hotmail.Com
767;Ana Souza;(27) 98453-1324;Vitória;ES;03/07/2026;Instagram;Não;Ana.Souza@Hotmail.Com
768;Thaís Loureiro;(27) 99011-6947;Vila Velha;ES;03/07/2026;;;Thais.Loureiro2005@Gmail.Com
769;Caio Costa;(27) 99781-5544;Vitória;ES;10/09/2026;IG;sim;Caio.Costa1986@Hotmail.Com
770;Fernanda Simões;(27) 99157-3875;Colatina;ES;10/09/2026;Google;Não;Fernanda.Simoes1998@Icloud.Com
771;Luíza Ferreira;(31) 99986-9731;Belo Horizonte;MG;07/03/2026;Meta Ads;S;Luiza.Ferreira67@Gmail.Com
772;Carolina Loureiro;(27) 99729-7666;Serra;ES;21/08/2026;;Não;Carolina.Loureiro@Gmail.Com
773;Aline Rocha;(27) 98569-7882;Vitória;ES;23/09/2026;Instagram;;Aline.Rocha1981@Gmail.Com
774;Fernanda Nascimento;(19) 99961-2219;Rio de Janeiro;RJ;11/06/2026;google ads;N;Fernanda.Nascimento@Gmail.Com
775;Gabriela Oliveira;(27) 98884-1393;Cariacica;ES;11/04/2026;Google;Sim;Gabriela.Oliveira@Gmail.Com
776;Bruno Souza;(11) 99064-4878;Salvador;BA;21/06/2026;Google;Sim;Bruno.Souza61@Gmail.Com
777;Leonardo Moreira;(27) 98641-2065;Serra;ES;13/08/2026;indicacao;sim;Leonardo.Moreira@Gmail.Com
778;Gabriela Pimentel;(31) 99145-1855;Belo Horizonte;MG;01/02/2026;Instagram;S;Gabriela.Pimentel@Gmail.Com
779;Thaís Merçon;(27) 98021-8428;Colatina;ES;15/07/2026;Facebook;Sim;Thais.Mercon1987@Icloud.Com
780;Caio Souza;(27) 99059-6377;Cariacica;ES;08/08/2026;Google Ads;S;Caio.Souza2000@Gmail.Com
781;Thaís Zanotti;(27) 99305-9337;Vitória;ES;25/02/2026;Google;N;Thais.Zanotti@Yahoo.Com.Br
782;Thaís Gomes;(27) 98261-6106;Vitória;ES;04/08/2026;Meta Ads;Não;Thais.Gomes@Gmail.Com
783;Eduardo Almeida;(27) 98632-6618;Cariacica;ES;20/09/2026;;sim;Eduardo.Almeida@Gmail.Com
784;Diego Santos;(31) 98699-4102;Curitiba;PR;17/09/2026;Instagram;sim;Diego.Santos755@Gmail.Com
785;Patrícia Moreira;(27) 98673-3658;Serra;ES;28/08/2026;Google;;Patricia.Moreira1990@Gmail.Com
786;Leonardo Pimentel;(71) 98769-4363;Curitiba;PR;02/01/2026;Facebook;Não;Leonardo.Pimentel28@Gmail.Com
787;Júlia Carvalho;(27) 98901-4185;Vila Velha;ES;04/01/2026;google;;Julia.Carvalho@Gmail.Com
788;Ana Costa;(27) 99472-3855;Vila Velha;ES;04/07/2026;;;Ana.Costa@Gmail.Com
789;Ana Pereira;;Vitória;ES;06/05/2026;Meta Ads;S;Ana.Pereira@Icloud.Com
790;Mariana Carvalho;;Curitiba;PR;18/04/2026;Meta Ads;;Mariana.Carvalho@Outlook.Com
791;Larissa Costa;(27) 99227-8037;Serra;ES;03/02/2026;;Sim;Larissa.Costa25@Gmail.Com
792;Caio Moreira;(27) 98506-1872;Serra;ES;06/05/2026;Indicação;S;Caio.Moreira25@Gmail.Com
793;Marcelo Moreira;(19) 99619-2062;Curitiba;PR;24/05/2026;Google;Não;Marcelo.Moreira1986@Gmail.Com
794;Marcelo Carvalho;(27) 99459-7125;Serra;ES;18/07/2026;Meta Ads;N;Marcelo.Carvalho64@Gmail.Com
795;Rodrigo Martins;;Curitiba;PR;05/09/2026;;Não;Rodrigo.Martins35@Icloud.Com
796;Mariana Araújo;(27) 98321-7129;Linhares;ES;14/04/2026;Instagram;S;Mariana.Araujo28@Hotmail.Com
797;Luíza Santos;(27) 98923-8660;Serra;ES;23/09/2026;;;Luiza.Santos1996@Gmail.Com
798;Carlos Rodrigues;(27) 98543-2243;Vila Velha;ES;08/07/2026;;;Carlos.Rodrigues@Hotmail.Com
799;Débora Rocha;(27) 98201-2942;Vila Velha;ES;12/02/2026;Facebook;;Debora.Rocha@Gmail.Com
800;Patrícia Rodrigues;(27) 99445-3258;Vila Velha;ES;20/06/2026;Facebook;Não;Patricia.Rodrigues2003@Gmail.Com
801;Gabriela Almeida;(41) 99551-1194;Salvador;BA;14/05/2026;;N;Gabriela.Almeida45@Hotmail.Com
802;Rafael Araújo;(27) 98478-9451;Cariacica;ES;20/09/2026;;;Rafael.Araujo1987@Gmail.Com
803;Leonardo Nascimento;(71) 98855-4433;Campinas;SP;28/08/2026;google ads;;Leonardo.Nascimento@Hotmail.Com
804;Luíza Lima;(71) 99708-6810;Curitiba;PR;16/01/2026;google;S;Luiza.Lima@Hotmail.Com
805;Bruna Merçon;(27) 98047-1527;LINHARES;ES;03/08/2026;;;Bruna.Mercon89@Gmail.Com
806;Carlos Moreira;(27) 99775-7404;Linhares;ES;20/03/2026;;;Carlos.Moreira2005@Yahoo.Com.Br
807;Lucas Barbosa;;Serra;ES;15/04/2026;indicacao;sim;Lucas.Barbosa50@Gmail.Com
808;Beatriz Simões;(27) 98054-4058;Cariacica;ES;05/06/2026;Google;Sim;Beatriz.Simoes@Yahoo.Com.Br
809;Mariana Almeida;(27) 98754-9495;Vitória;ES;17/07/2026;Instagram;N;Mariana.Almeida@Hotmail.Com
810;Vinícius Araújo;(27) 98979-2126;Serra;ES;17/06/2026;instagram;Não;Vinicius.Araujo@Outlook.Com
811;Fernanda Almeida;(27) 98325-6084;Cariacica;ES;16/04/2026;Google;;Fernanda.Almeida2006@Icloud.Com
812;Leonardo Rodrigues;(27) 99688-7541;Vitória;ES;15/09/2026;Google Ads;Sim;Leonardo.Rodrigues@Hotmail.Com
813;Luíza Martins;(31) 98589-8476;São Paulo;SP;07/05/2026;Google;N;Luiza.Martins1994@Gmail.Com
814;Camila Ribeiro;(27) 98787-4005;Cariacica;ES;02/06/2026;Facebook;Não;Camila.Ribeiro1985@Hotmail.Com
815;Maria Ferreira;(27) 99365-2093;Vila Velha;ES;18/02/2026;Google Shopping;;Maria.Ferreira1988@Outlook.Com
816;Vinícius Merçon;(31) 99033-6341;Campinas;SP;22/04/2026;Google Shopping;sim;Vinicius.Mercon71@Gmail.Com
817;Débora Santos;(71) 99535-8567;RIO DE JANEIRO;RJ;26/03/2026;;S;Debora.Santos@Icloud.Com
818;Gustavo Santos;(27) 99372-8606;Serra;ES;24/07/2026;;Não;Gustavo.Santos@Gmail.Com
819;Mariana Zanotti;(21) 98349-1295;Salvador;BA;04/02/2026;Google Ads;N;Mariana.Zanotti57@Gmail.Com
820;Priscila Dalla Bernardina;(31) 99387-5476;Campinas;SP;01/04/2026;Google;sim;Priscila.Dallabernardina@Icloud.Com
821;Maria Simões;(71) 99661-9566;Salvador;BA;03/07/2026;Instagram;sim;Maria.Simoes69@Gmail.Com
822;Gabriela Gomes;;Campinas;SP;22/02/2026;Google Shopping;Sim;Gabriela.Gomes890@Hotmail.Com
823;Ana Ribeiro;(71) 98129-4613;Belo Horizonte;MG;03/05/2026;;Sim;Ana.Ribeiro4@Gmail.Com
824;Mateus Dalla Bernardina;(27) 99670-6359;Vitória;ES;19/02/2026;indicacao;Sim;Mateus.Dallabernardina22@Outlook.Com
825;Diego Araújo;(27) 98730-6298;Vitória;ES;08/04/2026;Meta Ads;S;Diego.Araujo@Gmail.Com
826;João Araújo;(11) 99331-7045;Belo Horizonte;MG;25/07/2026;Meta Ads;sim;Joao.Araujo@Gmail.Com
827;Thaís Martins;(27) 98515-2552;Vila Velha;ES;22/04/2026;Facebook;N;Thais.Martins2002@Yahoo.Com.Br
828;Rafael Nascimento;(19) 98138-6490;Belo Horizonte;MG;18/07/2026;;N;Rafael.Nascimento2000@Gmail.Com
829;Mariana Rocha;(27) 99262-3032;Vitória;ES;18/08/2026;Meta Ads;Não;Mariana.Rocha@Gmail.Com
830;Caio Oliveira;(27) 98413-3484;Vila Velha;ES;08/08/2026;Instagram;sim;Caio.Oliveira8@Hotmail.Com
831;Thaís Gomes;(31) 99066-7797;Curitiba;PR;20/01/2026;Facebook;S;Thais.Gomes425@Icloud.Com
832;Bruno Dalla Bernardina;(21) 99641-4644;Belo Horizonte;MG;28/05/2026;Google Shopping;sim;Bruno.Dallabernardina652@Gmail.Com
833;Camila Gomes;(27) 99953-4153;Vitória;ES;15/07/2026;;Não;Camila.Gomes@Hotmail.Com
834;Camila Moreira;(27) 99484-8652;Serra;ES;14/03/2026;;sim;Camila.Moreira619@Gmail.Com
835;Camila Pimentel;(27) 99981-4299;Cariacica;ES;12/04/2026;Instagram;;Camila.Pimentel32@Yahoo.Com.Br
836;Aline Araújo;(27) 99034-8101;Serra;ES;04/09/2026;Meta Ads;Não;Aline.Araujo49@Hotmail.Com
837;Bruna Ribeiro;(27) 98312-3878;Guarapari;ES;04/09/2026;Influenciadora;sim;Bruna.Ribeiro11@Yahoo.Com.Br
838;Gabriela Araújo;;Serra;ES;26/08/2026;Meta Ads;Sim;Gabriela.Araujo72@Gmail.Com
839;Débora Dalla Bernardina;(27) 99925-7465;Serra;ES;08/04/2026;instagram;N;Debora.Dallabernardina93@Hotmail.Com
840;Gabriela Loureiro;(27) 98788-3660;Vitória;ES;11/07/2026;indicacao;Não;Gabriela.Loureiro76@Gmail.Com
841;Eduardo Rocha;(31) 99333-7313;Rio de Janeiro;RJ;12/08/2026;Meta Ads;Não;Eduardo.Rocha1995@Gmail.Com
842;Maria Carvalho;(71) 99321-3422;Rio de Janeiro;RJ;07/05/2026;;N;Maria.Carvalho2002@Gmail.Com
843;Rafael Rodrigues;(21) 98025-2912;Salvador;BA;22/08/2026;Instagram;N;Rafael.Rodrigues1999@Icloud.Com
844;Luíza Oliveira;(19) 98517-5951;Salvador;BA;16/07/2026;;S;Luiza.Oliveira67@Gmail.Com
845;Gustavo Moreira;(27) 99302-6642;Vitória;ES;30/09/2026;;S;Gustavo.Moreira40@Gmail.Com
846;Gustavo Zanotti;;Vitória;ES;18/05/2026;influencer;Não;Gustavo.Zanotti@Hotmail.Com
847;Gabriela Dalla Bernardina;(27) 99441-3200;Vila Velha;ES;02/08/2026;Influenciadora;N;Gabriela.Dallabernardina@Gmail.Com
848;Beatriz Gomes;(27) 98120-3993;Vila Velha;ES;04/04/2026;Facebook;Não;Beatriz.Gomes@Gmail.Com
849;Carolina Gomes;(27) 98163-5802;Vila Velha;ES;09/04/2026;;Não;Carolina.Gomes@Icloud.Com
850;Mariana Martins;(27) 98544-1118;Vitória;ES;25/06/2026;Instagram;;Mariana.Martins@Gmail.Com
851;Débora Silva;(27) 98969-6521;Cariacica;ES;22/01/2026;Google;S;Debora.Silva1999@Gmail.Com
852;Patrícia Nascimento;(27) 99250-1937;Serra;ES;22/06/2026;Google;;Patricia.Nascimento1991@Hotmail.Com
853;João Gomes;(27) 99232-3013;Vitória;ES;19/06/2026;Indicação;N;Joao.Gomes1992@Gmail.Com
854;Bruno Carvalho;(27) 99054-7768;Cariacica;ES;24/05/2026;Site;;Bruno.Carvalho1999@Icloud.Com
855;Carlos Silva;(19) 98478-8938;Belo Horizonte;MG;02/01/2026;;S;Carlos.Silva@Gmail.Com
856;Juliana Simões;(27) 99243-4196;VILA VELHA;ES;11/02/2026;Google Ads;Não;Juliana.Simoes1983@Hotmail.Com
857;Marcelo Santos;;Salvador;BA;24/09/2026;Influenciadora;N;Marcelo.Santos@Gmail.Com
858;Rodrigo Simões;(27) 99542-2465;Vila Velha;ES;17/08/2026;Meta Ads;N;Rodrigo.Simoes@Gmail.Com
859;Thiago Ferreira;(31) 99362-3224;Belo Horizonte;MG;17/06/2026;Facebook;;Thiago.Ferreira1988@Hotmail.Com
860;Patrícia Ferreira;(27) 98702-7176;Cachoeiro de Itapemirim;ES;09/09/2026;;N;Patricia.Ferreira2004@Gmail.Com
861;Diego Ribeiro;(27) 98179-2824;Vila Velha;ES;15/07/2026;Google;sim;Diego.Ribeiro30@Gmail.Com
862;Gabriel Moreira;;Linhares;ES;07/04/2026;IG;Sim;Gabriel.Moreira48@Hotmail.Com
863;Vinícius Nascimento;(27) 99359-4639;Cariacica;ES;08/04/2026;Meta Ads;Sim;Vinicius.Nascimento1991@Gmail.Com
864;Gabriela Ferreira;(27) 98580-3389;Colatina;ES;24/08/2026;;N;Gabriela.Ferreira64@Gmail.Com
865;Beatriz Rodrigues;(21) 99013-5775;Salvador;BA;08/06/2026;;Sim;Beatriz.Rodrigues91@Icloud.Com
866;Patrícia Lima;;Rio de Janeiro;RJ;12/07/2026;Influenciadora;;Patricia.Lima1986@Gmail.Com
867;Camila Silva;(19) 98713-7412;Belo Horizonte;MG;20/07/2026;;sim;Camila.Silva71@Hotmail.Com
868;André Zanotti;(27) 98268-6298;Vitória;ES;28/09/2026;;;Andre.Zanotti2002@Hotmail.Com
869;Leonardo Loureiro;(19) 98596-3372;Rio de Janeiro;RJ;28/01/2026;;Sim;Leonardo.Loureiro@Hotmail.Com
870;João Carvalho;(21) 98771-7997;Curitiba;PR;11/04/2026;instagram;;Joao.Carvalho@Icloud.Com
871;Gabriel Carvalho;;CARIACICA;ES;28/03/2026;Google Shopping;sim;Gabriel.Carvalho@Gmail.Com
872;Gustavo Ferreira;(27) 98619-3826;Cariacica;ES;18/03/2026;Google Ads;;Gustavo.Ferreira@Hotmail.Com
873;Lucas Merçon;(27) 99295-8292;Vila Velha;ES;12/07/2026;Google Shopping;Sim;Lucas.Mercon2006@Hotmail.Com
874;Beatriz Martins;(27) 99201-8856;Vitória;ES;03/03/2026;Meta Ads;sim;Beatriz.Martins2001@Gmail.Com
875;Juliana Loureiro;(27) 98203-6328;Vitória;ES;18/02/2026;IG;sim;Juliana.Loureiro90@Yahoo.Com.Br
876;Ana Araújo;(27) 98130-9501;Cariacica;ES;05/04/2026;Instagram;;Ana.Araujo2006@Outlook.Com
877;Beatriz Pereira;(27) 98915-6149;Guarapari;ES;05/03/2026;;S;Beatriz.Pereira@Gmail.Com
878;Pedro Oliveira;(27) 98351-7931;Guarapari;ES;12/05/2026;instagram;sim;Pedro.Oliveira16@Gmail.Com
879;Maria Rocha;(27) 99181-9035;Vitória;ES;01/01/2026;indicacao;Sim;Maria.Rocha2001@Hotmail.Com
880;Eduardo Pimentel;(31) 98485-1601;Belo Horizonte;MG;25/09/2026;Google;;Eduardo.Pimentel@Gmail.Com
881;Felipe Lima;(27) 98568-3105;Serra;ES;03/06/2026;Facebook;;Felipe.Lima@Yahoo.Com.Br
882;Letícia Rodrigues;(27) 98170-5164;Cariacica;ES;05/08/2026;Instagram;N;Leticia.Rodrigues@Hotmail.Com
883;Júlia Loureiro;(27) 99463-7097;Vila Velha;ES;15/03/2026;Google;sim;Julia.Loureiro1988@Icloud.Com
884;Carolina Lima;(27) 99974-5055;VITÓRIA;ES;19/09/2026;google ads;Não;Carolina.Lima41@Hotmail.Com
885;Júlia Carvalho;(21) 98560-1161;Curitiba;PR;28/07/2026;IG;S;Julia.Carvalho43@Gmail.Com
886;Beatriz Souza;(27) 99682-9021;Linhares;ES;24/04/2026;;N;Beatriz.Souza1996@Gmail.Com
887;André Barbosa;(19) 98370-6655;Campinas;SP;28/06/2026;Meta Ads;sim;Andre.Barbosa274@Gmail.Com
888;Bruna Martins;(41) 99460-3547;Belo Horizonte;MG;30/09/2026;;sim;Bruna.Martins76@Gmail.Com
889;Letícia Santos;(41) 98856-8500;Belo Horizonte;MG;15/03/2026;Google Shopping;S;Leticia.Santos93@Gmail.Com
890;Marcelo Almeida;(27) 99301-2424;Vila Velha;ES;01/07/2026;Facebook;sim;Marcelo.Almeida1993@Gmail.Com
891;Lucas Loureiro;(27) 98338-1940;Vitória;ES;28/07/2026;Indicação;S;Lucas.Loureiro1982@Gmail.Com
892;Juliana Silva;(27) 99019-9437;Cariacica;ES;27/05/2026;;S;Juliana.Silva2001@Gmail.Com
893;Gustavo Silva;(19) 99438-9754;Rio de Janeiro;RJ;30/09/2026;Google Shopping;S;Gustavo.Silva1986@Gmail.Com
894;Marcelo Simões;(27) 99381-9577;Vila Velha;ES;06/05/2026;Influenciadora;Sim;Marcelo.Simoes1981@Hotmail.Com
895;Larissa Rocha;(27) 98349-7115;Serra;ES;31/03/2026;Site;S;Larissa.Rocha46@Hotmail.Com
896;Bruno Barbosa;;Cariacica;ES;23/06/2026;Indicacao amigo;Sim;Bruno.Barbosa99@Gmail.Com
897;Gabriela Loureiro;(27) 99737-8999;Colatina;ES;21/07/2026;instagram;Não;Gabriela.Loureiro@Hotmail.Com
898;Aline Souza;(27) 98726-1145;Serra;ES;04/01/2026;Instagram;;Aline.Souza1991@Gmail.Com
899;Débora Rocha;(27) 98318-5098;Vitória;ES;09/09/2026;;N;Debora.Rocha@Hotmail.Com
900;Aline Ribeiro;(27) 99344-8198;Cariacica;ES;22/07/2026;Instagram;S;Aline.Ribeiro24@Gmail.Com
901;João Carvalho;(27) 98082-3190;Vila Velha;ES;01/07/2026;Facebook;Sim;Joao.Carvalho@Gmail.Com
902;Mateus Simões;;Vitória;ES;19/06/2026;Google Ads;sim;Mateus.Simoes1995@Gmail.Com
903;Bruna Rocha;(27) 99961-2767;Vitória;ES;07/03/2026;Google Ads;N;Bruna.Rocha93@Gmail.Com
904;Mariana Santos;(27) 99510-1131;Colatina;ES;14/09/2026;;sim;Mariana.Santos87@Hotmail.Com
905;Júlia Merçon;(41) 98382-5087;São Paulo;SP;29/05/2026;google;S;Julia.Mercon1987@Gmail.Com
906;Bruno Simões;(71) 99028-3968;Rio de Janeiro;RJ;28/02/2026;Meta Ads;S;Bruno.Simoes55@Gmail.Com
907;Rafael Ribeiro;(27) 98778-7673;Vitória;ES;21/05/2026;Instagram;N;Rafael.Ribeiro@Gmail.Com
908;Carolina Martins;(27) 98623-2803;Vitória;ES;29/04/2026;Google Ads;;Carolina.Martins8@Icloud.Com
909;Vinícius Ferreira;(27) 98106-6269;Vitória;ES;24/05/2026;Facebook;sim;Vinicius.Ferreira@Gmail.Com
910;Thaís Souza;(27) 98684-5986;SERRA;ES;30/08/2026;IG;sim;Thais.Souza56@Hotmail.Com
911;Rafael Nascimento;(27) 99238-7088;Cariacica;ES;07/01/2026;Meta Ads;N;Rafael.Nascimento47@Yahoo.Com.Br
912;Bruna Oliveira;;Vitória;ES;22/05/2026;Meta Ads;S;Bruna.Oliveira1984@Yahoo.Com.Br
913;Lucas Barbosa;(21) 99092-3517;CAMPINAS;SP;17/08/2026;Instagram;N;Lucas.Barbosa80@Hotmail.Com
914;Letícia Merçon;(27) 99469-2923;Cachoeiro de Itapemirim;ES;09/04/2026;Facebook;;Leticia.Mercon72@Hotmail.Com
915;Débora Rocha;(21) 98593-1744;Rio de Janeiro;RJ;04/02/2026;site;;Debora.Rocha1985@Gmail.Com
916;Felipe Dalla Bernardina;(27) 99989-2228;Cariacica;ES;01/02/2026;indicacao;N;Felipe.Dallabernardina1995@Outlook.Com
917;Bruna Araújo;(27) 98446-1145;Linhares;ES;18/09/2026;Facebook;sim;Bruna.Araujo103@Gmail.Com
918;Débora Rodrigues;(27) 98243-3803;Guarapari;ES;20/09/2026;site;Não;Debora.Rodrigues39@Gmail.Com
919;Larissa Rodrigues;(27) 99686-4440;Vila Velha;ES;02/05/2026;Meta Ads;sim;Larissa.Rodrigues@Icloud.Com
920;Caio Carvalho;(27) 99478-3189;Vila Velha;ES;01/01/2026;;N;Caio.Carvalho1982@Outlook.Com
921;Maria Loureiro;(11) 98361-5194;São Paulo;SP;31/05/2026;Google Ads;sim;Maria.Loureiro2@Gmail.Com
922;Gustavo Loureiro;(27) 98422-8244;Guarapari;ES;24/02/2026;Indicacao amigo;S;Gustavo.Loureiro2000@Yahoo.Com.Br
923;Bruna Lima;(27) 98303-8848;Serra;ES;18/05/2026;instagram;Não;Bruna.Lima1987@Hotmail.Com
924;Camila Costa;(27) 98577-1344;Cachoeiro de Itapemirim;ES;03/04/2026;IG;Sim;Camila.Costa1995@Gmail.Com
925;Caio Costa;(27) 98931-7594;Vila Velha;ES;01/04/2026;Meta Ads;Não;Caio.Costa@Hotmail.Com
926;Ana Pimentel;(27) 99692-1222;Vitória;ES;27/09/2026;Instagram;Não;Ana.Pimentel13@Gmail.Com
927;Beatriz Barbosa;(27) 98285-8871;Vila Velha;ES;07/01/2026;;N;Beatriz.Barbosa95@Gmail.Com
928;André Nascimento;(27) 99113-3016;Cachoeiro de Itapemirim;ES;16/08/2026;;N;Andre.Nascimento656@Gmail.Com
929;Carolina Lima;(27) 98789-3414;Serra;ES;01/06/2026;IG;;Carolina.Lima@Gmail.Com
930;Bruna Simões;(27) 98208-5617;Vila Velha;ES;27/05/2026;;;Bruna.Simoes273@Gmail.Com
931;Júlia Santos;(27) 98685-3971;Cariacica;ES;20/06/2026;Instagram;N;Julia.Santos@Hotmail.Com
932;André Pimentel;(27) 99355-7047;Cariacica;ES;18/03/2026;Google;Sim;Andre.Pimentel@Gmail.Com
933;Rafael Merçon;(27) 98914-8838;Serra;ES;09/02/2026;indicacao;Não;Rafael.Mercon84@Gmail.Com
934;Patrícia Lima;(27) 99012-7944;Serra;ES;23/05/2026;Instagram;N;Patricia.Lima24@Gmail.Com
935;Patrícia Lima;(27) 99018-9826;Guarapari;ES;31/07/2026;Google Ads;Não;Patricia.Lima84@Hotmail.Com
936;Mariana Araújo;(27) 99183-4593;Cariacica;ES;30/09/2026;Google;S;Mariana.Araujo1998@Hotmail.Com
937;Fernanda Silva;;Vitória;ES;01/05/2026;Instagram;Não;Fernanda.Silva47@Gmail.Com
938;Larissa Barbosa;(27) 99529-3257;Vitória;ES;13/03/2026;;N;Larissa.Barbosa@Gmail.Com
939;Maria Zanotti;(27) 99715-3591;Cariacica;ES;14/01/2026;;N;Maria.Zanotti2001@Gmail.Com
940;Mariana Oliveira;(21) 98962-3295;Campinas;SP;07/07/2026;Instagram;N;Mariana.Oliveira2@Gmail.Com
941;Patrícia Gomes;(27) 99804-1526;Vitória;ES;03/06/2026;;S;Patricia.Gomes213@Gmail.Com
942;Ana Araújo;(11) 99882-9222;Rio de Janeiro;RJ;30/03/2026;Google;Não;Ana.Araujo55@Outlook.Com
943;Camila Rodrigues;(21) 98820-1917;São Paulo;SP;27/04/2026;;Sim;Camila.Rodrigues12@Gmail.Com
944;Diego Pimentel;(27) 98641-7637;Cariacica;ES;05/04/2026;Meta Ads;;Diego.Pimentel2006@Hotmail.Com
945;Felipe Rodrigues;(27) 99594-6496;Colatina;ES;10/07/2026;;N;Felipe.Rodrigues@Gmail.Com
946;Beatriz Oliveira;(27) 99129-4305;Vila Velha;ES;25/05/2026;instagram;sim;Beatriz.Oliveira@Gmail.Com
947;Júlia Moreira;(27) 98098-6154;Vitória;ES;17/01/2026;;sim;Julia.Moreira1981@Hotmail.Com
948;Aline Merçon;(27) 99539-7400;Serra;ES;08/06/2026;;Sim;Aline.Mercon1992@Gmail.Com
949;Carolina Dalla Bernardina;(27) 99202-7260;Vitória;ES;08/03/2026;;Não;Carolina.Dallabernardina1983@Gmail.Com
950;Larissa Simões;;RIO DE JANEIRO;RJ;20/01/2026;Google Ads;Sim;Larissa.Simoes1982@Gmail.Com
951;Débora Rocha;(11) 98916-3149;Campinas;SP;14/03/2026;;Sim;Debora.Rocha1999@Outlook.Com
952;Vinícius Santos;(27) 98427-2228;Vila Velha;ES;04/07/2026;;;Vinicius.Santos2004@Hotmail.Com
953;Ana Lima;(27) 98192-8451;Cariacica;ES;12/09/2026;Indicação;Sim;Ana.Lima1989@Gmail.Com
954;Letícia Moreira;(27) 99455-8548;Vila Velha;ES;01/06/2026;Instagram;Sim;Leticia.Moreira@Gmail.Com
955;Leonardo Loureiro;(27) 98744-5696;Vitória;ES;31/08/2026;instagram;Sim;Leonardo.Loureiro1983@Hotmail.Com
956;Débora Pimentel;(27) 99036-8374;Serra;ES;08/03/2026;;N;Debora.Pimentel@Icloud.Com
957;Bruno Zanotti;;Vila Velha;ES;22/01/2026;;;Bruno.Zanotti397@Hotmail.Com
958;Renata Simões;(27) 99095-8616;Cachoeiro de Itapemirim;ES;25/04/2026;;Não;Renata.Simoes12@Hotmail.Com
959;Gustavo Merçon;(27) 98649-6610;Vitória;ES;03/04/2026;;;Gustavo.Mercon56@Gmail.Com
960;Juliana Souza;(27) 99942-8699;Vitória;ES;06/09/2026;;sim;Juliana.Souza@Outlook.Com
961;Maria Pimentel;(27) 98437-1886;Cariacica;ES;20/04/2026;Instagram;N;Maria.Pimentel49@Hotmail.Com
962;Thiago Rodrigues;(27) 98560-7636;Vitória;ES;12/01/2026;Facebook;sim;Thiago.Rodrigues@Gmail.Com
963;Marcelo Costa;(27) 99832-8021;Vitória;ES;20/08/2026;instagram;;Marcelo.Costa@Gmail.Com
964;Aline Ribeiro;(19) 98726-7375;Rio de Janeiro;RJ;02/06/2026;;Não;Aline.Ribeiro1995@Gmail.Com
965;Luíza Pimentel;(27) 98308-8514;Vitória;ES;12/04/2026;Instagram;sim;Luiza.Pimentel1990@Gmail.Com
966;Gabriel Simões;;Cariacica;ES;13/09/2026;;;Gabriel.Simoes1988@Gmail.Com
967;Fernanda Ribeiro;(27) 98442-6703;Serra;ES;19/02/2026;Google Shopping;S;Fernanda.Ribeiro@Yahoo.Com.Br
968;Fábio Silva;;Vila Velha;ES;08/04/2026;instagram;N;Fabio.Silva48@Gmail.Com
969;Leonardo Ribeiro;(27) 99071-6502;Serra;ES;05/03/2026;;sim;Leonardo.Ribeiro53@Outlook.Com
970;Aline Pereira;(27) 98781-5669;Serra;ES;01/04/2026;IG;Não;Aline.Pereira@Outlook.Com
971;Caio Souza;(27) 98033-7738;Cachoeiro de Itapemirim;ES;12/08/2026;Site;Sim;Caio.Souza@Gmail.Com
972;Maria Simões;(19) 99129-7243;Campinas;SP;21/02/2026;instagram;Não;Maria.Simoes@Gmail.Com
973;Eduardo Gomes;(27) 99924-7138;Vitória;ES;29/08/2026;Meta Ads;Sim;Eduardo.Gomes2006@Hotmail.Com
974;Letícia Almeida;(27) 98053-3512;Vitória;ES;17/09/2026;Influenciadora;Sim;Leticia.Almeida524@Gmail.Com
975;Caio Nascimento;(27) 99138-7412;Vila Velha;ES;23/09/2026;Instagram;N;Caio.Nascimento1985@Hotmail.Com
976;Fábio Ribeiro;(27) 99851-6212;Serra;ES;21/07/2026;Meta Ads;;Fabio.Ribeiro17@Gmail.Com
977;Larissa Rocha;;Salvador;BA;12/08/2026;google ads;;Larissa.Rocha2000@Hotmail.Com
978;Júlia Silva;(27) 98056-9907;Vitória;ES;23/03/2026;Instagram;;Julia.Silva1980@Yahoo.Com.Br
979;Ana Dalla Bernardina;(27) 99592-6867;Cachoeiro de Itapemirim;ES;10/02/2026;Site;sim;Ana.Dallabernardina94@Icloud.Com
980;Priscila Ferreira;(31) 98563-2359;Belo Horizonte;MG;24/04/2026;Instagram;;Priscila.Ferreira93@Gmail.Com
981;Fábio Souza;(27) 98290-5627;Vitória;ES;12/01/2026;Indicacao amigo;;Fabio.Souza1994@Gmail.Com
982;Juliana Carvalho;(31) 98847-2205;Curitiba;PR;03/04/2026;Instagram;sim;Juliana.Carvalho@Hotmail.Com
983;Carolina Araújo;(27) 98611-1166;Vila Velha;ES;09/02/2026;;;Carolina.Araujo41@Gmail.Com
984;Patrícia Carvalho;(27) 98324-9548;Vitória;ES;17/01/2026;;N;Patricia.Carvalho1999@Outlook.Com
985;Larissa Costa;(27) 98283-4600;Serra;ES;23/09/2026;;Sim;Larissa.Costa@Gmail.Com
986;Júlia Carvalho;(27) 99526-9123;Cariacica;ES;04/09/2026;Meta Ads;N;Julia.Carvalho1997@Gmail.Com
987;Thiago Pereira;(27) 98210-6105;Serra;ES;24/07/2026;;sim;Thiago.Pereira2001@Gmail.Com
988;Rodrigo Ribeiro;(11) 99275-2762;Salvador;BA;16/04/2026;instagram;Não;Rodrigo.Ribeiro1993@Gmail.Com
989;Aline Carvalho;(27) 99821-1553;Vila Velha;ES;08/08/2026;;N;Aline.Carvalho@Hotmail.Com
990;Gabriela Pimentel;(27) 98234-3947;Vitória;ES;10/05/2026;;;Gabriela.Pimentel83@Hotmail.Com
991;Eduardo Ferreira;(27) 98297-6151;Serra;ES;08/08/2026;;Sim;Eduardo.Ferreira1986@Gmail.Com
992;Carlos Costa;(27) 98135-7317;Guarapari;ES;13/06/2026;Instagram;N;Carlos.Costa60@Gmail.Com
993;Beatriz Barbosa;(27) 99175-7909;Vitória;ES;19/04/2026;instagram;Não;Beatriz.Barbosa2002@Icloud.Com
994;Patrícia Costa;(27) 98562-7901;Vitória;ES;11/08/2026;Google Shopping;S;Patricia.Costa26@Hotmail.Com
995;Patrícia Moreira;(27) 98036-1076;Vila Velha;ES;20/08/2026;IG;Não;Patricia.Moreira1987@Gmail.Com
996;Bruna Santos;(27) 98962-2558;Vitória;ES;26/05/2026;;N;Bruna.Santos760@Gmail.Com
997;Thiago Nascimento;(27) 99586-6131;Guarapari;ES;01/08/2026;;Sim;Thiago.Nascimento97@Gmail.Com
998;Renata Martins;(27) 98059-4670;Vitória;ES;25/01/2026;;sim;Renata.Martins83@Yahoo.Com.Br
999;Vinícius Ferreira;(27) 99913-1860;Vitória;ES;15/06/2026;;S;Vinicius.Ferreira935@Outlook.Com
1000;Patrícia Zanotti;(21) 99894-3257;Rio de Janeiro;RJ;05/06/2026;Meta Ads;Não;Patricia.Zanotti79@Gmail.Com
1001;Larissa Merçon;(31) 99068-9644;Belo Horizonte;MG;03/03/2026;Google Ads;Não;Larissa.Mercon1993@Hotmail.Com
1002;Thiago Nascimento;(27) 98540-5853;Vitória;ES;02/09/2026;IG;N;Thiago.Nascimento99@Gmail.Com
1003;Mariana Simões;(27) 99990-9103;Vitória;ES;30/06/2026;Instagram;Sim;Mariana.Simoes@Gmail.Com
1004;Bruna Costa;(41) 99559-9644;Salvador;BA;07/01/2026;Instagram;Não;Bruna.Costa63@Gmail.Com
1005;André Zanotti;(27) 99872-3130;Vitória;ES;10/06/2026;;Sim;Andre.Zanotti@Outlook.Com
1006;Renata Pimentel;(27) 98569-7931;Vitória;ES;06/07/2026;;;Renata.Pimentel66@Gmail.Com
1007;Fábio Loureiro;(31) 98492-1271;São Paulo;SP;07/06/2026;instagram;N;Fabio.Loureiro14@Gmail.Com
1008;Juliana Simões;(27) 99898-2377;Vitória;ES;06/04/2026;;;Juliana.Simoes68@Gmail.Com
1009;Débora Ribeiro;(27) 98100-7267;Vitória;ES;19/04/2026;Facebook;N;Debora.Ribeiro379@Gmail.Com
1010;Fernanda Araújo;(27) 99010-9497;Colatina;ES;05/08/2026;;Sim;Fernanda.Araujo23@Outlook.Com
1011;Gabriel Ferreira;(27) 98488-2078;Vila Velha;ES;26/01/2026;;Sim;Gabriel.Ferreira@Yahoo.Com.Br
1012;Thaís Zanotti;(27) 98450-5395;Vitória;ES;22/05/2026;Google Ads;sim;Thais.Zanotti92@Hotmail.Com
1013;Eduardo Loureiro;(31) 98193-4032;São Paulo;SP;29/03/2026;google ads;sim;Eduardo.Loureiro2002@Gmail.Com
1014;Bruno Pereira;(27) 98680-8458;Vila Velha;ES;02/09/2026;Google Ads;;Bruno.Pereira@Gmail.Com
1015;Ana Pereira;(27) 98721-8763;Colatina;ES;07/01/2026;;N;Ana.Pereira878@Gmail.Com
1016;Rodrigo Souza;(11) 99710-4740;Belo Horizonte;MG;08/09/2026;;;Rodrigo.Souza@Yahoo.Com.Br
1017;Gabriel Souza;(27) 99004-6747;Cariacica;ES;27/03/2026;Google Ads;;Gabriel.Souza2005@Gmail.Com
1018;Thiago Carvalho;(11) 99825-9484;Rio de Janeiro;RJ;12/05/2026;indicacao;;Thiago.Carvalho59@Gmail.Com
1019;Débora Dalla Bernardina;(27) 99350-3320;Vila Velha;ES;05/09/2026;influencer;S;Debora.Dallabernardina@Hotmail.Com
1020;Carolina Carvalho;(27) 99308-2768;Serra;ES;16/01/2026;Meta Ads;N;Carolina.Carvalho@Gmail.Com
1021;Marcelo Pereira;(27) 99206-7836;Serra;ES;19/08/2026;Indicacao amigo;N;Marcelo.Pereira34@Gmail.Com
1022;Maria Moreira;(27) 98887-8455;Vitória;ES;22/05/2026;Indicacao amigo;Não;Maria.Moreira67@Yahoo.Com.Br
1023;Ana Martins;(27) 99071-5747;Vitória;ES;27/06/2026;Google Ads;;Ana.Martins88@Icloud.Com
1024;Gabriela Oliveira;(27) 98579-3022;Vila Velha;ES;25/03/2026;Google;;Gabriela.Oliveira38@Gmail.Com
1025;Aline Simões;(27) 99799-5641;Serra;ES;06/06/2026;Facebook;S;Aline.Simoes1@Gmail.Com
1026;Diego Lima;;São Paulo;SP;15/09/2026;Influenciadora;sim;Diego.Lima12@Gmail.Com
1027;Bruna Ribeiro;(27) 98636-3839;Colatina;ES;01/07/2026;;Sim;Bruna.Ribeiro52@Gmail.Com
1028;Rafael Simões;(27) 99135-4268;Serra;ES;15/06/2026;Google;S;Rafael.Simoes99@Gmail.Com
1029;Renata Barbosa;(27) 99078-8240;Vitória;ES;13/02/2026;Facebook;sim;Renata.Barbosa24@Gmail.Com
1030;Eduardo Gomes;(27) 98944-1453;Serra;ES;15/09/2026;;N;Eduardo.Gomes46@Hotmail.Com
1031;Vinícius Oliveira;(21) 99188-9391;CURITIBA;PR;14/01/2026;;;Vinicius.Oliveira1984@Gmail.Com
1032;Bruna Lima;(41) 98942-1890;Curitiba;PR;31/05/2026;;Não;Bruna.Lima@Hotmail.Com
1033;Gabriel Nascimento;(27) 99414-6428;Cariacica;ES;19/05/2026;instagram;S;Gabriel.Nascimento77@Yahoo.Com.Br
1034;Marcelo Dalla Bernardina;(27) 98295-9115;Cariacica;ES;04/03/2026;;N;Marcelo.Dallabernardina1981@Gmail.Com
1035;João Martins;(27) 99236-2983;Vitória;ES;09/06/2026;Instagram;S;Joao.Martins168@Gmail.Com
1036;Juliana Silva;(27) 98614-7628;VITÓRIA;ES;07/05/2026;Google;Sim;Juliana.Silva65@Gmail.Com
1037;Diego Rodrigues;(27) 98252-8083;Colatina;ES;05/04/2026;;Não;Diego.Rodrigues79@Icloud.Com
1038;Priscila Costa;(31) 99964-9076;Belo Horizonte;MG;04/05/2026;IG;sim;Priscila.Costa61@Gmail.Com
1039;Beatriz Gomes;(27) 98580-8488;Vitória;ES;21/05/2026;Instagram;sim;Beatriz.Gomes54@Gmail.Com
1040;Gabriela Santos;(27) 98087-6811;Cariacica;ES;19/07/2026;instagram;sim;Gabriela.Santos2000@Yahoo.Com.Br
1041;Leonardo Rodrigues;(27) 98431-6715;Cariacica;ES;28/08/2026;Indicacao amigo;Sim;Leonardo.Rodrigues2@Outlook.Com
1042;Júlia Pereira;;São Paulo;SP;26/09/2026;;Não;Julia.Pereira84@Icloud.Com
1043;Lucas Loureiro;(21) 99179-9306;Belo Horizonte;MG;05/06/2026;;sim;Lucas.Loureiro62@Yahoo.Com.Br
1044;Patrícia Moreira;(19) 98138-1736;Salvador;BA;27/09/2026;influencer;;Patricia.Moreira1991@Yahoo.Com.Br
1045;Mariana Merçon;(27) 99491-7292;Vila Velha;ES;01/09/2026;IG;S;Mariana.Mercon@Gmail.Com
1046;Pedro Pimentel;(27) 99292-1482;Colatina;ES;04/08/2026;Influenciadora;sim;Pedro.Pimentel552@Gmail.Com
1047;Renata Araújo;(27) 98400-5136;Vila Velha;ES;14/06/2026;Google;;Renata.Araujo2000@Outlook.Com
1048;Camila Ribeiro;(27) 98049-2576;Linhares;ES;27/05/2026;Google;sim;Camila.Ribeiro@Gmail.Com
1049;Carolina Moreira;;Belo Horizonte;MG;13/03/2026;Meta Ads;Sim;Carolina.Moreira70@Gmail.Com
1050;Juliana Rocha;(27) 99641-2100;Vitória;ES;17/04/2026;Google;Não;Juliana.Rocha1991@Outlook.Com
1051;Fábio Oliveira;(27) 98241-9170;Vitória;ES;12/07/2026;google;;Fabio.Oliveira2005@Gmail.Com
1052;Gabriela Rodrigues;(27) 99982-5719;Vila Velha;ES;19/06/2026;Meta Ads;;Gabriela.Rodrigues50@Gmail.Com
1053;Caio Rocha;;Guarapari;ES;04/05/2026;Meta Ads;Sim;Caio.Rocha1992@Gmail.Com
1054;Pedro Nascimento;(31) 98285-4346;Campinas;SP;15/05/2026;Google;;Pedro.Nascimento@Gmail.Com
1055;Pedro Ferreira;(31) 98708-2159;RIO DE JANEIRO;RJ;18/06/2026;Google Ads;S;Pedro.Ferreira1982@Yahoo.Com.Br
1056;Rodrigo Lima;;Vitória;ES;11/02/2026;;;Rodrigo.Lima@Gmail.Com
1057;Gabriela Ferreira;(27) 99245-7215;Guarapari;ES;29/06/2026;instagram;;Gabriela.Ferreira@Gmail.Com
1058;Maria Araújo;(27) 99436-7993;Serra;ES;10/01/2026;Google Shopping;S;Maria.Araujo1992@Gmail.Com
1059;Thaís Carvalho;(27) 98487-4801;Vitória;ES;01/03/2026;Google Ads;N;Thais.Carvalho46@Hotmail.Com
1060;Mariana Santos;(27) 98578-1716;Vila Velha;ES;24/01/2026;Instagram;S;Mariana.Santos@Hotmail.Com
1061;Rafael Pimentel;(31) 98156-5099;Belo Horizonte;MG;06/05/2026;Instagram;;Rafael.Pimentel1995@Gmail.Com
1062;Aline Ferreira;(41) 98599-5001;Campinas;SP;16/04/2026;indicacao;N;Aline.Ferreira57@Gmail.Com
1063;Priscila Rocha;(41) 98995-5583;Rio de Janeiro;RJ;17/05/2026;Google Ads;N;Priscila.Rocha14@Hotmail.Com
1064;Gabriela Dalla Bernardina;(27) 98481-8213;Vitória;ES;12/03/2026;;;Gabriela.Dallabernardina842@Gmail.Com
1065;João Martins;(27) 98615-2384;Serra;ES;21/08/2026;;Sim;Joao.Martins5@Yahoo.Com.Br
1066;Bruna Araújo;(19) 99090-1856;Belo Horizonte;MG;16/07/2026;Meta Ads;Não;Bruna.Araujo488@Gmail.Com
1067;Aline Silva;(41) 98443-1448;Curitiba;PR;17/01/2026;Google;Sim;Aline.Silva78@Gmail.Com
1068;Pedro Souza;(27) 99758-9761;Vila Velha;ES;11/08/2026;;;Pedro.Souza1992@Icloud.Com
1069;Bruna Gomes;(27) 99637-5495;Vila Velha;ES;23/09/2026;Google Ads;S;Bruna.Gomes@Gmail.Com
1070;André Nascimento;(27) 98740-5403;Vila Velha;ES;08/05/2026;Meta Ads;Sim;Andre.Nascimento@Yahoo.Com.Br
1071;Luíza Simões;(27) 98947-1282;Cariacica;ES;07/01/2026;Google Shopping;;Luiza.Simoes42@Gmail.Com
1072;Aline Martins;(27) 99186-2303;Vitória;ES;27/08/2026;google;;Aline.Martins@Hotmail.Com
1073;Leonardo Pereira;(27) 98260-4726;Cariacica;ES;10/06/2026;;N;Leonardo.Pereira34@Gmail.Com
1074;Pedro Ferreira;(41) 99762-8214;Belo Horizonte;MG;17/03/2026;Google;;Pedro.Ferreira@Gmail.Com
1075;Mariana Santos;(11) 99106-1732;Belo Horizonte;MG;22/01/2026;Google Ads;Não;Mariana.Santos92@Gmail.Com
1076;Débora Gomes;;Linhares;ES;29/06/2026;Google Shopping;Não;Debora.Gomes308@Gmail.Com
1077;Rafael Silva;(27) 99837-7139;Serra;ES;07/08/2026;instagram;Sim;Rafael.Silva42@Gmail.Com
1078;Mateus Carvalho;(27) 98217-4464;Vitória;ES;31/05/2026;Google;;Mateus.Carvalho@Yahoo.Com.Br
1079;Marcelo Moreira;(41) 98066-3458;Salvador;BA;19/09/2026;Instagram;;Marcelo.Moreira@Hotmail.Com
1080;Bruno Moreira;(19) 99103-2986;São Paulo;SP;10/02/2026;;;Bruno.Moreira1998@Outlook.Com
1081;Caio Martins;(27) 98551-4195;Serra;ES;28/09/2026;;Não;Caio.Martins1996@Hotmail.Com
1082;Carlos Ferreira;(27) 99532-2890;Serra;ES;31/05/2026;Instagram;N;Carlos.Ferreira@Hotmail.Com
1083;Vinícius Carvalho;(27) 99873-6935;Vitória;ES;16/08/2026;Google;Sim;Vinicius.Carvalho1991@Outlook.Com
1084;Carolina Ferreira;(27) 99590-7678;Vila Velha;ES;28/04/2026;Google;Sim;Carolina.Ferreira@Outlook.Com
1085;Gabriela Nascimento;(27) 99034-3431;Serra;ES;12/03/2026;Google;N;Gabriela.Nascimento@Hotmail.Com
1086;Leonardo Silva;(41) 99456-8698;Campinas;SP;12/04/2026;google ads;sim;Leonardo.Silva22@Gmail.Com
1087;João Zanotti;(27) 99881-7358;Cariacica;ES;06/03/2026;influencer;sim;Joao.Zanotti@Outlook.Com
1088;Priscila Ferreira;(11) 99211-2765;Salvador;BA;01/07/2026;;;Priscila.Ferreira@Gmail.Com
1089;Aline Gomes;(27) 99551-8816;Vila Velha;ES;24/01/2026;indicacao;Não;Aline.Gomes53@Hotmail.Com
1090;Fábio Rocha;(27) 98757-8430;Linhares;ES;04/04/2026;;Não;Fabio.Rocha@Yahoo.Com.Br
1091;Luíza Rodrigues;(27) 99155-9481;Vitória;ES;13/08/2026;Facebook;N;Luiza.Rodrigues605@Gmail.Com
1092;Vinícius Almeida;(27) 98085-4451;Vitória;ES;18/09/2026;Site;Não;Vinicius.Almeida42@Gmail.Com
1093;Thaís Nascimento;(27) 98589-5486;Vitória;ES;23/05/2026;Google Ads;N;Thais.Nascimento13@Gmail.Com
1094;André Rodrigues;(11) 98288-2572;Belo Horizonte;MG;25/04/2026;Google;N;Andre.Rodrigues@Gmail.Com
1095;João Pimentel;(27) 99000-1422;Vitória;ES;18/09/2026;Instagram;N;Joao.Pimentel1997@Gmail.Com
1096;Fábio Ribeiro;(19) 98604-2795;Salvador;BA;25/05/2026;Meta Ads;sim;Fabio.Ribeiro1994@Gmail.Com
1097;Júlia Lima;(27) 99645-2295;Serra;ES;10/08/2026;Influenciadora;Sim;Julia.Lima2003@Gmail.Com
1098;Carlos Pereira;(27) 99506-9402;Cachoeiro de Itapemirim;ES;24/04/2026;;sim;Carlos.Pereira65@Hotmail.Com
1099;Carlos Santos;(27) 98389-1583;SERRA;ES;07/02/2026;Google;S;Carlos.Santos1983@Outlook.Com
1100;Luíza Araújo;(27) 99666-4065;Cariacica;ES;05/01/2026;Indicacao amigo;N;Luiza.Araujo581@Gmail.Com
1101;Júlia Rocha;(27) 98137-9039;Serra;ES;25/05/2026;Instagram;sim;Julia.Rocha@Gmail.Com
1102;Pedro Ribeiro;(27) 99195-4845;Cachoeiro de Itapemirim;ES;17/04/2026;Google;Não;Pedro.Ribeiro1988@Hotmail.Com
1103;Camila Almeida;(27) 99631-7425;Cariacica;ES;05/09/2026;;Não;Camila.Almeida1989@Hotmail.Com
1104;Mariana Souza;(27) 98666-5053;Cariacica;ES;04/09/2026;Google Ads;Sim;Mariana.Souza97@Hotmail.Com
1105;Patrícia Simões;(21) 99584-8925;Rio de Janeiro;RJ;01/03/2026;Google Shopping;;Patricia.Simoes1991@Hotmail.Com
1106;Mariana Silva;(19) 98124-6295;Curitiba;PR;08/09/2026;site;N;Mariana.Silva1988@Gmail.Com
1107;Renata Ribeiro;(27) 99491-4587;Cariacica;ES;12/06/2026;Instagram;N;Renata.Ribeiro@Gmail.Com
1108;Carolina Ferreira;(71) 98225-6401;Campinas;SP;24/01/2026;Meta Ads;sim;Carolina.Ferreira1985@Gmail.Com
1109;Bruna Oliveira;(27) 99341-1806;Vitória;ES;11/01/2026;Facebook;;Bruna.Oliveira91@Outlook.Com
1110;Camila Barbosa;(21) 99865-7125;Curitiba;PR;05/07/2026;;;Camila.Barbosa@Gmail.Com
1111;Mariana Silva;(27) 98814-8944;Cariacica;ES;21/04/2026;Meta Ads;S;Mariana.Silva1980@Gmail.Com
1112;Mariana Loureiro;(27) 99535-3025;Vila Velha;ES;25/05/2026;Meta Ads;sim;Mariana.Loureiro@Gmail.Com
1113;Rafael Dalla Bernardina;(27) 99478-7805;Cariacica;ES;13/07/2026;Influenciadora;Não;Rafael.Dallabernardina@Gmail.Com
1114;Thaís Almeida;(27) 98561-8518;Vila Velha;ES;20/07/2026;Meta Ads;Sim;Thais.Almeida1993@Gmail.Com
1115;Fábio Martins;(27) 99980-7657;Vila Velha;ES;16/05/2026;IG;S;Fabio.Martins49@Gmail.Com
1116;Priscila Rocha;(19) 99948-7106;São Paulo;SP;05/09/2026;google ads;sim;Priscila.Rocha@Hotmail.Com
1117;Juliana Moreira;;Vitória;ES;29/04/2026;;Sim;Juliana.Moreira14@Gmail.Com
1118;Júlia Lima;(41) 99557-4808;São Paulo;SP;08/09/2026;instagram;sim;Julia.Lima52@Outlook.Com
1119;Gabriela Dalla Bernardina;(27) 98832-1091;Colatina;ES;10/09/2026;instagram;;Gabriela.Dallabernardina429@Yahoo.Com.Br
1120;Rodrigo Barbosa;(27) 98944-8913;Serra;ES;18/04/2026;Meta Ads;Sim;Rodrigo.Barbosa1990@Gmail.Com
1121;Vinícius Zanotti;(27) 99064-2990;Vila Velha;ES;11/02/2026;Google Ads;Sim;Vinicius.Zanotti@Gmail.Com
1122;Gabriel Santos;(41) 98997-3291;Curitiba;PR;13/08/2026;Meta Ads;;Gabriel.Santos@Icloud.Com
1123;Gabriela Souza;(27) 99070-6281;Vila Velha;ES;03/08/2026;;;Gabriela.Souza1989@Icloud.Com
1124;Camila Lima;(41) 99949-7082;Curitiba;PR;10/07/2026;Google Shopping;S;Camila.Lima1996@Gmail.Com
1125;Fernanda Nascimento;(27) 98650-7820;Vitória;ES;09/05/2026;Google;N;Fernanda.Nascimento636@Hotmail.Com
1126;Ana Almeida;;Guarapari;ES;29/08/2026;;Não;Ana.Almeida@Gmail.Com
1127;Júlia Carvalho;(27) 98562-5656;Vila Velha;ES;28/08/2026;;;Julia.Carvalho743@Gmail.Com
1128;Gabriela Carvalho;(27) 99108-4319;Guarapari;ES;07/08/2026;Instagram;N;Gabriela.Carvalho80@Gmail.Com
1129;Letícia Moreira;(27) 99568-7274;Cachoeiro de Itapemirim;ES;21/04/2026;Meta Ads;S;Leticia.Moreira1984@Yahoo.Com.Br
1130;Caio Simões;(21) 98443-2496;Curitiba;PR;22/05/2026;Meta Ads;;Caio.Simoes@Gmail.Com
1131;Juliana Silva;(27) 99653-8203;Cariacica;ES;17/03/2026;;Sim;Juliana.Silva@Gmail.Com
1132;Débora Merçon;(27) 99584-7316;Serra;ES;30/08/2026;;S;Debora.Mercon1987@Hotmail.Com
1133;Débora Nascimento;(27) 99936-5550;Vila Velha;ES;01/07/2026;Instagram;Não;Debora.Nascimento1982@Gmail.Com
1134;Juliana Zanotti;(27) 99335-6704;Serra;ES;12/08/2026;Instagram;S;Juliana.Zanotti@Outlook.Com
1135;Eduardo Dalla Bernardina;(27) 98783-7130;Vila Velha;ES;07/07/2026;;sim;Eduardo.Dallabernardina1986@Outlook.Com
1136;Ana Moreira;;VILA VELHA;ES;04/07/2026;instagram;N;Ana.Moreira@Gmail.Com
1137;Rodrigo Araújo;(27) 99280-1937;Vila Velha;ES;18/01/2026;Google;sim;Rodrigo.Araujo2002@Gmail.Com
1138;Rodrigo Pimentel;(27) 99535-9938;Cariacica;ES;16/01/2026;Indicacao amigo;Sim;Rodrigo.Pimentel81@Gmail.Com
1139;Larissa Oliveira;(27) 99305-2021;Cariacica;ES;20/03/2026;Influenciadora;S;Larissa.Oliveira@Gmail.Com
1140;Felipe Loureiro;(71) 99737-6185;Salvador;BA;23/05/2026;Facebook;N;Felipe.Loureiro@Gmail.Com
1141;Fábio Dalla Bernardina;(27) 98852-2007;Serra;ES;28/03/2026;;sim;Fabio.Dallabernardina@Icloud.Com
1142;Letícia Oliveira;(27) 98406-9281;Colatina;ES;14/09/2026;;Não;Leticia.Oliveira@Gmail.Com
1143;Priscila Carvalho;(71) 98176-8585;Salvador;BA;02/01/2026;Google Ads;Não;Priscila.Carvalho16@Yahoo.Com.Br
1144;Felipe Loureiro;(27) 99930-4130;Cachoeiro de Itapemirim;ES;11/01/2026;;N;Felipe.Loureiro415@Icloud.Com
1145;Mateus Rodrigues;(27) 99710-4084;Vila Velha;ES;14/07/2026;Influenciadora;Não;Mateus.Rodrigues18@Hotmail.Com
1146;Gabriela Rodrigues;(27) 98727-6957;Cariacica;ES;13/04/2026;IG;sim;Gabriela.Rodrigues90@Gmail.Com
1147;Camila Santos;(27) 98431-8108;Linhares;ES;25/09/2026;Facebook;S;Camila.Santos@Outlook.Com
1148;Débora Barbosa;(27) 99583-4452;Cariacica;ES;28/05/2026;;N;Debora.Barbosa96@Gmail.Com
1149;Beatriz Rocha;(27) 98956-6291;Vitória;ES;28/08/2026;Facebook;S;Beatriz.Rocha@Hotmail.Com
1150;Pedro Nascimento;(27) 98325-7904;Vitória;ES;13/07/2026;Meta Ads;sim;Pedro.Nascimento1983@Gmail.Com
1151;Gabriel Pereira;(27) 98381-1356;Guarapari;ES;22/06/2026;Google Ads;sim;Gabriel.Pereira@Hotmail.Com
1152;Carolina Dalla Bernardina;(11) 99230-6535;São Paulo;SP;22/08/2026;Google Ads;sim;Carolina.Dallabernardina@Gmail.Com
1153;Mariana Merçon;(11) 99953-7565;Campinas;SP;25/07/2026;Google Ads;N;Mariana.Mercon65@Hotmail.Com
1154;Gabriela Pimentel;(21) 98266-6458;Campinas;SP;25/03/2026;Google Ads;sim;Gabriela.Pimentel@Yahoo.Com.Br
1155;Larissa Carvalho;(27) 99348-3416;Vitória;ES;28/01/2026;;S;Larissa.Carvalho@Hotmail.Com
1156;Mariana Lima;(27) 98326-6647;Cariacica;ES;15/04/2026;;sim;Mariana.Lima88@Gmail.Com
1157;Rodrigo Simões;(31) 98793-3105;Campinas;SP;21/07/2026;Facebook;;Rodrigo.Simoes49@Gmail.Com
1158;Patrícia Almeida;(27) 99093-2174;Serra;ES;10/03/2026;Meta Ads;Não;Patricia.Almeida87@Yahoo.Com.Br
1159;Thaís Pereira;(27) 99026-1026;Serra;ES;14/01/2026;Facebook;Não;Thais.Pereira99@Gmail.Com
1160;Bruno Lima;(27) 98891-2521;Vila Velha;ES;23/07/2026;Google Shopping;S;Bruno.Lima@Gmail.Com
1161;Gabriela Almeida;(27) 99963-7909;Vila Velha;ES;03/04/2026;Meta Ads;;Gabriela.Almeida50@Gmail.Com
1162;Gabriel Gomes;(27) 99766-7626;Cachoeiro de Itapemirim;ES;23/07/2026;;;Gabriel.Gomes1991@Gmail.Com
1163;João Martins;(31) 98620-7962;Campinas;SP;16/07/2026;Instagram;sim;Joao.Martins84@Hotmail.Com
1164;Leonardo Rocha;(27) 99990-6977;Guarapari;ES;01/03/2026;Meta Ads;sim;Leonardo.Rocha48@Gmail.Com
1165;Diego Merçon;(27) 98690-5224;Vitória;ES;02/04/2026;Meta Ads;;Diego.Mercon@Gmail.Com
1166;Renata Almeida;(27) 98102-7050;Serra;ES;21/08/2026;Meta Ads;Não;Renata.Almeida6@Hotmail.Com
1167;João Barbosa;(27) 98035-8319;Serra;ES;22/06/2026;IG;S;Joao.Barbosa35@Gmail.Com
1168;Aline Dalla Bernardina;(27) 98358-2377;Vila Velha;ES;19/01/2026;Instagram;N;Aline.Dallabernardina1997@Hotmail.Com
1169;Rodrigo Ribeiro;(27) 99881-9577;Vila Velha;ES;06/03/2026;Google Ads;Não;Rodrigo.Ribeiro36@Yahoo.Com.Br
1170;Aline Santos;(31) 98782-9398;CURITIBA;PR;21/01/2026;Google;;Aline.Santos1999@Icloud.Com
1171;Gabriela Ribeiro;(71) 99521-2298;São Paulo;SP;10/02/2026;indicacao;Não;Gabriela.Ribeiro@Gmail.Com
1172;Felipe Moreira;;Guarapari;ES;10/08/2026;influencer;;Felipe.Moreira1989@Outlook.Com
1173;Juliana Costa;(27) 99027-1749;Vila Velha;ES;26/01/2026;Google Shopping;N;Juliana.Costa98@Gmail.Com
1174;Thiago Silva;(21) 98562-5375;Belo Horizonte;MG;03/04/2026;Google;Sim;Thiago.Silva@Hotmail.Com
1175;Mariana Silva;(27) 98589-8547;Colatina;ES;12/06/2026;Google;;Mariana.Silva@Gmail.Com
1176;Juliana Barbosa;(27) 99684-8280;Serra;ES;18/06/2026;;S;Juliana.Barbosa2@Gmail.Com
1177;Camila Simões;;Belo Horizonte;MG;13/09/2026;IG;;Camila.Simoes50@Gmail.Com
1178;Débora Carvalho;(19) 98060-3554;Belo Horizonte;MG;26/06/2026;Google;Sim;Debora.Carvalho39@Hotmail.Com
1179;Fábio Ribeiro;(27) 99523-9040;Guarapari;ES;27/03/2026;;Sim;Fabio.Ribeiro@Gmail.Com
1180;Rafael Araújo;(27) 98432-2812;Vila Velha;ES;12/07/2026;indicacao;N;Rafael.Araujo@Hotmail.Com
1181;Gustavo Barbosa;(27) 98571-6233;Colatina;ES;02/04/2026;Google Ads;;Gustavo.Barbosa@Hotmail.Com
1182;Carlos Rocha;(27) 99013-8600;Serra;ES;24/02/2026;;sim;Carlos.Rocha69@Gmail.Com
1183;Camila Araújo;;Campinas;SP;19/08/2026;Facebook;S;Camila.Araujo1980@Gmail.Com
1184;Carolina Ribeiro;(27) 98459-3270;Colatina;ES;20/02/2026;Google;Sim;Carolina.Ribeiro1986@Gmail.Com
1185;Caio Moreira;(27) 98511-3727;Colatina;ES;15/09/2026;Google;S;Caio.Moreira@Gmail.Com
1186;Eduardo Silva;(27) 99047-4162;GUARAPARI;ES;30/08/2026;;sim;Eduardo.Silva1999@Hotmail.Com
1187;Mariana Pereira;(27) 98600-2061;Vitória;ES;24/03/2026;;Sim;Mariana.Pereira@Gmail.Com
1188;Renata Ferreira;(21) 99992-8559;CURITIBA;PR;16/04/2026;;Sim;Renata.Ferreira88@Gmail.Com
1189;Carlos Pereira;(27) 99533-1529;Vitória;ES;26/02/2026;;Sim;Carlos.Pereira1994@Gmail.Com
1190;Rodrigo Araújo;(41) 98247-9751;Rio de Janeiro;RJ;28/07/2026;Google;sim;Rodrigo.Araujo10@Gmail.Com
1191;Maria Almeida;(27) 98818-9381;Serra;ES;13/08/2026;Influenciadora;N;Maria.Almeida2006@Gmail.Com
1192;Beatriz Souza;(21) 98750-7764;São Paulo;SP;14/08/2026;Google;Não;Beatriz.Souza1988@Gmail.Com
1193;Rodrigo Costa;(31) 98938-9053;Rio de Janeiro;RJ;14/03/2026;;Sim;Rodrigo.Costa34@Icloud.Com
1194;Renata Nascimento;;Vila Velha;ES;14/05/2026;;S;Renata.Nascimento58@Yahoo.Com.Br
1195;Gabriela Almeida;(27) 98973-8206;Vila Velha;ES;09/07/2026;Instagram;sim;Gabriela.Almeida1985@Icloud.Com
1196;Rafael Lima;(27) 98466-1458;Cachoeiro de Itapemirim;ES;21/03/2026;;S;Rafael.Lima78@Gmail.Com
1197;Ana Rodrigues;(27) 98976-3791;Serra;ES;05/06/2026;site;sim;Ana.Rodrigues2003@Outlook.Com
1198;Débora Nascimento;(27) 98346-9605;Cachoeiro de Itapemirim;ES;21/03/2026;Indicação;sim;Debora.Nascimento67@Hotmail.Com
1199;João Simões;(27) 98459-3459;Vila Velha;ES;05/09/2026;Google;;Joao.Simoes@Gmail.Com
1200;Renata Moreira;(27) 99518-4318;Vila Velha;ES;03/03/2026;Facebook;N;Renata.Moreira1980@Outlook.Com
1201;Beatriz Nascimento;(27) 99733-9810;Guarapari;ES;17/01/2026;;sim;Beatriz.Nascimento65@Outlook.Com
1202;Débora Ferreira;(71) 99756-5015;Rio de Janeiro;RJ;29/01/2026;Google;;Debora.Ferreira1988@Gmail.Com
1203;Thaís Rodrigues;(31) 99855-3171;São Paulo;SP;22/08/2026;Meta Ads;sim;Thais.Rodrigues@Gmail.Com
1204;Mariana Moreira;(27) 99099-1836;Vitória;ES;01/02/2026;Google Ads;Sim;Mariana.Moreira98@Hotmail.Com
1205;Beatriz Gomes;(27) 99225-8982;Vila Velha;ES;07/02/2026;Instagram;N;Beatriz.Gomes655@Yahoo.Com.Br
1206;Fernanda Moreira;(27) 99545-7671;Vila Velha;ES;27/02/2026;IG;;Fernanda.Moreira82@Gmail.Com
1207;Carlos Rocha;(27) 98541-9719;Vila Velha;ES;10/09/2026;;Não;Carlos.Rocha62@Icloud.Com
1208;Marcelo Almeida;(27) 98013-6229;Cariacica;ES;21/05/2026;instagram;Sim;Marcelo.Almeida@Gmail.Com
1209;Camila Pereira;(27) 98193-8261;Vila Velha;ES;18/09/2026;;Não;Camila.Pereira9@Icloud.Com
1210;Beatriz Merçon;;Vila Velha;ES;04/04/2026;Facebook;Não;Beatriz.Mercon30@Outlook.Com
1211;Felipe Moreira;(27) 99569-7491;Vila Velha;ES;03/06/2026;Google;S;Felipe.Moreira87@Gmail.Com
1212;Débora Martins;;Vila Velha;ES;22/03/2026;Influenciadora;Sim;Debora.Martins84@Gmail.Com
1213;Gabriela Nascimento;(27) 98630-7968;CARIACICA;ES;05/06/2026;Google;;Gabriela.Nascimento1991@Gmail.Com
1214;Bruna Santos;(27) 99570-5492;Cariacica;ES;02/08/2026;google ads;N;Bruna.Santos1991@Gmail.Com
1215;Letícia Almeida;(19) 98667-4267;Curitiba;PR;14/04/2026;Facebook;;Leticia.Almeida48@Hotmail.Com
1216;Letícia Souza;(19) 99928-8698;São Paulo;SP;15/09/2026;Instagram;;Leticia.Souza@Gmail.Com
1217;Gustavo Zanotti;;Colatina;ES;24/01/2026;;S;Gustavo.Zanotti@Gmail.Com
1218;Aline Gomes;(31) 98664-7779;São Paulo;SP;29/01/2026;Meta Ads;Não;Aline.Gomes37@Gmail.Com
1219;Renata Ferreira;;Vila Velha;ES;13/04/2026;Influenciadora;Sim;Renata.Ferreira1998@Icloud.Com
1220;Carlos Carvalho;(27) 98657-8673;Vila Velha;ES;04/02/2026;;Não;Carlos.Carvalho1994@Gmail.Com
1221;Letícia Rodrigues;;Vitória;ES;05/07/2026;Facebook;S;Leticia.Rodrigues@Gmail.Com
1222;Marcelo Santos;(27) 98065-9261;Serra;ES;07/09/2026;google;;Marcelo.Santos@Yahoo.Com.Br
1223;Rodrigo Almeida;(31) 99157-2509;São Paulo;SP;17/06/2026;;Não;Rodrigo.Almeida1990@Gmail.Com
1224;Débora Oliveira;(27) 99539-2197;Vila Velha;ES;27/02/2026;Indicacao amigo;;Debora.Oliveira1994@Icloud.Com
1225;Leonardo Gomes;(27) 98372-6567;Vitória;ES;09/08/2026;;Não;Leonardo.Gomes1984@Gmail.Com
1226;Gustavo Moreira;(27) 98017-4690;Vitória;ES;10/08/2026;Google;Não;Gustavo.Moreira1980@Hotmail.Com
1227;Mariana Moreira;(27) 99338-4282;Cariacica;ES;19/03/2026;;Não;Mariana.Moreira87@Outlook.Com
1228;Fábio Lima;(27) 98371-2653;Vila Velha;ES;01/07/2026;Influenciadora;Não;Fabio.Lima@Gmail.Com
1229;Júlia Nascimento;(27) 98620-3675;Vila Velha;ES;21/01/2026;instagram;sim;Julia.Nascimento1987@Gmail.Com
1230;Fernanda Merçon;(27) 99708-7145;VITÓRIA;ES;19/05/2026;Google;;Fernanda.Mercon@Hotmail.Com
1231;Renata Gomes;(27) 99668-3042;Linhares;ES;17/04/2026;Facebook;S;Renata.Gomes@Hotmail.Com
1232;Fernanda Souza;(11) 98850-4129;São Paulo;SP;22/09/2026;IG;S;Fernanda.Souza2003@Gmail.Com
1233;Letícia Rocha;(27) 99969-2639;Serra;ES;16/02/2026;Instagram;N;Leticia.Rocha489@Hotmail.Com
1234;Vinícius Loureiro;(27) 99318-7384;Cachoeiro de Itapemirim;ES;08/06/2026;;N;Vinicius.Loureiro1987@Gmail.Com
1235;Thiago Dalla Bernardina;(27) 99156-1151;Vila Velha;ES;09/01/2026;site;Sim;Thiago.Dallabernardina967@Gmail.Com
1236;Pedro Pimentel;(27) 99264-7797;Serra;ES;29/08/2026;instagram;Não;Pedro.Pimentel2003@Gmail.Com
1237;Débora Lima;(27) 99800-2792;Serra;ES;03/08/2026;influencer;S;Debora.Lima2005@Gmail.Com
1238;Aline Rodrigues;(27) 98058-8708;Serra;ES;06/06/2026;;N;Aline.Rodrigues@Gmail.Com
1239;Bruna Merçon;(27) 98205-1244;Vila Velha;ES;15/03/2026;Facebook;sim;Bruna.Mercon2003@Gmail.Com
1240;Júlia Souza;(27) 98275-1011;Cariacica;ES;25/04/2026;Facebook;S;Julia.Souza61@Outlook.Com
1241;Thiago Lima;(27) 99368-2579;Colatina;ES;29/08/2026;;Sim;Thiago.Lima2001@Gmail.Com
1242;Débora Lima;(31) 99468-7616;São Paulo;SP;11/04/2026;Google;Sim;Debora.Lima1987@Gmail.Com
1243;Gabriela Nascimento;(27) 99058-5370;Cariacica;ES;09/05/2026;IG;Não;Gabriela.Nascimento1994@Yahoo.Com.Br
1244;Fábio Dalla Bernardina;(27) 99626-4242;Vitória;ES;11/07/2026;Instagram;N;Fabio.Dallabernardina5@Icloud.Com
1245;Maria Ferreira;(27) 98984-8927;Linhares;ES;08/01/2026;indicacao;N;Maria.Ferreira21@Gmail.Com
1246;Fábio Araújo;(27) 99117-8206;Vila Velha;ES;07/04/2026;;Sim;Fabio.Araujo58@Yahoo.Com.Br
1247;Marcelo Nascimento;(19) 99581-9993;Curitiba;PR;24/05/2026;Facebook;S;Marcelo.Nascimento44@Gmail.Com
1248;Carlos Merçon;(27) 99975-9901;Vitória;ES;19/02/2026;;Não;Carlos.Mercon536@Icloud.Com
1249;Gabriel Souza;(27) 98628-8414;Serra;ES;27/04/2026;instagram;N;Gabriel.Souza71@Gmail.Com
1250;Marcelo Pereira;(27) 99720-4634;Vitória;ES;12/02/2026;Google Ads;Não;Marcelo.Pereira2006@Gmail.Com
1251;Eduardo Rocha;;Cariacica;ES;12/04/2026;;Sim;Eduardo.Rocha@Yahoo.Com.Br
1252;Débora Pereira;(27) 99300-4707;Vila Velha;ES;05/07/2026;Instagram;;Debora.Pereira@Icloud.Com
1253;Thaís Ribeiro;(27) 98798-9548;Vila Velha;ES;19/03/2026;site;N;Thais.Ribeiro@Hotmail.Com
1254;Larissa Dalla Bernardina;;Rio de Janeiro;RJ;01/09/2026;indicacao;N;Larissa.Dallabernardina@Gmail.Com
1255;Juliana Pereira;(21) 99323-7865;Curitiba;PR;30/07/2026;Facebook;S;Juliana.Pereira@Hotmail.Com
1256;Aline Oliveira;(27) 99486-3487;Vitória;ES;10/04/2026;google;Não;Aline.Oliveira@Hotmail.Com
1257;João Loureiro;(27) 99580-8718;Vitória;ES;14/03/2026;Facebook;Sim;Joao.Loureiro16@Outlook.Com
1258;Beatriz Barbosa;(27) 99802-6593;Vitória;ES;13/08/2026;instagram;N;Beatriz.Barbosa96@Gmail.Com
1259;Letícia Souza;(27) 99794-8983;Vila Velha;ES;21/01/2026;Google;Sim;Leticia.Souza81@Yahoo.Com.Br
1260;Júlia Dalla Bernardina;(19) 99713-8085;Belo Horizonte;MG;26/04/2026;influencer;Sim;Julia.Dallabernardina78@Gmail.Com
1261;Thiago Dalla Bernardina;(27) 98673-7875;Cariacica;ES;23/02/2026;Google;Não;Thiago.Dallabernardina94@Icloud.Com
1262;Lucas Silva;(27) 99013-4627;Linhares;ES;09/05/2026;Google;N;Lucas.Silva13@Gmail.Com
1263;Juliana Barbosa;(27) 99062-7268;Colatina;ES;17/05/2026;;S;Juliana.Barbosa2006@Hotmail.Com
1264;Luíza Simões;(71) 98081-6690;Rio de Janeiro;RJ;02/03/2026;Meta Ads;;Luiza.Simoes91@Hotmail.Com
1265;Fábio Rocha;(31) 98442-3961;Belo Horizonte;MG;14/08/2026;Google;;Fabio.Rocha1992@Hotmail.Com
1266;Carolina Silva;(71) 98704-6773;Salvador;BA;18/06/2026;Facebook;S;Carolina.Silva94@Gmail.Com
1267;Maria Nascimento;;Campinas;SP;08/05/2026;;sim;Maria.Nascimento2002@Gmail.Com
1268;Mateus Martins;(27) 99515-4728;Guarapari;ES;25/07/2026;Google;N;Mateus.Martins12@Yahoo.Com.Br
1269;Júlia Loureiro;(27) 98381-7270;Cachoeiro de Itapemirim;ES;06/06/2026;Instagram;N;Julia.Loureiro1990@Hotmail.Com
1270;Renata Carvalho;(27) 99191-6087;VILA VELHA;ES;06/09/2026;Instagram;S;Renata.Carvalho116@Gmail.Com
1271;Diego Pereira;(27) 98191-2483;Vila Velha;ES;01/06/2026;;sim;Diego.Pereira1999@Gmail.Com
1272;Rafael Zanotti;(27) 99886-7311;Vitória;ES;27/07/2026;Influenciadora;Não;Rafael.Zanotti44@Hotmail.Com
1273;Júlia Nascimento;(27) 98317-5485;GUARAPARI;ES;31/05/2026;IG;Não;Julia.Nascimento@Gmail.Com
1274;Bruno Ferreira;(27) 98025-5862;Vitória;ES;25/04/2026;Facebook;S;Bruno.Ferreira1994@Gmail.Com
1275;Renata Ribeiro;(27) 98381-9496;Serra;ES;11/01/2026;Facebook;;Renata.Ribeiro1997@Gmail.Com
1276;Eduardo Rodrigues;(27) 99106-6850;Serra;ES;18/07/2026;;Não;Eduardo.Rodrigues56@Gmail.Com
1277;Fábio Lima;(27) 98642-2717;Guarapari;ES;07/05/2026;Facebook;N;Fabio.Lima2005@Hotmail.Com
1278;Diego Ferreira;(27) 99267-8174;Cariacica;ES;27/04/2026;Instagram;S;Diego.Ferreira1988@Gmail.Com
1279;Camila Silva;(27) 99834-6695;Vitória;ES;12/08/2026;Google;S;Camila.Silva1994@Icloud.Com
1280;Aline Oliveira;(31) 99461-9041;São Paulo;SP;17/03/2026;Google;Sim;Aline.Oliveira1988@Gmail.Com
1281;Felipe Simões;(27) 98676-4810;Vila Velha;ES;10/03/2026;Google;sim;Felipe.Simoes1989@Icloud.Com
1282;Rafael Merçon;(27) 99988-1867;Vitória;ES;18/09/2026;google ads;S;Rafael.Mercon2001@Gmail.Com
1283;Júlia Pimentel;(21) 98509-3938;São Paulo;SP;03/07/2026;;N;Julia.Pimentel9@Gmail.Com
1284;Beatriz Nascimento;(71) 98793-7677;Rio de Janeiro;RJ;16/01/2026;Instagram;;Beatriz.Nascimento12@Yahoo.Com.Br
1285;Patrícia Pereira;(19) 99800-5128;Rio de Janeiro;RJ;31/08/2026;google;;Patricia.Pereira13@Gmail.Com
1286;Fernanda Ferreira;;Serra;ES;05/04/2026;Google Ads;sim;Fernanda.Ferreira2000@Gmail.Com
1287;Pedro Barbosa;(27) 98003-9669;Vila Velha;ES;11/01/2026;;Não;Pedro.Barbosa8@Gmail.Com
1288;Ana Moreira;;Colatina;ES;17/06/2026;;Não;Ana.Moreira293@Icloud.Com
1289;Larissa Pimentel;(21) 99039-3438;Rio de Janeiro;RJ;26/06/2026;Google;;Larissa.Pimentel@Hotmail.Com
1290;Maria Barbosa;(27) 98714-3955;Vitória;ES;16/08/2026;influencer;N;Maria.Barbosa16@Gmail.Com
1291;Rodrigo Costa;(27) 99901-9978;Cariacica;ES;27/03/2026;Google;S;Rodrigo.Costa1984@Gmail.Com
1292;Diego Oliveira;(27) 99966-9040;Vila Velha;ES;18/08/2026;Instagram;S;Diego.Oliveira44@Gmail.Com
1293;Maria Martins;;Cariacica;ES;26/07/2026;instagram;Sim;Maria.Martins2002@Gmail.Com
1294;Priscila Loureiro;(27) 99563-4244;Cariacica;ES;30/09/2026;;Não;Priscila.Loureiro26@Gmail.Com
1295;Bruna Oliveira;(27) 99149-8931;Serra;ES;07/08/2026;Facebook;;Bruna.Oliveira63@Gmail.Com
1296;Gabriela Merçon;(31) 98385-2461;Salvador;BA;06/06/2026;;N;Gabriela.Mercon@Outlook.Com
1297;Pedro Barbosa;(27) 98720-9810;Vila Velha;ES;30/03/2026;Facebook;S;Pedro.Barbosa4@Hotmail.Com
1298;Marcelo Pereira;(27) 98202-8491;Vila Velha;ES;11/08/2026;Facebook;S;Marcelo.Pereira1991@Gmail.Com
1299;Lucas Zanotti;(27) 99255-1255;Cachoeiro de Itapemirim;ES;24/04/2026;;N;Lucas.Zanotti@Yahoo.Com.Br
1300;Beatriz Almeida;(27) 98798-4741;Vila Velha;ES;15/07/2026;instagram;;Beatriz.Almeida1987@Gmail.Com
1301;Larissa Pimentel;;Serra;ES;25/07/2026;Instagram;N;Larissa.Pimentel1999@Gmail.Com
1302;Ana Ribeiro;(19) 98519-1170;Salvador;BA;20/05/2026;;sim;Ana.Ribeiro53@Gmail.Com
1303;Renata Lima;(27) 98234-2888;Cachoeiro de Itapemirim;ES;22/07/2026;Google Shopping;N;Renata.Lima@Gmail.Com
1304;Priscila Nascimento;(71) 98815-5666;Rio de Janeiro;RJ;08/09/2026;Facebook;S;Priscila.Nascimento22@Icloud.Com
1305;Thiago Souza;(27) 99136-9158;Vitória;ES;26/05/2026;Google;Não;Thiago.Souza98@Gmail.Com
1306;Rodrigo Martins;;Salvador;BA;23/09/2026;instagram;;Rodrigo.Martins@Gmail.Com
1307;Larissa Gomes;(27) 99570-4096;Cariacica;ES;09/07/2026;;Sim;Larissa.Gomes@Icloud.Com
1308;Ana Lima;(27) 98410-1924;Cariacica;ES;12/06/2026;Instagram;Não;Ana.Lima@Gmail.Com
1309;Marcelo Oliveira;(27) 99347-8190;Serra;ES;20/03/2026;google;;Marcelo.Oliveira1985@Gmail.Com
1310;Mariana Pimentel;(27) 99120-6202;Vitória;ES;14/08/2026;IG;Sim;Mariana.Pimentel1989@Gmail.Com
1311;Patrícia Carvalho;(27) 98012-7245;Vila Velha;ES;09/01/2026;instagram;N;Patricia.Carvalho@Icloud.Com
1312;Gabriel Ferreira;(27) 99328-8805;Vitória;ES;30/01/2026;IG;N;Gabriel.Ferreira658@Gmail.Com
1313;Thaís Araújo;;Cariacica;ES;17/07/2026;;sim;Thais.Araujo@Icloud.Com
1314;Larissa Gomes;(27) 99304-3856;Vila Velha;ES;21/08/2026;Facebook;;Larissa.Gomes@Gmail.Com
1315;Mateus Carvalho;;Vitória;ES;18/07/2026;Indicacao amigo;Não;Mateus.Carvalho95@Gmail.Com
1316;Rafael Loureiro;(27) 98943-8410;Serra;ES;27/04/2026;;Sim;Rafael.Loureiro46@Hotmail.Com
1317;Patrícia Nascimento;(27) 98503-4554;Vila Velha;ES;18/07/2026;Google;S;Patricia.Nascimento@Outlook.Com
1318;Caio Carvalho;(27) 98628-4498;Cachoeiro de Itapemirim;ES;10/04/2026;Influenciadora;Sim;Caio.Carvalho60@Gmail.Com
1319;Renata Almeida;(27) 98691-3567;Vila Velha;ES;29/08/2026;Google Ads;Sim;Renata.Almeida@Gmail.Com
1320;Renata Silva;(21) 98559-3553;Belo Horizonte;MG;22/09/2026;Google Shopping;Não;Renata.Silva89@Yahoo.Com.Br
1321;Patrícia Gomes;(27) 99250-9693;Serra;ES;12/04/2026;;S;Patricia.Gomes@Hotmail.Com
1322;Lucas Silva;(27) 99907-6844;Serra;ES;19/01/2026;;S;Lucas.Silva2@Gmail.Com
1323;Júlia Carvalho;(27) 98693-3870;Cariacica;ES;19/03/2026;Facebook;;Julia.Carvalho1990@Hotmail.Com
1324;Larissa Pereira;(27) 98324-8693;Serra;ES;21/02/2026;Instagram;Não;Larissa.Pereira1983@Yahoo.Com.Br
1325;Bruno Souza;(31) 98277-7241;Campinas;SP;24/05/2026;Google Shopping;sim;Bruno.Souza85@Gmail.Com
1326;Ana Moreira;(27) 99171-3979;Linhares;ES;02/09/2026;Google;S;Ana.Moreira89@Hotmail.Com
1327;Fábio Carvalho;(27) 98276-5916;Vila Velha;ES;11/01/2026;Google;sim;Fabio.Carvalho44@Gmail.Com
1328;Fernanda Loureiro;(27) 99234-9105;Serra;ES;18/03/2026;Google;N;Fernanda.Loureiro1989@Gmail.Com
1329;Eduardo Rodrigues;(27) 99002-6219;Vitória;ES;02/08/2026;Facebook;sim;Eduardo.Rodrigues25@Outlook.Com
1330;André Rodrigues;(27) 99535-8505;Vila Velha;ES;27/01/2026;Site;Não;Andre.Rodrigues58@Gmail.Com
1331;Larissa Pimentel;(27) 98779-4270;Vila Velha;ES;20/06/2026;;sim;Larissa.Pimentel2003@Gmail.Com
1332;Letícia Zanotti;(19) 98833-6605;Curitiba;PR;14/07/2026;;Sim;Leticia.Zanotti49@Outlook.Com
1333;Diego Costa;;Cariacica;ES;27/06/2026;Facebook;S;Diego.Costa63@Gmail.Com
1334;Gabriel Silva;(27) 98362-7117;Vitória;ES;13/06/2026;Instagram;Não;Gabriel.Silva@Gmail.Com
1335;Lucas Silva;(27) 98144-3559;Colatina;ES;02/05/2026;Facebook;S;Lucas.Silva1980@Gmail.Com
1336;Carlos Simões;(21) 98408-2329;Rio de Janeiro;RJ;24/08/2026;Google Ads;sim;Carlos.Simoes@Gmail.Com
1337;Júlia Araújo;(27) 99674-4232;Cariacica;ES;30/04/2026;Meta Ads;Sim;Julia.Araujo2000@Gmail.Com
1338;Camila Martins;(27) 98906-4029;Vitória;ES;11/09/2026;;;Camila.Martins2003@Yahoo.Com.Br
1339;Fernanda Rodrigues;(31) 99439-2241;Rio de Janeiro;RJ;10/02/2026;Google;Não;Fernanda.Rodrigues1997@Gmail.Com
1340;Bruno Pereira;(27) 98844-9301;Colatina;ES;14/06/2026;IG;N;Bruno.Pereira2000@Gmail.Com
1341;Aline Dalla Bernardina;(11) 98576-3642;Belo Horizonte;MG;22/04/2026;Google Shopping;Sim;Aline.Dallabernardina@Icloud.Com
1342;Lucas Simões;(71) 98180-6216;São Paulo;SP;31/01/2026;IG;Não;Lucas.Simoes98@Gmail.Com
1343;Caio Simões;(27) 98733-8871;Cariacica;ES;05/07/2026;;sim;Caio.Simoes9@Gmail.Com
1344;Carlos Barbosa;(27) 98087-6781;Vila Velha;ES;03/06/2026;Facebook;N;Carlos.Barbosa@Yahoo.Com.Br
1345;Bruna Gomes;(27) 99944-1401;Serra;ES;25/08/2026;Google Ads;S;Bruna.Gomes855@Hotmail.Com
1346;Larissa Araújo;(27) 98309-4013;Vila Velha;ES;12/06/2026;;S;Larissa.Araujo47@Icloud.Com
1347;Bruna Pereira;(27) 98389-8971;Vila Velha;ES;12/04/2026;Meta Ads;Não;Bruna.Pereira2006@Gmail.Com
1348;Camila Martins;(27) 99951-6296;Vitória;ES;13/09/2026;Google Shopping;Não;Camila.Martins86@Gmail.Com
1349;Débora Martins;(27) 99293-3598;Vila Velha;ES;29/05/2026;Instagram;;Debora.Martins28@Gmail.Com
1350;Vinícius Pimentel;(27) 98698-7117;Vila Velha;ES;09/06/2026;;N;Vinicius.Pimentel@Outlook.Com
1351;Renata Carvalho;;Serra;ES;31/08/2026;;Sim;Renata.Carvalho804@Gmail.Com
1352;Patrícia Zanotti;(27) 99988-4750;Linhares;ES;24/06/2026;;;Patricia.Zanotti25@Icloud.Com
1353;Bruno Martins;(27) 99803-2566;Cariacica;ES;02/05/2026;influencer;;Bruno.Martins@Gmail.Com
1354;Lucas Rocha;(27) 98920-7382;Vitória;ES;17/03/2026;Google Ads;sim;Lucas.Rocha1994@Gmail.Com
1355;Eduardo Merçon;(27) 98006-6361;Cachoeiro de Itapemirim;ES;22/05/2026;;sim;Eduardo.Mercon@Gmail.Com
1356;Letícia Nascimento;(27) 99687-4083;Vila Velha;ES;05/09/2026;Instagram;;Leticia.Nascimento1990@Outlook.Com
1357;Maria Dalla Bernardina;(27) 99619-7160;Vila Velha;ES;03/03/2026;Indicação;;Maria.Dallabernardina1996@Gmail.Com
1358;Fernanda Lima;(27) 99561-7904;CACHOEIRO DE ITAPEMIRIM;ES;06/01/2026;Google;Sim;Fernanda.Lima@Icloud.Com
1359;Rafael Gomes;(27) 98909-6146;Colatina;ES;27/08/2026;Instagram;Não;Rafael.Gomes1992@Gmail.Com
1360;Fernanda Zanotti;;Linhares;ES;21/05/2026;IG;S;Fernanda.Zanotti78@Gmail.Com
1361;Patrícia Barbosa;(71) 98768-1417;Salvador;BA;05/03/2026;Indicação;Não;Patricia.Barbosa@Gmail.Com
1362;Patrícia Pimentel;(27) 99158-1645;Serra;ES;15/06/2026;Google;S;Patricia.Pimentel1981@Gmail.Com
1363;Rafael Martins;(27) 99925-4850;Vila Velha;ES;29/01/2026;;Sim;Rafael.Martins204@Outlook.Com
1364;Carlos Oliveira;(27) 99116-2018;Serra;ES;04/07/2026;;S;Carlos.Oliveira@Hotmail.Com
1365;Diego Oliveira;(11) 98465-4920;Campinas;SP;22/07/2026;Google;Não;Diego.Oliveira@Gmail.Com
1366;Maria Ferreira;(27) 98654-6291;Cariacica;ES;26/04/2026;;Sim;Maria.Ferreira@Gmail.Com
1367;Gabriela Martins;(27) 98139-1657;Guarapari;ES;22/07/2026;google;N;Gabriela.Martins2001@Hotmail.Com
1368;Júlia Moreira;(27) 98311-9785;Vila Velha;ES;09/09/2026;;;Julia.Moreira@Hotmail.Com
1369;Aline Rocha;;Vila Velha;ES;25/05/2026;Meta Ads;sim;Aline.Rocha@Yahoo.Com.Br
1370;Gabriela Gomes;(41) 99576-7646;Belo Horizonte;MG;14/05/2026;;S;Gabriela.Gomes1994@Icloud.Com
1371;Felipe Merçon;(71) 99380-4511;Salvador;BA;24/02/2026;IG;sim;Felipe.Mercon2003@Gmail.Com
1372;Maria Loureiro;(27) 99046-1390;Vila Velha;ES;05/06/2026;;Sim;Maria.Loureiro1987@Gmail.Com
1373;Carlos Costa;(27) 98800-3707;Cariacica;ES;21/04/2026;;;Carlos.Costa64@Gmail.Com
1374;Gabriela Simões;(27) 99746-1511;Vitória;ES;03/09/2026;Site;;Gabriela.Simoes1982@Gmail.Com
1375;João Almeida;(27) 98199-1877;Vila Velha;ES;06/01/2026;Google;Sim;Joao.Almeida1992@Yahoo.Com.Br
1376;Eduardo Oliveira;(27) 99577-1573;Vila Velha;ES;08/04/2026;;sim;Eduardo.Oliveira1993@Gmail.Com
1377;Renata Costa;(31) 99802-8807;Curitiba;PR;04/06/2026;Site;;Renata.Costa2000@Icloud.Com
1378;Luíza Zanotti;(41) 98982-2036;Rio de Janeiro;RJ;01/05/2026;;Sim;Luiza.Zanotti72@Gmail.Com
1379;João Santos;;Vila Velha;ES;23/07/2026;Instagram;Não;Joao.Santos64@Hotmail.Com
1380;Thiago Zanotti;(11) 98049-5455;Curitiba;PR;23/01/2026;google ads;;Thiago.Zanotti37@Gmail.Com
1381;Renata Silva;(27) 99949-9004;Guarapari;ES;07/04/2026;indicacao;S;Renata.Silva1981@Hotmail.Com
1382;Diego Pereira;(27) 98298-6254;Guarapari;ES;22/08/2026;;S;Diego.Pereira48@Outlook.Com
1383;Luíza Araújo;(27) 99667-9102;Vitória;ES;27/06/2026;influencer;S;Luiza.Araujo48@Gmail.Com
1384;Carolina Oliveira;(27) 99321-8644;Serra;ES;28/07/2026;Google Shopping;S;Carolina.Oliveira@Gmail.Com
1385;Carlos Rocha;(27) 99295-3612;Guarapari;ES;26/03/2026;;N;Carlos.Rocha1984@Gmail.Com
1386;Felipe Zanotti;(27) 99114-1687;Cariacica;ES;13/03/2026;Site;Sim;Felipe.Zanotti51@Gmail.Com
1387;Priscila Simões;(11) 99001-2915;Rio de Janeiro;RJ;03/01/2026;Google Ads;S;Priscila.Simoes@Icloud.Com
1388;Bruna Rocha;(27) 98719-7684;Linhares;ES;11/07/2026;Instagram;;Bruna.Rocha85@Gmail.Com
1389;Renata Lima;(31) 99014-3365;Curitiba;PR;24/02/2026;Google Shopping;N;Renata.Lima912@Outlook.Com
1390;Bruna Almeida;(21) 98048-1265;Salvador;BA;06/06/2026;Google;;Bruna.Almeida1997@Gmail.Com
1391;Vinícius Carvalho;(27) 98702-7352;Vila Velha;ES;20/08/2026;Facebook;sim;Vinicius.Carvalho@Yahoo.Com.Br
1392;Luíza Martins;(19) 98064-9191;Belo Horizonte;MG;05/06/2026;Instagram;sim;Luiza.Martins1999@Gmail.Com
1393;Juliana Araújo;(27) 99803-6751;Colatina;ES;16/01/2026;Meta Ads;;Juliana.Araujo805@Yahoo.Com.Br
1394;Gustavo Santos;(27) 99113-2508;Vila Velha;ES;09/09/2026;Indicação;N;Gustavo.Santos@Hotmail.Com
1395;Juliana Santos;(27) 99256-7727;Vila Velha;ES;22/06/2026;Instagram;Não;Juliana.Santos1989@Hotmail.Com
1396;Débora Pereira;(27) 99641-9776;Serra;ES;15/01/2026;;Não;Debora.Pereira1988@Yahoo.Com.Br
1397;Beatriz Zanotti;(27) 99748-3666;Vila Velha;ES;25/01/2026;;Não;Beatriz.Zanotti@Hotmail.Com
1398;Larissa Oliveira;(27) 98793-3893;Vitória;ES;19/06/2026;Instagram;N;Larissa.Oliveira26@Gmail.Com
1399;Luíza Martins;(27) 98336-3280;Vitória;ES;25/04/2026;Influenciadora;sim;Luiza.Martins30@Gmail.Com
1400;Vinícius Silva;(27) 99113-2742;Cachoeiro de Itapemirim;ES;07/07/2026;;Sim;Vinicius.Silva1996@Gmail.Com
1401;Priscila Zanotti;(27) 99797-6859;Vila Velha;ES;18/01/2026;Google Ads;Não;Priscila.Zanotti@Gmail.Com
1402;Rafael Souza;(27) 99361-4219;Vila Velha;ES;17/09/2026;google;sim;Rafael.Souza@Yahoo.Com.Br
1403;Juliana Oliveira;(27) 99146-1651;VITÓRIA;ES;11/07/2026;Google;S;Juliana.Oliveira1985@Hotmail.Com
1404;Maria Rocha;(27) 99199-9692;Vila Velha;ES;20/07/2026;IG;Sim;Maria.Rocha1983@Icloud.Com
1405;Felipe Costa;(27) 98202-3824;Vila Velha;ES;05/05/2026;Facebook;Sim;Felipe.Costa85@Hotmail.Com
1406;Larissa Rocha;(27) 98148-3698;Cariacica;ES;06/02/2026;google;Não;Larissa.Rocha@Hotmail.Com
1407;Eduardo Ferreira;(27) 99783-6250;Vitória;ES;31/07/2026;Facebook;S;Eduardo.Ferreira@Hotmail.Com
1408;Thaís Ferreira;(41) 99820-7660;Curitiba;PR;11/07/2026;Influenciadora;sim;Thais.Ferreira96@Yahoo.Com.Br
1409;Débora Almeida;(27) 98063-7837;Colatina;ES;22/03/2026;;Não;Debora.Almeida@Hotmail.Com
1410;Pedro Carvalho;(27) 99652-6594;Cachoeiro de Itapemirim;ES;13/02/2026;;Não;Pedro.Carvalho36@Hotmail.Com
1411;Rodrigo Rocha;(41) 99891-3248;Rio de Janeiro;RJ;17/06/2026;Meta Ads;N;Rodrigo.Rocha1992@Yahoo.Com.Br
1412;Carlos Barbosa;(27) 99288-5394;Vila Velha;ES;16/02/2026;;;Carlos.Barbosa1999@Gmail.Com
1413;Mariana Nascimento;(27) 99991-6019;Serra;ES;28/05/2026;Indicacao amigo;Sim;Mariana.Nascimento1987@Gmail.Com
1414;Carolina Rodrigues;(21) 99573-3281;Belo Horizonte;MG;21/06/2026;;S;Carolina.Rodrigues34@Icloud.Com
1415;Aline Zanotti;;Curitiba;PR;01/06/2026;influencer;Não;Aline.Zanotti70@Gmail.Com
1416;Felipe Pimentel;(27) 99658-9142;Cachoeiro de Itapemirim;ES;30/05/2026;Meta Ads;Sim;Felipe.Pimentel82@Gmail.Com
1417;Letícia Moreira;(27) 99241-2180;Vila Velha;ES;20/07/2026;Instagram;S;Leticia.Moreira59@Gmail.Com
1418;Gustavo Silva;;Cariacica;ES;12/07/2026;instagram;S;Gustavo.Silva9@Hotmail.Com
1419;Maria Ribeiro;(27) 98895-7338;Cariacica;ES;04/08/2026;;S;Maria.Ribeiro1995@Gmail.Com
1420;Aline Merçon;(27) 99123-9769;Vitória;ES;13/03/2026;Instagram;Sim;Aline.Mercon@Gmail.Com
1421;Felipe Santos;(27) 98691-5541;Vitória;ES;19/02/2026;;Não;Felipe.Santos@Gmail.Com
1422;Thaís Pimentel;(27) 99721-4872;Serra;ES;04/05/2026;instagram;;Thais.Pimentel74@Outlook.Com
1423;Mateus Araújo;(27) 98186-5419;Vila Velha;ES;12/06/2026;instagram;;Mateus.Araujo1997@Gmail.Com
1424;Renata Pimentel;(27) 99374-6054;Vila Velha;ES;28/07/2026;;;Renata.Pimentel209@Gmail.Com
1425;Mariana Souza;(27) 98307-7299;Cariacica;ES;17/07/2026;Google Ads;N;Mariana.Souza1993@Hotmail.Com
1426;Letícia Costa;(27) 98659-1339;Serra;ES;14/07/2026;;Não;Leticia.Costa87@Outlook.Com
1427;Caio Costa;(27) 99714-7187;Colatina;ES;18/07/2026;Google Ads;sim;Caio.Costa1984@Gmail.Com
1428;Patrícia Carvalho;(27) 98777-8695;Vila Velha;ES;26/07/2026;Facebook;Sim;Patricia.Carvalho@Gmail.Com
1429;Lucas Gomes;;Linhares;ES;05/05/2026;indicacao;N;Lucas.Gomes@Hotmail.Com
1430;Renata Ribeiro;(27) 98551-7006;Vila Velha;ES;09/09/2026;Google Ads;;Renata.Ribeiro12@Gmail.Com
1431;Camila Ferreira;(27) 99659-4206;Cariacica;ES;14/05/2026;Site;;Camila.Ferreira2000@Yahoo.Com.Br
1432;Mariana Oliveira;(41) 98102-5102;Rio de Janeiro;RJ;15/07/2026;Google;Não;Mariana.Oliveira@Yahoo.Com.Br
1433;Gabriela Lima;(27) 98638-3730;Serra;ES;11/05/2026;instagram;Não;Gabriela.Lima@Gmail.Com
1434;Caio Santos;(27) 99122-8704;Vila Velha;ES;29/04/2026;Google;S;Caio.Santos2000@Gmail.Com
1435;Fernanda Pimentel;(27) 99673-3928;Vila Velha;ES;27/03/2026;indicacao;N;Fernanda.Pimentel@Gmail.Com
1436;Aline Dalla Bernardina;(27) 99611-1143;Vila Velha;ES;25/08/2026;Google;;Aline.Dallabernardina1984@Gmail.Com
1437;Marcelo Silva;(27) 98342-1792;Vitória;ES;29/03/2026;;S;Marcelo.Silva@Hotmail.Com
1438;Thaís Carvalho;(27) 98931-3869;Vila Velha;ES;09/03/2026;Google Ads;Sim;Thais.Carvalho74@Hotmail.Com
1439;Thaís Merçon;(27) 98588-8549;Vitória;ES;08/05/2026;;sim;Thais.Mercon6@Gmail.Com
1440;Gustavo Barbosa;(27) 99970-9514;Cariacica;ES;08/09/2026;Google Ads;;Gustavo.Barbosa70@Outlook.Com
1441;Marcelo Ribeiro;(31) 98423-2202;Curitiba;PR;27/07/2026;Meta Ads;sim;Marcelo.Ribeiro22@Gmail.Com
1442;Gabriel Pimentel;(27) 98048-6153;SERRA;ES;08/07/2026;Google Ads;N;Gabriel.Pimentel53@Gmail.Com
1443;Larissa Gomes;(27) 99625-5947;Cachoeiro de Itapemirim;ES;09/01/2026;;S;Larissa.Gomes2005@Gmail.Com
1444;Mariana Gomes;(19) 98760-4353;Rio de Janeiro;RJ;14/03/2026;;sim;Mariana.Gomes33@Hotmail.Com
1445;Bruno Lima;(27) 98717-8620;Vitória;ES;01/08/2026;Google;sim;Bruno.Lima82@Gmail.Com
1446;Gabriela Carvalho;(27) 98138-6775;Cariacica;ES;10/08/2026;Site;N;Gabriela.Carvalho66@Gmail.Com
1447;Mateus Silva;;Vila Velha;ES;08/06/2026;;Sim;Mateus.Silva1984@Outlook.Com
1448;Renata Araújo;(27) 99273-6350;Serra;ES;24/09/2026;Google Ads;;Renata.Araujo2005@Hotmail.Com
1449;Renata Merçon;(41) 99492-9289;Belo Horizonte;MG;27/01/2026;;;Renata.Mercon1993@Gmail.Com
1450;Renata Dalla Bernardina;;Vitória;ES;20/03/2026;;N;Renata.Dallabernardina93@Gmail.Com
1451;Mariana Santos;;Vila Velha;ES;16/07/2026;Instagram;N;Mariana.Santos@Gmail.Com
1452;Luíza Rodrigues;(27) 99489-8907;Vila Velha;ES;19/03/2026;google;Não;Luiza.Rodrigues979@Gmail.Com
1453;Camila Simões;(27) 99662-6615;Cariacica;ES;23/04/2026;influencer;;Camila.Simoes@Icloud.Com
1454;Thiago Moreira;(27) 99361-6349;Cachoeiro de Itapemirim;ES;10/07/2026;Google;Não;Thiago.Moreira1997@Gmail.Com
1455;Caio Merçon;(27) 98557-6376;Cariacica;ES;24/09/2026;Google Ads;;Caio.Mercon@Hotmail.Com
1456;Bruna Santos;(21) 99136-4663;Salvador;BA;03/06/2026;Indicacao amigo;Não;Bruna.Santos76@Gmail.Com
1457;Bruno Gomes;(27) 98743-7760;Cariacica;ES;23/04/2026;Site;Sim;Bruno.Gomes1983@Outlook.Com
1458;Gabriela Oliveira;(31) 99587-6143;Belo Horizonte;MG;03/08/2026;influencer;S;Gabriela.Oliveira1985@Hotmail.Com
1459;Carolina Lima;(27) 98482-8971;Vila Velha;ES;30/01/2026;;Sim;Carolina.Lima479@Gmail.Com
1460;Gustavo Moreira;;Vila Velha;ES;09/09/2026;site;N;Gustavo.Moreira28@Gmail.Com
1461;Júlia Souza;(27) 99106-8021;Vitória;ES;17/06/2026;;Não;Julia.Souza1982@Gmail.Com
1462;Rafael Santos;(27) 98596-7009;Vitória;ES;17/02/2026;;N;Rafael.Santos@Gmail.Com
1463;Lucas Santos;;Vitória;ES;02/07/2026;Google Shopping;;Lucas.Santos22@Gmail.Com
1464;Felipe Pereira;;Vila Velha;ES;01/01/2026;;Não;Felipe.Pereira51@Gmail.Com
1465;Thaís Almeida;(27) 98322-9435;Vila Velha;ES;27/09/2026;Google;;Thais.Almeida18@Yahoo.Com.Br
1466;Pedro Araújo;(19) 98734-9337;Curitiba;PR;25/04/2026;IG;N;Pedro.Araujo@Hotmail.Com
1467;Mariana Almeida;(27) 98304-3543;Cariacica;ES;25/07/2026;Meta Ads;N;Mariana.Almeida@Gmail.Com
1468;Júlia Almeida;(27) 98489-8890;Linhares;ES;18/08/2026;IG;S;Julia.Almeida1990@Gmail.Com
1469;Diego Dalla Bernardina;(27) 99343-1554;Cariacica;ES;04/03/2026;Google Ads;sim;Diego.Dallabernardina1989@Gmail.Com
1470;Júlia Santos;(27) 99664-9152;Vila Velha;ES;20/07/2026;Instagram;Não;Julia.Santos5@Hotmail.Com
1471;Carlos Gomes;(11) 99962-4014;Belo Horizonte;MG;23/07/2026;;sim;Carlos.Gomes18@Hotmail.Com
1472;Juliana Nascimento;;Cariacica;ES;26/03/2026;Meta Ads;N;Juliana.Nascimento625@Yahoo.Com.Br
1473;Ana Loureiro;(27) 98690-1044;Serra;ES;03/04/2026;;S;Ana.Loureiro47@Yahoo.Com.Br
1474;Larissa Nascimento;(27) 99087-7401;Vila Velha;ES;14/09/2026;IG;;Larissa.Nascimento2001@Outlook.Com
1475;Maria Gomes;(27) 99547-8478;Guarapari;ES;11/04/2026;Google;Sim;Maria.Gomes1998@Gmail.Com
1476;Luíza Loureiro;(27) 99171-4783;Colatina;ES;20/06/2026;instagram;sim;Luiza.Loureiro9@Hotmail.Com
1477;Gabriela Loureiro;(27) 98520-7468;Linhares;ES;25/04/2026;Site;S;Gabriela.Loureiro@Icloud.Com
1478;Mariana Gomes;(27) 99963-2246;Vitória;ES;29/09/2026;Instagram;;Mariana.Gomes@Hotmail.Com
1479;Priscila Ribeiro;;Curitiba;PR;21/05/2026;Instagram;S;Priscila.Ribeiro1996@Icloud.Com
1480;Priscila Almeida;(11) 98362-9930;São Paulo;SP;20/04/2026;Google Ads;;Priscila.Almeida15@Outlook.Com
1481;Lucas Nascimento;(27) 98265-5230;Vitória;ES;08/01/2026;;N;Lucas.Nascimento83@Gmail.Com
1482;Vinícius Pereira;(27) 98199-5731;Serra;ES;30/05/2026;instagram;N;Vinicius.Pereira1986@Gmail.Com
1483;Larissa Souza;(27) 98232-8393;Vila Velha;ES;05/02/2026;Instagram;sim;Larissa.Souza@Gmail.Com
1484;Diego Gomes;(27) 98569-2364;Colatina;ES;14/09/2026;Facebook;;Diego.Gomes66@Icloud.Com
1485;Bruna Costa;(27) 99647-2415;COLATINA;ES;17/02/2026;Meta Ads;Não;Bruna.Costa1988@Gmail.Com
1486;Camila Rocha;(71) 98719-1488;Campinas;SP;25/03/2026;Indicação;sim;Camila.Rocha@Hotmail.Com
1487;Vinícius Souza;(27) 98389-8920;Vila Velha;ES;19/07/2026;;;Vinicius.Souza66@Gmail.Com
1488;Rodrigo Barbosa;(27) 98755-4262;Cachoeiro de Itapemirim;ES;04/02/2026;Instagram;;Rodrigo.Barbosa99@Gmail.Com
1489;Ana Moreira;(27) 98693-7808;Cachoeiro de Itapemirim;ES;19/01/2026;;N;Ana.Moreira1980@Gmail.Com
1490;Lucas Lima;(31) 99214-3224;Campinas;SP;04/01/2026;Instagram;S;Lucas.Lima1999@Outlook.Com
1491;Maria Loureiro;(19) 98600-1637;Salvador;BA;24/06/2026;Google;Sim;Maria.Loureiro41@Outlook.Com
1492;Rafael Zanotti;(27) 98696-7750;VILA VELHA;ES;29/01/2026;;Não;Rafael.Zanotti34@Gmail.Com
1493;Juliana Almeida;(27) 98583-6369;Vitória;ES;29/09/2026;;Sim;Juliana.Almeida95@Gmail.Com
1494;Caio Pimentel;(27) 99572-6468;Vila Velha;ES;17/02/2026;Facebook;Não;Caio.Pimentel@Gmail.Com
1495;Fernanda Moreira;(27) 99723-9868;Vila Velha;ES;05/03/2026;Meta Ads;sim;Fernanda.Moreira@Gmail.Com
1496;Diego Moreira;(11) 98205-7613;Belo Horizonte;MG;10/02/2026;;;Diego.Moreira89@Outlook.Com
1497;Patrícia Rodrigues;(27) 99943-1065;Vitória;ES;04/08/2026;Influenciadora;;Patricia.Rodrigues@Gmail.Com
1498;Aline Araújo;(27) 99924-5056;Linhares;ES;02/09/2026;instagram;Não;Aline.Araujo70@Gmail.Com
1499;Fernanda Dalla Bernardina;(27) 98488-7683;Cariacica;ES;23/02/2026;instagram;sim;Fernanda.Dallabernardina@Icloud.Com
1500;Fábio Dalla Bernardina;;Vitória;ES;25/09/2026;IG;Não;Fabio.Dallabernardina1995@Gmail.Com
1501;Débora Almeida;(27) 99865-5713;Serra;ES;18/07/2026;;S;Debora.Almeida45@Yahoo.Com.Br
1502;Thaís Martins;(27) 99529-5144;Vila Velha;ES;05/03/2026;IG;sim;Thais.Martins1@Yahoo.Com.Br
1503;Fábio Souza;(27) 98511-1762;Vila Velha;ES;05/04/2026;Google;S;Fabio.Souza@Gmail.Com
1504;Fernanda Rodrigues;(27) 99468-2814;Vila Velha;ES;22/07/2026;influencer;Sim;Fernanda.Rodrigues@Icloud.Com
1505;Larissa Lima;;Serra;ES;24/06/2026;;sim;Larissa.Lima@Gmail.Com
1506;Fernanda Loureiro;(27) 99781-4977;Vila Velha;ES;21/05/2026;Google Shopping;Sim;Fernanda.Loureiro19@Gmail.Com
1507;Letícia Silva;(31) 99532-8516;Curitiba;PR;21/05/2026;;;Leticia.Silva@Gmail.Com
1508;Gabriela Lima;;Campinas;SP;15/04/2026;google ads;Sim;Gabriela.Lima@Hotmail.Com
1509;Mariana Gomes;(27) 98552-3628;Serra;ES;21/08/2026;;S;Mariana.Gomes26@Hotmail.Com
1510;João Merçon;(27) 99942-9350;Vila Velha;ES;13/08/2026;google ads;S;Joao.Mercon31@Hotmail.Com
1511;Aline Rocha;(41) 99637-6082;Belo Horizonte;MG;16/03/2026;;;Aline.Rocha@Gmail.Com
1512;Mariana Merçon;(41) 99887-3997;Curitiba;PR;25/05/2026;influencer;S;Mariana.Mercon1997@Yahoo.Com.Br
1513;Ana Nascimento;;Linhares;ES;28/09/2026;;Não;Ana.Nascimento2002@Hotmail.Com
1514;Gabriela Dalla Bernardina;(27) 98408-7585;Linhares;ES;06/04/2026;Google;Não;Gabriela.Dallabernardina98@Gmail.Com
1515;Juliana Pimentel;(27) 98730-8723;Serra;ES;02/07/2026;;;Juliana.Pimentel26@Gmail.Com
1516;Mariana Ribeiro;(27) 99157-3244;Vitória;ES;30/09/2026;Influenciadora;;Mariana.Ribeiro1980@Gmail.Com
1517;Júlia Souza;(27) 99511-4514;Vila Velha;ES;31/07/2026;Facebook;sim;Julia.Souza88@Gmail.Com
1518;Letícia Loureiro;(27) 99891-4878;SERRA;ES;06/01/2026;Facebook;Não;Leticia.Loureiro@Gmail.Com
1519;Caio Barbosa;(27) 99411-5539;Cariacica;ES;17/02/2026;Google Shopping;S;Caio.Barbosa@Gmail.Com
1520;Rodrigo Costa;(27) 99894-5549;Vila Velha;ES;04/01/2026;Google Ads;;Rodrigo.Costa615@Yahoo.Com.Br
1521;Leonardo Barbosa;(27) 99170-1349;Cachoeiro de Itapemirim;ES;28/06/2026;;Não;Leonardo.Barbosa@Gmail.Com
1522;Camila Ferreira;(27) 99694-4425;Vila Velha;ES;09/04/2026;Google Shopping;N;Camila.Ferreira1981@Gmail.Com
1523;Renata Ferreira;(71) 98418-7007;São Paulo;SP;01/06/2026;IG;S;Renata.Ferreira@Gmail.Com
1524;Vinícius Lima;(27) 98015-3807;Serra;ES;03/06/2026;Google;sim;Vinicius.Lima@Hotmail.Com
1525;Carolina Souza;(27) 98314-7800;Vitória;ES;30/09/2026;;sim;Carolina.Souza@Gmail.Com
1526;Mateus Rodrigues;(41) 99945-6407;BELO HORIZONTE;MG;28/04/2026;IG;S;Mateus.Rodrigues1996@Outlook.Com
1527;Caio Barbosa;(27) 98352-8292;Serra;ES;22/03/2026;Site;N;Caio.Barbosa@Hotmail.Com
1528;Ana Costa;(27) 99899-2491;Cariacica;ES;14/05/2026;IG;Não;Ana.Costa52@Outlook.Com
1529;Rafael Santos;(27) 99147-8853;Vitória;ES;01/03/2026;Google;sim;Rafael.Santos2003@Outlook.Com
1530;Camila Barbosa;(27) 99113-2215;Colatina;ES;11/03/2026;;sim;Camila.Barbosa151@Outlook.Com
1531;Camila Santos;(21) 99431-2464;Curitiba;PR;20/06/2026;Facebook;Sim;Camila.Santos@Gmail.Com
1532;Priscila Oliveira;(27) 99395-5527;Vila Velha;ES;15/08/2026;Google;S;Priscila.Oliveira95@Hotmail.Com
1533;Ana Merçon;(71) 98062-2370;Curitiba;PR;22/06/2026;Indicacao amigo;N;Ana.Mercon2004@Gmail.Com
1534;Fernanda Martins;(27) 98117-1423;Serra;ES;11/02/2026;Instagram;;Fernanda.Martins1994@Icloud.Com
1535;Beatriz Rocha;(27) 98174-9941;Vila Velha;ES;30/06/2026;;N;Beatriz.Rocha83@Gmail.Com
1536;Débora Merçon;(31) 98643-7216;Curitiba;PR;02/09/2026;;;Debora.Mercon613@Yahoo.Com.Br
1537;Ana Santos;(27) 99814-5024;Vila Velha;ES;17/09/2026;Google;Não;Ana.Santos@Icloud.Com
1538;Débora Rodrigues;(27) 98251-4863;Linhares;ES;24/06/2026;Facebook;;Debora.Rodrigues68@Hotmail.Com
1539;Patrícia Carvalho;(21) 99607-7149;Salvador;BA;18/05/2026;Google;sim;Patricia.Carvalho85@Gmail.Com
1540;Fernanda Ferreira;(27) 99265-6817;Cariacica;ES;21/01/2026;Influenciadora;Sim;Fernanda.Ferreira1999@Outlook.Com
1541;Marcelo Pereira;(31) 99900-3005;CURITIBA;PR;09/01/2026;;Sim;Marcelo.Pereira@Gmail.Com
1542;Gabriel Barbosa;(27) 99501-5237;Cachoeiro de Itapemirim;ES;10/05/2026;;;Gabriel.Barbosa@Gmail.Com
1543;Juliana Martins;(21) 99082-2051;Rio de Janeiro;RJ;01/04/2026;;N;Juliana.Martins@Hotmail.Com
1544;Júlia Lima;(27) 99486-3799;Vila Velha;ES;05/05/2026;google;Não;Julia.Lima1992@Icloud.Com
1545;Camila Silva;(27) 99479-9656;Serra;ES;07/06/2026;google ads;sim;Camila.Silva1993@Gmail.Com
1546;Letícia Oliveira;(27) 98798-3566;CACHOEIRO DE ITAPEMIRIM;ES;23/02/2026;google;sim;Leticia.Oliveira60@Gmail.Com
1547;Pedro Pereira;(27) 98696-9904;Serra;ES;11/07/2026;Facebook;S;Pedro.Pereira@Icloud.Com
1548;Ana Simões;(27) 99622-5584;Serra;ES;31/05/2026;Google Shopping;Não;Ana.Simoes11@Gmail.Com
1549;Débora Rocha;(27) 99428-9207;Guarapari;ES;20/09/2026;Site;N;Debora.Rocha477@Gmail.Com
1550;Larissa Gomes;(71) 98696-1615;Belo Horizonte;MG;22/05/2026;google ads;S;Larissa.Gomes2006@Gmail.Com
1551;Fernanda Costa;(41) 98527-6162;Salvador;BA;30/01/2026;Meta Ads;S;Fernanda.Costa27@Gmail.Com
1552;Mariana Lima;;Cariacica;ES;04/03/2026;;N;Mariana.Lima@Yahoo.Com.Br
1553;Júlia Loureiro;(27) 98829-6292;VITÓRIA;ES;12/04/2026;Instagram;;Julia.Loureiro87@Gmail.Com
1554;Pedro Dalla Bernardina;(27) 99553-6364;Cariacica;ES;21/01/2026;Indicação;Não;Pedro.Dallabernardina1982@Outlook.Com
1555;Débora Ribeiro;(27) 99866-4028;Vitória;ES;18/02/2026;indicacao;;Debora.Ribeiro2003@Gmail.Com
1556;Beatriz Nascimento;(41) 99072-1214;Salvador;BA;14/01/2026;instagram;sim;Beatriz.Nascimento1983@Gmail.Com
1557;Juliana Rodrigues;(19) 99877-1050;São Paulo;SP;13/07/2026;;;Juliana.Rodrigues1989@Gmail.Com
1558;Thaís Carvalho;(27) 98145-3018;Colatina;ES;20/04/2026;site;Sim;Thais.Carvalho@Gmail.Com
1559;Gabriela Ferreira;(27) 99716-1432;Serra;ES;27/05/2026;;N;Gabriela.Ferreira1992@Hotmail.Com
1560;Camila Costa;(27) 98491-8393;Vitória;ES;28/07/2026;Google;S;Camila.Costa1999@Gmail.Com
1561;Júlia Rodrigues;(27) 99064-9783;Vitória;ES;22/06/2026;Meta Ads;sim;Julia.Rodrigues2002@Gmail.Com
1562;João Merçon;(27) 98891-1759;Serra;ES;22/01/2026;google;sim;Joao.Mercon44@Hotmail.Com
1563;Larissa Ribeiro;;Cariacica;ES;19/02/2026;google ads;sim;Larissa.Ribeiro@Gmail.Com
1564;Lucas Merçon;(27) 98148-6249;Cariacica;ES;23/07/2026;;Sim;Lucas.Mercon@Icloud.Com
1565;Camila Merçon;;Vitória;ES;19/04/2026;;N;Camila.Mercon28@Gmail.Com
1566;Beatriz Martins;;Cachoeiro de Itapemirim;ES;04/04/2026;Google;S;Beatriz.Martins81@Outlook.Com
1567;André Dalla Bernardina;(41) 98916-4179;Curitiba;PR;26/09/2026;;S;Andre.Dallabernardina667@Gmail.Com
1568;Priscila Dalla Bernardina;(27) 98478-7132;Vila Velha;ES;02/05/2026;;sim;Priscila.Dallabernardina68@Gmail.Com
1569;Aline Gomes;(31) 99039-7033;Salvador;BA;05/03/2026;Google Shopping;Não;Aline.Gomes@Yahoo.Com.Br
1570;André Moreira;(27) 99193-3713;Vila Velha;ES;03/02/2026;indicacao;Não;Andre.Moreira1980@Hotmail.Com
1571;Fábio Araújo;(27) 99555-8474;Colatina;ES;04/08/2026;;Sim;Fabio.Araujo1989@Icloud.Com
1572;Priscila Carvalho;(27) 98300-6412;Vila Velha;ES;25/09/2026;;S;Priscila.Carvalho1992@Yahoo.Com.Br
1573;Débora Almeida;(27) 98221-4030;Vila Velha;ES;31/05/2026;;Não;Debora.Almeida@Gmail.Com
1574;Larissa Merçon;(27) 98835-1376;Vitória;ES;25/04/2026;;Não;Larissa.Mercon1992@Outlook.Com
1575;Beatriz Gomes;(27) 98356-4537;Cariacica;ES;31/08/2026;indicacao;Não;Beatriz.Gomes@Icloud.Com
1576;Mariana Nascimento;(27) 98499-9523;Cachoeiro de Itapemirim;ES;27/04/2026;Facebook;N;Mariana.Nascimento2001@Gmail.Com
1577;João Carvalho;(27) 98889-6592;Colatina;ES;09/01/2026;instagram;S;Joao.Carvalho811@Yahoo.Com.Br
1578;Larissa Ribeiro;(27) 99173-7198;Serra;ES;03/07/2026;Instagram;N;Larissa.Ribeiro@Outlook.Com
1579;Felipe Silva;(71) 99806-3387;Belo Horizonte;MG;07/02/2026;Instagram;N;Felipe.Silva72@Gmail.Com
1580;Patrícia Merçon;(27) 99108-3440;Serra;ES;28/09/2026;influencer;sim;Patricia.Mercon@Gmail.Com
1581;Thiago Loureiro;(21) 98002-1106;Campinas;SP;09/06/2026;;;Thiago.Loureiro@Hotmail.Com
1582;Bruna Araújo;(27) 98413-2229;Cariacica;ES;21/09/2026;Google;;Bruna.Araujo@Hotmail.Com
1583;Carlos Silva;(27) 99253-5575;Vitória;ES;09/04/2026;Meta Ads;N;Carlos.Silva7@Outlook.Com
1584;Renata Ribeiro;(27) 99944-8263;Linhares;ES;07/02/2026;Meta Ads;Não;Renata.Ribeiro2000@Gmail.Com
1585;Aline Ferreira;;CARIACICA;ES;15/03/2026;Google Shopping;N;Aline.Ferreira82@Gmail.Com
1586;Renata Lima;(27) 99221-3247;Vitória;ES;20/07/2026;;sim;Renata.Lima93@Icloud.Com
1587;Rodrigo Dalla Bernardina;(27) 98329-2094;VITÓRIA;ES;17/02/2026;;Sim;Rodrigo.Dallabernardina81@Hotmail.Com
1588;Débora Simões;(27) 98415-8436;Vila Velha;ES;15/05/2026;;;Debora.Simoes@Gmail.Com
1589;Camila Costa;(27) 98021-4357;Cariacica;ES;09/03/2026;Instagram;Não;Camila.Costa657@Gmail.Com
1590;Lucas Pimentel;;Vila Velha;ES;26/03/2026;;Não;Lucas.Pimentel21@Gmail.Com
1591;Carlos Lima;;Serra;ES;20/09/2026;instagram;S;Carlos.Lima1995@Yahoo.Com.Br
1592;Priscila Almeida;(21) 99770-6292;São Paulo;SP;18/08/2026;Meta Ads;sim;Priscila.Almeida1988@Gmail.Com
1593;Maria Souza;(27) 98925-4356;Vila Velha;ES;22/07/2026;Facebook;S;Maria.Souza56@Gmail.Com
1594;Priscila Souza;(41) 98348-4058;Belo Horizonte;MG;22/02/2026;;sim;Priscila.Souza1994@Hotmail.Com
1595;Fábio Barbosa;(27) 99063-7879;Vila Velha;ES;24/03/2026;Meta Ads;sim;Fabio.Barbosa1983@Gmail.Com
1596;Rodrigo Dalla Bernardina;(19) 99774-4795;Campinas;SP;24/06/2026;Instagram;N;Rodrigo.Dallabernardina88@Gmail.Com
1597;Marcelo Pereira;(27) 98693-4750;Vitória;ES;05/05/2026;site;S;Marcelo.Pereira70@Hotmail.Com
1598;João Martins;(27) 98824-2949;Serra;ES;19/08/2026;;;Joao.Martins1998@Icloud.Com
1599;Juliana Ferreira;(27) 99565-1036;Serra;ES;01/02/2026;google;;Juliana.Ferreira@Gmail.Com
1600;Camila Pereira;(21) 98176-7444;Belo Horizonte;MG;15/03/2026;Meta Ads;;Camila.Pereira29@Gmail.Com
1601;Patrícia Barbosa;(27) 99166-3463;Serra;ES;07/07/2026;Google Shopping;Não;Patricia.Barbosa1983@Gmail.Com
1602;Mateus Oliveira;(27) 99984-8482;Serra;ES;25/09/2026;influencer;sim;Mateus.Oliveira74@Yahoo.Com.Br
1603;Thaís Pimentel;(27) 98259-1619;Vila Velha;ES;18/05/2026;Influenciadora;Sim;Thais.Pimentel1989@Gmail.Com
1604;Bruno Simões;(71) 98513-9312;Rio de Janeiro;RJ;18/01/2026;;N;Bruno.Simoes1993@Yahoo.Com.Br
1605;Thaís Nascimento;(27) 98135-2376;Cachoeiro de Itapemirim;ES;08/03/2026;Indicacao amigo;N;Thais.Nascimento1999@Outlook.Com
1606;Marcelo Gomes;(27) 98187-6848;Cariacica;ES;20/08/2026;Meta Ads;Não;Marcelo.Gomes1981@Icloud.Com
1607;Gustavo Gomes;(71) 98382-1429;Campinas;SP;01/05/2026;;sim;Gustavo.Gomes@Outlook.Com
1608;Júlia Pimentel;(27) 99013-9719;Cariacica;ES;20/08/2026;Indicacao amigo;N;Julia.Pimentel2003@Icloud.Com
1609;Fábio Ribeiro;;Salvador;BA;18/03/2026;Google;;Fabio.Ribeiro1995@Gmail.Com
1610;Pedro Loureiro;(27) 98816-4051;Vitória;ES;10/09/2026;Google Ads;sim;Pedro.Loureiro1990@Outlook.Com
1611;Letícia Silva;(41) 98679-8481;São Paulo;SP;02/05/2026;Google Shopping;S;Leticia.Silva85@Hotmail.Com
1612;Mateus Rodrigues;(27) 98549-5115;Serra;ES;16/01/2026;Google;Não;Mateus.Rodrigues1985@Gmail.Com
1613;Luíza Araújo;(27) 98380-5040;VILA VELHA;ES;26/09/2026;;S;Luiza.Araujo26@Yahoo.Com.Br
1614;Fábio Rodrigues;(27) 99967-2689;Guarapari;ES;10/03/2026;Google;;Fabio.Rodrigues@Gmail.Com
1615;Patrícia Pereira;(27) 99871-6625;Vila Velha;ES;26/03/2026;Meta Ads;Sim;Patricia.Pereira69@Hotmail.Com
1616;Luíza Ferreira;(27) 99600-7062;Colatina;ES;29/03/2026;Google;N;Luiza.Ferreira89@Outlook.Com
1617;Bruna Carvalho;(27) 98538-7328;Cariacica;ES;16/09/2026;IG;Não;Bruna.Carvalho1980@Hotmail.Com
1618;Patrícia Merçon;(11) 98459-1124;Salvador;BA;16/06/2026;indicacao;Não;Patricia.Mercon2004@Gmail.Com
1619;Fábio Oliveira;(27) 98096-4262;Vila Velha;ES;03/03/2026;Facebook;Não;Fabio.Oliveira1995@Hotmail.Com
1620;Letícia Santos;(27) 98629-2445;Serra;ES;20/06/2026;Google Ads;Não;Leticia.Santos12@Gmail.Com
1621;Patrícia Costa;(27) 99268-4513;Serra;ES;21/08/2026;Instagram;;Patricia.Costa1986@Gmail.Com
1622;Marcelo Souza;(27) 98093-1263;Serra;ES;01/09/2026;influencer;N;Marcelo.Souza31@Hotmail.Com
1623;Rafael Zanotti;(31) 98072-6797;Campinas;SP;17/05/2026;Indicacao amigo;Não;Rafael.Zanotti@Gmail.Com
1624;Beatriz Zanotti;(27) 99239-3156;Vitória;ES;16/07/2026;Instagram;Sim;Beatriz.Zanotti76@Outlook.Com
1625;Aline Araújo;(19) 98852-1956;Curitiba;PR;21/09/2026;;sim;Aline.Araujo21@Outlook.Com
1626;Renata Barbosa;(27) 99009-6535;Vitória;ES;17/09/2026;Indicação;S;Renata.Barbosa57@Gmail.Com
1627;Patrícia Dalla Bernardina;(71) 99723-5719;Curitiba;PR;24/05/2026;google ads;sim;Patricia.Dallabernardina76@Gmail.Com
1628;Vinícius Nascimento;(27) 98319-6027;Vitória;ES;02/03/2026;IG;S;Vinicius.Nascimento@Gmail.Com
1629;Mariana Oliveira;(11) 99778-6199;Curitiba;PR;28/04/2026;Meta Ads;sim;Mariana.Oliveira1984@Gmail.Com
1630;Fernanda Loureiro;(31) 98581-5968;Belo Horizonte;MG;04/09/2026;Instagram;N;Fernanda.Loureiro1993@Gmail.Com
1631;Bruna Araújo;(27) 99023-4638;Vitória;ES;24/09/2026;IG;;Bruna.Araujo1999@Hotmail.Com
1632;André Loureiro;(27) 98750-9442;Vitória;ES;14/08/2026;Google;;Andre.Loureiro1984@Gmail.Com
1633;André Costa;(41) 99654-2734;Rio de Janeiro;RJ;27/03/2026;Indicação;sim;Andre.Costa@Gmail.Com
1634;Rafael Costa;;Cachoeiro de Itapemirim;ES;08/04/2026;influencer;Sim;Rafael.Costa1984@Gmail.Com
1635;Carolina Rodrigues;(27) 98706-1396;Cariacica;ES;05/01/2026;;;Carolina.Rodrigues@Outlook.Com
1636;Júlia Simões;(27) 98533-6950;Serra;ES;30/08/2026;google ads;Sim;Julia.Simoes591@Hotmail.Com
1637;Bruna Lima;(27) 98184-9371;Colatina;ES;17/05/2026;google ads;N;Bruna.Lima74@Gmail.Com
1638;Priscila Ferreira;(27) 99779-3976;Guarapari;ES;21/08/2026;influencer;;Priscila.Ferreira94@Gmail.Com
1639;Renata Simões;(27) 99342-4049;Linhares;ES;03/03/2026;;sim;Renata.Simoes28@Gmail.Com
1640;Camila Lima;;São Paulo;SP;15/01/2026;indicacao;N;Camila.Lima1998@Gmail.Com
1641;Fábio Oliveira;(27) 98294-4874;Guarapari;ES;07/08/2026;;S;Fabio.Oliveira@Outlook.Com
1642;Bruno Moreira;(27) 98546-7846;Vila Velha;ES;16/06/2026;;Não;Bruno.Moreira70@Outlook.Com
1643;Rodrigo Ferreira;(27) 99929-1320;Vila Velha;ES;26/08/2026;Instagram;S;Rodrigo.Ferreira21@Gmail.Com
1644;Fábio Merçon;(27) 99829-8320;Vila Velha;ES;14/05/2026;Google;;Fabio.Mercon1999@Gmail.Com
1645;Luíza Pereira;(27) 98504-8676;Serra;ES;13/08/2026;;N;Luiza.Pereira@Gmail.Com
1646;Felipe Martins;(27) 99948-9502;Linhares;ES;12/09/2026;Influenciadora;N;Felipe.Martins91@Gmail.Com
1647;Maria Barbosa;(27) 99558-9010;Vila Velha;ES;06/07/2026;Meta Ads;sim;Maria.Barbosa@Gmail.Com
1648;Débora Moreira;(71) 99478-7098;Rio de Janeiro;RJ;27/08/2026;;;Debora.Moreira1991@Gmail.Com
1649;Priscila Araújo;(27) 98569-5949;Vitória;ES;02/07/2026;Google;;Priscila.Araujo@Gmail.Com
1650;Fábio Moreira;(27) 99710-3670;Serra;ES;18/07/2026;Facebook;Sim;Fabio.Moreira42@Gmail.Com
1651;Larissa Loureiro;(11) 99359-1393;São Paulo;SP;17/02/2026;Indicacao amigo;N;Larissa.Loureiro1985@Yahoo.Com.Br
1652;Débora Costa;(27) 98851-8702;Linhares;ES;12/04/2026;IG;;Debora.Costa@Gmail.Com
1653;Beatriz Lima;;São Paulo;SP;13/09/2026;;S;Beatriz.Lima1981@Gmail.Com
1654;Larissa Santos;;Vitória;ES;24/08/2026;Meta Ads;;Larissa.Santos1999@Icloud.Com
1655;Camila Santos;(27) 98278-6618;Cariacica;ES;23/02/2026;Google Ads;S;Camila.Santos1999@Gmail.Com
1656;Bruno Costa;(27) 98601-4153;Vitória;ES;28/09/2026;Google Shopping;N;Bruno.Costa2003@Gmail.Com
1657;Ana Simões;(11) 99590-9535;Curitiba;PR;22/06/2026;;S;Ana.Simoes1994@Icloud.Com
1658;Júlia Almeida;(27) 99280-9598;Serra;ES;25/05/2026;;sim;Julia.Almeida2005@Icloud.Com
1659;Fábio Simões;(27) 98769-3110;Vila Velha;ES;22/06/2026;IG;S;Fabio.Simoes@Yahoo.Com.Br
1660;Eduardo Carvalho;(27) 99649-4516;Vitória;ES;10/04/2026;Instagram;Não;Eduardo.Carvalho@Icloud.Com
1661;Luíza Martins;(27) 98242-3324;Cariacica;ES;26/06/2026;;sim;Luiza.Martins@Gmail.Com
1662;Diego Nascimento;(21) 98434-1443;Campinas;SP;06/08/2026;;S;Diego.Nascimento70@Gmail.Com
1663;João Lima;(27) 99257-3653;Serra;ES;08/02/2026;Facebook;S;Joao.Lima62@Gmail.Com
1664;Camila Pimentel;(27) 98872-1366;Serra;ES;11/09/2026;google;;Camila.Pimentel80@Gmail.Com
1665;Gabriela Rocha;(27) 99951-3598;Vila Velha;ES;08/03/2026;Google;sim;Gabriela.Rocha84@Gmail.Com
1666;Maria Souza;(27) 99155-8396;Cariacica;ES;27/05/2026;;sim;Maria.Souza3@Hotmail.Com
1667;Eduardo Gomes;;Vila Velha;ES;07/06/2026;;;Eduardo.Gomes76@Gmail.Com
1668;Beatriz Lima;(27) 98090-1973;Vitória;ES;09/05/2026;Indicacao amigo;Não;Beatriz.Lima33@Gmail.Com
1669;Fernanda Silva;;Vila Velha;ES;21/09/2026;Instagram;Sim;Fernanda.Silva95@Outlook.Com
1670;Carolina Rocha;(27) 99663-7000;Vitória;ES;16/02/2026;Google;Sim;Carolina.Rocha@Outlook.Com
1671;Beatriz Nascimento;(27) 99041-1695;Vila Velha;ES;17/03/2026;Google Ads;Não;Beatriz.Nascimento91@Gmail.Com
1672;Renata Zanotti;(11) 98739-9694;Salvador;BA;22/02/2026;Google Ads;;Renata.Zanotti@Gmail.Com
1673;Bruna Pereira;(27) 99157-8128;VITÓRIA;ES;09/09/2026;Indicação;Sim;Bruna.Pereira@Gmail.Com
1674;Eduardo Gomes;(27) 99016-1486;Vila Velha;ES;30/09/2026;IG;;Eduardo.Gomes55@Yahoo.Com.Br
1675;Camila Gomes;(27) 99685-3439;Serra;ES;13/04/2026;IG;Não;Camila.Gomes33@Hotmail.Com
1676;Maria Santos;(27) 98636-6412;Vitória;ES;12/03/2026;;S;Maria.Santos35@Hotmail.Com
1677;Gabriel Santos;(27) 98254-5133;Cariacica;ES;13/01/2026;Google Shopping;S;Gabriel.Santos58@Icloud.Com
1678;Priscila Merçon;(71) 99757-5416;Campinas;SP;15/05/2026;Instagram;Não;Priscila.Mercon1982@Yahoo.Com.Br
1679;Júlia Nascimento;(27) 99027-1620;Colatina;ES;11/06/2026;;S;Julia.Nascimento23@Yahoo.Com.Br
1680;Caio Martins;(27) 99308-4664;Cariacica;ES;02/06/2026;;Não;Caio.Martins2005@Outlook.Com
1681;Renata Simões;;Colatina;ES;12/04/2026;;;Renata.Simoes16@Hotmail.Com
1682;Rafael Costa;(27) 99169-5360;Cariacica;ES;15/07/2026;IG;;Rafael.Costa@Hotmail.Com
1683;Fernanda Dalla Bernardina;(27) 98592-2866;Colatina;ES;31/03/2026;;Sim;Fernanda.Dallabernardina1996@Yahoo.Com.Br
1684;Lucas Zanotti;(27) 98053-4511;VITÓRIA;ES;17/08/2026;indicacao;sim;Lucas.Zanotti34@Icloud.Com
1685;Priscila Pereira;(21) 99353-1449;Salvador;BA;21/09/2026;Google Ads;sim;Priscila.Pereira14@Gmail.Com
1686;Priscila Oliveira;(27) 99050-9265;Linhares;ES;13/05/2026;Google Shopping;;Priscila.Oliveira1991@Yahoo.Com.Br
1687;Gabriel Oliveira;(27) 99281-5747;Cariacica;ES;18/08/2026;;sim;Gabriel.Oliveira1980@Outlook.Com
1688;Júlia Barbosa;(27) 98329-2970;Vitória;ES;18/09/2026;Google;Sim;Julia.Barbosa52@Outlook.Com
1689;Mariana Moreira;(27) 99104-3827;Vitória;ES;02/07/2026;Google Ads;S;Mariana.Moreira57@Hotmail.Com
1690;Júlia Pereira;(27) 99219-7606;Vila Velha;ES;13/06/2026;IG;Sim;Julia.Pereira1992@Gmail.Com
1691;Juliana Simões;(19) 99146-9268;Belo Horizonte;MG;13/02/2026;Meta Ads;sim;Juliana.Simoes@Yahoo.Com.Br
1692;Juliana Simões;;Linhares;ES;20/07/2026;instagram;Não;Juliana.Simoes82@Gmail.Com
1693;Lucas Moreira;(27) 99012-5065;Vitória;ES;13/05/2026;influencer;sim;Lucas.Moreira55@Hotmail.Com
1694;Diego Barbosa;(27) 98219-8540;Serra;ES;26/05/2026;Meta Ads;S;Diego.Barbosa1990@Hotmail.Com
1695;Maria Pimentel;(41) 98770-7287;Salvador;BA;23/07/2026;Google Ads;N;Maria.Pimentel2002@Gmail.Com
1696;Vinícius Silva;;Vitória;ES;16/05/2026;;sim;Vinicius.Silva1994@Gmail.Com
1697;Larissa Pereira;(27) 98563-9890;Serra;ES;23/06/2026;Meta Ads;Sim;Larissa.Pereira@Icloud.Com
1698;Luíza Merçon;(27) 99426-9221;Guarapari;ES;01/01/2026;;Não;Luiza.Mercon1988@Hotmail.Com
1699;Letícia Araújo;(27) 99179-2116;Colatina;ES;22/01/2026;;;Leticia.Araujo1984@Hotmail.Com
1700;Júlia Costa;(27) 99354-3674;Serra;ES;02/02/2026;;S;Julia.Costa1998@Gmail.Com
1701;Gabriel Ferreira;(27) 98699-4056;Vitória;ES;15/04/2026;Indicação;Não;Gabriel.Ferreira1995@Hotmail.Com
1702;Carlos Barbosa;;Campinas;SP;23/01/2026;Indicação;S;Carlos.Barbosa66@Gmail.Com
1703;Rodrigo Lima;(27) 98651-1517;Serra;ES;23/05/2026;Facebook;N;Rodrigo.Lima1983@Gmail.Com
1704;Luíza Ribeiro;(31) 99581-9450;São Paulo;SP;29/05/2026;site;Não;Luiza.Ribeiro52@Hotmail.Com
1705;Luíza Merçon;(27) 99958-1046;Guarapari;ES;13/05/2026;IG;Sim;Luiza.Mercon@Outlook.Com
1706;Rafael Souza;(27) 99058-2713;Serra;ES;25/08/2026;;N;Rafael.Souza35@Gmail.Com
1707;Gustavo Loureiro;(27) 99358-9821;Colatina;ES;17/06/2026;Instagram;sim;Gustavo.Loureiro1988@Hotmail.Com
1708;Fábio Araújo;(27) 99905-9302;Vila Velha;ES;08/05/2026;;;Fabio.Araujo1999@Hotmail.Com
1709;Lucas Nascimento;(71) 98100-2812;Curitiba;PR;09/06/2026;;S;Lucas.Nascimento44@Gmail.Com
1710;Pedro Simões;(31) 98719-2857;Rio de Janeiro;RJ;11/03/2026;instagram;sim;Pedro.Simoes@Hotmail.Com
1711;Patrícia Ferreira;(27) 99054-5258;Vitória;ES;22/07/2026;Facebook;Não;Patricia.Ferreira2002@Gmail.Com
1712;Ana Santos;(27) 98616-3226;Linhares;ES;29/01/2026;Facebook;Não;Ana.Santos1999@Icloud.Com
1713;Gabriela Araújo;(27) 98890-8067;Colatina;ES;09/05/2026;instagram;Não;Gabriela.Araujo49@Outlook.Com
1714;Carolina Rodrigues;(27) 99771-6966;Serra;ES;26/01/2026;google ads;sim;Carolina.Rodrigues21@Gmail.Com
1715;Ana Moreira;(27) 98393-9297;Vila Velha;ES;15/08/2026;Google Ads;;Ana.Moreira58@Gmail.Com
1716;Eduardo Rodrigues;(27) 99577-7860;Vila Velha;ES;05/05/2026;;S;Eduardo.Rodrigues@Icloud.Com
1717;Bruna Loureiro;(27) 99895-1879;Vila Velha;ES;29/05/2026;Facebook;S;Bruna.Loureiro1999@Gmail.Com
1718;Camila Souza;(19) 98876-8837;Campinas;SP;06/08/2026;IG;sim;Camila.Souza23@Gmail.Com
1719;Larissa Merçon;(27) 98212-2295;Vitória;ES;31/08/2026;;N;Larissa.Mercon@Hotmail.Com
1720;Thiago Barbosa;(27) 99557-9795;Vitória;ES;15/09/2026;IG;Sim;Thiago.Barbosa67@Gmail.Com
1721;Bruna Martins;(27) 99791-2296;Vila Velha;ES;31/08/2026;instagram;N;Bruna.Martins1995@Gmail.Com
1722;Ana Rodrigues;;Curitiba;PR;03/07/2026;IG;;Ana.Rodrigues1984@Hotmail.Com
1723;Beatriz Pereira;(27) 99506-8843;Vila Velha;ES;06/08/2026;Google Shopping;;Beatriz.Pereira1986@Gmail.Com
1724;Luíza Dalla Bernardina;(27) 99134-6740;Cariacica;ES;09/08/2026;Instagram;sim;Luiza.Dallabernardina2004@Gmail.Com
1725;Letícia Rocha;(21) 99031-6313;Rio de Janeiro;RJ;28/03/2026;;Sim;Leticia.Rocha787@Outlook.Com
1726;Thiago Santos;(27) 99336-7019;Vila Velha;ES;05/07/2026;;Não;Thiago.Santos5@Gmail.Com
1727;Larissa Costa;(27) 99576-9802;Vila Velha;ES;28/08/2026;instagram;N;Larissa.Costa257@Hotmail.Com
1728;Caio Dalla Bernardina;(21) 98497-5808;Campinas;SP;09/09/2026;;sim;Caio.Dallabernardina11@Hotmail.Com
1729;Ana Costa;(27) 99678-2192;Vila Velha;ES;27/03/2026;Google;sim;Ana.Costa72@Icloud.Com
1730;Diego Santos;(31) 98522-6389;Salvador;BA;01/07/2026;;sim;Diego.Santos9@Gmail.Com
1731;Thaís Ferreira;(21) 98546-4759;Salvador;BA;10/04/2026;influencer;;Thais.Ferreira2003@Outlook.Com
1732;João Santos;(27) 98141-7493;Cariacica;ES;28/04/2026;Instagram;N;Joao.Santos2005@Gmail.Com
1733;Júlia Ribeiro;(27) 99877-6889;Vila Velha;ES;16/09/2026;Google;Não;Julia.Ribeiro45@Gmail.Com
1734;Priscila Costa;(27) 99234-4562;Cariacica;ES;07/08/2026;IG;S;Priscila.Costa1991@Gmail.Com
1735;Patrícia Ferreira;(27) 98934-9230;Guarapari;ES;24/02/2026;;Não;Patricia.Ferreira@Gmail.Com
1736;Gustavo Pimentel;(27) 99053-3539;Cariacica;ES;11/05/2026;;Sim;Gustavo.Pimentel73@Yahoo.Com.Br
1737;Patrícia Martins;(27) 98561-8363;Vitória;ES;01/02/2026;Site;sim;Patricia.Martins@Hotmail.Com
1738;Maria Oliveira;(11) 98358-5387;Rio de Janeiro;RJ;10/05/2026;Google Shopping;;Maria.Oliveira1999@Hotmail.Com
1739;Bruno Moreira;(27) 99163-2690;Vila Velha;ES;15/04/2026;Instagram;Sim;Bruno.Moreira1985@Gmail.Com
1740;Rodrigo Silva;(27) 98353-9471;Vila Velha;ES;27/02/2026;IG;S;Rodrigo.Silva@Yahoo.Com.Br
1741;Diego Costa;(31) 98030-4032;Salvador;BA;26/01/2026;;S;Diego.Costa@Gmail.Com
1742;Carolina Araújo;(71) 99222-8878;Salvador;BA;25/09/2026;Facebook;N;Carolina.Araujo@Outlook.Com
1743;Bruna Oliveira;(27) 98592-6231;Guarapari;ES;12/02/2026;;N;Bruna.Oliveira1981@Gmail.Com
1744;Maria Martins;(27) 98399-6158;Vitória;ES;13/02/2026;Google Shopping;Sim;Maria.Martins1993@Icloud.Com
1745;Gabriel Santos;(27) 99710-7623;Cariacica;ES;11/06/2026;Facebook;S;Gabriel.Santos1986@Gmail.Com
1746;Letícia Nascimento;;Salvador;BA;02/01/2026;Site;sim;Leticia.Nascimento96@Hotmail.Com
1747;Bruna Ribeiro;(27) 98804-7077;Cachoeiro de Itapemirim;ES;24/01/2026;;S;Bruna.Ribeiro@Gmail.Com
1748;Bruno Almeida;(27) 98205-7534;Serra;ES;14/02/2026;Facebook;Não;Bruno.Almeida1@Outlook.Com
1749;Rodrigo Santos;(41) 99556-4189;Campinas;SP;18/05/2026;Google;;Rodrigo.Santos@Gmail.Com
1750;Larissa Araújo;(27) 98829-3610;Colatina;ES;14/04/2026;Google Ads;N;Larissa.Araujo2003@Yahoo.Com.Br
1751;Marcelo Ferreira;(27) 99838-2938;Cariacica;ES;24/08/2026;Google;Sim;Marcelo.Ferreira1993@Outlook.Com
1752;Lucas Carvalho;(27) 98743-8430;Vila Velha;ES;06/09/2026;google;N;Lucas.Carvalho1991@Hotmail.Com
1753;João Zanotti;(27) 98271-8071;Vitória;ES;21/08/2026;;Sim;Joao.Zanotti@Gmail.Com
1754;Débora Moreira;(27) 98619-2288;Vitória;ES;03/07/2026;;N;Debora.Moreira@Hotmail.Com
1755;Fábio Carvalho;(27) 99045-6150;Serra;ES;03/01/2026;Google Ads;N;Fabio.Carvalho18@Gmail.Com
1756;Renata Almeida;(27) 98607-7309;Cariacica;ES;02/03/2026;Indicacao amigo;Não;Renata.Almeida1982@Gmail.Com
1757;Priscila Lima;(27) 99925-3257;Serra;ES;08/02/2026;Google Shopping;Sim;Priscila.Lima1982@Yahoo.Com.Br
1758;Thaís Martins;(27) 98109-5330;Cariacica;ES;01/04/2026;;S;Thais.Martins1996@Gmail.Com
1759;Larissa Souza;(27) 98995-1743;Serra;ES;07/07/2026;Influenciadora;;Larissa.Souza1991@Gmail.Com
1760;Luíza Lima;(41) 98036-1815;Rio de Janeiro;RJ;16/09/2026;Facebook;Sim;Luiza.Lima17@Gmail.Com
1761;Patrícia Ribeiro;;VILA VELHA;ES;24/07/2026;Meta Ads;Sim;Patricia.Ribeiro36@Gmail.Com
1762;Marcelo Pereira;(27) 98119-2457;Vitória;ES;29/08/2026;Facebook;sim;Marcelo.Pereira72@Gmail.Com
1763;Letícia Zanotti;(27) 98148-7381;Serra;ES;22/09/2026;Google;N;Leticia.Zanotti@Gmail.Com
1764;Júlia Santos;(27) 98237-7091;Vitória;ES;11/07/2026;;sim;Julia.Santos1997@Gmail.Com
1765;Gabriel Simões;(27) 99530-1714;Vitória;ES;02/04/2026;;Sim;Gabriel.Simoes@Hotmail.Com
1766;Leonardo Santos;(27) 98946-2161;Vitória;ES;27/04/2026;influencer;sim;Leonardo.Santos@Gmail.Com
1767;João Martins;(27) 99175-6116;Cariacica;ES;10/06/2026;;Sim;Joao.Martins2002@Gmail.Com
1768;Bruno Loureiro;(27) 98846-4495;Cariacica;ES;17/06/2026;;sim;Bruno.Loureiro2005@Outlook.Com
1769;Thaís Rodrigues;(71) 98180-9432;Salvador;BA;31/07/2026;Site;Sim;Thais.Rodrigues@Hotmail.Com
1770;Gabriela Barbosa;(27) 98528-6444;Vitória;ES;31/08/2026;Site;N;Gabriela.Barbosa1986@Gmail.Com
1771;Caio Araújo;(27) 99827-5862;Cariacica;ES;30/06/2026;Instagram;S;Caio.Araujo@Gmail.Com
1772;Débora Merçon;(27) 98123-7645;Cariacica;ES;04/07/2026;Instagram;;Debora.Mercon@Hotmail.Com
1773;Carolina Gomes;(11) 99824-5908;Rio de Janeiro;RJ;11/08/2026;Google;sim;Carolina.Gomes1998@Gmail.Com
1774;Gabriela Pereira;(71) 99984-5881;Curitiba;PR;15/09/2026;;Não;Gabriela.Pereira@Hotmail.Com
1775;Patrícia Nascimento;(31) 98805-6899;Rio de Janeiro;RJ;12/03/2026;Google Ads;sim;Patricia.Nascimento7@Gmail.Com
1776;Aline Araújo;(27) 98069-9861;Colatina;ES;21/06/2026;Google Ads;S;Aline.Araujo846@Gmail.Com
1777;Juliana Loureiro;(41) 98208-4826;Belo Horizonte;MG;16/06/2026;;sim;Juliana.Loureiro1989@Gmail.Com
1778;Débora Araújo;(27) 98672-5832;Vitória;ES;12/02/2026;IG;Sim;Debora.Araujo1999@Gmail.Com
1779;Pedro Simões;(27) 98831-7077;Vitória;ES;16/08/2026;;S;Pedro.Simoes@Icloud.Com
1780;Thiago Zanotti;;Vitória;ES;11/06/2026;;Não;Thiago.Zanotti@Gmail.Com
1781;Fábio Carvalho;(71) 99882-1831;Campinas;SP;10/06/2026;;;Fabio.Carvalho@Hotmail.Com
1782;Eduardo Loureiro;(27) 99297-6567;Cariacica;ES;04/04/2026;Instagram;Não;Eduardo.Loureiro2001@Gmail.Com
1783;Juliana Souza;(27) 98949-1811;Vitória;ES;25/05/2026;Instagram;N;Juliana.Souza1994@Gmail.Com
1784;Bruno Simões;(27) 98804-5716;Vitória;ES;07/07/2026;;N;Bruno.Simoes@Gmail.Com
1785;João Costa;(27) 98713-3065;Vila Velha;ES;21/04/2026;Indicacao amigo;sim;Joao.Costa@Gmail.Com
1786;Débora Pimentel;(27) 99111-5913;VITÓRIA;ES;20/04/2026;indicacao;Sim;Debora.Pimentel90@Gmail.Com
1787;Carlos Pimentel;(27) 99556-4991;Serra;ES;18/02/2026;Google;sim;Carlos.Pimentel1985@Gmail.Com
1788;Aline Araújo;(27) 99166-1213;Cariacica;ES;24/06/2026;Site;Sim;Aline.Araujo@Hotmail.Com
1789;Priscila Santos;(27) 98538-1722;CARIACICA;ES;23/07/2026;;sim;Priscila.Santos10@Hotmail.Com
1790;Marcelo Rodrigues;;Belo Horizonte;MG;04/05/2026;;sim;Marcelo.Rodrigues@Gmail.Com
1791;João Silva;(21) 98684-6375;Campinas;SP;11/07/2026;Instagram;N;Joao.Silva51@Hotmail.Com
1792;Lucas Martins;(27) 99840-7408;Vitória;ES;24/03/2026;Facebook;sim;Lucas.Martins28@Gmail.Com
1793;Maria Loureiro;(27) 99616-4626;Vila Velha;ES;11/05/2026;;S;Maria.Loureiro2001@Gmail.Com
1794;Maria Moreira;(27) 98729-5002;Vitória;ES;18/02/2026;;sim;Maria.Moreira6@Icloud.Com
1795;Mariana Silva;(27) 98909-4603;SERRA;ES;31/07/2026;instagram;sim;Mariana.Silva@Hotmail.Com
1796;Leonardo Nascimento;(27) 98662-4048;Cariacica;ES;21/06/2026;Instagram;;Leonardo.Nascimento1998@Outlook.Com
1797;Bruna Santos;;BELO HORIZONTE;MG;05/08/2026;Facebook;sim;Bruna.Santos@Hotmail.Com
1798;Aline Rocha;(27) 99822-1404;Cariacica;ES;14/03/2026;site;;Aline.Rocha24@Hotmail.Com
1799;Renata Souza;;Vila Velha;ES;06/03/2026;Google;;Renata.Souza12@Gmail.Com
1800;Mateus Souza;(27) 98138-6776;Vila Velha;ES;09/08/2026;Meta Ads;Não;Mateus.Souza2005@Icloud.Com
1801;Marcelo Moreira;(27) 99158-2547;Serra;ES;26/09/2026;Google;sim;Marcelo.Moreira@Icloud.Com
1802;Fernanda Barbosa;(27) 99495-6127;Vitória;ES;27/02/2026;Google Ads;Não;Fernanda.Barbosa1990@Outlook.Com
1803;Rodrigo Pereira;(27) 99058-1728;Guarapari;ES;26/08/2026;Google;Não;Rodrigo.Pereira@Hotmail.Com
1804;Rodrigo Barbosa;(27) 98137-9970;Vila Velha;ES;23/06/2026;;S;Rodrigo.Barbosa2005@Yahoo.Com.Br
1805;Luíza Martins;(27) 99969-6095;Serra;ES;21/03/2026;;sim;Luiza.Martins2005@Gmail.Com
1806;Rafael Pereira;(27) 98110-3910;Vitória;ES;19/02/2026;;Não;Rafael.Pereira93@Gmail.Com
1807;Mariana Lima;(27) 98568-5566;Vitória;ES;31/05/2026;Google;sim;Mariana.Lima@Gmail.Com
1808;Rafael Dalla Bernardina;(27) 99233-4215;Linhares;ES;23/05/2026;google ads;S;Rafael.Dallabernardina531@Gmail.Com
1809;Rafael Santos;(27) 99745-3149;Vila Velha;ES;06/03/2026;Influenciadora;N;Rafael.Santos831@Gmail.Com
1810;Larissa Zanotti;(27) 99840-3140;VITÓRIA;ES;13/08/2026;Facebook;S;Larissa.Zanotti14@Gmail.Com
1811;Maria Ribeiro;(31) 98705-4781;Belo Horizonte;MG;02/08/2026;Google Ads;sim;Maria.Ribeiro@Gmail.Com
1812;Aline Araújo;;Vila Velha;ES;14/08/2026;Indicação;;Aline.Araujo1983@Outlook.Com
1813;Lucas Ribeiro;(27) 98611-7195;CARIACICA;ES;24/03/2026;Google Shopping;sim;Lucas.Ribeiro2006@Gmail.Com
1814;Mateus Moreira;(31) 98539-5062;Curitiba;PR;21/01/2026;Google;;Mateus.Moreira@Gmail.Com
1815;Bruna Araújo;(21) 99922-2941;Curitiba;PR;22/05/2026;Site;sim;Bruna.Araujo1984@Gmail.Com
1816;Aline Araújo;(27) 99953-1664;Cariacica;ES;08/01/2026;;Não;Aline.Araujo72@Hotmail.Com
1817;Lucas Moreira;(27) 98123-5967;Serra;ES;21/07/2026;;;Lucas.Moreira66@Gmail.Com
1818;Maria Gomes;(27) 99238-4089;Vila Velha;ES;11/05/2026;Google;S;Maria.Gomes@Icloud.Com
1819;Gabriela Loureiro;(27) 98789-3206;Vila Velha;ES;02/08/2026;Instagram;S;Gabriela.Loureiro294@Gmail.Com
1820;Larissa Rodrigues;(27) 99883-6628;Vitória;ES;02/03/2026;google;S;Larissa.Rodrigues28@Icloud.Com
1821;Larissa Souza;(27) 99093-9077;Vitória;ES;14/06/2026;Indicação;S;Larissa.Souza1996@Icloud.Com
1822;Vinícius Lima;(71) 98173-7230;Salvador;BA;20/02/2026;indicacao;Não;Vinicius.Lima1987@Gmail.Com
1823;Mariana Lima;(27) 99365-1943;Serra;ES;13/04/2026;Facebook;;Mariana.Lima93@Gmail.Com
1824;Letícia Costa;(27) 98161-6993;Vitória;ES;01/05/2026;Facebook;S;Leticia.Costa2005@Gmail.Com
1825;Ana Carvalho;(71) 98799-5400;Campinas;SP;28/09/2026;;;Ana.Carvalho93@Hotmail.Com
1826;Letícia Dalla Bernardina;(27) 99980-4930;Serra;ES;21/08/2026;Google Ads;S;Leticia.Dallabernardina99@Gmail.Com
1827;Thiago Araújo;(27) 99970-2041;Serra;ES;30/08/2026;google;sim;Thiago.Araujo2003@Outlook.Com
1828;Camila Nascimento;(31) 99172-6440;Rio de Janeiro;RJ;24/05/2026;Google Ads;Sim;Camila.Nascimento@Outlook.Com
1829;Patrícia Pereira;(27) 99610-7081;SERRA;ES;06/06/2026;site;N;Patricia.Pereira1992@Gmail.Com
1830;Renata Pereira;(27) 98279-4925;Vila Velha;ES;23/07/2026;google ads;S;Renata.Pereira@Hotmail.Com
1831;Bruna Souza;;Cachoeiro de Itapemirim;ES;02/03/2026;Meta Ads;Não;Bruna.Souza1981@Gmail.Com
1832;André Merçon;(27) 99160-7760;Cariacica;ES;22/03/2026;instagram;sim;Andre.Mercon@Gmail.Com
1833;Ana Silva;(27) 99925-9697;Cariacica;ES;23/08/2026;Meta Ads;Sim;Ana.Silva2000@Gmail.Com
1834;Priscila Rodrigues;(71) 98572-3887;Salvador;BA;17/08/2026;Instagram;S;Priscila.Rodrigues@Gmail.Com
1835;Thiago Rodrigues;(27) 98230-9146;Vitória;ES;16/09/2026;;S;Thiago.Rodrigues2000@Hotmail.Com
1836;João Zanotti;(27) 99853-8286;Vila Velha;ES;25/03/2026;Meta Ads;;Joao.Zanotti68@Gmail.Com
1837;Bruna Simões;(27) 98570-2014;Vitória;ES;09/03/2026;Google Ads;S;Bruna.Simoes579@Gmail.Com
1838;Eduardo Lima;(27) 98666-9505;Serra;ES;24/01/2026;;S;Eduardo.Lima@Gmail.Com
1839;Larissa Martins;(27) 98633-4052;Vitória;ES;24/01/2026;;Não;Larissa.Martins1985@Gmail.Com
1840;Ana Pimentel;(21) 99562-7520;Campinas;SP;10/04/2026;Facebook;;Ana.Pimentel1987@Gmail.Com
1841;Camila Santos;(27) 98708-6751;Colatina;ES;14/02/2026;google ads;N;Camila.Santos@Hotmail.Com
1842;Mateus Dalla Bernardina;(27) 99487-8940;Linhares;ES;23/09/2026;influencer;sim;Mateus.Dallabernardina1999@Gmail.Com
1843;Aline Pimentel;(27) 99862-4844;Vila Velha;ES;26/06/2026;influencer;sim;Aline.Pimentel2006@Icloud.Com
1844;Leonardo Ferreira;;Colatina;ES;19/03/2026;instagram;Sim;Leonardo.Ferreira@Outlook.Com
1845;Bruno Carvalho;(27) 98178-9311;Serra;ES;06/07/2026;Instagram;Sim;Bruno.Carvalho@Hotmail.Com
1846;Júlia Santos;(27) 98796-9156;Vila Velha;ES;18/01/2026;;N;Julia.Santos@Outlook.Com
1847;Felipe Araújo;(27) 98319-7495;Vitória;ES;03/03/2026;Influenciadora;N;Felipe.Araujo@Hotmail.Com
1848;Diego Simões;(27) 99364-8122;Cariacica;ES;24/04/2026;Facebook;Sim;Diego.Simoes@Gmail.Com
1849;Letícia Merçon;(27) 99543-5303;Cariacica;ES;15/05/2026;Google;Não;Leticia.Mercon@Gmail.Com
1850;Felipe Zanotti;(27) 99299-2738;Vitória;ES;18/04/2026;IG;;Felipe.Zanotti@Outlook.Com
1851;Larissa Carvalho;(27) 99469-4016;Vitória;ES;30/05/2026;;S;Larissa.Carvalho2001@Yahoo.Com.Br
1852;Bruna Pereira;(27) 98496-8844;Serra;ES;01/07/2026;Meta Ads;Sim;Bruna.Pereira771@Gmail.Com
1853;Beatriz Barbosa;(19) 98564-2712;Curitiba;PR;06/05/2026;;Não;Beatriz.Barbosa8@Icloud.Com
1854;Priscila Almeida;(27) 98304-1222;Serra;ES;11/06/2026;Influenciadora;S;Priscila.Almeida1983@Outlook.Com
1855;Bruna Pereira;(11) 99359-7542;Curitiba;PR;06/02/2026;Site;Sim;Bruna.Pereira@Outlook.Com
1856;Gustavo Oliveira;(27) 98740-6217;Vitória;ES;31/08/2026;instagram;;Gustavo.Oliveira41@Hotmail.Com
1857;Lucas Carvalho;(27) 98158-6606;Vitória;ES;07/02/2026;Meta Ads;N;Lucas.Carvalho1993@Gmail.Com
1858;Júlia Moreira;;Linhares;ES;20/05/2026;Meta Ads;N;Julia.Moreira1992@Gmail.Com
1859;Pedro Martins;(27) 98345-8120;Vila Velha;ES;03/07/2026;Google;N;Pedro.Martins@Gmail.Com
1860;Juliana Souza;(27) 98629-2200;Vitória;ES;08/01/2026;;Sim;Juliana.Souza2003@Gmail.Com
1861;Vinícius Pimentel;(27) 98929-7651;Cachoeiro de Itapemirim;ES;05/05/2026;Indicação;S;Vinicius.Pimentel1994@Yahoo.Com.Br
1862;Júlia Pereira;(27) 99634-4037;Vitória;ES;25/09/2026;;Sim;Julia.Pereira55@Gmail.Com
1863;João Gomes;(27) 99273-8784;GUARAPARI;ES;19/07/2026;Instagram;N;Joao.Gomes2002@Outlook.Com
1864;Fernanda Loureiro;(27) 98236-2502;Vila Velha;ES;04/08/2026;Google Shopping;Sim;Fernanda.Loureiro1998@Gmail.Com
1865;Fernanda Silva;(27) 98685-3976;Cachoeiro de Itapemirim;ES;15/07/2026;Google;Sim;Fernanda.Silva2001@Yahoo.Com.Br
1866;Eduardo Martins;(27) 98934-5654;Cachoeiro de Itapemirim;ES;30/06/2026;Meta Ads;Não;Eduardo.Martins49@Yahoo.Com.Br
1867;Carolina Barbosa;(27) 99362-8131;Guarapari;ES;26/01/2026;;Sim;Carolina.Barbosa60@Gmail.Com
1868;Luíza Gomes;(27) 99823-6694;Serra;ES;02/06/2026;google ads;;Luiza.Gomes40@Gmail.Com
1869;Patrícia Santos;(27) 99431-4614;Serra;ES;18/01/2026;Google Ads;N;Patricia.Santos@Gmail.Com
1870;Bruna Rodrigues;(27) 98903-2295;Cariacica;ES;20/01/2026;Google;sim;Bruna.Rodrigues1993@Gmail.Com
1871;Bruna Ferreira;(27) 98954-1130;Linhares;ES;03/07/2026;;S;Bruna.Ferreira@Gmail.Com
1872;Débora Pereira;(27) 98613-4846;Serra;ES;29/06/2026;;Sim;Debora.Pereira1993@Gmail.Com
1873;Débora Pimentel;(27) 98805-6712;Colatina;ES;10/06/2026;Indicação;S;Debora.Pimentel2006@Gmail.Com
1874;Bruno Almeida;(21) 98629-5217;São Paulo;SP;31/07/2026;;Sim;Bruno.Almeida43@Gmail.Com
1875;Bruna Moreira;(27) 99707-5234;Vila Velha;ES;06/06/2026;Instagram;sim;Bruna.Moreira@Yahoo.Com.Br
1876;Luíza Rodrigues;(71) 99713-3807;Campinas;SP;19/08/2026;Facebook;S;Luiza.Rodrigues@Outlook.Com
1877;Thaís Dalla Bernardina;(41) 99315-9558;Belo Horizonte;MG;14/09/2026;instagram;;Thais.Dallabernardina@Yahoo.Com.Br
1878;Camila Souza;;Vitória;ES;19/05/2026;;sim;Camila.Souza2004@Hotmail.Com
1879;Rodrigo Nascimento;(27) 99290-7763;Vila Velha;ES;03/09/2026;Instagram;Sim;Rodrigo.Nascimento39@Gmail.Com
1880;Rafael Merçon;(27) 98618-5557;Vitória;ES;30/08/2026;Instagram;N;Rafael.Mercon@Gmail.Com
1881;Júlia Lima;(27) 99685-1448;Vitória;ES;05/06/2026;google ads;sim;Julia.Lima@Yahoo.Com.Br
1882;Beatriz Costa;(27) 99082-7416;Serra;ES;02/07/2026;;S;Beatriz.Costa94@Hotmail.Com
1883;Rodrigo Silva;(27) 98534-6906;Vitória;ES;22/06/2026;Meta Ads;Sim;Rodrigo.Silva724@Gmail.Com
1884;Patrícia Araújo;(27) 99913-9880;Vila Velha;ES;07/04/2026;Google Ads;S;Patricia.Araujo@Gmail.Com
1885;André Pereira;(71) 98277-1548;Belo Horizonte;MG;25/01/2026;Google Ads;N;Andre.Pereira25@Gmail.Com
1886;Gabriela Pereira;(27) 98038-5935;Vitória;ES;10/04/2026;Site;N;Gabriela.Pereira@Icloud.Com
1887;Vinícius Rocha;(27) 99600-9851;Serra;ES;19/08/2026;;S;Vinicius.Rocha2002@Icloud.Com
1888;Rafael Moreira;(27) 99814-2469;Vitória;ES;10/06/2026;Influenciadora;S;Rafael.Moreira1992@Gmail.Com
1889;Gabriela Oliveira;(11) 98119-3542;Salvador;BA;07/09/2026;;N;Gabriela.Oliveira409@Gmail.Com
1890;Mateus Pereira;(27) 98692-3968;Serra;ES;07/07/2026;IG;N;Mateus.Pereira72@Hotmail.Com
1891;Mateus Costa;(27) 99624-4830;Colatina;ES;22/06/2026;;sim;Mateus.Costa1984@Gmail.Com
1892;Beatriz Costa;(27) 98404-5155;Vila Velha;ES;25/07/2026;Instagram;Sim;Beatriz.Costa@Gmail.Com
1893;Beatriz Simões;(31) 98896-7993;SALVADOR;BA;14/08/2026;;N;Beatriz.Simoes55@Gmail.Com
1894;Aline Merçon;(27) 98569-7065;Vila Velha;ES;02/09/2026;Facebook;S;Aline.Mercon1987@Gmail.Com
1895;Mariana Dalla Bernardina;(27) 98481-1475;Vila Velha;ES;10/02/2026;;sim;Mariana.Dallabernardina75@Hotmail.Com
1896;Luíza Dalla Bernardina;(21) 99961-3677;Rio de Janeiro;RJ;01/06/2026;Facebook;Sim;Luiza.Dallabernardina@Hotmail.Com
1897;Aline Santos;(11) 99352-9953;Salvador;BA;09/03/2026;Google;sim;Aline.Santos2006@Hotmail.Com
1898;Rodrigo Loureiro;(11) 98847-2734;Salvador;BA;22/02/2026;Google;Sim;Rodrigo.Loureiro82@Gmail.Com
1899;Pedro Araújo;(27) 99786-8220;Guarapari;ES;04/04/2026;;;Pedro.Araujo2000@Gmail.Com
1900;Carlos Rocha;(27) 98082-6623;Colatina;ES;29/08/2026;IG;;Carlos.Rocha@Gmail.Com
1901;Marcelo Dalla Bernardina;(27) 99284-4074;Vila Velha;ES;25/05/2026;Google;;Marcelo.Dallabernardina@Hotmail.Com
1902;Gabriel Lima;;Cariacica;ES;09/02/2026;Google;S;Gabriel.Lima@Gmail.Com
1903;Diego Ribeiro;(27) 98930-1810;Vitória;ES;27/06/2026;instagram;S;Diego.Ribeiro@Icloud.Com
1904;Maria Loureiro;(27) 99203-5125;Vitória;ES;06/09/2026;;Não;Maria.Loureiro@Gmail.Com
1905;Beatriz Martins;(27) 99936-7353;Cariacica;ES;02/04/2026;;Sim;Beatriz.Martins@Gmail.Com
1906;Renata Pereira;(27) 98295-2851;Vitória;ES;08/05/2026;;;Renata.Pereira21@Gmail.Com
1907;Thiago Moreira;(71) 98003-9840;São Paulo;SP;12/07/2026;Instagram;sim;Thiago.Moreira@Gmail.Com
1908;André Almeida;(27) 99721-9496;Cariacica;ES;14/04/2026;Influenciadora;Sim;Andre.Almeida@Gmail.Com
1909;Renata Silva;(19) 99568-9314;Belo Horizonte;MG;19/06/2026;google ads;sim;Renata.Silva22@Yahoo.Com.Br
1910;Patrícia Costa;;Colatina;ES;06/02/2026;Google;Sim;Patricia.Costa88@Gmail.Com
1911;Thaís Dalla Bernardina;(27) 98971-6224;Cariacica;ES;18/04/2026;google;Não;Thais.Dallabernardina289@Hotmail.Com
1912;Ana Ribeiro;(27) 98290-3192;VITÓRIA;ES;23/03/2026;Influenciadora;N;Ana.Ribeiro11@Outlook.Com
1913;Camila Lima;(27) 99892-7725;Serra;ES;08/07/2026;Meta Ads;sim;Camila.Lima@Gmail.Com
1914;Fábio Araújo;(71) 99663-3525;Belo Horizonte;MG;11/06/2026;IG;S;Fabio.Araujo@Hotmail.Com
1915;André Simões;(27) 98155-6492;Serra;ES;30/03/2026;Google;N;Andre.Simoes@Hotmail.Com
1916;Priscila Nascimento;(27) 99340-9819;Vila Velha;ES;21/09/2026;Google Shopping;Sim;Priscila.Nascimento@Gmail.Com
1917;Mateus Oliveira;;VITÓRIA;ES;25/04/2026;influencer;sim;Mateus.Oliveira@Gmail.Com
1918;Marcelo Simões;(27) 99781-8134;Vitória;ES;10/07/2026;influencer;sim;Marcelo.Simoes15@Outlook.Com
1919;André Silva;(27) 98669-5294;Cariacica;ES;13/09/2026;google ads;sim;Andre.Silva2004@Gmail.Com
1920;Gabriela Merçon;;Vitória;ES;30/01/2026;Google Ads;;Gabriela.Mercon2006@Gmail.Com
1921;Rodrigo Gomes;(11) 99066-6362;Salvador;BA;15/09/2026;instagram;sim;Rodrigo.Gomes82@Gmail.Com
1922;André Araújo;(27) 98891-3118;Colatina;ES;18/07/2026;;;Andre.Araujo1989@Gmail.Com
1923;Larissa Zanotti;(27) 98395-3998;Vitória;ES;03/04/2026;IG;N;Larissa.Zanotti@Gmail.Com
1924;Beatriz Almeida;(71) 99773-2833;Campinas;SP;25/03/2026;;;Beatriz.Almeida1995@Yahoo.Com.Br
1925;Carolina Moreira;(27) 99414-9631;Linhares;ES;17/08/2026;instagram;Sim;Carolina.Moreira1999@Gmail.Com
1926;Priscila Silva;(27) 98042-3754;Serra;ES;12/04/2026;Meta Ads;Sim;Priscila.Silva8@Hotmail.Com
1927;Diego Nascimento;(27) 98007-6271;Vitória;ES;11/04/2026;Instagram;S;Diego.Nascimento25@Gmail.Com
1928;Thiago Ferreira;(27) 99132-3651;Serra;ES;17/06/2026;Google Shopping;S;Thiago.Ferreira1987@Gmail.Com
1929;Fábio Merçon;(27) 99093-8081;Serra;ES;29/03/2026;Google;S;Fabio.Mercon@Hotmail.Com
1930;Bruno Ferreira;(27) 99828-7313;Colatina;ES;23/08/2026;Instagram;S;Bruno.Ferreira@Outlook.Com
1931;Juliana Ribeiro;(27) 98233-9885;Cachoeiro de Itapemirim;ES;15/04/2026;;Não;Juliana.Ribeiro1982@Gmail.Com
1932;Renata Souza;(31) 98001-2218;Campinas;SP;26/07/2026;;Não;Renata.Souza1993@Gmail.Com
1933;Felipe Ferreira;;Belo Horizonte;MG;16/09/2026;IG;Não;Felipe.Ferreira@Gmail.Com
1934;Camila Gomes;(27) 98976-6330;Cariacica;ES;25/04/2026;Instagram;;Camila.Gomes1999@Gmail.Com
1935;Beatriz Loureiro;(41) 98342-1102;Salvador;BA;04/09/2026;;Sim;Beatriz.Loureiro1993@Gmail.Com
1936;Letícia Ferreira;(27) 99242-8284;Cariacica;ES;25/09/2026;;sim;Leticia.Ferreira1982@Gmail.Com
1937;Débora Zanotti;(27) 99747-9736;Linhares;ES;01/03/2026;;N;Debora.Zanotti1991@Hotmail.Com
1938;Juliana Pereira;;Rio de Janeiro;RJ;03/06/2026;Google Shopping;S;Juliana.Pereira@Gmail.Com
1939;Camila Pimentel;(27) 98917-4344;Serra;ES;24/07/2026;Google Shopping;N;Camila.Pimentel@Gmail.Com
1940;Camila Nascimento;(19) 99286-1147;Belo Horizonte;MG;17/09/2026;;Não;Camila.Nascimento1987@Gmail.Com
1941;Fábio Pimentel;(27) 98292-7750;Cariacica;ES;02/06/2026;;S;Fabio.Pimentel3@Icloud.Com
1942;Renata Moreira;(27) 98007-8492;GUARAPARI;ES;05/06/2026;Google;;Renata.Moreira80@Gmail.Com
1943;Aline Simões;(27) 98154-9340;Vila Velha;ES;12/09/2026;Facebook;N;Aline.Simoes80@Hotmail.Com
1944;Gabriel Ribeiro;(27) 99932-6625;Cariacica;ES;16/09/2026;Meta Ads;Sim;Gabriel.Ribeiro60@Hotmail.Com
1945;Luíza Barbosa;(27) 99622-3730;Vitória;ES;24/02/2026;Instagram;sim;Luiza.Barbosa4@Gmail.Com
1946;João Nascimento;(27) 98080-7499;Cariacica;ES;21/09/2026;;S;Joao.Nascimento508@Gmail.Com
1947;Priscila Pereira;(27) 98213-4628;Cariacica;ES;01/02/2026;google;Não;Priscila.Pereira35@Gmail.Com
1948;Pedro Nascimento;(27) 98485-8761;Guarapari;ES;08/04/2026;;Sim;Pedro.Nascimento1989@Outlook.Com
1949;Bruno Silva;(27) 98001-4487;Vitória;ES;01/08/2026;IG;N;Bruno.Silva20@Gmail.Com
1950;Gustavo Souza;;Cachoeiro de Itapemirim;ES;26/06/2026;Facebook;N;Gustavo.Souza2004@Gmail.Com
1951;Beatriz Barbosa;(19) 99108-5820;Salvador;BA;03/07/2026;site;;Beatriz.Barbosa2004@Gmail.Com
1952;Juliana Dalla Bernardina;(27) 98331-7790;Cariacica;ES;27/01/2026;google;Sim;Juliana.Dallabernardina@Outlook.Com
1953;Fernanda Ribeiro;(27) 98555-5843;Vila Velha;ES;18/01/2026;Site;;Fernanda.Ribeiro@Gmail.Com
1954;Thaís Santos;(27) 99955-7913;Serra;ES;10/05/2026;Meta Ads;;Thais.Santos51@Icloud.Com
1955;Eduardo Pereira;(21) 98239-6301;Curitiba;PR;25/07/2026;;Não;Eduardo.Pereira39@Gmail.Com
1956;Rafael Nascimento;(27) 98255-1129;Vila Velha;ES;12/08/2026;;Não;Rafael.Nascimento@Gmail.Com
1957;André Gomes;(27) 99844-7370;Cariacica;ES;21/04/2026;;N;Andre.Gomes4@Gmail.Com
1958;Carlos Carvalho;;Serra;ES;28/05/2026;Meta Ads;sim;Carlos.Carvalho1987@Hotmail.Com
1959;Patrícia Silva;(27) 98682-6696;Vila Velha;ES;29/04/2026;site;sim;Patricia.Silva@Gmail.Com
1960;Caio Santos;(27) 99348-4028;Vitória;ES;27/03/2026;IG;Não;Caio.Santos@Hotmail.Com
1961;Rodrigo Ferreira;(27) 98321-7973;Cariacica;ES;04/02/2026;;;Rodrigo.Ferreira1984@Hotmail.Com
1962;Priscila Nascimento;(27) 98350-3964;Serra;ES;07/05/2026;Influenciadora;N;Priscila.Nascimento92@Outlook.Com
1963;Aline Lima;(27) 99028-6368;Vitória;ES;06/06/2026;Google;Sim;Aline.Lima@Hotmail.Com
1964;Maria Nascimento;(27) 98631-2519;Serra;ES;13/02/2026;Google;Não;Maria.Nascimento1996@Gmail.Com
1965;Juliana Ferreira;(27) 98897-9665;Vila Velha;ES;21/08/2026;instagram;;Juliana.Ferreira465@Gmail.Com
1966;Renata Souza;(27) 98408-5259;Cariacica;ES;01/06/2026;;S;Renata.Souza46@Yahoo.Com.Br
1967;Mariana Martins;(27) 98445-7902;Cariacica;ES;15/04/2026;instagram;sim;Mariana.Martins299@Gmail.Com
1968;Débora Pimentel;(27) 99036-9764;Cariacica;ES;05/02/2026;Meta Ads;sim;Debora.Pimentel@Outlook.Com
1969;Camila Martins;(27) 98376-6176;Serra;ES;04/02/2026;;N;Camila.Martins392@Outlook.Com
1970;Renata Zanotti;(27) 99897-6364;Vila Velha;ES;10/06/2026;;Sim;Renata.Zanotti40@Icloud.Com
1971;Marcelo Santos;(27) 98870-8837;Serra;ES;05/09/2026;;Sim;Marcelo.Santos1996@Gmail.Com
1972;Rodrigo Oliveira;(27) 99213-7512;Vila Velha;ES;23/05/2026;Meta Ads;S;Rodrigo.Oliveira95@Hotmail.Com
1973;Bruno Costa;(27) 98526-7161;Linhares;ES;03/02/2026;;S;Bruno.Costa1984@Yahoo.Com.Br
1974;Patrícia Santos;(31) 99412-1605;Curitiba;PR;09/08/2026;Google Shopping;S;Patricia.Santos1998@Yahoo.Com.Br
1975;Patrícia Martins;;Vila Velha;ES;30/09/2026;IG;sim;Patricia.Martins@Outlook.Com
1976;André Almeida;(27) 99507-9431;Vila Velha;ES;29/07/2026;IG;S;Andre.Almeida22@Hotmail.Com
1977;Thaís Dalla Bernardina;(27) 99149-7077;Vila Velha;ES;02/06/2026;;Não;Thais.Dallabernardina59@Hotmail.Com
1978;Luíza Carvalho;(31) 99725-1841;São Paulo;SP;09/09/2026;;Sim;Luiza.Carvalho@Outlook.Com
1979;Caio Simões;(27) 98384-8403;GUARAPARI;ES;25/08/2026;instagram;N;Caio.Simoes406@Outlook.Com
1980;Patrícia Merçon;(27) 99660-2620;Serra;ES;25/08/2026;Google;Sim;Patricia.Mercon75@Gmail.Com
1981;Camila Rocha;(27) 99487-4565;Vila Velha;ES;16/04/2026;Influenciadora;sim;Camila.Rocha@Gmail.Com
1982;Patrícia Merçon;(27) 99006-9827;Colatina;ES;18/04/2026;Google Shopping;;Patricia.Mercon691@Gmail.Com
1983;Ana Dalla Bernardina;(27) 99732-3734;Cachoeiro de Itapemirim;ES;22/06/2026;Facebook;Sim;Ana.Dallabernardina2001@Yahoo.Com.Br
1984;Maria Carvalho;(27) 99198-4403;Serra;ES;16/08/2026;influencer;Sim;Maria.Carvalho1984@Hotmail.Com
1985;Patrícia Dalla Bernardina;(31) 99574-6216;São Paulo;SP;11/07/2026;Instagram;sim;Patricia.Dallabernardina@Hotmail.Com
1986;Beatriz Souza;(27) 98509-9726;Vitória;ES;22/07/2026;;sim;Beatriz.Souza1987@Gmail.Com
1987;Patrícia Carvalho;;Vitória;ES;31/08/2026;IG;sim;Patricia.Carvalho1987@Hotmail.Com
1988;Gabriel Rocha;(27) 98124-3222;Serra;ES;17/06/2026;Google Shopping;N;Gabriel.Rocha@Gmail.Com
1989;Júlia Nascimento;(27) 98776-7587;Vila Velha;ES;25/08/2026;;S;Julia.Nascimento2005@Hotmail.Com
1990;Aline Rocha;(27) 98428-6787;Vila Velha;ES;14/08/2026;;Sim;Aline.Rocha93@Yahoo.Com.Br
1991;Diego Nascimento;(27) 99296-5782;Serra;ES;31/01/2026;Instagram;sim;Diego.Nascimento97@Gmail.Com
1992;Patrícia Araújo;(27) 98380-6850;Linhares;ES;07/05/2026;Google;;Patricia.Araujo1987@Hotmail.Com
1993;Gabriela Ferreira;(21) 99716-9324;Belo Horizonte;MG;01/03/2026;;Não;Gabriela.Ferreira2001@Gmail.Com
1994;Renata Silva;(71) 98774-7715;Campinas;SP;30/08/2026;Site;Não;Renata.Silva1997@Hotmail.Com
1995;Débora Oliveira;(27) 99673-7753;Vitória;ES;08/05/2026;Instagram;S;Debora.Oliveira49@Gmail.Com
1996;Carlos Loureiro;;Vila Velha;ES;23/02/2026;Meta Ads;Sim;Carlos.Loureiro1990@Icloud.Com
1997;Pedro Costa;(27) 99004-4506;Vitória;ES;11/07/2026;IG;N;Pedro.Costa1997@Gmail.Com
1998;Débora Souza;(27) 98928-2901;Vila Velha;ES;17/04/2026;Facebook;S;Debora.Souza34@Icloud.Com
1999;Fernanda Silva;(27) 99014-7588;Serra;ES;28/04/2026;google ads;Não;Fernanda.Silva1993@Gmail.Com
2000;Marcelo Gomes;(27) 99752-4885;Vitória;ES;23/05/2026;Meta Ads;Sim;Marcelo.Gomes98@Gmail.Com
2001;Renata Lima;(27) 98043-7960;Vila Velha;ES;18/06/2026;Instagram;Sim;Renata.Lima63@Gmail.Com
2002;Thiago Merçon;(27) 99939-4412;Vila Velha;ES;03/03/2026;;sim;Thiago.Mercon@Gmail.Com
2003;Marcelo Martins;(27) 99530-6884;Cachoeiro de Itapemirim;ES;25/09/2026;Google Ads;N;Marcelo.Martins27@Hotmail.Com
2004;Felipe Araújo;(27) 99698-5113;Vitória;ES;24/04/2026;Indicacao amigo;S;Felipe.Araujo37@Hotmail.Com
2005;Gabriel Carvalho;(27) 98381-9928;Vitória;ES;05/01/2026;Facebook;Não;Gabriel.Carvalho1996@Hotmail.Com
2006;Lucas Loureiro;(27) 99483-6834;Vitória;ES;27/03/2026;Meta Ads;Não;Lucas.Loureiro@Yahoo.Com.Br
2007;Letícia Oliveira;(41) 99717-5458;Rio de Janeiro;RJ;10/03/2026;Google Ads;sim;Leticia.Oliveira1981@Hotmail.Com
2008;Aline Merçon;;Vitória;ES;21/04/2026;;Não;Aline.Mercon2006@Icloud.Com
2009;Larissa Lima;(27) 99202-8776;Vitória;ES;08/06/2026;;Sim;Larissa.Lima1988@Hotmail.Com
2010;Fábio Ribeiro;(11) 99624-3361;Salvador;BA;19/07/2026;Meta Ads;;Fabio.Ribeiro180@Hotmail.Com
2011;Beatriz Souza;(27) 98394-6004;Vitória;ES;20/04/2026;IG;S;Beatriz.Souza2006@Gmail.Com
2012;Bruna Costa;(27) 98817-8350;Guarapari;ES;09/08/2026;google;S;Bruna.Costa@Gmail.Com
2013;Larissa Merçon;(21) 98800-7784;Campinas;SP;28/03/2026;Google Shopping;S;Larissa.Mercon1981@Gmail.Com
2014;Priscila Moreira;(27) 99238-6128;Cariacica;ES;11/04/2026;;Sim;Priscila.Moreira4@Hotmail.Com
2015;Renata Oliveira;(27) 98351-3625;Cariacica;ES;25/08/2026;Meta Ads;sim;Renata.Oliveira@Icloud.Com
2016;Bruna Moreira;(27) 99341-7387;Vitória;ES;15/04/2026;Instagram;N;Bruna.Moreira2003@Hotmail.Com
2017;Letícia Nascimento;(31) 99015-2817;Curitiba;PR;06/04/2026;google ads;N;Leticia.Nascimento91@Hotmail.Com
2018;Ana Gomes;(27) 98296-4695;Vitória;ES;05/02/2026;Google Ads;N;Ana.Gomes@Hotmail.Com
2019;Rafael Pereira;(27) 98031-3360;Serra;ES;31/05/2026;Instagram;;Rafael.Pereira@Icloud.Com
2020;Thiago Merçon;(31) 99194-5449;São Paulo;SP;20/04/2026;Facebook;sim;Thiago.Mercon1984@Icloud.Com
2021;Rodrigo Pereira;(21) 98861-6785;Belo Horizonte;MG;17/08/2026;Meta Ads;Sim;Rodrigo.Pereira@Gmail.Com
2022;Rodrigo Ribeiro;(11) 99474-1394;Salvador;BA;26/04/2026;Meta Ads;;Rodrigo.Ribeiro11@Yahoo.Com.Br
2023;Aline Zanotti;(27) 98782-1607;Vitória;ES;10/03/2026;indicacao;N;Aline.Zanotti1998@Gmail.Com
2024;Bruna Merçon;(41) 99812-7776;Curitiba;PR;09/08/2026;instagram;S;Bruna.Mercon1989@Yahoo.Com.Br
2025;Marcelo Simões;;SERRA;ES;08/08/2026;;;Marcelo.Simoes@Hotmail.Com
2026;Letícia Silva;(71) 99141-2451;Salvador;BA;18/05/2026;;N;Leticia.Silva@Hotmail.Com
2027;Juliana Almeida;(27) 98615-1714;Serra;ES;26/02/2026;Indicacao amigo;Não;Juliana.Almeida@Gmail.Com
2028;Felipe Araújo;(21) 99608-6341;Salvador;BA;28/09/2026;Facebook;Sim;Felipe.Araujo2003@Gmail.Com
2029;Débora Ribeiro;(27) 98240-4670;Vila Velha;ES;23/05/2026;;Não;Debora.Ribeiro@Outlook.Com
2030;Letícia Ribeiro;(27) 98135-3727;Vila Velha;ES;28/09/2026;google ads;sim;Leticia.Ribeiro1984@Gmail.Com
2031;Rafael Silva;(21) 98004-1998;Campinas;SP;09/09/2026;;Não;Rafael.Silva@Gmail.Com
2032;Gabriela Dalla Bernardina;(27) 98227-1079;LINHARES;ES;23/09/2026;IG;S;Gabriela.Dallabernardina92@Gmail.Com
2033;Luíza Oliveira;;Curitiba;PR;24/09/2026;instagram;N;Luiza.Oliveira@Hotmail.Com
2034;Rafael Simões;(41) 99935-8533;Belo Horizonte;MG;19/03/2026;;;Rafael.Simoes64@Yahoo.Com.Br
2035;Júlia Barbosa;(27) 98083-1830;Vila Velha;ES;22/06/2026;Influenciadora;S;Julia.Barbosa55@Hotmail.Com
2036;Mariana Ferreira;(27) 98168-2574;Cariacica;ES;21/09/2026;;Não;Mariana.Ferreira@Gmail.Com
2037;Thaís Barbosa;(27) 99026-3318;Serra;ES;13/02/2026;Google;sim;Thais.Barbosa1991@Gmail.Com
2038;Ana Costa;(27) 98743-4333;Vitória;ES;08/06/2026;Instagram;S;Ana.Costa1988@Gmail.Com
2039;Carolina Silva;(27) 99223-5102;Colatina;ES;03/05/2026;Instagram;S;Carolina.Silva58@Yahoo.Com.Br
2040;Vinícius Gomes;(27) 99127-3260;Vitória;ES;20/05/2026;instagram;;Vinicius.Gomes@Gmail.Com
2041;Diego Oliveira;(27) 98914-5734;Cariacica;ES;09/01/2026;Instagram;;Diego.Oliveira768@Gmail.Com
2042;Gustavo Lima;(27) 99017-5293;Vitória;ES;18/03/2026;Indicacao amigo;Não;Gustavo.Lima5@Outlook.Com
2043;Aline Loureiro;(27) 98705-8445;Vila Velha;ES;11/03/2026;Google;S;Aline.Loureiro25@Gmail.Com
2044;Thaís Souza;(11) 98219-9994;Rio de Janeiro;RJ;31/05/2026;Meta Ads;Não;Thais.Souza@Outlook.Com
2045;Mateus Loureiro;(27) 99363-7513;VILA VELHA;ES;03/08/2026;Instagram;sim;Mateus.Loureiro1991@Gmail.Com
2046;Ana Santos;(27) 98293-8508;Cariacica;ES;16/05/2026;Instagram;Sim;Ana.Santos1984@Gmail.Com
2047;Mateus Costa;(27) 98140-6748;Serra;ES;15/02/2026;Meta Ads;S;Mateus.Costa1998@Icloud.Com
2048;Priscila Zanotti;;Serra;ES;16/01/2026;Instagram;Não;Priscila.Zanotti48@Hotmail.Com
2049;Maria Almeida;(27) 98448-5912;Serra;ES;13/05/2026;IG;N;Maria.Almeida@Hotmail.Com
2050;Júlia Nascimento;(71) 99635-4358;SÃO PAULO;SP;13/01/2026;;N;Julia.Nascimento31@Hotmail.Com
2051;Larissa Rodrigues;(27) 99005-7714;Vitória;ES;08/06/2026;indicacao;S;Larissa.Rodrigues1991@Hotmail.Com
2052;Gabriel Dalla Bernardina;(27) 98807-8422;Vila Velha;ES;25/03/2026;Google;N;Gabriel.Dallabernardina87@Icloud.Com
2053;Carolina Zanotti;;Vitória;ES;18/09/2026;;sim;Carolina.Zanotti1991@Hotmail.Com
2054;Leonardo Ribeiro;;Curitiba;PR;09/02/2026;IG;;Leonardo.Ribeiro1994@Gmail.Com
2055;Fábio Santos;(27) 98845-2783;Vitória;ES;11/02/2026;google;S;Fabio.Santos82@Gmail.Com
2056;Juliana Almeida;(21) 98629-1878;Curitiba;PR;05/06/2026;influencer;;Juliana.Almeida984@Gmail.Com
2057;Gustavo Barbosa;(27) 99619-8091;Serra;ES;03/08/2026;Facebook;;Gustavo.Barbosa@Gmail.Com
2058;Letícia Moreira;(11) 99640-5637;Rio de Janeiro;RJ;02/07/2026;site;Não;Leticia.Moreira23@Icloud.Com
2059;Gabriel Simões;(27) 99127-2315;GUARAPARI;ES;15/02/2026;Google;;Gabriel.Simoes91@Gmail.Com
2060;Carolina Ferreira;(27) 99615-5710;Linhares;ES;26/08/2026;;Não;Carolina.Ferreira40@Icloud.Com
2061;Lucas Rocha;(27) 98047-7638;Guarapari;ES;15/09/2026;Google;Não;Lucas.Rocha1988@Hotmail.Com
2062;Beatriz Souza;(11) 98636-4212;Salvador;BA;10/01/2026;google;Sim;Beatriz.Souza@Gmail.Com
2063;Camila Ferreira;(27) 98636-9648;Vitória;ES;23/05/2026;Google Shopping;S;Camila.Ferreira1983@Hotmail.Com
2064;Beatriz Zanotti;(27) 98119-4319;Vitória;ES;03/05/2026;google;Não;Beatriz.Zanotti2000@Hotmail.Com
2065;Renata Barbosa;;Vitória;ES;14/04/2026;;N;Renata.Barbosa1999@Gmail.Com
2066;Bruno Souza;(27) 99684-8645;Linhares;ES;01/09/2026;Meta Ads;;Bruno.Souza97@Gmail.Com
2067;Beatriz Loureiro;(71) 99263-1834;BELO HORIZONTE;MG;01/08/2026;Influenciadora;;Beatriz.Loureiro@Gmail.Com
2068;Gabriela Loureiro;(27) 99886-1154;Serra;ES;13/05/2026;influencer;S;Gabriela.Loureiro2006@Gmail.Com
2069;Renata Nascimento;(31) 98046-8742;Rio de Janeiro;RJ;09/02/2026;Google;N;Renata.Nascimento1990@Gmail.Com
2070;Leonardo Rocha;(19) 99226-1921;Campinas;SP;28/09/2026;;Sim;Leonardo.Rocha96@Gmail.Com
2071;Carolina Souza;(27) 99595-8700;Vitória;ES;28/08/2026;;sim;Carolina.Souza1980@Outlook.Com
2072;Fernanda Simões;(27) 98514-8882;Serra;ES;21/03/2026;Indicação;sim;Fernanda.Simoes2004@Icloud.Com
2073;Juliana Nascimento;(27) 99768-2737;Guarapari;ES;03/03/2026;Google Ads;Não;Juliana.Nascimento30@Hotmail.Com
2074;Gabriela Barbosa;(27) 99606-6765;Serra;ES;04/01/2026;Google;;Gabriela.Barbosa2001@Outlook.Com
2075;Camila Loureiro;(21) 98436-7475;Curitiba;PR;14/09/2026;;Não;Camila.Loureiro33@Gmail.Com
2076;Gabriel Araújo;(19) 99129-6773;Belo Horizonte;MG;25/03/2026;indicacao;Não;Gabriel.Araujo75@Yahoo.Com.Br
2077;Juliana Silva;(11) 98135-8158;Belo Horizonte;MG;13/05/2026;site;N;Juliana.Silva50@Icloud.Com
2078;Aline Zanotti;(27) 99506-2891;Vitória;ES;02/03/2026;;Sim;Aline.Zanotti@Gmail.Com
2079;Gustavo Oliveira;(27) 98745-1760;Vila Velha;ES;02/06/2026;Influenciadora;sim;Gustavo.Oliveira@Gmail.Com
2080;Mateus Almeida;(27) 99102-4639;Colatina;ES;25/09/2026;indicacao;Não;Mateus.Almeida2002@Gmail.Com
2081;Gabriela Rocha;(27) 99869-2755;Vila Velha;ES;28/05/2026;Google Ads;N;Gabriela.Rocha@Gmail.Com
2082;Mariana Santos;(27) 98975-6975;Serra;ES;08/02/2026;influencer;Não;Mariana.Santos19@Gmail.Com
2083;Gustavo Zanotti;(27) 98476-6076;Serra;ES;18/07/2026;;N;Gustavo.Zanotti1987@Yahoo.Com.Br
2084;Ana Souza;(27) 99574-3547;Vila Velha;ES;17/02/2026;Google Ads;;Ana.Souza98@Hotmail.Com
2085;Gabriel Nascimento;(27) 99524-2821;Serra;ES;06/08/2026;;N;Gabriel.Nascimento1987@Gmail.Com
2086;Carlos Souza;;Campinas;SP;09/02/2026;Instagram;Não;Carlos.Souza1987@Gmail.Com
2087;Bruna Loureiro;(27) 98329-4720;Cariacica;ES;05/07/2026;Facebook;S;Bruna.Loureiro2004@Yahoo.Com.Br
2088;Aline Merçon;(27) 98075-6867;Vitória;ES;30/05/2026;influencer;sim;Aline.Mercon36@Hotmail.Com
2089;Débora Gomes;(71) 98984-9709;Campinas;SP;15/04/2026;Facebook;N;Debora.Gomes16@Gmail.Com
2090;Maria Costa;(27) 99085-1261;Vila Velha;ES;28/04/2026;Indicacao amigo;;Maria.Costa13@Gmail.Com
2091;Júlia Almeida;(21) 98785-1816;Belo Horizonte;MG;15/08/2026;Instagram;;Julia.Almeida1990@Hotmail.Com
2092;Gustavo Lima;(11) 98093-8351;Salvador;BA;21/07/2026;Meta Ads;sim;Gustavo.Lima1985@Outlook.Com
2093;Renata Loureiro;;Cariacica;ES;09/05/2026;Google Ads;Sim;Renata.Loureiro@Gmail.Com
2094;Felipe Dalla Bernardina;(21) 98733-3054;Rio de Janeiro;RJ;16/04/2026;Google;Sim;Felipe.Dallabernardina71@Hotmail.Com
2095;Débora Martins;(31) 99632-5313;Rio de Janeiro;RJ;28/09/2026;Facebook;;Debora.Martins78@Icloud.Com
2096;Fábio Simões;(11) 99592-4855;Campinas;SP;25/09/2026;google ads;;Fabio.Simoes@Gmail.Com
2097;Marcelo Pimentel;(27) 98856-2373;Linhares;ES;27/06/2026;IG;S;Marcelo.Pimentel99@Gmail.Com
2098;Renata Ribeiro;(27) 99511-6270;Cachoeiro de Itapemirim;ES;17/06/2026;;Não;Renata.Ribeiro296@Icloud.Com
2099;Marcelo Pimentel;(27) 98521-3601;Serra;ES;30/01/2026;Google;Sim;Marcelo.Pimentel1995@Gmail.Com
2100;Ana Ferreira;(27) 98430-7593;Cariacica;ES;09/02/2026;;S;Ana.Ferreira@Gmail.Com
2101;Thaís Dalla Bernardina;(41) 99315-9558;Belo Horizonte;MG;30/09/2026;;Sim;Thais.Dallabernardina@Yahoo.Com.Br
2102;João Merçon;(27) 98420-9680;Vitória;ES;23/02/2026;;Não;Joao.Mercon1992@Gmail.Com
2103;Mariana Ferreira;(27) 98168-2574;Cariacica;ES;30/09/2026;;Não;Mariana.Ferreira@Gmail.Com
2104;João Martins;(27) 98824-2949;Serra;ES;30/09/2026;;Sim;Joao.Martins1998@Icloud.Com
2105;Eduardo Martins;(27) 98934-5654;Cachoeiro de Itapemirim;ES;14/09/2026;;Sim;Eduardo.Martins49@Yahoo.Com.Br
2106;João Carvalho;(27) 98082-3190;Vila Velha;ES;30/09/2026;;Sim;Joao.Carvalho@Gmail.Com
2107;Camila Santos;(27) 98108-8617;Vila Velha;ES;30/09/2026;;Não;Camila.Santos1986@Yahoo.Com.Br
2108;Carlos Merçon;(27) 99975-9901;Vitória;ES;29/04/2026;;Sim;Carlos.Mercon536@Icloud.Com
2109;Carolina Simões;(27) 99655-1209;Serra;ES;17/09/2026;;Não;Carolina.Simoes2006@Gmail.Com
2110;Diego Zanotti;(27) 99876-2251;Cariacica;ES;30/09/2026;;Não;Diego.Zanotti@Hotmail.Com
2111;Gabriela Nascimento;(27) 99034-3431;Serra;ES;17/03/2026;;Não;Gabriela.Nascimento@Hotmail.Com
2112;Felipe Araújo;(27) 99698-5113;Vitória;ES;09/06/2026;;Não;Felipe.Araujo37@Hotmail.Com
2113;Ana Costa;(27) 99899-2491;Cariacica;ES;13/07/2026;;Não;Ana.Costa52@Outlook.Com
2114;Gabriel Santos;(27) 99710-7623;Cariacica;ES;14/06/2026;;Sim;Gabriel.Santos1986@Gmail.Com
2115;Gabriela Araújo;(27) 99575-7708;Serra;ES;31/03/2026;;Não;Gabriela.Araujo92@Outlook.Com
2116;Eduardo Rodrigues;(27) 99002-6219;Vitória;ES;30/09/2026;;Não;Eduardo.Rodrigues25@Outlook.Com
2117;Rodrigo Almeida;(19) 98145-4824;Rio de Janeiro;RJ;30/09/2026;;Não;Rodrigo.Almeida5@Gmail.Com
2118;Gabriel Carvalho;(27) 98333-1958;Vila Velha;ES;15/09/2026;;Sim;Gabriel.Carvalho2003@Gmail.Com
2119;Lucas Carvalho;(27) 98413-9824;Vila Velha;ES;20/08/2026;;Não;Lucas.Carvalho57@Hotmail.Com
2120;Beatriz Zanotti;(27) 99239-3156;Vitória;ES;31/08/2026;;Sim;Beatriz.Zanotti76@Outlook.Com
2121;Luíza Zanotti;(41) 98982-2036;Rio de Janeiro;RJ;24/07/2026;;Sim;Luiza.Zanotti72@Gmail.Com
2122;Letícia Ferreira;(27) 99520-9115;Linhares;ES;26/04/2026;;Não;Leticia.Ferreira@Hotmail.Com
2123;Diego Oliveira;(27) 99966-9040;Vila Velha;ES;30/09/2026;;Sim;Diego.Oliveira44@Gmail.Com
2124;Priscila Almeida;(27) 98304-1222;Serra;ES;28/09/2026;;Sim;Priscila.Almeida1983@Outlook.Com
2125;Thiago Loureiro;(21) 99503-4193;São Paulo;SP;08/08/2026;;Não;Thiago.Loureiro75@Icloud.Com
2126;Mariana Martins;(27) 98453-2035;Colatina;ES;30/09/2026;;Sim;Mariana.Martins1999@Gmail.Com
2127;Patrícia Araújo;(27) 99107-5651;Cariacica;ES;27/03/2026;;Não;Patricia.Araujo2003@Gmail.Com
2128;Vinícius Oliveira;(21) 99188-9391;Curitiba;PR;18/02/2026;;Sim;Vinicius.Oliveira1984@Gmail.Com
2129;Renata Dalla Bernardina;(27) 99010-4558;Vitória;ES;06/08/2026;;Não;Renata.Dallabernardina@Gmail.Com
2130;Renata Rocha;(27) 98617-8504;Cariacica;ES;30/09/2026;;Sim;Renata.Rocha@Icloud.Com
2131;Marcelo Silva;(27) 98342-1792;Vitória;ES;01/04/2026;;Não;Marcelo.Silva@Hotmail.Com
2132;Eduardo Pimentel;(31) 98485-1601;Belo Horizonte;MG;30/09/2026;;Não;Eduardo.Pimentel@Gmail.Com
2133;Pedro Pereira;(27) 98696-9904;Serra;ES;19/09/2026;;Não;Pedro.Pereira@Icloud.Com
2134;Aline Almeida;(27) 98933-3725;Vila Velha;ES;23/08/2026;;Não;Aline.Almeida@Gmail.Com
2135;Débora Merçon;(27) 98123-7645;Cariacica;ES;17/07/2026;;Não;Debora.Mercon@Hotmail.Com
2136;Bruno Dalla Bernardina;(21) 99641-4644;Belo Horizonte;MG;30/06/2026;;Não;Bruno.Dallabernardina652@Gmail.Com
2137;Maria Souza;(27) 98925-4356;Vila Velha;ES;18/08/2026;;Sim;Maria.Souza56@Gmail.Com
2138;Gabriel Souza;(27) 99004-6747;Cariacica;ES;12/05/2026;;Não;Gabriel.Souza2005@Gmail.Com
2139;Gabriel Silva;(27) 98362-7117;Vitória;ES;06/08/2026;;Sim;Gabriel.Silva@Gmail.Com
2140;Letícia Zanotti;(27) 98148-7381;Serra;ES;30/09/2026;;Não;Leticia.Zanotti@Gmail.Com
2141;Thiago Pimentel;(27) 98806-7114;Vitória;ES;16/09/2026;;Não;Thiago.Pimentel@Gmail.Com
