id_pedido;data_pedido;email_cliente;canal_venda;utm_source;utm_medium;utm_campaign;cupom;valor_produtos;desconto;frete;valor_total;status
100001;2026-01-01 08:28:17;Thais.Costa1990@Gmail.Com;site;google;cpc;google_search_generico;;338.6;0.0;0.0;338.6;Pago
100002;2026-01-01 22:26:40;Caio.Carvalho1982@Outlook.Com;site;google;cpc;GOOGLE_SEARCH_GENERICO;;323.6;0.0;0.0;323.6;Pago
100003;2026-01-01 23:09:11;Fernanda.Ribeiro1999@Gmail.Com;site;google;cpc;GOOGLE_SEARCH_MARCA;;359.7;0.0;0.0;359.7;Cancelado
100004;2026-01-02 06:06:47;Leticia.Nascimento96@Hotmail.Com;site;google;organic;;;319.8;0.0;0.0;319.8;Pago
100004;2026-01-02 06:06:47;Leticia.Nascimento96@Hotmail.Com;site;google;organic;;;319.8;0.0;0.0;319.8;Pago
100005;2026-01-02 08:15:25;Juliana.Souza73@Gmail.Com;site;google;cpc;GOOGLE_SEARCH_GENERICO;CAFE20;144.7;28.94;27.9;143.66;Pago
100006;2026-01-02 14:17:03;Leonardo.Pimentel28@Gmail.Com;site;instagram;cpc;META_PROSPECCAO_BLENDS;primeiracompra;159.8;23.97;31.5;167.33;Pago
100007;2026-01-02 18:20:43;Maria.Rocha2001@Hotmail.Com;site;;;;;247.6;0.0;0.0;247.6;Pago
100008;2026-01-03 07:32:05;Priscila.Carvalho16@Yahoo.Com.Br;site;google;cpc;GOOGLE_SEARCH_MARCA;BEMVINDO10;54.9;5.49;31.5;80.91;Pago
100009;2026-01-03 17:19:11;Fabio.Carvalho18@Gmail.Com;site;google;cpc;GOOGLE_SEARCH_GENERICO;BEMVINDO10;164.8;16.48;14.9;163.22;Pago
100010;2026-01-03 20:33:13;Rodrigo.Pimentel@Gmail.Com;site;facebook;cpc;META_PROSPECCAO_BLENDS;;118.7;0.0;14.9;133.6;Pago
100011;2026-01-04 14:49:31;Julia.Carvalho@Gmail.Com;site;google;cpc;GOOGLE_SEARCH_MARCA;CAFE20;94.8;18.96;14.9;90.74;Pago
100012;2026-01-04 19:30:20;Carlos.Silva@Gmail.Com;site;google;shopping;GOOGLE_SHOPPING;;44.9;0.0;27.9;72.8;Pago
100013;2026-01-04 21:53:04;Mateus.Zanotti55@Gmail.Com;site;google;cpc;GOOGLE_SEARCH_GENERICO;BEMVINDO10;49.8;4.98;14.9;59.72;Pago
100014;2026-01-05 18:21:56;Carolina.Rodrigues@Outlook.Com;site;facebook;cpc;META_PROSPECCAO_BLENDS;CAFE20;299.7;59.94;0.0;239.76;Pago
100015;2026-01-05 18:35:29;Joao.Mercon1992@Gmail.Com;site;instagram;cpc;META_REMARKETING;CAFE20;239.7;47.94;0.0;191.76;Pago
100016;2026-01-05 23:11:29;Gabriela.Barbosa2001@Outlook.Com;site;;;;;44.9;0.0;14.9;59.8;Pago
100017;2026-01-06 06:19:35;Larissa.Gomes@Outlook.Com;site;;;;;18.9;0.0;14.9;33.8;Pago
100018;2026-01-06 07:15:28;Leticia.Loureiro@Gmail.Com;site;ig;cpc;Meta_Prospeccao_Blends ;;37.8;0.0;14.9;52.7;Pago
100019;2026-01-06 12:15:13;Fernanda.Lima@Icloud.Com;site;google;cpc;GOOGLE_SEARCH_MARCA;;24.9;0.0;14.9;39.8;Pago
100020;2026-01-06 16:30:41;Debora.Araujo@Gmail.Com;site;whatsapp;referral;indique_ganhe;INDIQUE15;49.9;7.48;14.9;57.32;Pago
100021;2026-01-06 20:07:27;Lucas.Lima1999@Outlook.Com;site;instagram;influencer;INFLU_CAFE_COM_BIA;BIA10;344.5;34.45;0.0;310.05;Pago
100022;2026-01-06 20:58:27;Priscila.Lima@Yahoo.Com.Br;site;whatsapp;referral;indique_ganhe;INDIQUE15;49.9;7.48;14.9;57.32;Pago
100023;2026-01-07 09:28:02;Gabriel.Carvalho1996@Hotmail.Com;site;instagram;cpc;META_PROSPECCAO_BLENDS;CAFE20;319.8;63.96;0.0;255.84;Pago
100024;2026-01-07 16:50:15;Luiza.Simoes42@Gmail.Com;site;google;shopping;GOOGLE_SHOPPING;;127.7;0.0;14.9;142.6;Pago
100025;2026-01-07 18:06:08;Rafael.Nascimento47@Yahoo.Com.Br;site;fb;paid;meta_prospeccao_blends;PRIMEIRACOMPRA;249.5;37.42;0.0;212.08;Pago
100026;2026-01-07 18:21:52;Bruna.Costa63@Gmail.Com;site;facebook;cpc;META_PROSPECCAO_BLENDS;;119.7;0.0;27.9;147.6;Pago
100027;2026-01-07 18:53:06;Ana.Pereira878@Gmail.Com;site;fb;paid;meta_prospeccao_blends;BEMVINDO10;139.8;13.98;14.9;140.72;Pago
100028;2026-01-07 19:37:27;Beatriz.Barbosa95@Gmail.Com;site;instagram;influencer;INFLU_DUDA_BARISTA; DUDA15;44.9;6.73;14.9;53.07;Pago
100029;2026-01-07 19:44:59;Gabriela.Moreira2003@Gmail.Com;site;google;cpc;google_search_generico;;69.9;0.0;14.9;84.8;Pago
100030;2026-01-07 23:57:17;Thiago.Rocha1985@Gmail.Com;site;facebook;cpc;META_PROSPECCAO_BLENDS;PRIMEIRACOMPRA;62.7;9.4;14.9;68.2;Pago
100031;2026-01-08 06:41:27;Maria.Ferreira21@Gmail.Com;site;whatsapp;referral;indique_ganhe;;252.5;0.0;0.0;252.5;Pago
100032;2026-01-08 08:47:28;Juliana.Souza2003@Gmail.Com;site;;;;INDIQUE15;209.7;31.45;0.0;178.25;Pago
100033;2026-01-08 11:57:35;Caio.Moreira67@Gmail.Com;site;google;cpc;GOOGLE_SEARCH_GENERICO;;159.9;0.0;0.0;159.9;Pago
100034;2026-01-08 14:18:15;Lucas.Nascimento83@Gmail.Com;site;google;cpc;GOOGLE_SHOPPING;CAFE20;49.9;9.98;14.9;54.82;Pago
100035;2026-01-08 16:39:41;Leonardo.Pimentel28@Gmail.Com;assinatura;;;;;69.9;6.99;0.0;62.91;Pago
100036;2026-01-09 07:37:52;Thiago.Dallabernardina967@Gmail.Com;site;google;organic;;;319.8;0.0;0.0;319.8;Pago
100037;2026-01-09 20:29:48;Patricia.Carvalho@Icloud.Com;site;instagram;cpc;META_PROSPECCAO_BLENDS;BEMVINDO10;159.8;15.98;14.9;158.72;Pago
100038;2026-01-09 22:19:37;Larissa.Gomes2005@Gmail.Com;site;google;cpc;google_search_generico;;334.7;0.0;0.0;334.7;Pago
100039;2026-01-10 07:51:23;Larissa.Loureiro@Gmail.Com;site;google;cpc;GOOGLE_SEARCH_GENERICO;;279.8;0.0;0.0;279.8;Pago
100040;2026-01-10 11:27:41;Beatriz.Souza@Gmail.Com;site;google;cpc;GOOGLE_SEARCH_MARCA;;49.8;0.0;22.9;72.7;Pago
100041;2026-01-10 11:31:13;Beatriz.Silva22@Hotmail.Com;site;google;cpc;GOOGLE_SEARCH_MARCA;;139.8;0.0;31.5;171.3;Pago
100042;2026-01-10 17:41:50;Patricia.Carvalho9@Gmail.Com;site;google;cpc;google_search_generico;PRIMEIRACOMPRA;189.8;28.47;0.0;161.33;Pago
100043;2026-01-10 18:10:34;Camila.Costa44@Gmail.Com;site;google;cpc;GOOGLE_SEARCH_GENERICO;;174.8;0.0;0.0;174.8;Pago
100044;2026-01-10 20:49:46;Thais.Santos2002@Gmail.Com;site;google;cpc;google_search_generico;;109.8;0.0;14.9;124.7;Pago
100045;2026-01-10 22:28:20;Luiza.Araujo581@Gmail.Com;site;;;;;399.5;0.0;0.0;399.5;Pago
100046;2026-01-11 08:33:44;Fabio.Carvalho44@Gmail.Com;site;google;cpc;GOOGLE_SEARCH_MARCA;;49.9;0.0;14.9;64.8;Pago
100047;2026-01-11 09:10:45;Juliana.Simoes@Hotmail.Com;site;ig;cpc;Meta_Prospeccao_Blends ;CAFE20;44.9;8.98;27.9;63.82;Pago
100048;2026-01-11 11:46:26;Pedro.Barbosa8@Gmail.Com;site;google;cpc;GOOGLE_SEARCH_GENERICO;PRIMEIRACOMPRA;89.9;13.49;14.9;91.31;Pago
100049;2026-01-11 15:23:56;Felipe.Loureiro415@Icloud.Com;site;instagram;cpc;META_PROSPECCAO_BLENDS;CAFE20;139.9;27.98;14.9;126.82;Pago
100050;2026-01-12 06:21:03;Julia.Silva2006@Icloud.Com;site;google;cpc;GOOGLE_SEARCH_MARCA;;139.8;0.0;14.9;154.7;Pago
100051;2026-01-12 10:07:01;Debora.Almeida43@Gmail.Com;site;;;;;99.8;0.0;14.9;114.7;Pago
100052;2026-01-12 16:57:05;Bruna.Oliveira91@Outlook.Com;site;fb;paid;meta_prospeccao_blends;BEMVINDO10;49.9;4.99;14.9;59.81;Pago
100053;2026-01-12 17:40:54;Thiago.Rodrigues@Gmail.Com;site;facebook;cpc;META_PROSPECCAO_BLENDS;BEMVINDO10;129.8;12.98;14.9;131.72;Pago
100054;2026-01-12 19:03:47;Fabio.Souza1994@Gmail.Com;site;whatsapp;referral;indique_ganhe;;114.7;0.0;14.9;129.6;Pago
100055;2026-01-13 08:53:07;Maria.Loureiro80@Yahoo.Com.Br;site;google;cpc;GOOGLE_SEARCH_GENERICO;CAFE20;37.8;7.56;14.9;45.14;Reembolsado
100056;2026-01-13 09:51:50;Priscila.Simoes@Icloud.Com;site;google;cpc;google_search_generico;;44.9;0.0;22.9;67.8;Pago
100057;2026-01-13 16:49:53;Julia.Nascimento31@Hotmail.Com;site;google;cpc;GOOGLE_SEARCH_MARCA;;319.8;0.0;0.0;319.8;Pago
100058;2026-01-13 18:54:03;Renata.Ribeiro1997@Gmail.Com;site;fb;paid;meta_prospeccao_blends;PRIMEIRACOMPRA;114.8;17.22;14.9;112.48;Pago
100059;2026-01-13 19:34:50;Gabriel.Santos58@Icloud.Com;site;google;shopping;GOOGLE_SHOPPING;;49.9;0.0;14.9;64.8;Pago
100060;2026-01-13 20:14:18;Juliana.Araujo2005@Icloud.Com;site;;;;BIA10;139.9;13.99;14.9;140.81;Pago
100061;2026-01-13 20:53:23;Bruno.Ferreira@Icloud.Com;site;google;shopping;GOOGLE_SHOPPING;;44.9;0.0;27.9;72.8;Pago
100062;2026-01-13 21:15:18;Beatriz.Ribeiro@Outlook.Com;site;google;shopping;GOOGLE_SHOPPING;;74.8;0.0;14.9;89.7;Pago
100063;2026-01-13 23:56:51;Maria.Simoes8@Gmail.Com;site;google;cpc;google_search_generico;;69.9;0.0;14.9;84.8;Pago
100064;2026-01-14 09:20:07;Thais.Pereira99@Gmail.Com;site;facebook;cpc;META_REMARKETING;;264.7;0.0;0.0;264.7;Pago
100065;2026-01-14 14:06:59;Andre.Costa1999@Gmail.Com;site;;;;DUDA15;49.9;7.48;31.5;73.92;Pago
100066;2026-01-14 19:11:38;Rodrigo.Costa615@Yahoo.Com.Br;site;google;cpc;GOOGLE_SEARCH_GENERICO;BEMVINDO10;139.9;13.99;14.9;140.81;Pago
100067;2026-01-14 21:24:22;Aline.Souza1991@Gmail.Com;site;ig;cpc;Meta_Prospeccao_Blends ;;56.7;0.0;14.9;71.6;Cancelado
100068;2026-01-15 08:53:08;Felipe.Nascimento44@Hotmail.Com;site;instagram;cpc;META_REMARKETING;;369.5;0.0;0.0;369.5;Pago
100069;2026-01-15 23:12:40;Beatriz.Nascimento1983@Gmail.Com;site;fb;paid;meta_prospeccao_blends;;49.9;0.0;31.5;81.4;Pago
100070;2026-01-16 06:49:23;Carolina.Carvalho@Gmail.Com;site;instagram;cpc;META_REMARKETING;BEMVINDO10;98.7;9.87;14.9;103.73;Pago
100071;2026-01-16 13:36:48;Juliana.Araujo@Hotmail.Com;site;google;shopping;GOOGLE_SHOPPING;;54.9;0.0;22.9;77.8;Pago
100072;2026-01-16 17:50:37;Beatriz.Nascimento12@Yahoo.Com.Br;site;instagram;influencer;INFLU_CAFE_COM_BIA;BIA10;119.9;11.99;31.5;139.41;Pago
100073;2026-01-16 20:01:49;Luiza.Lima@Hotmail.Com;site;google;cpc;GOOGLE_SEARCH_MARCA;;79.9;0.0;31.5;111.4;Pago
100074;2026-01-16 20:36:22;Beatriz.Carvalho@Gmail.Com;site;google;cpc;GOOGLE_SEARCH_MARCA;PRIMEIRACOMPRA;63.8;9.57;22.9;77.13;Pago
100075;2026-01-16 22:12:44;Priscila.Zanotti48@Hotmail.Com;site;ig;cpc;Meta_Prospeccao_Blends ;CAFE20;254.6;50.92;0.0;203.68;Pago
100076;2026-01-17 11:44:51;Beatriz.Nascimento65@Outlook.Com;site;facebook;cpc;META_REMARKETING;CAFE20;79.9;15.98;14.9;78.82;Pago
100077;2026-01-17 15:45:24;Patricia.Carvalho1999@Outlook.Com;site;;;;;44.9;0.0;14.9;59.8;Pago
100078;2026-01-17 16:19:17;Julia.Moreira1981@Hotmail.Com;site;google;cpc;GOOGLE_SHOPPING;;24.9;0.0;14.9;39.8;Pago
100079;2026-01-17 19:05:56;Rodrigo.Pimentel81@Gmail.Com;site;;;;;499.4;0.0;0.0;499.4;Pago
100080;2026-01-18 12:00:45;Aline.Araujo72@Hotmail.Com;site;google;cpc;GOOGLE_SEARCH_MARCA;;409.6;0.0;0.0;409.6;Pago
100081;2026-01-18 12:56:53;Bruno.Dallabernardina@Gmail.Com;site;instagram;influencer;INFLU_DUDA_BARISTA;bia10;394.6;39.46;0.0;355.14;Pago
100082;2026-01-18 14:15:05;Juliana.Araujo805@Yahoo.Com.Br;site;facebook;cpc;META_REMARKETING;;88.8;0.0;14.9;103.7;Pago
100083;2026-01-18 14:25:28;Thais.Santos2002@Gmail.Com;assinatura;;;;;69.9;6.99;0.0;62.91;Cancelado
100084;2026-01-18 17:45:49;Bruna.Araujo@Icloud.Com;site;google;cpc;GOOGLE_SHOPPING;;239.7;0.0;0.0;239.7;Cancelado
100085;2026-01-19 10:50:42;Joao.Carvalho811@Yahoo.Com.Br;site;fb;paid;meta_prospeccao_blends;PRIMEIRACOMPRA;159.9;23.98;14.9;150.82;Pago
100086;2026-01-19 11:02:36;Aline.Silva78@Gmail.Com;site;google;cpc;GOOGLE_SHOPPING;;319.8;0.0;0.0;319.8;Pago
100087;2026-01-19 13:01:38;Ana.Pereira12@Gmail.Com;site;google;cpc;GOOGLE_SHOPPING;CAFE20;49.9;9.98;31.5;71.42;Pago
100088;2026-01-19 15:35:26;Diego.Oliveira768@Gmail.Com;site;instagram;cpc;META_PROSPECCAO_BLENDS;BEMVINDO10;239.7;23.97;0.0;215.73;Pago
100089;2026-01-19 16:14:11;Maria.Zanotti2001@Gmail.Com;site;facebook;cpc;META_PROSPECCAO_BLENDS; PRIMEIRACOMPRA;119.9;17.98;14.9;116.82;Pago
100090;2026-01-19 16:42:14;Luiza.Nascimento@Outlook.Com;site;google;cpc;google_search_generico;;279.8;0.0;0.0;279.8;Pago
100091;2026-01-19 19:22:13;Ana.Moreira1980@Gmail.Com;site;google;organic;;;54.9;0.0;14.9;69.8;Pago
100092;2026-01-19 19:41:08;Julia.Souza77@Yahoo.Com.Br;site;google;cpc;GOOGLE_SHOPPING;;24.9;0.0;22.9;47.8;Reembolsado
100093;2026-01-20 10:00:20;Bruna.Rodrigues1993@Gmail.Com;site;google;cpc;GOOGLE_SEARCH_MARCA;BEMVINDO10;169.7;16.97;0.0;152.73;Pago
100094;2026-01-20 10:05:58;Maria.Araujo1992@Gmail.Com;site;google;shopping;GOOGLE_SHOPPING;;159.9;0.0;0.0;159.9;Pago
100095;2026-01-20 14:43:53;Diego.Rocha@Hotmail.Com;site;;;;;204.6;0.0;0.0;204.6;Pago
100096;2026-01-20 14:44:23;Juliana.Pimentel12@Gmail.Com;site;google;cpc;GOOGLE_SHOPPING;;167.6;0.0;0.0;167.6;Pago
100097;2026-01-20 15:02:27;Bruno.Simoes1993@Yahoo.Com.Br;site;google;organic;;;109.8;0.0;27.9;137.7;Pago
100098;2026-01-20 19:30:56;Larissa.Simoes1982@Gmail.Com;site;google;cpc;GOOGLE_SEARCH_MARCA;;44.9;0.0;27.9;72.8;Pago
100099;2026-01-21 06:01:00;Renata.Carvalho@Gmail.Com;site;instagram;influencer;INFLU_CAFE_COM_BIA;BIA10;24.9;2.49;14.9;37.31;Pago
100099;2026-01-21 06:01:00;Renata.Carvalho@Gmail.Com;site;instagram;influencer;INFLU_CAFE_COM_BIA;BIA10;24.9;2.49;14.9;37.31;Pago
100100;2026-01-21 09:13:36;Pedro.Dallabernardina1982@Outlook.Com;site;whatsapp;referral;indique_ganhe;INDIQUE15;44.9;6.73;14.9;53.07;Pago
100101;2026-01-21 13:40:48;Aline.Santos1999@Icloud.Com;site;google;cpc;GOOGLE_SEARCH_GENERICO;;159.9;0.0;0.0;159.9;Pago
100102;2026-01-21 17:12:22;Mateus.Moreira@Gmail.Com;site;instagram;social;bio_link;;99.8;0.0;27.9;127.7;Pago
100103;2026-01-21 17:20:16;Leticia.Souza81@Yahoo.Com.Br;site;instagram;social;bio_link;;119.9;0.0;14.9;134.8;Pago
100104;2026-01-21 23:54:29;Julia.Nascimento1987@Gmail.Com;site;fb;paid;meta_prospeccao_blends;;244.6;0.0;0.0;244.6;Pago
100105;2026-01-22 13:48:44;Debora.Silva1999@Gmail.Com;site;google;cpc;GOOGLE_SHOPPING;;214.7;0.0;0.0;214.7;Pago
100106;2026-01-22 15:09:16;Mariana.Santos92@Gmail.Com;site;google;cpc;google_search_generico;;299.7;0.0;0.0;299.7;Pago
100107;2026-01-22 15:32:44;Bruna.Simoes@Outlook.Com;site;google;cpc;GOOGLE_SEARCH_MARCA;;239.8;0.0;0.0;239.8;Pago
100108;2026-01-22 16:30:13;Carlos.Pimentel790@Yahoo.Com.Br;site;google;cpc;GOOGLE_SEARCH_MARCA;BEMVINDO10;143.7;14.37;14.9;144.23;Pago
100109;2026-01-22 18:29:01;Aline.Silva2004@Gmail.Com;site;google;cpc;GOOGLE_SEARCH_MARCA;;104.8;0.0;14.9;119.7;Pago
100110;2026-01-23 12:34:07;Rodrigo.Araujo2002@Gmail.Com;site;google;shopping;GOOGLE_SHOPPING;;239.8;0.0;0.0;239.8;Pago
100111;2026-01-23 15:49:12;Carlos.Barbosa66@Gmail.Com;site;;;;;49.9;0.0;27.9;77.8;Pago
100112;2026-01-23 17:42:49;Fernanda.Ribeiro@Gmail.Com;site;instagram;social;bio_link;;49.8;0.0;14.9;64.7;Pago
100113;2026-01-23 21:52:41;Julia.Santos@Outlook.Com;site;instagram;cpc;META_REMARKETING;CAFE20;89.9;17.98;14.9;86.82;Pago
100114;2026-01-23 23:50:46;Debora.Mercon@Gmail.Com;site;google;cpc;GOOGLE_SEARCH_MARCA;;89.9;0.0;14.9;104.8;Pago
100115;2026-01-24 08:22:43;Lucas.Silva2@Gmail.Com;site;;;;DUDA15;438.6;65.79;0.0;372.81;Cancelado
100116;2026-01-24 08:34:10;Mariana.Santos@Hotmail.Com;site;ig;cpc;Meta_Prospeccao_Blends ;PRIMEIRACOMPRA;379.6;56.94;0.0;322.66;Pago
100117;2026-01-24 10:51:06;Aline.Dallabernardina1997@Hotmail.Com;site;facebook;cpc;META_REMARKETING;;159.8;0.0;0.0;159.8;Pago
100118;2026-01-24 11:52:25;Fabio.Moreira@Icloud.Com;site;instagram;social;bio_link;CAFE20;18.9;3.78;14.9;30.02;Pago
100119;2026-01-24 12:43:49;Aline.Gomes53@Hotmail.Com;site;whatsapp;referral;indique_ganhe;;124.8;0.0;14.9;139.7;Pago
100120;2026-01-24 18:10:54;Carolina.Ferreira1985@Gmail.Com;site;facebook;cpc;META_REMARKETING;;214.7;0.0;0.0;214.7;Pago
100121;2026-01-24 22:15:36;Vinicius.Oliveira1984@Gmail.Com;site;instagram;social;bio_link;;159.8;0.0;0.0;159.8;Cancelado
100122;2026-01-25 17:17:36;Camila.Lima1998@Gmail.Com;site;whatsapp;referral;indique_ganhe;INDIQUE15;119.9;17.98;31.5;133.42;Reembolsado
100123;2026-01-25 18:13:01;Larissa.Carvalho2005@Yahoo.Com.Br;site;instagram;cpc;META_REMARKETING;CAFE20;54.9;10.98;14.9;58.82;Pago
100124;2026-01-25 21:50:00;Thais.Gomes425@Icloud.Com;site;facebook;cpc;META_REMARKETING;;498.5;0.0;0.0;498.5;Pago
100125;2026-01-25 22:46:11;Debora.Pereira1988@Yahoo.Com.Br;site;fb;paid;meta_prospeccao_blends;BEMVINDO10;179.8;17.98;0.0;161.82;Pago
100126;2026-01-26 07:38:09;Diego.Costa@Gmail.Com;site;instagram;social;bio_link;;79.8;0.0;22.9;102.7;Pago
100127;2026-01-26 13:00:52;Gabriel.Gomes1998@Gmail.Com;site;instagram;cpc;META_REMARKETING;CAFE20;89.9;17.98;14.9;86.82;Pago
100128;2026-01-26 14:07:53;Rodrigo.Almeida30@Gmail.Com;site;google;cpc;google_search_generico;PRIMEIRACOMPRA;119.9;17.98;14.9;116.82;Pago
100129;2026-01-26 14:18:05;Renata.Martins83@Yahoo.Com.Br;site;google;cpc;google_search_generico;;49.8;0.0;14.9;64.7;Aguardando pagamento
100130;2026-01-26 16:49:16;Leticia.Nascimento96@Hotmail.Com;site;google;organic;;;344.7;0.0;0.0;344.7;Cancelado
100131;2026-01-26 18:32:10;Juliana.Costa98@Gmail.Com;site;google;shopping;GOOGLE_SHOPPING;;344.6;0.0;0.0;344.6;Pago
100132;2026-01-27 06:26:27;Carolina.Barbosa60@Gmail.Com;site;google;cpc;GOOGLE_SEARCH_MARCA;;184.7;0.0;0.0;184.7;Aguardando pagamento
100133;2026-01-27 07:02:46;Andre.Rodrigues58@Gmail.Com;site;;;;CAFE20;169.8;33.96;14.9;150.74;Pago
100134;2026-01-27 09:33:13;Gustavo.Rocha41@Hotmail.Com;site;google;cpc;GOOGLE_SEARCH_GENERICO;;339.6;0.0;0.0;339.6;Cancelado
100135;2026-01-27 10:25:04;Andre.Pereira25@Gmail.Com;site;google;cpc;google_search_generico;;159.9;0.0;0.0;159.9;Pago
100136;2026-01-27 16:24:16;Leticia.Araujo1984@Hotmail.Com;site;ig;cpc;Meta_Prospeccao_Blends ;;139.9;0.0;14.9;154.8;Pago
100137;2026-01-27 17:03:15;Eduardo.Ferreira1982@Gmail.Com;site;google;cpc;GOOGLE_SEARCH_MARCA;;233.7;0.0;0.0;233.7;Pago
100138;2026-01-28 07:49:29;Bruno.Rodrigues71@Icloud.Com;site;instagram;social;bio_link;;49.9;0.0;22.9;72.8;Cancelado
100139;2026-01-28 10:27:33;Juliana.Dallabernardina@Outlook.Com;site;google;cpc;GOOGLE_SEARCH_MARCA;;79.9;0.0;14.9;94.8;Pago
100140;2026-01-28 19:22:51;Leticia.Costa80@Gmail.Com;site;;;;;69.9;0.0;14.9;84.8;Pago
100141;2026-01-28 19:53:53;Gabriel.Santos52@Gmail.Com;site;google;organic;;;54.9;0.0;14.9;69.8;Pago
100142;2026-01-28 22:05:27;Gabriel.Ferreira@Yahoo.Com.Br;site;google;cpc;GOOGLE_SEARCH_MARCA;;339.7;0.0;0.0;339.7;Pago
100143;2026-01-29 08:19:44;Larissa.Carvalho@Hotmail.Com;site;instagram;influencer;INFLU_CAFE_COM_BIA;DUDA15;49.9;7.48;14.9;57.32;Pago
100144;2026-01-29 09:38:12;Rafael.Moreira2000@Icloud.Com;site;google;cpc;GOOGLE_SEARCH_MARCA;;269.7;0.0;0.0;269.7;Pago
100145;2026-01-29 15:53:37;Ana.Santos1999@Icloud.Com;site;facebook;cpc;META_REMARKETING;;379.6;0.0;0.0;379.6;Pago
100146;2026-01-29 18:24:44;Rafael.Zanotti34@Gmail.Com;site;google;organic;;;149.7;0.0;14.9;164.6;Pago
100147;2026-01-29 21:15:27;Debora.Ferreira1988@Gmail.Com;site;google;organic;;;114.8;0.0;31.5;146.3;Pago
100148;2026-01-29 21:18:18;Rafael.Martins204@Outlook.Com;site;;;;;24.9;0.0;14.9;39.8;Pago
100149;2026-01-29 23:13:23;Thais.Santos1@Gmail.Com;site;google;shopping;GOOGLE_SHOPPING;;18.9;0.0;31.5;50.4;Pago
100150;2026-01-30 09:20:01;Bruna.Carvalho2005@Icloud.Com;site;google;shopping;GOOGLE_SHOPPING;;329.5;0.0;0.0;329.5;Pago
100150;2026-01-30 09:20:01;Bruna.Carvalho2005@Icloud.Com;site;google;shopping;GOOGLE_SHOPPING;;329.5;0.0;0.0;329.5;Pago
100151;2026-01-30 11:38:10;Beatriz.Zanotti@Hotmail.Com;site;google;cpc;GOOGLE_SHOPPING;;189.8;0.0;0.0;189.8;Pago
100152;2026-01-30 20:26:57;Maria.Rocha2001@Hotmail.Com;site;google;cpc;GOOGLE_SEARCH_MARCA;;209.8;0.0;0.0;209.8;Pago
100153;2026-01-30 23:37:36;Marcelo.Pimentel1995@Gmail.Com;site;google;cpc;GOOGLE_SEARCH_MARCA;;204.7;0.0;0.0;204.7;Pago
100154;2026-01-31 08:35:36;Lucas.Simoes98@Gmail.Com;site;instagram;cpc;META_PROSPECCAO_BLENDS;PRIMEIRACOMPRA;119.8;17.97;27.9;129.73;Pago
100155;2026-01-31 12:14:07;Gabriel.Ferreira658@Gmail.Com;site;ig;cpc;Meta_Prospeccao_Blends ;;219.8;0.0;0.0;219.8;Cancelado
100156;2026-01-31 14:24:15;Luiza.Ribeiro93@Gmail.Com;site;;;;INDIQUE15;79.8;11.97;14.9;82.73;Pago
100157;2026-01-31 15:15:37;Carolina.Lima479@Gmail.Com;site;instagram;social;bio_link;;24.9;0.0;14.9;39.8;Pago
100158;2026-01-31 19:48:53;Carolina.Rodrigues21@Gmail.Com;site;google;cpc;google_search_generico;;44.9;0.0;14.9;59.8;Pago
100159;2026-02-01 06:10:20;Priscila.Pereira35@Gmail.Com;site;google;cpc;GOOGLE_SEARCH_MARCA;;319.8;0.0;0.0;319.8;Pago
100160;2026-02-01 06:29:15;Luiza.Lima1996@Gmail.Com;site;facebook;cpc;META_REMARKETING;BEMVINDO10;79.9;7.99;14.9;86.81;Pago
100161;2026-02-01 07:27:26;Juliana.Ferreira@Gmail.Com;site;google;cpc;GOOGLE_SEARCH_MARCA;;139.9;0.0;14.9;154.8;Pago
100162;2026-02-01 09:30:26;Priscila.Santos46@Gmail.Com;site;ig;cpc;Meta_Prospeccao_Blends ;CAFE20;174.8;34.96;14.9;154.74;Pago
100163;2026-02-01 10:46:37;Bruno.Zanotti397@Hotmail.Com;site;fb;paid;meta_prospeccao_blends;PRIMEIRACOMPRA;159.8;23.97;14.9;150.73;Pago
100164;2026-02-01 11:13:18;Marcelo.Costa1990@Hotmail.Com;site;google;organic;;;73.8;0.0;14.9;88.7;Pago
100165;2026-02-01 13:42:28;Fernanda.Costa27@Gmail.Com;site;instagram;cpc;META_PROSPECCAO_BLENDS;CAFE20 ;54.9;10.98;31.5;75.42;Pago
100166;2026-02-01 14:51:23;Felipe.Dallabernardina1995@Outlook.Com;site;;;;;44.9;0.0;14.9;59.8;Aguardando pagamento
100167;2026-02-01 14:54:25;Gabriela.Pimentel@Gmail.Com;site;instagram;influencer;INFLU_DUDA_BARISTA;BIA10 ;199.8;19.98;0.0;179.82;Pago
100168;2026-02-01 22:37:15;Patricia.Martins@Hotmail.Com;site;;;;;489.4;0.0;0.0;489.4;Pago
100169;2026-02-01 23:27:32;Rafael.Costa1991@Icloud.Com;site;instagram;cpc;META_PROSPECCAO_BLENDS;CAFE20;238.6;47.72;0.0;190.88;Pago
100170;2026-02-02 06:43:36;Caio.Oliveira@Gmail.Com;site;facebook;cpc;META_REMARKETING;;464.6;0.0;0.0;464.6;Cancelado
100171;2026-02-02 09:19:15;Thiago.Rocha1985@Gmail.Com;site;;;;;169.8;0.0;0.0;169.8;Pago
100172;2026-02-02 09:21:55;Julia.Simoes@Hotmail.Com;site;google;cpc;google_search_generico;;189.7;0.0;0.0;189.7;Pago
100173;2026-02-02 09:46:02;Thiago.Zanotti37@Gmail.Com;site;google;cpc;google_search_generico;BEMVINDO10;49.8;4.98;27.9;72.72;Pago
100174;2026-02-02 09:54:01;Fabio.Santos90@Outlook.Com;site;google;cpc;GOOGLE_SHOPPING;;18.9;0.0;14.9;33.8;Aguardando pagamento
100175;2026-02-02 10:27:10;Julia.Costa1998@Gmail.Com;site;google;cpc;GOOGLE_SEARCH_MARCA;;204.6;0.0;0.0;204.6;Pago
100176;2026-02-02 12:01:26;Carolina.Martins1995@Icloud.Com;site;google;cpc;GOOGLE_SEARCH_GENERICO;;24.9;0.0;14.9;39.8;Pago
100177;2026-02-03 06:16:55;Bruna.Ribeiro@Gmail.Com;site;google;organic;;;364.6;0.0;0.0;364.6;Pago
100178;2026-02-03 08:58:10;Leonardo.Almeida1992@Outlook.Com;site;google;shopping;GOOGLE_SHOPPING;CAFE20;339.6;67.92;0.0;271.68;Pago
100179;2026-02-03 10:25:32;Gabriel.Nascimento1980@Gmail.Com;site;google;cpc;GOOGLE_SEARCH_GENERICO;CAFE20;49.9;9.98;14.9;54.82;Pago
100180;2026-02-03 12:58:58;Maria.Silva1992@Gmail.Com;site;facebook;cpc;META_PROSPECCAO_BLENDS;CAFE20;179.8;35.96;14.9;158.74;Pago
100181;2026-02-03 14:39:47;Maria.Nascimento@Gmail.Com;site;google;cpc;GOOGLE_SHOPPING;;229.7;0.0;0.0;229.7;Pago
100182;2026-02-03 14:42:11;Bruno.Costa1984@Yahoo.Com.Br;site;google;cpc;GOOGLE_SEARCH_GENERICO;;319.8;0.0;0.0;319.8;Pago
100183;2026-02-03 15:22:48;Maria.Almeida46@Gmail.Com;site;;;;;44.9;0.0;14.9;59.8;Pago
100184;2026-02-03 17:26:43;Eduardo.Lima@Gmail.Com;site;google;cpc;GOOGLE_SHOPPING;;294.7;0.0;0.0;294.7;Pago
100185;2026-02-03 17:40:04;Larissa.Souza89@Outlook.Com;site;instagram;social;bio_link;;364.4;0.0;0.0;364.4;Pago
100186;2026-02-03 18:34:26;Mariana.Moreira98@Hotmail.Com;site;google;cpc;google_search_generico;;87.6;0.0;14.9;102.5;Pago
100187;2026-02-03 20:28:42;Gustavo.Zanotti@Gmail.Com;site;;;;;267.5;0.0;0.0;267.5;Pago
100188;2026-02-03 23:45:58;Andre.Moreira1980@Hotmail.Com;site;whatsapp;referral;indique_ganhe;;219.8;0.0;0.0;219.8;Pago
100189;2026-02-04 07:39:16;Carlos.Carvalho1994@Gmail.Com;site;;;;DUDA15;24.9;3.73;14.9;36.07;Pago
100190;2026-02-04 12:06:35;Fabio.Carvalho44@Gmail.Com;site;instagram;social;bio_link;;69.9;0.0;14.9;84.8;Pago
100191;2026-02-04 13:10:36;Gabriela.Mercon2006@Gmail.Com;site;google;cpc;google_search_generico;;49.9;0.0;14.9;64.8;Pago
100192;2026-02-05 10:50:09;Debora.Pimentel@Outlook.Com;site;facebook;cpc;META_PROSPECCAO_BLENDS;;239.8;0.0;0.0;239.8;Pago
100193;2026-02-05 10:55:43;Rodrigo.Barbosa99@Gmail.Com;site;instagram;influencer;INFLU_CAFE_COM_BIA;DUDA15;44.9;6.73;14.9;53.07;Pago
100194;2026-02-05 11:23:50;Gabriela.Almeida2002@Icloud.Com;site;google;shopping;GOOGLE_SHOPPING; PRIMEIRACOMPRA;49.9;7.48;14.9;57.32;Pago
100195;2026-02-05 15:26:41;Larissa.Souza@Gmail.Com;site;instagram;cpc;META_REMARKETING;;268.7;0.0;0.0;268.7;Pago
100196;2026-02-05 17:32:00;Carlos.Pimentel@Gmail.Com;site;facebook;cpc;META_REMARKETING;CAFE20;169.8;33.96;14.9;150.74;Pago
100197;2026-02-05 17:42:04;Leticia.Loureiro@Gmail.Com;site;email;newsletter;news_feb;;409.6;0.0;0.0;409.6;Pago
100198;2026-02-06 06:10:59;Debora.Santos52@Gmail.Com;site;google;cpc;GOOGLE_SEARCH_GENERICO;;24.9;0.0;22.9;47.8;Pago
100199;2026-02-06 07:03:19;Renata.Mercon1993@Gmail.Com;site;facebook;cpc;META_PROSPECCAO_BLENDS;CAFE20;163.6;32.72;27.9;158.78;Cancelado
100200;2026-02-06 18:30:36;Lucas.Nascimento1997@Hotmail.Com;site;;;;BIA10;239.7;23.97;0.0;215.73;Pago
100201;2026-02-06 21:15:21;Larissa.Moreira@Gmail.Com;site;instagram;cpc;META_REMARKETING;;74.8;0.0;27.9;102.7;Aguardando pagamento
100202;2026-02-06 23:49:03;Bruna.Pereira@Outlook.Com;site;instagram;social;bio_link;;444.6;0.0;0.0;444.6;Pago
100203;2026-02-07 06:43:18;Ana.Gomes@Hotmail.Com;site;google;cpc;GOOGLE_SEARCH_GENERICO;;49.8;0.0;14.9;64.7;Pago
100204;2026-02-07 06:49:32;Thais.Moreira1982@Gmail.Com;site;facebook;cpc;META_REMARKETING;;127.7;0.0;14.9;142.6;Pago
100205;2026-02-07 11:50:51;Carlos.Santos1983@Outlook.Com;site;google;cpc;GOOGLE_SHOPPING;;119.8;0.0;14.9;134.7;Reembolsado
100206;2026-02-07 13:24:01;Felipe.Silva72@Gmail.Com;site;instagram;cpc;META_REMARKETING;;49.9;0.0;31.5;81.4;Pago
100207;2026-02-07 16:39:01;Leonardo.Pimentel28@Gmail.Com;assinatura;;;;;69.9;6.99;0.0;62.91;Cancelado
100208;2026-02-07 17:48:28;Leonardo.Loureiro@Hotmail.Com;site;instagram;influencer;INFLU_CAFE_COM_BIA;DUDA15;139.7;20.95;22.9;141.65;Pago
100209;2026-02-07 20:57:44;Camila.Costa44@Gmail.Com;site;google;cpc;GOOGLE_SEARCH_GENERICO;;49.9;0.0;14.9;64.8;Pago
100210;2026-02-07 21:08:29;Lucas.Carvalho1993@Gmail.Com;site;fb;paid;meta_prospeccao_blends;PRIMEIRACOMPRA;229.8;34.47;0.0;195.33;Pago
100211;2026-02-07 22:02:16;Renata.Ribeiro2000@Gmail.Com;site;facebook;cpc;META_PROSPECCAO_BLENDS; CAFE20;18.9;3.78;14.9;30.02;Pago
100212;2026-02-07 23:42:46;Aline.Gomes53@Hotmail.Com;assinatura;;;;;69.9;6.99;0.0;62.91;Pago
100213;2026-02-08 06:26:08;Aline.Gomes37@Gmail.Com;site;fb;paid;meta_prospeccao_blends;CAFE20;229.8;45.96;0.0;183.84;Pago
100214;2026-02-08 16:44:22;Julia.Costa@Gmail.Com;site;;;;;89.9;0.0;27.9;117.8;Pago
100215;2026-02-08 17:45:33;Priscila.Moreira@Gmail.Com;site;ig;cpc;Meta_Prospeccao_Blends ;BEMVINDO10;69.9;6.99;14.9;77.81;Pago
100216;2026-02-08 18:14:31;Rodrigo.Pimentel81@Gmail.Com;site;;;;;153.7;0.0;0.0;153.7;Pago
100217;2026-02-08 18:42:55;Joao.Lima62@Gmail.Com;site;facebook;cpc;META_PROSPECCAO_BLENDS;;43.8;0.0;14.9;58.7;Reembolsado
100218;2026-02-08 19:01:45;Priscila.Lima1982@Yahoo.Com.Br;site;google;shopping;GOOGLE_SHOPPING;;204.6;0.0;0.0;204.6;Pago
100219;2026-02-08 19:25:16;Fabio.Araujo@Gmail.Com;site;instagram;influencer;INFLU_DUDA_BARISTA;duda15;54.9;8.23;14.9;61.57;Pago
100220;2026-02-08 20:16:12;Beatriz.Gomes655@Yahoo.Com.Br;site;facebook;cpc;META_REMARKETING;PRIMEIRACOMPRA;159.9;23.98;14.9;150.82;Pago
100221;2026-02-08 21:28:42;Larissa.Costa25@Gmail.Com;site;;;;;119.9;0.0;14.9;134.8;Pago
100222;2026-02-09 06:54:39;Diego.Moreira@Gmail.Com;site;google;cpc;GOOGLE_SHOPPING;;204.8;0.0;0.0;204.8;Pago
100223;2026-02-09 09:47:18;Leonardo.Ribeiro1994@Gmail.Com;site;fb;paid;meta_prospeccao_blends;PRIMEIRACOMPRA;163.7;24.55;22.9;162.05;Pago
100224;2026-02-09 12:40:51;Mariana.Santos19@Gmail.Com;site;instagram;influencer;INFLU_CAFE_COM_BIA;DUDA15;139.9;20.98;14.9;133.82;Pago
100225;2026-02-09 14:02:21;Juliana.Simoes@Gmail.Com;site;google;cpc;GOOGLE_SEARCH_MARCA;CAFE20;164.7;32.94;27.9;159.66;Cancelado
100226;2026-02-09 18:02:56;Bruna.Ferreira67@Gmail.Com;site;facebook;cpc;META_REMARKETING;;374.5;0.0;0.0;374.5;Pago
100227;2026-02-09 18:43:36;Renata.Nascimento1990@Gmail.Com;site;google;cpc;GOOGLE_SHOPPING;PRIMEIRACOMPRA;178.8;26.82;0.0;151.98;Pago
100228;2026-02-09 19:13:19;Ana.Ferreira@Gmail.Com;site;google;cpc;GOOGLE_SEARCH_MARCA;;239.8;0.0;0.0;239.8;Pago
100229;2026-02-09 20:27:17;Gabriel.Lima@Gmail.Com;site;google;cpc;GOOGLE_SEARCH_MARCA;PRIMEIRACOMPRA;18.9;2.83;14.9;30.97;Pago
100230;2026-02-09 21:19:43;Carolina.Araujo41@Gmail.Com;site;google;cpc;GOOGLE_SEARCH_GENERICO;;49.9;0.0;14.9;64.8;Aguardando pagamento
100231;2026-02-09 21:52:16;Rodrigo.Ferreira1984@Hotmail.Com;site;;;;;49.9;0.0;14.9;64.8;Pago
100232;2026-02-09 22:56:59;Gabriela.Dallabernardina3@Gmail.Com;site;google;cpc;GOOGLE_SEARCH_MARCA;;94.8;0.0;31.5;126.3;Pago
100233;2026-02-10 06:30:12;Eduardo.Almeida1994@Gmail.Com;site;whatsapp;referral;indique_ganhe;indique15;69.9;10.49;14.9;74.31;Pago
100234;2026-02-10 06:51:51;Maria.Ferreira21@Gmail.Com;assinatura;;;;;69.9;6.99;0.0;62.91;Pago
100235;2026-02-10 07:51:11;Diego.Almeida2006@Yahoo.Com.Br;site;google;cpc;GOOGLE_SEARCH_GENERICO;BEMVINDO10;24.9;2.49;14.9;37.31;Pago
100236;2026-02-10 17:50:16;Diego.Moreira89@Outlook.Com;site;google;organic;;;119.9;0.0;31.5;151.4;Pago
100237;2026-02-10 18:41:24;Priscila.Rocha1998@Gmail.Com;site;instagram;influencer;INFLU_CAFE_COM_BIA;bia10;99.8;9.98;14.9;104.72;Cancelado
100238;2026-02-11 08:37:19;Larissa.Rocha@Hotmail.Com;site;google;cpc;GOOGLE_SEARCH_MARCA;;274.7;0.0;0.0;274.7;Pago
100239;2026-02-11 15:13:35;Juliana.Simoes1983@Hotmail.Com;site;google;cpc;GOOGLE_SEARCH_MARCA;;109.8;0.0;14.9;124.7;Pago
100240;2026-02-11 15:45:57;Rafael.Barbosa1988@Icloud.Com;site;google;shopping;GOOGLE_SHOPPING; PRIMEIRACOMPRA;289.6;43.44;0.0;246.16;Pago
100241;2026-02-11 21:59:41;Ana.Dallabernardina94@Icloud.Com;site;;;;;139.9;0.0;14.9;154.8;Pago
100242;2026-02-11 22:29:47;Fernanda.Rocha16@Outlook.Com;site;google;organic;;;389.7;0.0;0.0;389.7;Pago
100243;2026-02-12 09:52:24;Gustavo.Rodrigues59@Gmail.Com;site;;;;BIA10;114.8;11.48;14.9;118.22;Pago
100244;2026-02-12 15:52:57;Thais.Costa1990@Gmail.Com;site;instagram;social;bio_link;;24.9;0.0;27.9;52.8;Pago
100245;2026-02-12 19:58:57;Gabriel.Santos58@Icloud.Com;site;instagram;social;bio_link;;274.7;0.0;0.0;274.7;Pago
100246;2026-02-12 20:25:10;Thais.Pereira70@Gmail.Com;site;instagram;cpc;META_PROSPECCAO_BLENDS;PRIMEIRACOMPRA;18.9;2.83;14.9;30.97;Pago
100247;2026-02-12 20:38:03;Debora.Rocha@Gmail.Com;site;facebook;cpc;META_REMARKETING;;219.7;0.0;0.0;219.7;Pago
100248;2026-02-12 22:38:03;Beatriz.Ribeiro@Outlook.Com;site;instagram;social;bio_link;;319.7;0.0;0.0;319.7;Pago
100249;2026-02-12 23:26:04;Debora.Araujo1999@Gmail.Com;site;facebook;cpc;META_PROSPECCAO_BLENDS;;69.9;0.0;14.9;84.8;Pago
100250;2026-02-13 06:56:54;Juliana.Souza73@Gmail.Com;site;;;;;153.7;0.0;0.0;153.7;Pago
100251;2026-02-13 07:31:22;Ana.Moreira1980@Gmail.Com;assinatura;;;;;69.9;6.99;0.0;62.91;Pago
100252;2026-02-13 08:22:27;Patricia.Araujo2003@Gmail.Com;site;;;;;277.4;0.0;0.0;277.4;Pago
100253;2026-02-13 09:51:38;Rodrigo.Lima@Gmail.Com;site;;;;;184.8;0.0;0.0;184.8;Pago
100254;2026-02-13 14:43:48;Pedro.Carvalho36@Hotmail.Com;site;ig;cpc;Meta_Prospeccao_Blends ;;174.6;0.0;0.0;174.6;Pago
100255;2026-02-13 15:31:08;Priscila.Lima@Yahoo.Com.Br;site;google;cpc;GOOGLE_SEARCH_MARCA;;149.6;0.0;14.9;164.5;Cancelado
100256;2026-02-13 19:38:42;Thais.Barbosa1991@Gmail.Com;site;google;cpc;google_search_generico;BEMVINDO10;18.9;1.89;14.9;31.91;Pago
100257;2026-02-13 21:25:57;Beatriz.Barbosa95@Gmail.Com;site;;;;;54.9;0.0;14.9;69.8;Cancelado
100258;2026-02-13 23:10:18;Lucas.Barbosa2006@Hotmail.Com;site;instagram;influencer;INFLU_DUDA_BARISTA;BIA10;569.6;56.96;0.0;512.64;Pago
100259;2026-02-14 06:04:00;Renata.Barbosa24@Gmail.Com;site;instagram;cpc;META_REMARKETING;;134.8;0.0;14.9;149.7;Pago
100260;2026-02-14 10:07:49;Camila.Martins392@Outlook.Com;site;;;;CAFE20;184.7;36.94;14.9;162.66;Pago
100261;2026-02-14 11:10:11;Debora.Rocha1985@Gmail.Com;site;;;;;134.8;0.0;22.9;157.7;Pago
100262;2026-02-14 19:06:01;Rafael.Mercon84@Gmail.Com;site;whatsapp;referral;indique_ganhe;;89.9;0.0;14.9;104.8;Pago
100263;2026-02-14 21:07:23;Carolina.Rodrigues21@Gmail.Com;assinatura;;;;;69.9;6.99;0.0;62.91;Pago
100264;2026-02-15 06:42:28;Fernanda.Ribeiro1999@Gmail.Com;site;;;;;389.7;0.0;0.0;389.7;Pago
100265;2026-02-15 07:12:55;Camila.Santos@Hotmail.Com;site;google;cpc;google_search_generico;;309.6;0.0;0.0;309.6;Pago
100266;2026-02-15 08:34:05;Fernanda.Rodrigues1997@Gmail.Com;site;google;cpc;google_search_generico;;739.5;0.0;0.0;739.5;Pago
100267;2026-02-15 13:27:35;Mariana.Dallabernardina75@Hotmail.Com;site;ig;cpc;Meta_Prospeccao_Blends ;primeiracompra;69.9;10.49;14.9;74.31;Pago
100268;2026-02-15 13:32:07;Debora.Araujo@Gmail.Com;assinatura;;;;;69.9;6.99;0.0;62.91;Pago
100269;2026-02-15 13:54:55;Gabriela.Ribeiro@Gmail.Com;site;;;;;249.7;0.0;0.0;249.7;Pago
100270;2026-02-15 18:56:53;Bruna.Araujo@Gmail.Com;site;google;cpc;GOOGLE_SEARCH_GENERICO;CAFE20;209.8;41.96;0.0;167.84;Cancelado
100271;2026-02-15 23:26:47;Beatriz.Carvalho@Gmail.Com;site;google;cpc;GOOGLE_SEARCH_MARCA;;139.8;0.0;27.9;167.7;Pago
100272;2026-02-16 07:30:44;Beatriz.Mercon@Hotmail.Com;site;;;;;54.9;0.0;14.9;69.8;Pago
100273;2026-02-16 07:48:06;Bruna.Araujo@Icloud.Com;assinatura;;;;;69.9;6.99;0.0;62.91;Pago
100274;2026-02-16 09:57:58;Fabio.Santos82@Gmail.Com;site;google;cpc;GOOGLE_SEARCH_MARCA;CAFE20;18.9;3.78;14.9;30.02;Pago
100275;2026-02-16 11:34:01;Carolina.Rocha@Outlook.Com;site;google;cpc;GOOGLE_SEARCH_MARCA;;214.6;0.0;0.0;214.6;Pago
100276;2026-02-16 12:25:13;Gabriela.Pereira1994@Yahoo.Com.Br;site;google;shopping;GOOGLE_SHOPPING;;204.8;0.0;0.0;204.8;Pago
100277;2026-02-16 18:54:13;Vinicius.Zanotti@Gmail.Com;site;google;cpc;GOOGLE_SEARCH_GENERICO;;18.9;0.0;14.9;33.8;Pago
100278;2026-02-16 19:31:56;Carlos.Barbosa66@Gmail.Com;site;;;;;49.9;0.0;27.9;77.8;Aguardando pagamento
100279;2026-02-16 20:15:47;Diego.Costa@Gmail.Com;site;;;;;279.8;0.0;0.0;279.8;Pago
100280;2026-02-16 21:39:41;Patricia.Costa88@Gmail.Com;site;google;shopping;GOOGLE_SHOPPING;CAFE20;99.8;19.96;14.9;94.74;Aguardando pagamento
100281;2026-02-17 06:22:29;Leticia.Rocha489@Hotmail.Com;site;facebook;cpc;META_PROSPECCAO_BLENDS;BEMVINDO10;119.9;11.99;14.9;122.81;Pago
100282;2026-02-17 07:16:09;Caio.Barbosa@Gmail.Com;site;google;shopping;GOOGLE_SHOPPING;;129.7;0.0;14.9;144.6;Aguardando pagamento
100283;2026-02-17 09:35:40;Rodrigo.Araujo2002@Gmail.Com;site;email;newsletter;news_feb;;479.7;0.0;0.0;479.7;Pago
100284;2026-02-17 11:01:00;Leonardo.Souza1989@Icloud.Com;site;google;cpc;GOOGLE_SEARCH_GENERICO;;179.7;0.0;0.0;179.7;Pago
100285;2026-02-17 13:06:53;Marcelo.Pereira2006@Gmail.Com;site;google;cpc;GOOGLE_SEARCH_MARCA;;89.8;0.0;14.9;104.7;Reembolsado
100286;2026-02-17 13:09:53;Debora.Almeida43@Gmail.Com;site;email;newsletter;news_feb;;18.9;0.0;14.9;33.8;Pago
100287;2026-02-17 13:36:44;Felipe.Nascimento44@Hotmail.Com;assinatura;;;;;69.9;6.99;0.0;62.91;Pago
100288;2026-02-17 13:56:25;Felipe.Silva72@Gmail.Com;assinatura;;;;;69.9;6.99;0.0;62.91;Pago
100289;2026-02-17 15:35:23;Priscila.Pereira35@Gmail.Com;assinatura;;;;;69.9;6.99;0.0;62.91;Pago
100290;2026-02-17 18:04:46;Patricia.Oliveira59@Icloud.Com;site;google;cpc;GOOGLE_SHOPPING;;209.8;0.0;0.0;209.8;Pago
100291;2026-02-17 18:22:17;Mateus.Ribeiro@Hotmail.Com;site;instagram;influencer;INFLU_CAFE_COM_BIA;BIA10;144.8;14.48;14.9;145.22;Pago
100292;2026-02-17 18:48:36;Thais.Santos2002@Gmail.Com;assinatura;;;;;69.9;6.99;0.0;62.91;Pago
100293;2026-02-17 20:54:43;Rafael.Santos@Gmail.Com;site;google;cpc;google_search_generico;;169.8;0.0;0.0;169.8;Cancelado
100294;2026-02-17 21:55:08;Caio.Pimentel@Gmail.Com;site;instagram;cpc;META_PROSPECCAO_BLENDS; PRIMEIRACOMPRA;109.8;16.47;14.9;108.23;Pago
100295;2026-02-17 22:08:32;Ana.Souza98@Hotmail.Com;site;google;cpc;GOOGLE_SEARCH_GENERICO;;249.8;0.0;0.0;249.8;Pago
100296;2026-02-18 11:06:48;Luiza.Araujo581@Gmail.Com;site;;;;;419.6;0.0;0.0;419.6;Pago
100297;2026-02-18 15:00:55;Maria.Nascimento1996@Gmail.Com;site;google;cpc;GOOGLE_SEARCH_GENERICO;BEMVINDO10;74.8;7.48;14.9;82.22;Pago
100298;2026-02-18 15:20:53;Juliana.Loureiro90@Yahoo.Com.Br;site;ig;cpc;Meta_Prospeccao_Blends ;PRIMEIRACOMPRA;179.8;26.97;0.0;152.83;Pago
100299;2026-02-18 15:24:48;Luiza.Nascimento1982@Outlook.Com;site;instagram;influencer;INFLU_CAFE_COM_BIA;DUDA15;319.8;47.97;0.0;271.83;Pago
100300;2026-02-18 18:54:06;Carlos.Barbosa1999@Gmail.Com;site;google;cpc;GOOGLE_SEARCH_MARCA;;269.7;0.0;0.0;269.7;Pago
100301;2026-02-18 19:43:22;Maria.Martins1993@Icloud.Com;site;google;cpc;GOOGLE_SHOPPING;;18.9;0.0;14.9;33.8;Pago
100302;2026-02-18 20:38:50;Debora.Ribeiro2003@Gmail.Com;site;;;;;49.9;0.0;14.9;64.8;Pago
100303;2026-02-19 10:53:54;Bruna.Rodrigues1993@Gmail.Com;site;instagram;social;bio_link;;24.9;0.0;14.9;39.8;Cancelado
100304;2026-02-19 15:04:05;Leticia.Zanotti48@Gmail.Com;site;google;cpc;GOOGLE_SEARCH_MARCA;;224.7;0.0;0.0;224.7;Pago
100305;2026-02-19 15:53:08;Bruno.Almeida1@Outlook.Com;site;fb;paid;meta_prospeccao_blends; BEMVINDO10;54.9;5.49;14.9;64.31;Pago
100306;2026-02-19 19:05:39;Carolina.Rodrigues@Outlook.Com;site;instagram;social;bio_link;;24.9;0.0;14.9;39.8;Cancelado
100307;2026-02-19 19:12:13;Julia.Santos@Outlook.Com;site;;;;;184.8;0.0;0.0;184.8;Pago
100308;2026-02-19 19:58:57;Andre.Rocha1993@Outlook.Com;site;instagram;cpc;META_REMARKETING;;139.9;0.0;14.9;154.8;Pago
100309;2026-02-19 23:32:37;Maria.Moreira6@Icloud.Com;site;instagram;cpc;META_REMARKETING;PRIMEIRACOMPRA;89.9;13.49;14.9;91.31;Pago
100310;2026-02-20 08:00:46;Larissa.Ribeiro@Gmail.Com;site;google;cpc;google_search_generico;;18.9;0.0;14.9;33.8;Pago
100311;2026-02-20 08:53:42;Carlos.Mercon536@Icloud.Com;site;google;cpc;GOOGLE_SEARCH_MARCA;;129.8;0.0;14.9;144.7;Pago
100312;2026-02-20 10:21:40;Fernanda.Lima2003@Outlook.Com;site;google;cpc;GOOGLE_SHOPPING;primeiracompra;104.8;15.72;14.9;103.98;Pago
100313;2026-02-20 12:20:06;Bruna.Ribeiro@Gmail.Com;assinatura;;;;;69.9;6.99;0.0;62.91;Pago
100314;2026-02-20 13:14:27;Fernanda.Ribeiro1995@Gmail.Com;site;google;shopping;GOOGLE_SHOPPING;PRIMEIRACOMPRA;139.9;20.98;27.9;146.82;Pago
100315;2026-02-20 14:57:46;Marcelo.Mercon64@Gmail.Com;site;fb;paid;meta_prospeccao_blends;CAFE20;18.9;3.78;14.9;30.02;Pago
100316;2026-02-20 15:27:44;Bruno.Moreira1998@Outlook.Com;site;google;cpc;GOOGLE_SEARCH_MARCA;BEMVINDO10;188.7;18.87;0.0;169.83;Pago
100317;2026-02-20 18:34:47;Priscila.Rodrigues17@Yahoo.Com.Br;site;google;organic;;;49.9;0.0;14.9;64.8;Pago
100318;2026-02-20 20:06:25;Larissa.Simoes1982@Gmail.Com;site;email;newsletter;news_feb;;139.8;0.0;31.5;171.3;Pago
100319;2026-02-20 22:23:30;Maria.Ferreira1988@Outlook.Com;site;google;cpc;GOOGLE_SHOPPING;;69.9;0.0;14.9;84.8;Pago
100320;2026-02-20 22:51:21;Gabriel.Simoes91@Gmail.Com;site;google;shopping;GOOGLE_SHOPPING;CAFE20;119.9;23.98;14.9;110.82;Cancelado
100321;2026-02-20 23:51:30;Carolina.Ribeiro1986@Gmail.Com;site;google;cpc;GOOGLE_SHOPPING;;399.6;0.0;0.0;399.6;Pago
100322;2026-02-20 23:58:51;Caio.Ribeiro1981@Gmail.Com;site;google;organic;;;104.8;0.0;14.9;119.7;Pago
100323;2026-02-21 07:58:34;Rafael.Costa93@Hotmail.Com;site;fb;paid;meta_prospeccao_blends;CAFE20;279.8;55.96;0.0;223.84;Pago
100324;2026-02-21 08:22:07;Fabio.Santos82@Gmail.Com;assinatura;;;;;69.9;6.99;0.0;62.91;Pago
100325;2026-02-21 09:35:33;Larissa.Pereira1983@Yahoo.Com.Br;site;instagram;cpc;META_PROSPECCAO_BLENDS;;49.9;0.0;14.9;64.8;Pago
100326;2026-02-21 10:41:36;Bruna.Costa63@Gmail.Com;site;;;;CAFE20;269.6;53.92;0.0;215.68;Pago
100327;2026-02-21 11:32:25;Ana.Santos1999@Icloud.Com;site;google;cpc;GOOGLE_SEARCH_MARCA;;479.7;0.0;0.0;479.7;Cancelado
100328;2026-02-21 13:10:16;Maria.Simoes@Gmail.Com;site;fb;paid;meta_prospeccao_blends;PRIMEIRACOMPRA;279.8;41.97;0.0;237.83;Pago
100329;2026-02-21 15:34:27;Andre.Ferreira47@Gmail.Com;site;google;cpc;google_search_generico;;319.6;0.0;0.0;319.6;Pago
100330;2026-02-21 19:17:43;Juliana.Rocha98@Gmail.Com;site;;;;DUDA15;279.8;41.97;0.0;237.83;Pago
100331;2026-02-22 07:00:45;Rafael.Lima5@Gmail.Com;site;instagram;cpc;META_PROSPECCAO_BLENDS; BEMVINDO10;239.7;23.97;0.0;215.73;Pago
100332;2026-02-22 14:30:39;Rodrigo.Dallabernardina81@Hotmail.Com;site;facebook;cpc;META_REMARKETING;BEMVINDO10;224.6;22.46;0.0;202.14;Pago
100333;2026-02-22 15:08:19;Carolina.Martins1995@Icloud.Com;site;email;newsletter;news_feb;;194.8;0.0;0.0;194.8;Aguardando pagamento
100334;2026-02-22 17:14:40;Bruna.Oliveira1981@Gmail.Com;site;instagram;influencer;INFLU_DUDA_BARISTA;DUDA15;24.9;3.73;14.9;36.07;Pago
100335;2026-02-22 18:59:08;Julia.Carvalho@Gmail.Com;site;;;;;54.9;0.0;14.9;69.8;Pago
100336;2026-02-22 21:43:13;Bruna.Costa1988@Gmail.Com;site;instagram;cpc;META_REMARKETING;BEMVINDO10;139.9;13.99;14.9;140.81;Pago
100337;2026-02-22 23:18:10;Priscila.Souza1994@Hotmail.Com;site;google;cpc;GOOGLE_SHOPPING;;149.8;0.0;31.5;181.3;Pago
100338;2026-02-23 06:28:00;Fabio.Mercon13@Outlook.Com;site;google;cpc;google_search_generico;;139.9;0.0;14.9;154.8;Pago
100339;2026-02-23 07:00:33;Aline.Costa2000@Gmail.Com;site;google;cpc;GOOGLE_SEARCH_GENERICO;PRIMEIRACOMPRA;124.8;18.72;14.9;120.98;Pago
100340;2026-02-23 07:52:51;Thiago.Dallabernardina94@Icloud.Com;site;google;cpc;GOOGLE_SEARCH_MARCA;;329.6;0.0;0.0;329.6;Pago
100341;2026-02-23 09:37:28;Juliana.Simoes@Yahoo.Com.Br;site;facebook;cpc;META_PROSPECCAO_BLENDS;CAFE20;234.6;46.92;0.0;187.68;Pago
100342;2026-02-23 09:44:52;Marcelo.Pimentel1995@Gmail.Com;assinatura;;;;;69.9;6.99;0.0;62.91;Pago
100343;2026-02-23 09:50:14;Gabriel.Ferreira@Yahoo.Com.Br;site;email;newsletter;news_feb;;18.9;0.0;14.9;33.8;Reembolsado
100344;2026-02-23 12:19:54;Carlos.Pimentel1985@Gmail.Com;site;google;shopping;GOOGLE_SHOPPING;;279.8;0.0;0.0;279.8;Pago
100345;2026-02-23 14:13:50;Leticia.Oliveira60@Gmail.Com;site;google;cpc;GOOGLE_SEARCH_MARCA;;144.7;0.0;14.9;159.6;Pago
100346;2026-02-23 14:57:49;Renata.Zanotti@Gmail.Com;site;google;cpc;GOOGLE_SEARCH_MARCA;;159.8;0.0;0.0;159.8;Pago
100347;2026-02-23 15:25:27;Leonardo.Gomes@Yahoo.Com.Br;site;google;cpc;GOOGLE_SHOPPING;;18.9;0.0;14.9;33.8;Pago
100348;2026-02-23 19:39:54;Priscila.Carvalho16@Yahoo.Com.Br;site;google;cpc;GOOGLE_SEARCH_MARCA;;89.8;0.0;22.9;112.7;Pago
100349;2026-02-23 21:59:40;Gabriela.Barbosa2001@Outlook.Com;site;google;cpc;GOOGLE_SEARCH_MARCA;;24.9;0.0;14.9;39.8;Pago
100350;2026-02-23 22:10:16;Gabriela.Gomes890@Hotmail.Com;site;google;cpc;GOOGLE_SHOPPING;;119.9;0.0;22.9;142.8;Pago
100351;2026-02-24 06:14:40;Andre.Moreira1980@Hotmail.Com;site;instagram;social;bio_link;;269.7;0.0;0.0;269.7;Pago
100352;2026-02-24 06:20:32;Luiza.Barbosa4@Gmail.Com;site;fb;paid;meta_prospeccao_blends;CAFE20;129.8;25.96;14.9;118.74;Pago
100353;2026-02-24 06:49:27;Gustavo.Loureiro2000@Yahoo.Com.Br;site;whatsapp;referral;indique_ganhe;;259.5;0.0;0.0;259.5;Pago
100354;2026-02-24 09:28:51;Renata.Souza@Gmail.Com;site;google;cpc;google_search_generico;;49.9;0.0;14.9;64.8;Pago
100355;2026-02-24 09:30:41;Fernanda.Dallabernardina@Icloud.Com;site;facebook;cpc;META_PROSPECCAO_BLENDS; PRIMEIRACOMPRA;379.7;56.95;0.0;322.75;Pago
100356;2026-02-24 13:40:31;Patricia.Ferreira@Gmail.Com;site;google;cpc;GOOGLE_SEARCH_MARCA; PRIMEIRACOMPRA;139.8;20.97;14.9;133.73;Pago
100357;2026-02-24 14:07:10;Rafael.Silva1994@Icloud.Com;site;facebook;cpc;META_REMARKETING;;49.9;0.0;14.9;64.8;Pago
100358;2026-02-24 16:39:30;Marcelo.Souza@Gmail.Com;site;google;cpc;GOOGLE_SEARCH_GENERICO;;24.9;0.0;14.9;39.8;Pago
100359;2026-02-24 19:17:26;Maria.Rocha2001@Hotmail.Com;site;email;newsletter;news_feb;;389.6;0.0;0.0;389.6;Pago
100360;2026-02-24 19:55:44;Mariana.Barbosa@Outlook.Com;site;whatsapp;referral;indique_ganhe;;134.8;0.0;22.9;157.7;Pago
100361;2026-02-24 21:30:41;Aline.Araujo1986@Gmail.Com;site;google;cpc;GOOGLE_SEARCH_MARCA;;189.7;0.0;0.0;189.7;Pago
100362;2026-02-25 15:50:17;Carlos.Gomes@Gmail.Com;site;fb;paid;meta_prospeccao_blends;BEMVINDO10;79.8;7.98;31.5;103.32;Pago
100363;2026-02-25 17:59:20;Renata.Lima912@Outlook.Com;site;google;cpc;GOOGLE_SHOPPING;PRIMEIRACOMPRA;258.6;38.79;0.0;219.81;Cancelado
100364;2026-02-25 19:05:26;Carlos.Rocha69@Gmail.Com;site;instagram;influencer;INFLU_DUDA_BARISTA;BIA10;164.7;16.47;14.9;163.13;Pago
100365;2026-02-25 22:07:44;Juliana.Souza2003@Gmail.Com;site;google;cpc;GOOGLE_SEARCH_MARCA;;159.9;0.0;0.0;159.9;Pago
100366;2026-02-25 23:17:57;Julia.Costa1998@Gmail.Com;assinatura;;;;;69.9;6.99;0.0;62.91;Pago
100367;2026-02-26 08:06:33;Leticia.Loureiro@Gmail.Com;site;google;cpc;GOOGLE_SEARCH_MARCA;;203.7;0.0;0.0;203.7;Pago
100368;2026-02-26 08:28:10;Caio.Ribeiro1981@Gmail.Com;assinatura;;;;;69.9;6.99;0.0;62.91;Cancelado
100369;2026-02-26 11:24:20;Ana.Dallabernardina94@Icloud.Com;assinatura;;;;;69.9;6.99;0.0;62.91;Pago
100370;2026-02-26 12:12:20;Thais.Zanotti@Outlook.Com;site;instagram;cpc;META_PROSPECCAO_BLENDS;cafe20;99.8;19.96;31.5;111.34;Pago
100371;2026-02-27 06:07:13;Larissa.Loureiro1985@Yahoo.Com.Br;site;;;;;159.8;0.0;0.0;159.8;Pago
100372;2026-02-27 06:35:57;Beatriz.Mercon@Hotmail.Com;assinatura;;;;;69.9;6.99;0.0;62.91;Pago
100373;2026-02-27 08:33:17;Gabriel.Nascimento1980@Gmail.Com;site;;;;;279.8;0.0;0.0;279.8;Pago
100374;2026-02-27 10:30:39;Rodrigo.Loureiro82@Gmail.Com;site;google;cpc;GOOGLE_SEARCH_MARCA;;144.8;0.0;27.9;172.7;Pago
100375;2026-02-27 11:03:16;Thais.Zanotti@Yahoo.Com.Br;site;google;cpc;google_search_generico;;99.8;0.0;14.9;114.7;Cancelado
100376;2026-02-27 14:59:24;Carlos.Pereira1994@Gmail.Com;site;google;cpc;GOOGLE_SEARCH_GENERICO;;279.8;0.0;0.0;279.8;Pago
100377;2026-02-27 15:08:47;Maria.Loureiro80@Yahoo.Com.Br;site;google;cpc;GOOGLE_SEARCH_MARCA;;159.9;0.0;0.0;159.9;Pago
100378;2026-02-27 19:36:50;Leticia.Mercon70@Outlook.Com;site;google;cpc;GOOGLE_SEARCH_GENERICO;;44.9;0.0;27.9;72.8;Pago
100379;2026-02-27 22:25:21;Debora.Oliveira1994@Icloud.Com;site;whatsapp;referral;indique_ganhe;INDIQUE15;89.9;13.49;14.9;91.31;Pago
100380;2026-02-28 11:08:58;Gabriela.Souza75@Yahoo.Com.Br;site;facebook;cpc;META_PROSPECCAO_BLENDS;PRIMEIRACOMPRA;239.8;35.97;0.0;203.83;Pago
100381;2026-02-28 17:36:59;Larissa.Gomes@Outlook.Com;site;;;;;249.7;0.0;0.0;249.7;Pago
100382;2026-02-28 19:05:02;Fernanda.Moreira82@Gmail.Com;site;facebook;cpc;META_PROSPECCAO_BLENDS;CAFE20;139.9;27.98;14.9;126.82;Aguardando pagamento
100383;2026-02-28 19:50:01;Joao.Lima@Gmail.Com;site;;;;BIA10;214.7;21.47;0.0;193.23;Pago
100384;2026-02-28 19:54:17;Diego.Mercon2004@Gmail.Com;site;google;shopping;GOOGLE_SHOPPING;;89.9;0.0;14.9;104.8;Pago
100385;2026-03-01 10:55:50;Debora.Araujo1999@Gmail.Com;assinatura;;;;;69.9;6.99;0.0;62.91;Pago
100386;2026-03-01 12:18:04;Thais.Gomes425@Icloud.Com;site;google;cpc;GOOGLE_SEARCH_MARCA;;209.8;0.0;0.0;209.8;Aguardando pagamento
100387;2026-03-01 12:25:25;Felipe.Mercon2003@Gmail.Com;site;fb;paid;meta_prospeccao_blends;BEMVINDO10;18.9;1.89;27.9;44.91;Pago
100388;2026-03-01 12:49:43;Bruna.Simoes@Outlook.Com;site;google;cpc;GOOGLE_SEARCH_MARCA;;18.9;0.0;14.9;33.8;Pago
100389;2026-03-01 13:16:23;Fernanda.Barbosa1990@Outlook.Com;site;google;cpc;GOOGLE_SEARCH_MARCA;;69.9;0.0;14.9;84.8;Pago
100390;2026-03-01 13:32:41;Fernanda.Ribeiro@Yahoo.Com.Br;site;google;cpc;GOOGLE_SHOPPING;;49.9;0.0;14.9;64.8;Pago
100391;2026-03-01 17:12:44;Debora.Zanotti1991@Hotmail.Com;site;;;;;99.8;0.0;14.9;114.7;Pago
100392;2026-03-01 18:43:29;Ana.Ferreira@Gmail.Com;site;;;;;54.9;0.0;14.9;69.8;Pago
100393;2026-03-01 19:12:05;Leonardo.Rocha48@Gmail.Com;site;fb;paid;meta_prospeccao_blends;CAFE20;154.7;30.94;14.9;138.66;Pago
100394;2026-03-01 19:15:07;Rafael.Pereira93@Gmail.Com;site;instagram;social;bio_link;;49.9;0.0;14.9;64.8;Cancelado
100395;2026-03-02 07:14:15;Bruna.Souza1981@Gmail.Com;site;instagram;cpc;META_REMARKETING;;69.9;0.0;14.9;84.8;Pago
100396;2026-03-02 08:56:36;Renata.Almeida1982@Gmail.Com;site;;;;;89.9;0.0;14.9;104.8;Pago
100397;2026-03-02 09:10:32;Felipe.Loureiro415@Icloud.Com;site;email;newsletter;news_mar;;24.9;0.0;14.9;39.8;Pago
100398;2026-03-02 10:06:23;Priscila.Santos46@Gmail.Com;assinatura;;;;;69.9;6.99;0.0;62.91;Pago
100399;2026-03-02 11:58:41;Aline.Almeida245@Yahoo.Com.Br;site;google;cpc;GOOGLE_SEARCH_GENERICO;;249.6;0.0;0.0;249.6;Pago
100400;2026-03-02 12:25:34;Renata.Pimentel2006@Gmail.Com;site;google;shopping;GOOGLE_SHOPPING;;79.9;0.0;14.9;94.8;Pago
100401;2026-03-02 12:52:50;Leticia.Martins@Gmail.Com;site;instagram;cpc;META_REMARKETING;;108.8;0.0;14.9;123.7;Cancelado
100402;2026-03-02 13:02:48;Bruno.Simoes55@Gmail.Com;site;facebook;cpc;META_PROSPECCAO_BLENDS;BEMVINDO10;274.6;27.46;0.0;247.14;Cancelado
100403;2026-03-02 16:58:08;Patricia.Simoes1991@Hotmail.Com;site;google;shopping;GOOGLE_SHOPPING;;37.8;0.0;31.5;69.3;Pago
100403;2026-03-02 16:58:08;Patricia.Simoes1991@Hotmail.Com;site;google;shopping;GOOGLE_SHOPPING;;37.8;0.0;31.5;69.3;Pago
100404;2026-03-02 18:57:39;Rafael.Martins1989@Gmail.Com;site;google;cpc;GOOGLE_SEARCH_MARCA;CAFE20;44.9;8.98;14.9;50.82;Pago
100405;2026-03-02 19:06:16;Luiza.Simoes91@Hotmail.Com;site;ig;cpc;Meta_Prospeccao_Blends ;PRIMEIRACOMPRA;134.8;20.22;22.9;137.48;Pago
100406;2026-03-02 20:11:38;Vinicius.Oliveira1984@Gmail.Com;site;;;;;49.9;0.0;22.9;72.8;Pago
100407;2026-03-02 21:53:39;Vinicius.Lima1987@Gmail.Com;site;;;;;214.6;0.0;0.0;214.6;Pago
100408;2026-03-03 06:02:06;Patricia.Dallabernardina1995@Hotmail.Com;site;ig;cpc;Meta_Prospeccao_Blends ;BEMVINDO10;24.9;2.49;14.9;37.31;Pago
100409;2026-03-03 06:52:56;Larissa.Gomes2005@Gmail.Com;site;email;newsletter;news_mar;;139.8;0.0;14.9;154.7;Pago
100410;2026-03-03 07:57:28;Mariana.Santos19@Gmail.Com;site;;;;;69.8;0.0;14.9;84.7;Pago
100411;2026-03-03 08:01:32;Rodrigo.Pimentel2004@Gmail.Com;site;;;;DUDA15;108.8;16.32;14.9;107.38;Pago
100412;2026-03-03 09:11:41;Maria.Almeida46@Gmail.Com;site;google;organic;;;194.7;0.0;0.0;194.7;Aguardando pagamento
100413;2026-03-03 09:18:38;Fabio.Oliveira1995@Hotmail.Com;site;fb;paid;meta_prospeccao_blends;BEMVINDO10;54.9;5.49;14.9;64.31;Pago
100414;2026-03-03 12:03:39;Leticia.Souza81@Yahoo.Com.Br;site;google;organic;;;489.6;0.0;0.0;489.6;Pago
100415;2026-03-03 12:16:35;Rafael.Santos2003@Outlook.Com;site;;;;;44.9;0.0;14.9;59.8;Pago
100416;2026-03-03 13:17:59;Gabriela.Ferreira2001@Gmail.Com;site;facebook;cpc;META_REMARKETING;;129.7;0.0;22.9;152.6;Pago
100417;2026-03-03 15:52:38;Renata.Simoes28@Gmail.Com;site;instagram;influencer;INFLU_CAFE_COM_BIA;BIA10;279.6;27.96;0.0;251.64;Pago
100418;2026-03-03 21:30:08;Thiago.Mercon@Gmail.Com;site;;;;;74.8;0.0;14.9;89.7;Pago
100419;2026-03-03 23:11:24;Fabio.Almeida2002@Gmail.Com;site;instagram;cpc;META_REMARKETING;BEMVINDO10;37.8;3.78;14.9;48.92;Pago
100420;2026-03-04 12:30:47;Maria.Dallabernardina1996@Gmail.Com;site;;;;;159.9;0.0;0.0;159.9;Pago
100421;2026-03-04 12:57:02;Diego.Dallabernardina1989@Gmail.Com;site;google;cpc;GOOGLE_SEARCH_MARCA;;309.6;0.0;0.0;309.6;Pago
100422;2026-03-04 20:33:34;Beatriz.Martins2001@Gmail.Com;site;instagram;cpc;META_REMARKETING;BEMVINDO10;109.8;10.98;14.9;113.72;Pago
100423;2026-03-04 21:11:51;Larissa.Mercon1993@Hotmail.Com;site;google;cpc;google_search_generico;;219.5;0.0;0.0;219.5;Pago
100424;2026-03-05 06:19:55;Camila.Santos1999@Gmail.Com;site;google;cpc;GOOGLE_SEARCH_MARCA;;159.9;0.0;0.0;159.9;Pago
100425;2026-03-05 06:22:02;Carlos.Loureiro1990@Icloud.Com;site;instagram;cpc;META_PROSPECCAO_BLENDS;BEMVINDO10;109.8;10.98;14.9;113.72;Cancelado
100426;2026-03-05 18:04:31;Leonardo.Ribeiro53@Outlook.Com;site;google;cpc;google_search_generico;;174.8;0.0;0.0;174.8;Pago
100427;2026-03-05 18:15:13;Fernanda.Moreira@Gmail.Com;site;instagram;cpc;META_REMARKETING;;139.8;0.0;14.9;154.7;Pago
100427;2026-03-05 18:15:13;Fernanda.Moreira@Gmail.Com;site;instagram;cpc;META_REMARKETING;;139.8;0.0;14.9;154.7;Pago
100428;2026-03-05 19:31:58;Gustavo.Rocha41@Hotmail.Com;assinatura;;;;;69.9;6.99;0.0;62.91;Cancelado
100429;2026-03-05 20:37:36;Fabio.Carvalho18@Gmail.Com;site;google;cpc;GOOGLE_SEARCH_GENERICO;;18.9;0.0;14.9;33.8;Pago
100430;2026-03-06 08:19:49;Rodrigo.Ribeiro36@Yahoo.Com.Br;site;google;cpc;google_search_generico;;298.5;0.0;0.0;298.5;Pago
100431;2026-03-06 09:23:37;Marcelo.Dallabernardina1981@Gmail.Com;site;google;organic;;;179.8;0.0;0.0;179.8;Pago
100432;2026-03-06 11:17:18;Thais.Carvalho46@Hotmail.Com;site;google;cpc;GOOGLE_SEARCH_GENERICO;;49.9;0.0;14.9;64.8;Pago
100433;2026-03-06 13:38:05;Rafael.Martins204@Outlook.Com;site;google;organic;;FRETEGRATIS;54.9;0.0;0.0;54.9;Pago
100434;2026-03-06 15:04:00;Gabriel.Mercon4@Gmail.Com;site;facebook;cpc;META_PROSPECCAO_BLENDS;PRIMEIRACOMPRA;269.7;40.45;0.0;229.25;Pago
100435;2026-03-06 16:51:15;Joao.Zanotti@Outlook.Com;site;instagram;influencer;INFLU_DUDA_BARISTA;BIA10;307.5;30.75;0.0;276.75;Pago
100436;2026-03-06 19:59:09;Gabriel.Silva74@Hotmail.Com;site;fb;paid;meta_prospeccao_blends;CAFE20;117.7;23.54;14.9;109.06;Pago
100437;2026-03-07 09:15:04;Leonardo.Rocha48@Gmail.Com;assinatura;;;;;69.9;6.99;0.0;62.91;Pago
100438;2026-03-07 18:17:32;Aline.Souza1991@Gmail.Com;site;google;cpc;GOOGLE_SEARCH_MARCA;;37.8;0.0;14.9;52.7;Pago
100439;2026-03-07 20:01:15;Larissa.Rodrigues28@Icloud.Com;site;google;cpc;GOOGLE_SEARCH_MARCA;;108.8;0.0;14.9;123.7;Pago
100440;2026-03-07 20:12:52;Larissa.Loureiro1985@Yahoo.Com.Br;assinatura;;;;;69.9;6.99;0.0;62.91;Pago
100441;2026-03-07 23:30:47;Patricia.Barbosa@Gmail.Com;site;whatsapp;referral;indique_ganhe;INDIQUE15;159.9;23.98;22.9;158.82;Pago
100442;2026-03-07 23:40:13;Aline.Zanotti@Gmail.Com;site;google;cpc;GOOGLE_SHOPPING;;319.8;0.0;0.0;319.8;Pago
100443;2026-03-08 06:30:19;Felipe.Araujo@Hotmail.Com;site;instagram;influencer;INFLU_DUDA_BARISTA;BIA10;54.9;5.49;14.9;64.31;Pago
100444;2026-03-08 06:55:20;Bruna.Rocha93@Gmail.Com;site;google;cpc;google_search_generico;;89.9;0.0;14.9;104.8;Pago
100445;2026-03-08 16:29:24;Gabriela.Rocha84@Gmail.Com;site;google;cpc;GOOGLE_SEARCH_MARCA;;436.4;0.0;0.0;436.4;Pago
100446;2026-03-08 16:39:33;Leticia.Mercon70@Outlook.Com;assinatura;;;;;69.9;6.99;0.0;62.91;Pago
100447;2026-03-08 19:56:14;Renata.Moreira1980@Outlook.Com;site;ig;cpc;Meta_Prospeccao_Blends ;BEMVINDO10;54.9;5.49;14.9;64.31;Pago
100448;2026-03-08 20:40:18;Thais.Nascimento1999@Outlook.Com;site;;;;;438.5;0.0;0.0;438.5;Pago
100449;2026-03-08 20:58:47;Luiza.Ferreira67@Gmail.Com;site;ig;cpc;Meta_Prospeccao_Blends ;;279.8;0.0;0.0;279.8;Pago
100450;2026-03-08 21:07:20;Carolina.Araujo41@Gmail.Com;site;;;;;384.4;0.0;0.0;384.4;Cancelado
100451;2026-03-08 21:12:04;Carolina.Dallabernardina1983@Gmail.Com;site;instagram;influencer;INFLU_DUDA_BARISTA;BIA10;139.9;13.99;14.9;140.81;Pago
100452;2026-03-08 22:03:09;Debora.Souza89@Hotmail.Com;site;;;;DUDA15;62.7;9.4;14.9;68.2;Pago
100453;2026-03-08 22:55:10;Carolina.Barbosa60@Gmail.Com;site;;;;FRETEGRATIS;159.9;0.0;0.0;159.9;Pago
100454;2026-03-08 23:07:04;Juliana.Souza367@Icloud.Com;site;google;shopping;GOOGLE_SHOPPING;CAFE20;89.9;17.98;14.9;86.82;Pago
100455;2026-03-08 23:49:01;Juliana.Nascimento30@Hotmail.Com;site;google;cpc;google_search_generico;;299.8;0.0;0.0;299.8;Pago
100456;2026-03-09 07:40:11;Gabriela.Zanotti47@Yahoo.Com.Br;site;facebook;cpc;META_PROSPECCAO_BLENDS;CAFE20;554.3;110.86;0.0;443.44;Pago
100457;2026-03-09 08:14:37;Bruna.Simoes579@Gmail.Com;site;google;cpc;GOOGLE_SEARCH_MARCA;;279.8;0.0;0.0;279.8;Pago
100458;2026-03-09 09:11:59;Mariana.Lima@Yahoo.Com.Br;site;;;;;159.9;0.0;0.0;159.9;Pago
100458;2026-03-09 09:11:59;Mariana.Lima@Yahoo.Com.Br;site;;;;;159.9;0.0;0.0;159.9;Pago
100459;2026-03-09 09:36:52;Debora.Ferreira1988@Gmail.Com;site;instagram;social;bio_link;;49.9;0.0;31.5;81.4;Pago
100460;2026-03-09 14:49:25;Rodrigo.Silva@Yahoo.Com.Br;site;ig;cpc;Meta_Prospeccao_Blends ;BEMVINDO10;18.9;1.89;14.9;31.91;Pago
100461;2026-03-09 15:30:41;Aline.Santos2006@Hotmail.Com;site;google;shopping;GOOGLE_SHOPPING;;18.9;0.0;27.9;46.8;Pago
100462;2026-03-09 17:46:50;Mateus.Rodrigues68@Gmail.Com;site;;;;BIA10;44.9;4.49;14.9;55.31;Pago
100463;2026-03-09 19:09:48;Luiza.Lima@Hotmail.Com;site;google;cpc;GOOGLE_SEARCH_MARCA;;54.9;0.0;31.5;86.4;Pago
100464;2026-03-09 21:41:47;Ana.Gomes@Hotmail.Com;site;email;newsletter;news_mar;;204.8;0.0;0.0;204.8;Pago
100465;2026-03-10 08:32:41;Leonardo.Rodrigues@Gmail.Com;site;google;cpc;GOOGLE_SEARCH_GENERICO;;529.6;0.0;0.0;529.6;Pago
100466;2026-03-10 09:42:49;Leticia.Nascimento2002@Gmail.Com;site;google;cpc;GOOGLE_SEARCH_MARCA;PRIMEIRACOMPRA;44.9;6.73;14.9;53.07;Pago
100467;2026-03-10 10:49:35;Fabio.Rodrigues@Gmail.Com;site;google;cpc;GOOGLE_SHOPPING;CAFE20;139.9;27.98;14.9;126.82;Pago
100468;2026-03-10 11:59:50;Aline.Gomes@Yahoo.Com.Br;site;google;shopping;GOOGLE_SHOPPING;BEMVINDO10;99.8;9.98;22.9;112.72;Pago
100469;2026-03-10 13:41:24;Leticia.Oliveira1981@Hotmail.Com;site;google;cpc;GOOGLE_SEARCH_MARCA;;319.7;0.0;0.0;319.7;Pago
100470;2026-03-10 17:44:45;Maria.Martins1994@Gmail.Com;site;facebook;cpc;META_REMARKETING;PRIMEIRACOMPRA;144.8;21.72;14.9;137.98;Pago
100471;2026-03-10 19:18:59;Thais.Carvalho74@Hotmail.Com;site;google;cpc;GOOGLE_SEARCH_MARCA;BEMVINDO10;209.8;20.98;0.0;188.82;Pago
100472;2026-03-10 20:14:19;Leticia.Costa80@Gmail.Com;site;;;;;89.9;0.0;14.9;104.8;Pago
100473;2026-03-10 21:01:48;Aline.Zanotti1998@Gmail.Com;site;;;;;154.7;0.0;0.0;154.7;Aguardando pagamento
100474;2026-03-11 08:38:15;Bruna.Nascimento80@Hotmail.Com;site;google;cpc;GOOGLE_SEARCH_MARCA;;54.9;0.0;14.9;69.8;Cancelado
100475;2026-03-11 10:04:16;Rafael.Santos831@Gmail.Com;site;instagram;influencer;INFLU_DUDA_BARISTA;DUDA15;89.9;13.49;14.9;91.31;Pago
100476;2026-03-11 12:23:48;Beatriz.Silva22@Hotmail.Com;site;;;;fretegratis;219.5;0.0;0.0;219.5;Pago
100477;2026-03-11 12:24:45;Vinicius.Loureiro63@Gmail.Com;site;instagram;cpc;META_REMARKETING;;159.7;0.0;0.0;159.7;Pago
100478;2026-03-11 14:26:45;Caio.Moreira67@Gmail.Com;site;instagram;social;bio_link;;214.6;0.0;0.0;214.6;Cancelado
100479;2026-03-11 17:42:40;Renata.Santos@Gmail.Com;site;google;cpc;GOOGLE_SHOPPING;CAFE20;89.9;17.98;14.9;86.82;Pago
100480;2026-03-11 17:47:32;Camila.Barbosa151@Outlook.Com;site;google;cpc;GOOGLE_SEARCH_MARCA;;49.9;0.0;14.9;64.8;Pago
100481;2026-03-12 06:53:39;Marcelo.Gomes1999@Gmail.Com;site;fb;paid;meta_prospeccao_blends;CAFE20;99.7;19.94;14.9;94.66;Pago
100482;2026-03-12 06:54:43;Rodrigo.Loureiro82@Gmail.Com;assinatura;;;;;69.9;6.99;0.0;62.91;Pago
100483;2026-03-12 15:42:30;Gabriela.Nascimento@Hotmail.Com;site;google;cpc;GOOGLE_SHOPPING;;409.7;0.0;0.0;409.7;Pago
100484;2026-03-12 16:57:41;Leticia.Dallabernardina47@Gmail.Com;site;facebook;cpc;META_REMARKETING;;134.7;0.0;14.9;149.6;Pago
100485;2026-03-12 18:31:04;Renata.Pimentel2006@Gmail.Com;assinatura;;;;;69.9;6.99;0.0;62.91;Pago
100486;2026-03-12 18:42:10;Juliana.Barbosa2@Hotmail.Com;site;google;cpc;GOOGLE_SEARCH_GENERICO;;139.9;0.0;14.9;154.8;Pago
100487;2026-03-12 19:50:18;Fabio.Souza1994@Gmail.Com;site;instagram;social;bio_link;;363.5;0.0;0.0;363.5;Pago
100488;2026-03-12 21:09:52;Vinicius.Nascimento@Gmail.Com;site;ig;cpc;Meta_Prospeccao_Blends ;PRIMEIRACOMPRA;99.7;14.96;14.9;99.64;Pago
100489;2026-03-12 21:21:36;Aline.Silva2004@Gmail.Com;site;;;;;123.7;0.0;14.9;138.6;Pago
100490;2026-03-13 07:43:08;Bruna.Rodrigues1993@Gmail.Com;site;;;;;49.9;0.0;14.9;64.8;Pago
100491;2026-03-13 10:24:52;Lucas.Rocha@Gmail.Com;site;;;;DUDA15;239.7;35.95;0.0;203.75;Pago
100492;2026-03-13 11:28:13;Maria.Santos35@Hotmail.Com;site;facebook;cpc;META_PROSPECCAO_BLENDS;;49.9;0.0;14.9;64.8;Pago
100493;2026-03-13 11:41:45;Bruno.Dallabernardina@Icloud.Com;site;google;cpc;GOOGLE_SEARCH_MARCA;;319.8;0.0;0.0;319.8;Cancelado
100494;2026-03-13 13:07:35;Leonardo.Souza1989@Icloud.Com;site;;;;;138.7;0.0;22.9;161.6;Pago
100495;2026-03-13 18:57:27;Larissa.Barbosa@Gmail.Com;site;instagram;cpc;META_REMARKETING;;109.8;0.0;14.9;124.7;Pago
100496;2026-03-13 19:00:38;Leticia.Araujo1984@Hotmail.Com;site;google;cpc;GOOGLE_SEARCH_MARCA;;164.8;0.0;0.0;164.8;Pago
100497;2026-03-13 21:39:26;Carolina.Moreira70@Gmail.Com;site;fb;paid;meta_prospeccao_blends;BEMVINDO10;279.7;27.97;0.0;251.73;Pago
100498;2026-03-13 21:43:51;Beatriz.Carvalho@Gmail.Com;site;email;newsletter;news_mar; FRETEGRATIS;164.8;0.0;0.0;164.8;Pago
100499;2026-03-14 06:21:43;Rodrigo.Costa34@Icloud.Com;site;google;cpc;GOOGLE_SHOPPING;;349.6;0.0;0.0;349.6;Cancelado
100500;2026-03-14 06:43:05;Luiza.Dallabernardina2005@Gmail.Com;site;instagram;cpc;META_PROSPECCAO_BLENDS;CAFE20;359.4;71.88;0.0;287.52;Pago
100501;2026-03-14 09:21:56;Felipe.Zanotti51@Gmail.Com;site;;;;;139.9;0.0;14.9;154.8;Pago
100502;2026-03-14 11:02:02;Rafael.Ferreira64@Outlook.Com;site;google;cpc;google_search_generico;;89.9;0.0;14.9;104.8;Pago
100503;2026-03-14 14:08:22;Gabriela.Dallabernardina842@Gmail.Com;site;instagram;cpc;META_PROSPECCAO_BLENDS;CAFE20;378.5;75.7;0.0;302.8;Pago
100504;2026-03-14 14:19:53;Leticia.Rocha489@Hotmail.Com;assinatura;;;;;69.9;6.99;0.0;62.91;Pago
100505;2026-03-14 16:04:01;Mariana.Gomes33@Hotmail.Com;site;google;cpc;GOOGLE_SEARCH_MARCA;;159.9;0.0;0.0;159.9;Pago
100506;2026-03-14 16:33:11;Debora.Rocha1999@Outlook.Com;site;instagram;influencer;INFLU_CAFE_COM_BIA;BIA10;189.8;18.98;0.0;170.82;Pago
100507;2026-03-14 19:16:48;Fabio.Carvalho44@Gmail.Com;site;google;cpc;GOOGLE_SEARCH_MARCA;CAFE20;394.5;78.9;0.0;315.6;Pago
100508;2026-03-14 19:59:47;Gabriel.Oliveira78@Icloud.Com;site;whatsapp;referral;indique_ganhe;;268.4;0.0;0.0;268.4;Pago
100509;2026-03-15 07:15:25;Bruna.Mercon2003@Gmail.Com;site;ig;cpc;Meta_Prospeccao_Blends ;;379.4;0.0;0.0;379.4;Aguardando pagamento
100510;2026-03-15 07:27:27;Lucas.Costa1997@Gmail.Com;site;google;cpc;google_search_generico;;169.8;0.0;0.0;169.8;Pago
100511;2026-03-15 09:18:34;Aline.Ferreira82@Gmail.Com;site;google;cpc;GOOGLE_SHOPPING;;44.9;0.0;14.9;59.8;Pago
100512;2026-03-15 10:47:21;Maria.Oliveira@Gmail.Com;site;google;cpc;GOOGLE_SEARCH_GENERICO;bemvindo10;159.9;15.99;14.9;158.81;Pago
100513;2026-03-15 16:17:57;Ana.Moreira1980@Gmail.Com;assinatura;;;;;69.9;6.99;0.0;62.91;Reembolsado
100514;2026-03-15 19:16:21;Leticia.Costa@Hotmail.Com;site;google;cpc;GOOGLE_SEARCH_GENERICO;;99.8;0.0;14.9;114.7;Pago
100515;2026-03-15 19:51:18;Beatriz.Pereira@Gmail.Com;site;instagram;influencer;INFLU_CAFE_COM_BIA;DUDA15;139.9;20.98;14.9;133.82;Pago
100516;2026-03-15 20:11:14;Thais.Martins1@Yahoo.Com.Br;site;instagram;cpc;META_PROSPECCAO_BLENDS;BEMVINDO10 ;68.8;6.88;14.9;76.82;Pago
100517;2026-03-15 21:05:24;Camila.Lima1998@Gmail.Com;site;;;;;99.8;0.0;31.5;131.3;Pago
100518;2026-03-15 21:46:32;Juliana.Silva@Hotmail.Com;site;ig;cpc;Meta_Prospeccao_Blends ;bemvindo10;109.8;10.98;14.9;113.72;Pago
100519;2026-03-15 23:56:48;Aline.Rocha24@Hotmail.Com;site;;;;;149.8;0.0;14.9;164.7;Pago
100520;2026-03-16 07:09:08;Camila.Souza@Gmail.Com;site;fb;paid;meta_prospeccao_blends;PRIMEIRACOMPRA;89.9;13.49;14.9;91.31;Pago
100521;2026-03-16 07:21:53;Rodrigo.Barbosa99@Gmail.Com;site;google;cpc;GOOGLE_SEARCH_MARCA;;119.9;0.0;14.9;134.8;Pago
100522;2026-03-16 10:18:41;Aline.Rocha@Gmail.Com;site;google;shopping;GOOGLE_SHOPPING;;89.8;0.0;27.9;117.7;Pago
100523;2026-03-16 11:15:28;Renata.Martins83@Yahoo.Com.Br;site;;;;CAFE20;177.7;35.54;14.9;157.06;Pago
100524;2026-03-16 11:50:04;Carolina.Rodrigues21@Gmail.Com;assinatura;;;;;69.9;6.99;0.0;62.91;Pago
100525;2026-03-16 13:37:22;Carolina.Almeida1981@Yahoo.Com.Br;site;facebook;cpc;META_PROSPECCAO_BLENDS;;24.9;0.0;22.9;47.8;Pago
100526;2026-03-16 20:03:05;Debora.Ribeiro2003@Gmail.Com;site;instagram;social;bio_link;;229.7;0.0;0.0;229.7;Pago
100527;2026-03-16 20:31:38;Eduardo.Oliveira2002@Hotmail.Com;site;instagram;cpc;META_PROSPECCAO_BLENDS;BEMVINDO10;129.8;12.98;14.9;131.72;Pago
100528;2026-03-16 21:16:03;Ana.Pimentel1987@Hotmail.Com;site;google;cpc;google_search_generico;;549.4;0.0;0.0;549.4;Pago
100529;2026-03-17 06:13:59;Gabriela.Mercon2006@Gmail.Com;site;google;cpc;GOOGLE_SEARCH_MARCA;FRETEGRATIS;119.9;0.0;0.0;119.9;Pago
100530;2026-03-17 07:57:35;Julia.Oliveira50@Outlook.Com;site;fb;paid;meta_prospeccao_blends;PRIMEIRACOMPRA;144.6;21.69;14.9;137.81;Pago
100531;2026-03-17 08:02:53;Pedro.Ferreira@Gmail.Com;site;google;shopping;GOOGLE_SHOPPING;;209.6;0.0;0.0;209.6;Pago
100532;2026-03-17 08:07:33;Bruna.Ferreira67@Gmail.Com;site;facebook;cpc;META_REMARKETING;;79.9;0.0;14.9;94.8;Aguardando pagamento
100533;2026-03-17 08:51:09;Leticia.Pimentel1998@Gmail.Com;site;instagram;cpc;META_REMARKETING;;138.8;0.0;14.9;153.7;Pago
100534;2026-03-17 11:39:20;Luiza.Ribeiro93@Gmail.Com;site;google;cpc;GOOGLE_SEARCH_MARCA;;44.9;0.0;14.9;59.8;Pago
100535;2026-03-17 13:21:46;Fernanda.Ribeiro1999@Gmail.Com;site;instagram;social;bio_link;;18.9;0.0;14.9;33.8;Pago
100536;2026-03-17 14:15:50;Debora.Souza89@Hotmail.Com;assinatura;;;;;69.9;6.99;0.0;62.91;Pago
100537;2026-03-17 18:09:17;Aline.Oliveira1988@Gmail.Com;site;google;cpc;GOOGLE_SEARCH_MARCA;CAFE20;168.5;33.7;31.5;166.3;Pago
100538;2026-03-17 18:48:10;Lucas.Rocha1994@Gmail.Com;site;google;cpc;GOOGLE_SEARCH_MARCA;;164.8;0.0;0.0;164.8;Pago
100539;2026-03-17 21:41:39;Debora.Araujo@Gmail.Com;assinatura;;;;;69.9;6.99;0.0;62.91;Pago
100540;2026-03-17 23:04:15;Priscila.Pereira@Gmail.Com;site;;;;;139.9;0.0;14.9;154.8;Pago
100541;2026-03-17 23:38:03;Pedro.Almeida1981@Gmail.Com;site;google;cpc;GOOGLE_SHOPPING;CAFE20;459.7;91.94;0.0;367.76;Pago
100542;2026-03-18 06:09:13;Patricia.Araujo2003@Gmail.Com;site;;;;;214.8;0.0;0.0;214.8;Pago
100543;2026-03-18 09:05:27;Larissa.Ribeiro@Gmail.Com;site;;;;;159.9;0.0;0.0;159.9;Pago
100544;2026-03-18 15:19:50;Gabriela.Araujo92@Outlook.Com;site;instagram;influencer;INFLU_CAFE_COM_BIA;;119.8;0.0;14.9;134.7;Reembolsado
100545;2026-03-18 18:21:41;Debora.Mercon@Gmail.Com;site;;;;;194.7;0.0;0.0;194.7;Aguardando pagamento
100546;2026-03-18 19:42:09;Leticia.Gomes32@Outlook.Com;site;google;cpc;google_search_generico;BEMVINDO10;79.9;7.99;14.9;86.81;Pago
100547;2026-03-18 21:19:42;Beatriz.Souza@Gmail.Com;site;google;cpc;GOOGLE_SEARCH_MARCA;;294.4;0.0;0.0;294.4;Pago
100548;2026-03-18 22:13:51;Aline.Santos29@Gmail.Com;site;facebook;cpc;META_PROSPECCAO_BLENDS;BEMVINDO10;139.9;13.99;14.9;140.81;Pago
100549;2026-03-18 22:52:39;Mariana.Barbosa@Outlook.Com;site;;;;;164.7;0.0;0.0;164.7;Pago
100550;2026-03-19 08:26:38;Felipe.Silva72@Gmail.Com;assinatura;;;;;69.9;6.99;0.0;62.91;Pago
100551;2026-03-19 08:50:47;Felipe.Nascimento44@Hotmail.Com;assinatura;;;;;69.9;6.99;0.0;62.91;Pago
100552;2026-03-19 08:58:27;Gabriela.Ribeiro@Icloud.Com;site;facebook;cpc;META_REMARKETING;;184.8;0.0;0.0;184.8;Cancelado
100553;2026-03-19 09:26:31;Mariana.Moreira87@Outlook.Com;site;facebook;cpc;META_REMARKETING;;139.8;0.0;14.9;154.7;Pago
100554;2026-03-19 09:35:03;Fernanda.Loureiro1989@Gmail.Com;site;google;cpc;GOOGLE_SHOPPING;;44.9;0.0;14.9;59.8;Pago
100555;2026-03-19 10:18:18;Camila.Moreira619@Gmail.Com;site;ig;cpc;Meta_Prospeccao_Blends ;CAFE20;159.7;31.94;14.9;142.66;Pago
100556;2026-03-19 11:09:38;Leonardo.Ferreira@Outlook.Com;site;instagram;cpc;META_PROSPECCAO_BLENDS;CAFE20 ;157.7;31.54;14.9;141.06;Aguardando pagamento
100557;2026-03-19 11:25:47;Priscila.Pereira35@Gmail.Com;assinatura;;;;;69.9;6.99;0.0;62.91;Pago
100558;2026-03-19 11:55:40;Joao.Zanotti@Outlook.Com;assinatura;;;;;69.9;6.99;0.0;62.91;Pago
100559;2026-03-19 12:46:37;Rafael.Simoes64@Yahoo.Com.Br;site;google;cpc;GOOGLE_SEARCH_MARCA;bemvindo10;24.9;2.49;27.9;50.31;Pago
100560;2026-03-19 13:38:13;Larissa.Souza89@Outlook.Com;site;;;;;228.7;0.0;0.0;228.7;Pago
100561;2026-03-19 15:02:11;Joao.Nascimento@Gmail.Com;site;ig;cpc;Meta_Prospeccao_Blends ;PRIMEIRACOMPRA;63.8;9.57;14.9;69.13;Pago
100562;2026-03-19 17:33:29;Thais.Ribeiro@Hotmail.Com;site;;;;;79.9;0.0;14.9;94.8;Pago
100563;2026-03-19 19:07:39;Julia.Carvalho1990@Hotmail.Com;site;instagram;cpc;META_PROSPECCAO_BLENDS;;259.7;0.0;0.0;259.7;Pago
100564;2026-03-19 19:27:23;Andre.Loureiro90@Gmail.Com;site;instagram;cpc;META_REMARKETING;;114.8;0.0;14.9;129.7;Pago
100565;2026-03-19 22:20:36;Thais.Santos2002@Gmail.Com;assinatura;;;;;69.9;6.99;0.0;62.91;Pago
100566;2026-03-20 07:16:25;Gustavo.Ferreira@Hotmail.Com;site;google;cpc;google_search_generico;;214.8;0.0;0.0;214.8;Cancelado
100567;2026-03-20 07:17:14;Andre.Pimentel@Gmail.Com;site;google;cpc;GOOGLE_SHOPPING;;54.9;0.0;14.9;69.8;Pago
100568;2026-03-20 08:02:36;Marcelo.Oliveira1985@Gmail.Com;site;google;cpc;GOOGLE_SEARCH_MARCA;;18.9;0.0;14.9;33.8;Pago
100569;2026-03-20 09:32:25;Carlos.Pimentel790@Yahoo.Com.Br;site;google;cpc;GOOGLE_SEARCH_MARCA;;44.9;0.0;14.9;59.8;Pago
100570;2026-03-20 12:58:24;Patricia.Ribeiro@Gmail.Com;site;google;cpc;GOOGLE_SHOPPING;;159.9;0.0;0.0;159.9;Cancelado
100571;2026-03-20 14:01:43;Eduardo.Ferreira1982@Gmail.Com;site;email;newsletter;news_mar;;159.7;0.0;0.0;159.7;Pago
100572;2026-03-20 15:26:04;Vinicius.Mercon1987@Hotmail.Com;site;whatsapp;referral;indique_ganhe;;239.6;0.0;0.0;239.6;Pago
100573;2026-03-20 16:28:08;Thais.Zanotti96@Outlook.Com;site;google;cpc;GOOGLE_SEARCH_MARCA;;132.5;0.0;14.9;147.4;Pago
100574;2026-03-20 17:29:29;Luiza.Rodrigues979@Gmail.Com;site;google;cpc;GOOGLE_SEARCH_MARCA;;44.9;0.0;14.9;59.8;Pago
100575;2026-03-20 17:45:56;Camila.Pereira29@Gmail.Com;site;facebook;cpc;META_REMARKETING;PRIMEIRACOMPRA;54.9;8.23;31.5;78.17;Aguardando pagamento
100576;2026-03-20 19:42:16;Fabio.Ribeiro1995@Gmail.Com;site;google;cpc;google_search_generico;CAFE20;254.6;50.92;0.0;203.68;Pago
100577;2026-03-20 20:10:08;Thais.Dallabernardina1990@Gmail.Com;site;google;shopping;GOOGLE_SHOPPING;cafe20;148.6;29.72;31.5;150.38;Pago
100578;2026-03-20 20:29:23;Renata.Dallabernardina93@Gmail.Com;site;ig;cpc;Meta_Prospeccao_Blends ;;49.9;0.0;14.9;64.8;Pago
100579;2026-03-20 22:54:59;Felipe.Simoes1989@Icloud.Com;site;google;cpc;GOOGLE_SEARCH_MARCA;;204.6;0.0;0.0;204.6;Pago
100580;2026-03-20 23:13:12;Diego.Rocha@Hotmail.Com;site;email;newsletter;news_mar;;429.6;0.0;0.0;429.6;Pago
100581;2026-03-21 06:22:11;Gabriela.Pimentel1994@Gmail.Com;site;google;cpc;GOOGLE_SEARCH_MARCA;;98.8;0.0;14.9;113.7;Pago
100582;2026-03-21 07:03:16;Fernanda.Nascimento53@Gmail.Com;site;;;;;49.9;0.0;14.9;64.8;Pago
100583;2026-03-21 11:14:02;Julia.Nascimento31@Hotmail.Com;site;email;newsletter;news_mar;;44.9;0.0;22.9;67.8;Pago
100584;2026-03-21 11:17:17;Debora.Nascimento67@Hotmail.Com;site;whatsapp;referral;indique_ganhe;;79.9;0.0;14.9;94.8;Pago
100585;2026-03-21 12:08:30;Juliana.Araujo@Hotmail.Com;site;;;;;18.9;0.0;31.5;50.4;Pago
100586;2026-03-21 21:55:49;Thiago.Dallabernardina967@Gmail.Com;site;instagram;social;bio_link;;119.8;0.0;14.9;134.7;Pago
100587;2026-03-22 07:10:52;Debora.Almeida@Hotmail.Com;site;google;cpc;GOOGLE_SHOPPING;;49.9;0.0;14.9;64.8;Aguardando pagamento
100588;2026-03-22 07:14:06;Gustavo.Pereira48@Icloud.Com;site;google;cpc;GOOGLE_SEARCH_MARCA;;69.9;0.0;14.9;84.8;Aguardando pagamento
100589;2026-03-22 07:18:16;Thais.Santos87@Hotmail.Com;site;;;;;259.7;0.0;0.0;259.7;Pago
100590;2026-03-22 09:44:37;Beatriz.Oliveira1@Gmail.Com;site;instagram;influencer;INFLU_DUDA_BARISTA;BIA10;54.9;5.49;31.5;80.91;Pago
100591;2026-03-22 10:00:40;Fernanda.Lima@Icloud.Com;site;;;;;249.7;0.0;0.0;249.7;Pago
100592;2026-03-22 11:30:06;Carlos.Santos1983@Outlook.Com;site;;;;;207.5;0.0;0.0;207.5;Pago
100593;2026-03-22 13:16:47;Debora.Martins84@Gmail.Com;site;instagram;influencer;INFLU_DUDA_BARISTA;DUDA15;234.7;35.2;0.0;199.5;Pago
100594;2026-03-22 15:17:01;Bruna.Ribeiro@Gmail.Com;assinatura;;;;;69.9;6.99;0.0;62.91;Pago
100595;2026-03-22 15:45:33;Maria.Zanotti2001@Gmail.Com;site;;;;;279.8;0.0;0.0;279.8;Pago
100596;2026-03-22 16:10:07;Andre.Rocha1993@Outlook.Com;site;;;;;319.8;0.0;0.0;319.8;Pago
100597;2026-03-22 16:10:07;Patricia.Costa88@Gmail.Com;site;instagram;social;bio_link;;204.7;0.0;0.0;204.7;Pago
100598;2026-03-22 17:16:32;Juliana.Silva@Gmail.Com;site;;;;;89.8;0.0;14.9;104.7;Pago
100599;2026-03-22 17:56:54;Andre.Mercon@Gmail.Com;site;ig;cpc;Meta_Prospeccao_Blends ;;199.8;0.0;0.0;199.8;Pago
100600;2026-03-22 17:57:00;Rodrigo.Oliveira@Gmail.Com;site;instagram;cpc;META_REMARKETING;CAFE20 ;339.6;67.92;0.0;271.68;Pago
100601;2026-03-22 19:26:08;Beatriz.Nascimento91@Gmail.Com;site;google;cpc;GOOGLE_SEARCH_MARCA;;249.8;0.0;0.0;249.8;Pago
100602;2026-03-22 23:55:21;Fabio.Moreira@Icloud.Com;site;google;organic;;;139.9;0.0;14.9;154.8;Pago
100603;2026-03-23 08:32:03;Rafael.Lima78@Gmail.Com;site;google;cpc;GOOGLE_SHOPPING;BEMVINDO10;388.6;38.86;0.0;349.74;Pago
100604;2026-03-23 11:43:34;Fabio.Santos82@Gmail.Com;assinatura;;;;;69.9;6.99;0.0;62.91;Pago
100605;2026-03-23 16:45:57;Carolina.Martins1995@Icloud.Com;site;email;newsletter;news_mar;;37.8;0.0;14.9;52.7;Pago
100606;2026-03-23 18:08:38;Priscila.Lima@Yahoo.Com.Br;site;;;;;159.9;0.0;0.0;159.9;Pago
100607;2026-03-23 18:11:51;Ana.Ribeiro11@Outlook.Com;site;instagram;influencer;INFLU_DUDA_BARISTA;BIA10;164.8;16.48;14.9;163.22;Pago
100608;2026-03-23 18:42:59;Bruna.Rodrigues64@Yahoo.Com.Br;site;google;cpc;GOOGLE_SEARCH_MARCA;;94.8;0.0;31.5;126.3;Pago
100609;2026-03-23 19:01:00;Luiza.Martins73@Gmail.Com;site;;;;;339.5;0.0;0.0;339.5;Pago
100610;2026-03-23 22:40:30;Gustavo.Lima5@Outlook.Com;site;;;;;139.9;0.0;14.9;154.8;Pago
100611;2026-03-24 09:09:28;Caio.Barbosa@Hotmail.Com;site;instagram;social;bio_link;;108.8;0.0;14.9;123.7;Pago
100612;2026-03-24 15:17:29;Joao.Loureiro16@Outlook.Com;site;facebook;cpc;META_PROSPECCAO_BLENDS;CAFE20;44.9;8.98;14.9;50.82;Pago
100613;2026-03-24 16:41:13;Fabio.Barbosa1983@Gmail.Com;site;ig;cpc;Meta_Prospeccao_Blends ;CAFE20;298.7;59.74;0.0;238.96;Pago
100614;2026-03-24 19:19:49;Thiago.Zanotti37@Gmail.Com;site;google;cpc;GOOGLE_SEARCH_MARCA;;49.9;0.0;22.9;72.8;Cancelado
100615;2026-03-24 22:26:35;Carolina.Rocha@Outlook.Com;site;email;newsletter;news_mar;;328.5;0.0;0.0;328.5;Pago
100616;2026-03-25 06:29:04;Leticia.Santos93@Gmail.Com;site;google;cpc;GOOGLE_SHOPPING;;144.7;0.0;22.9;167.6;Aguardando pagamento
100617;2026-03-25 07:57:45;Caio.Rodrigues@Icloud.Com;site;;;;;139.9;0.0;14.9;154.8;Aguardando pagamento
100618;2026-03-25 08:42:27;Camila.Rocha@Hotmail.Com;site;;;;;44.9;0.0;27.9;72.8;Pago
100619;2026-03-25 09:34:00;Andre.Pereira2006@Icloud.Com;site;google;cpc;GOOGLE_SHOPPING;;292.5;0.0;0.0;292.5;Pago
100620;2026-03-25 10:12:41;Gustavo.Zanotti@Gmail.Com;site;;;;;369.7;0.0;0.0;369.7;Pago
100621;2026-03-25 11:38:44;Thais.Pereira99@Gmail.Com;site;;;;;49.9;0.0;14.9;64.8;Pago
100622;2026-03-25 11:52:35;Gabriel.Dallabernardina87@Icloud.Com;site;google;cpc;GOOGLE_SEARCH_GENERICO; PRIMEIRACOMPRA;54.9;8.23;14.9;61.57;Pago
100623;2026-03-25 12:08:25;Julia.Loureiro1988@Icloud.Com;site;google;shopping;GOOGLE_SHOPPING;;119.9;0.0;14.9;134.8;Pago
100624;2026-03-25 12:42:58;Rodrigo.Lima@Gmail.Com;assinatura;;;;;69.9;6.99;0.0;62.91;Pago
100625;2026-03-25 19:59:32;Marcelo.Pimentel1995@Gmail.Com;assinatura;;;;;69.9;6.99;0.0;62.91;Pago
100626;2026-03-25 21:02:30;Julia.Carvalho@Gmail.Com;site;email;newsletter;news_mar;CAFE20;114.8;22.96;14.9;106.74;Pago
100627;2026-03-25 21:39:56;Patricia.Ferreira@Gmail.Com;site;google;cpc;GOOGLE_SEARCH_MARCA;;89.9;0.0;14.9;104.8;Pago
100628;2026-03-26 06:02:47;Joao.Zanotti68@Gmail.Com;site;ig;cpc;Meta_Prospeccao_Blends ;PRIMEIRACOMPRA;209.7;31.45;0.0;178.25;Pago
100629;2026-03-26 06:36:39;Mariana.Pereira@Gmail.Com;site;instagram;social;bio_link;;189.8;0.0;0.0;189.8;Pago
100630;2026-03-26 07:49:45;Gabriel.Araujo75@Yahoo.Com.Br;site;;;;INDIQUE15;98.8;14.82;27.9;111.88;Pago
100631;2026-03-26 07:56:31;Carlos.Pereira1994@Gmail.Com;site;email;newsletter;news_mar;;18.9;0.0;14.9;33.8;Pago
100632;2026-03-26 10:19:06;Leticia.Nascimento80@Icloud.Com;site;google;cpc;GOOGLE_SEARCH_MARCA;;119.9;0.0;14.9;134.8;Pago
100633;2026-03-26 10:42:33;Aline.Simoes93@Yahoo.Com.Br;site;instagram;influencer;INFLU_DUDA_BARISTA;DUDA15;154.7;23.2;14.9;146.4;Pago
100634;2026-03-26 10:48:38;Fernanda.Barbosa1990@Outlook.Com;site;instagram;social;bio_link;;24.9;0.0;14.9;39.8;Pago
100635;2026-03-26 13:20:43;Juliana.Nascimento31@Gmail.Com;site;instagram;social;bio_link;;259.7;0.0;0.0;259.7;Pago
100636;2026-03-26 15:47:50;Lucas.Ribeiro2006@Gmail.Com;site;google;shopping;GOOGLE_SHOPPING;;139.7;0.0;14.9;154.6;Pago
100637;2026-03-26 17:26:48;Rafael.Moreira2000@Icloud.Com;site;google;cpc;GOOGLE_SEARCH_MARCA;;189.8;0.0;0.0;189.8;Pago
100638;2026-03-26 18:42:38;Fernanda.Simoes2004@Icloud.Com;site;whatsapp;referral;indique_ganhe;;113.7;0.0;14.9;128.6;Pago
100639;2026-03-26 21:43:30;Gabriela.Oliveira38@Gmail.Com;site;google;shopping;GOOGLE_SHOPPING;;89.9;0.0;14.9;104.8;Cancelado
100640;2026-03-26 22:38:50;Beatriz.Almeida1995@Yahoo.Com.Br;site;ig;cpc;Meta_Prospeccao_Blends ;;49.9;0.0;27.9;77.8;Pago
100641;2026-03-26 23:46:02;Beatriz.Martins2001@Gmail.Com;site;;;;;24.9;0.0;14.9;39.8;Pago
100642;2026-03-27 12:12:20;Rodrigo.Costa1984@Gmail.Com;site;google;cpc;google_search_generico;;18.9;0.0;14.9;33.8;Pago
100643;2026-03-27 13:48:35;Fernanda.Ribeiro@Gmail.Com;site;instagram;social;bio_link;;208.7;0.0;0.0;208.7;Pago
100644;2026-03-27 14:31:38;Fernanda.Moreira82@Gmail.Com;assinatura;;;;;69.9;6.99;0.0;62.91;Pago
100645;2026-03-27 17:03:35;Eduardo.Pereira1989@Hotmail.Com;site;;;;DUDA15;209.8;31.47;0.0;178.33;Pago
100646;2026-03-27 18:23:46;Carlos.Barbosa66@Gmail.Com;site;;;;;469.4;0.0;0.0;469.4;Pago
100647;2026-03-27 19:04:29;Gabriel.Santos58@Icloud.Com;site;email;newsletter;news_mar;;54.9;0.0;14.9;69.8;Pago
100648;2026-03-27 19:32:27;Gabriela.Pimentel@Yahoo.Com.Br;site;google;cpc;google_search_generico;CAFE20;289.7;57.94;0.0;231.76;Pago
100649;2026-03-27 23:40:39;Julia.Moreira1981@Hotmail.Com;site;email;newsletter;news_mar;;138.8;0.0;14.9;153.7;Pago
100650;2026-03-28 06:33:49;Juliana.Simoes1983@Hotmail.Com;site;instagram;social;bio_link;;238.4;0.0;0.0;238.4;Pago
100651;2026-03-28 08:26:29;Caio.Ribeiro1981@Gmail.Com;assinatura;;;;;69.9;6.99;0.0;62.91;Pago
100652;2026-03-28 08:35:57;Leonardo.Almeida1992@Outlook.Com;site;;;;;24.9;0.0;22.9;47.8;Pago
100653;2026-03-28 08:52:07;Fabio.Ribeiro@Gmail.Com;site;google;cpc;GOOGLE_SHOPPING;;18.9;0.0;14.9;33.8;Cancelado
100654;2026-03-28 09:50:31;Fabio.Oliveira1995@Hotmail.Com;site;;;;;119.9;0.0;14.9;134.8;Pago
100655;2026-03-28 10:00:23;Leticia.Rocha787@Outlook.Com;site;;;;;278.6;0.0;0.0;278.6;Pago
100656;2026-03-28 10:32:49;Gabriela.Pereira1994@Yahoo.Com.Br;assinatura;;;;;69.9;6.99;0.0;62.91;Pago
100657;2026-03-28 11:13:09;Larissa.Mercon1981@Gmail.Com;site;google;shopping;GOOGLE_SHOPPING;;234.7;0.0;0.0;234.7;Pago
100658;2026-03-28 12:51:19;Maria.Araujo1988@Yahoo.Com.Br;site;google;cpc;google_search_generico;;49.9;0.0;14.9;64.8;Pago
100659;2026-03-28 18:35:24;Rodrigo.Pimentel2004@Gmail.Com;site;email;newsletter;news_mar;;399.7;0.0;0.0;399.7;Pago
100660;2026-03-28 18:47:17;Fabio.Simoes1986@Gmail.Com;site;fb;paid;meta_prospeccao_blends; BEMVINDO10;18.9;1.89;14.9;31.91;Pago
100661;2026-03-28 19:24:49;Camila.Barbosa151@Outlook.Com;assinatura;;;;;69.9;6.99;0.0;62.91;Pago
100662;2026-03-28 19:40:53;Maria.Santos35@Hotmail.Com;assinatura;;;;;69.9;6.99;0.0;62.91;Pago
100663;2026-03-28 20:13:16;Thais.Gomes425@Icloud.Com;site;google;cpc;GOOGLE_SEARCH_MARCA;;68.8;0.0;27.9;96.7;Pago
100664;2026-03-28 21:26:01;Julia.Lima1993@Hotmail.Com;site;google;cpc;GOOGLE_SEARCH_GENERICO;;184.7;0.0;0.0;184.7;Pago
100665;2026-03-29 11:38:25;Luiza.Ferreira89@Outlook.Com;site;google;cpc;GOOGLE_SEARCH_MARCA;;139.8;0.0;14.9;154.7;Pago
100666;2026-03-29 12:12:41;Felipe.Dallabernardina1995@Outlook.Com;site;;;;;139.8;0.0;14.9;154.7;Pago
100667;2026-03-29 12:21:34;Marcelo.Silva@Hotmail.Com;site;facebook;cpc;META_REMARKETING; CAFE20;219.7;43.94;0.0;175.76;Pago
100668;2026-03-29 12:58:10;Gabriel.Carvalho@Gmail.Com;site;google;shopping;GOOGLE_SHOPPING;;98.8;0.0;14.9;113.7;Pago
100669;2026-03-29 15:25:50;Beatriz.Mercon@Hotmail.Com;assinatura;;;;;69.9;6.99;0.0;62.91;Pago
100670;2026-03-29 16:01:31;Luiza.Barbosa4@Gmail.Com;assinatura;;;;;69.9;6.99;0.0;62.91;Pago
100671;2026-03-29 16:58:18;Bruno.Costa1984@Yahoo.Com.Br;site;google;cpc;GOOGLE_SEARCH_GENERICO;;134.8;0.0;14.9;149.7;Pago
100672;2026-03-30 10:05:32;Camila.Barbosa1980@Gmail.Com;site;google;cpc;GOOGLE_SHOPPING;CAFE20;139.9;27.98;14.9;126.82;Pago
100673;2026-03-30 10:20:22;Gabriel.Silva92@Hotmail.Com;site;;;;INDIQUE15 ;119.9;17.98;31.5;133.42;Pago
100674;2026-03-30 11:41:46;Beatriz.Gomes655@Yahoo.Com.Br;site;;;;;164.7;0.0;0.0;164.7;Pago
100675;2026-03-30 12:50:17;Carlos.Moreira2005@Yahoo.Com.Br;site;;;;;224.6;0.0;0.0;224.6;Reembolsado
100676;2026-03-30 14:42:12;Larissa.Oliveira@Gmail.Com;site;instagram;influencer;INFLU_CAFE_COM_BIA;DUDA15;178.8;26.82;0.0;151.98;Pago
100677;2026-03-30 17:55:01;Carolina.Ribeiro1986@Gmail.Com;site;instagram;social;bio_link;;409.7;0.0;0.0;409.7;Pago
100678;2026-03-30 20:20:47;Eduardo.Loureiro2002@Gmail.Com;site;google;cpc;google_search_generico;;124.7;0.0;27.9;152.6;Pago
100679;2026-03-30 21:10:08;Pedro.Barbosa4@Hotmail.Com;site;facebook;cpc;META_REMARKETING;BEMVINDO10;139.9;13.99;14.9;140.81;Aguardando pagamento
100680;2026-03-31 06:07:34;Rodrigo.Ferreira1984@Hotmail.Com;site;;;;;79.9;0.0;14.9;94.8;Pago
100681;2026-03-31 07:55:19;Larissa.Carvalho2005@Yahoo.Com.Br;site;;;;CAFE20;49.9;9.98;14.9;54.82;Reembolsado
100682;2026-03-31 11:26:11;Larissa.Rocha46@Hotmail.Com;site;;;;;89.9;0.0;14.9;104.8;Pago
100683;2026-03-31 12:45:45;Carolina.Pereira7@Gmail.Com;site;google;cpc;GOOGLE_SEARCH_MARCA;;139.8;0.0;14.9;154.7;Pago
100684;2026-03-31 17:23:28;Fernanda.Dallabernardina1996@Yahoo.Com.Br;site;ig;cpc;Meta_Prospeccao_Blends ;CAFE20;439.6;87.92;0.0;351.68;Pago
100685;2026-03-31 19:03:16;Juliana.Souza2003@Gmail.Com;site;;;;;49.9;0.0;14.9;64.8;Pago
100686;2026-03-31 19:05:52;Luiza.Martins2005@Gmail.Com;site;;;;;94.8;0.0;14.9;109.7;Pago
100687;2026-04-01 06:20:13;Priscila.Santos46@Gmail.Com;assinatura;;;;;69.9;6.99;0.0;62.91;Pago
100688;2026-04-01 06:27:36;Caio.Santos@Hotmail.Com;site;instagram;cpc;META_PROSPECCAO_BLENDS;CAFE20;339.7;67.94;0.0;271.76;Pago
100689;2026-04-01 07:41:14;Ana.Araujo55@Outlook.Com;site;google;shopping;GOOGLE_SHOPPING;;89.9;0.0;31.5;121.4;Pago
100690;2026-04-01 18:00:40;Aline.Santos1999@Icloud.Com;site;;;;;259.5;0.0;0.0;259.5;Pago
100691;2026-04-01 18:41:27;Debora.Oliveira1994@Icloud.Com;site;email;newsletter;news_apr;;184.7;0.0;0.0;184.7;Pago
100692;2026-04-01 20:30:03;Gustavo.Loureiro2000@Yahoo.Com.Br;site;instagram;social;bio_link; CAFE20;49.9;9.98;14.9;54.82;Pago
100693;2026-04-01 20:38:49;Joao.Pereira95@Icloud.Com;site;whatsapp;referral;indique_ganhe;;134.7;0.0;22.9;157.6;Pago
100694;2026-04-01 21:31:21;Fernanda.Pimentel@Gmail.Com;site;whatsapp;referral;indique_ganhe;INDIQUE15;89.9;13.49;14.9;91.31;Pago
100695;2026-04-01 22:28:51;Andre.Costa@Gmail.Com;site;whatsapp;referral;indique_ganhe;;54.9;0.0;22.9;77.8;Cancelado
100696;2026-04-01 22:55:25;Andre.Ferreira47@Gmail.Com;site;;;;;369.7;0.0;0.0;369.7;Pago
100697;2026-04-02 08:34:26;Camila.Martins392@Outlook.Com;site;;;;;489.6;0.0;0.0;489.6;Pago
100698;2026-04-02 13:52:14;Fernanda.Rocha16@Outlook.Com;site;google;cpc;GOOGLE_SEARCH_MARCA;FRETEGRATIS;119.9;0.0;0.0;119.9;Pago
100699;2026-04-02 16:04:37;Fabio.Dallabernardina@Icloud.Com;site;google;organic;;PRIMEIRACOMPRA;44.9;6.73;14.9;53.07;Pago
100700;2026-04-02 16:39:03;Gustavo.Barbosa@Hotmail.Com;site;google;cpc;google_search_generico;CAFE20;153.7;30.74;14.9;137.86;Pago
100701;2026-04-02 18:12:09;Diego.Mercon@Gmail.Com;site;facebook;cpc;META_PROSPECCAO_BLENDS;BEMVINDO10;139.9;13.99;14.9;140.81;Pago
100702;2026-04-02 23:19:37;Julia.Silva1980@Yahoo.Com.Br;site;instagram;influencer;INFLU_DUDA_BARISTA;BIA10;269.5;26.95;0.0;242.55;Pago
100703;2026-04-03 06:04:53;Rafael.Zanotti34@Gmail.Com;site;google;cpc;GOOGLE_SEARCH_MARCA;;69.9;0.0;14.9;84.8;Pago
100704;2026-04-03 06:11:58;Mariana.Lima@Yahoo.Com.Br;assinatura;;;;;69.9;6.99;0.0;62.91;Pago
100705;2026-04-03 06:58:22;Gustavo.Mercon56@Gmail.Com;site;instagram;cpc;META_PROSPECCAO_BLENDS;;408.5;0.0;0.0;408.5;Pago
100706;2026-04-03 08:08:05;Leticia.Nascimento2002@Gmail.Com;site;instagram;social;bio_link;;239.8;0.0;0.0;239.8;Pago
100707;2026-04-03 08:24:56;Ana.Simoes@Gmail.Com;site;google;cpc;GOOGLE_SEARCH_GENERICO;;49.9;0.0;14.9;64.8;Pago
100708;2026-04-03 11:20:20;Aline.Pereira@Outlook.Com;site;facebook;cpc;META_PROSPECCAO_BLENDS;;204.7;0.0;0.0;204.7;Pago
100709;2026-04-03 12:39:00;Priscila.Moreira@Gmail.Com;site;instagram;social;bio_link;;149.7;0.0;14.9;164.6;Pago
100710;2026-04-03 13:27:14;Marcelo.Pereira2006@Gmail.Com;site;email;newsletter;news_apr;;44.9;0.0;14.9;59.8;Pago
100711;2026-04-03 13:59:48;Lucas.Martins28@Gmail.Com;site;instagram;cpc;META_PROSPECCAO_BLENDS;PRIMEIRACOMPRA;49.9;7.48;14.9;57.32;Pago
100712;2026-04-03 16:57:53;Juliana.Martins@Hotmail.Com;site;;;;;49.9;0.0;22.9;72.8;Pago
100713;2026-04-03 18:35:37;Thiago.Silva@Hotmail.Com;site;google;shopping;GOOGLE_SHOPPING;;49.9;0.0;27.9;77.8;Pago
100714;2026-04-03 20:20:50;Beatriz.Carvalho@Gmail.Com;site;email;newsletter;news_apr;;69.9;0.0;22.9;92.8;Pago
100715;2026-04-03 20:41:50;Debora.Nascimento1985@Yahoo.Com.Br;site;instagram;cpc;META_PROSPECCAO_BLENDS;BEMVINDO10;194.8;19.48;0.0;175.32;Pago
100716;2026-04-03 21:09:47;Camila.Santos1999@Gmail.Com;site;;;;;18.9;0.0;14.9;33.8;Pago
100717;2026-04-03 21:30:38;Larissa.Zanotti@Gmail.Com;site;ig;cpc;Meta_Prospeccao_Blends ;BEMVINDO10;414.6;41.46;0.0;373.14;Aguardando pagamento
100718;2026-04-03 22:40:18;Priscila.Dallabernardina@Icloud.Com;site;google;shopping;GOOGLE_SHOPPING;;449.6;0.0;0.0;449.6;Pago
100719;2026-04-03 23:41:39;Carlos.Mercon@Gmail.Com;site;instagram;social;bio_link;;54.9;0.0;14.9;69.8;Pago
100720;2026-04-04 06:27:44;Beatriz.Mercon30@Outlook.Com;site;instagram;cpc;META_REMARKETING;;319.7;0.0;0.0;319.7;Pago
100721;2026-04-04 07:39:37;Leticia.Pereira91@Gmail.Com;site;instagram;cpc;META_PROSPECCAO_BLENDS;CAFE20;354.5;70.9;0.0;283.6;Pago
100722;2026-04-04 07:44:54;Gabriel.Simoes@Hotmail.Com;site;whatsapp;referral;indique_ganhe;;69.9;0.0;14.9;84.8;Pago
100723;2026-04-04 10:25:27;Camila.Costa1995@Gmail.Com;site;instagram;cpc;META_PROSPECCAO_BLENDS;BEMVINDO10;144.8;14.48;14.9;145.22;Pago
100724;2026-04-04 12:26:10;Beatriz.Rocha@Yahoo.Com.Br;site;;;;DUDA15;289.7;43.45;0.0;246.25;Pago
100725;2026-04-04 14:05:36;Rafael.Silva1994@Icloud.Com;site;google;cpc;GOOGLE_SEARCH_MARCA;;99.8;0.0;14.9;114.7;Pago
100726;2026-04-04 14:50:59;Pedro.Dallabernardina1982@Outlook.Com;site;instagram;social;bio_link;;44.9;0.0;14.9;59.8;Pago
100727;2026-04-04 16:08:05;Pedro.Araujo2000@Gmail.Com;site;google;shopping;GOOGLE_SHOPPING;;214.8;0.0;0.0;214.8;Pago
100728;2026-04-04 16:48:44;Beatriz.Martins@Gmail.Com;site;google;cpc;GOOGLE_SHOPPING;;219.6;0.0;0.0;219.6;Pago
100729;2026-04-04 17:02:52;Fabio.Rocha@Yahoo.Com.Br;site;instagram;influencer;INFLU_DUDA_BARISTA; BIA10;79.9;7.99;14.9;86.81;Pago
100730;2026-04-04 17:08:03;Luiza.Simoes@Gmail.Com;site;instagram;cpc;META_PROSPECCAO_BLENDS;BEMVINDO10;329.5;32.95;0.0;296.55;Pago
100731;2026-04-04 18:11:51;Patricia.Martins@Hotmail.Com;site;;;;;49.9;0.0;14.9;64.8;Pago
100732;2026-04-04 19:47:03;Beatriz.Martins81@Outlook.Com;site;google;cpc;GOOGLE_SEARCH_GENERICO;;259.8;0.0;0.0;259.8;Pago
100733;2026-04-04 21:48:04;Bruno.Dallabernardina@Icloud.Com;site;google;cpc;GOOGLE_SEARCH_MARCA;CAFE20;44.9;8.98;22.9;58.82;Pago
100734;2026-04-04 23:14:30;Gustavo.Rocha41@Hotmail.Com;assinatura;;;;;69.9;6.99;0.0;62.91;Pago
100735;2026-04-05 06:20:38;Bruna.Pereira@Outlook.Com;site;instagram;social;bio_link;;69.9;0.0;22.9;92.8;Pago
100736;2026-04-05 07:22:33;Renata.Zanotti@Gmail.Com;site;google;cpc;GOOGLE_SEARCH_MARCA;;399.4;0.0;0.0;399.4;Aguardando pagamento
100737;2026-04-05 09:34:03;Mateus.Moreira@Gmail.Com;site;;;;;447.4;0.0;0.0;447.4;Pago
100738;2026-04-05 10:00:54;Fernanda.Loureiro96@Yahoo.Com.Br;site;google;cpc;GOOGLE_SEARCH_GENERICO;PRIMEIRACOMPRA ;68.8;10.32;27.9;86.38;Pago
100739;2026-04-05 13:23:38;Juliana.Simoes@Gmail.Com;site;;;;;304.6;0.0;0.0;304.6;Pago
100740;2026-04-05 13:48:44;Rafael.Dallabernardina31@Gmail.Com;site;google;cpc;GOOGLE_SEARCH_MARCA;;318.6;0.0;0.0;318.6;Pago
100741;2026-04-05 15:09:08;Juliana.Carvalho@Hotmail.Com;site;fb;paid;meta_prospeccao_blends;;89.8;0.0;27.9;117.7;Aguardando pagamento
100742;2026-04-05 16:17:23;Diego.Rodrigues79@Icloud.Com;site;google;cpc;google_search_generico;;49.8;0.0;14.9;64.7;Pago
100743;2026-04-05 21:48:31;Bruna.Rodrigues1993@Gmail.Com;site;instagram;social;bio_link;;63.8;0.0;14.9;78.7;Pago
100744;2026-04-05 23:26:52;Patricia.Pereira69@Hotmail.Com;site;instagram;cpc;META_REMARKETING;;119.8;0.0;14.9;134.7;Pago
100745;2026-04-06 06:47:39;Carolina.Oliveira6@Hotmail.Com;site;instagram;influencer;INFLU_CAFE_COM_BIA;DUDA15;89.9;13.49;31.5;107.91;Pago
100746;2026-04-06 08:16:08;Gabriel.Souza2005@Gmail.Com;site;google;cpc;google_search_generico;;79.9;0.0;14.9;94.8;Pago
100747;2026-04-06 12:50:09;Patricia.Dallabernardina1988@Outlook.Com;site;ig;cpc;Meta_Prospeccao_Blends ;PRIMEIRACOMPRA;234.6;35.19;0.0;199.41;Reembolsado
100748;2026-04-06 13:08:56;Ana.Costa72@Icloud.Com;site;google;cpc;GOOGLE_SHOPPING;;44.9;0.0;14.9;59.8;Pago
100749;2026-04-06 13:41:49;Bruna.Barbosa16@Hotmail.Com;site;instagram;cpc;META_PROSPECCAO_BLENDS;BEMVINDO10;54.9;5.49;14.9;64.31;Pago
100750;2026-04-06 14:44:50;Gabriela.Dallabernardina98@Gmail.Com;site;google;cpc;GOOGLE_SEARCH_GENERICO; BEMVINDO10;209.8;20.98;0.0;188.82;Pago
100751;2026-04-06 18:02:10;Gustavo.Lima5@Outlook.Com;assinatura;;;;;69.9;6.99;0.0;62.91;Pago
100752;2026-04-06 18:24:36;Caio.Oliveira@Gmail.Com;site;facebook;cpc;META_REMARKETING;;374.6;0.0;0.0;374.6;Pago
100753;2026-04-06 20:07:29;Bruna.Moreira@Outlook.Com;site;google;cpc;GOOGLE_SEARCH_MARCA;;54.9;0.0;14.9;69.8;Pago
100754;2026-04-06 20:09:52;Caio.Costa@Hotmail.Com;site;instagram;cpc;META_REMARKETING;;309.6;0.0;0.0;309.6;Pago
100755;2026-04-06 20:14:52;Larissa.Loureiro1985@Yahoo.Com.Br;assinatura;;;;;69.9;6.99;0.0;62.91;Pago
100756;2026-04-06 20:36:35;Lucas.Loureiro@Yahoo.Com.Br;site;instagram;cpc;META_PROSPECCAO_BLENDS;;683.4;0.0;0.0;683.4;Pago
100757;2026-04-06 21:05:13;Leonardo.Rocha48@Gmail.Com;assinatura;;;;;69.9;6.99;0.0;62.91;Pago
100758;2026-04-07 08:34:24;Patricia.Almeida@Gmail.Com;site;google;cpc;GOOGLE_SHOPPING;;144.7;0.0;14.9;159.6;Pago
100759;2026-04-07 08:59:34;Rafael.Santos2003@Outlook.Com;site;google;cpc;GOOGLE_SEARCH_MARCA;;143.6;0.0;14.9;158.5;Pago
100760;2026-04-07 11:46:47;Gabriela.Rocha84@Gmail.Com;site;;;;;139.9;0.0;14.9;154.8;Cancelado
100761;2026-04-07 12:00:07;Carlos.Barbosa1999@Gmail.Com;site;email;newsletter;news_apr;;184.8;0.0;0.0;184.8;Cancelado
100762;2026-04-07 12:44:14;Debora.Pereira1997@Hotmail.Com;site;google;cpc;GOOGLE_SEARCH_GENERICO;;56.7;0.0;14.9;71.6;Pago
100763;2026-04-07 13:16:08;Leticia.Nascimento91@Hotmail.Com;site;google;cpc;google_search_generico;;79.9;0.0;27.9;107.8;Pago
100764;2026-04-07 14:38:10;Fernanda.Costa27@Gmail.Com;site;email;newsletter;news_apr;;209.8;0.0;0.0;209.8;Cancelado
100765;2026-04-07 14:45:57;Juliana.Simoes68@Gmail.Com;site;;;;;18.9;0.0;14.9;33.8;Pago
100766;2026-04-07 16:06:28;Renata.Silva1981@Hotmail.Com;site;whatsapp;referral;indique_ganhe;;244.6;0.0;0.0;244.6;Pago
100767;2026-04-07 16:39:26;Leticia.Mercon70@Outlook.Com;assinatura;;;;;69.9;6.99;0.0;62.91;Pago
100768;2026-04-07 18:49:30;Diego.Costa@Gmail.Com;site;;;;;639.5;0.0;0.0;639.5;Pago
100769;2026-04-07 19:00:50;Beatriz.Barbosa95@Gmail.Com;site;google;cpc;GOOGLE_SEARCH_MARCA;;364.5;0.0;0.0;364.5;Aguardando pagamento
100770;2026-04-07 21:44:18;Patricia.Araujo@Gmail.Com;site;google;cpc;GOOGLE_SEARCH_GENERICO; CAFE20;68.8;13.76;14.9;69.94;Pago
100771;2026-04-07 22:23:55;Fabio.Araujo58@Yahoo.Com.Br;site;;;;;144.8;0.0;14.9;159.7;Pago
100772;2026-04-07 23:06:53;Rodrigo.Pimentel81@Gmail.Com;site;instagram;social;bio_link;;99.8;0.0;14.9;114.7;Pago
100773;2026-04-07 23:07:43;Ana.Moreira1983@Gmail.Com;site;google;cpc;GOOGLE_SEARCH_MARCA;;49.9;0.0;14.9;64.8;Pago
100773;2026-04-07 23:07:43;Ana.Moreira1983@Gmail.Com;site;google;cpc;GOOGLE_SEARCH_MARCA;;49.9;0.0;14.9;64.8;Pago
100774;2026-04-07 23:51:20;Fabio.Souza@Gmail.Com;site;google;cpc;GOOGLE_SHOPPING;;204.6;0.0;0.0;204.6;Pago
100775;2026-04-08 07:32:29;Rafael.Costa1984@Gmail.Com;site;instagram;influencer;INFLU_DUDA_BARISTA;DUDA15;374.6;56.19;0.0;318.41;Reembolsado
100776;2026-04-08 11:23:42;Diego.Silva@Outlook.Com;site;whatsapp;referral;indique_ganhe;;209.8;0.0;0.0;209.8;Pago
100777;2026-04-08 13:21:12;Aline.Costa2000@Gmail.Com;site;;;;FRETEGRATIS ;239.7;0.0;0.0;239.7;Cancelado
100778;2026-04-08 13:26:04;Julia.Santos@Outlook.Com;site;;;;;139.9;0.0;14.9;154.8;Pago
100779;2026-04-08 13:42:46;Caio.Rodrigues@Icloud.Com;assinatura;;;;;69.9;6.99;0.0;62.91;Pago
100780;2026-04-08 13:48:03;Debora.Dallabernardina93@Hotmail.Com;site;facebook;cpc;META_PROSPECCAO_BLENDS;CAFE20;119.8;23.96;14.9;110.74;Pago
100781;2026-04-08 14:05:11;Bruna.Silva1987@Gmail.Com;site;instagram;cpc;META_REMARKETING;CAFE20;94.7;18.94;14.9;90.66;Pago
100782;2026-04-08 15:35:18;Fabio.Mercon@Hotmail.Com;site;instagram;social;bio_link;;54.9;0.0;14.9;69.8;Pago
100783;2026-04-08 16:58:14;Felipe.Martins1984@Gmail.Com;site;google;cpc;GOOGLE_SHOPPING;BEMVINDO10;79.9;7.99;14.9;86.81;Pago
100784;2026-04-08 17:03:46;Gabriel.Moreira48@Hotmail.Com;site;facebook;cpc;META_PROSPECCAO_BLENDS;CAFE20;359.6;71.92;0.0;287.68;Pago
100785;2026-04-08 17:18:27;Vinicius.Nascimento1991@Gmail.Com;site;instagram;cpc;META_REMARKETING;BEMVINDO10;68.8;6.88;14.9;76.82;Pago
100786;2026-04-08 18:52:40;Carolina.Almeida1981@Yahoo.Com.Br;site;instagram;social;bio_link;;94.8;0.0;27.9;122.7;Pago
100787;2026-04-08 19:53:30;Diego.Araujo@Gmail.Com;site;instagram;cpc;META_REMARKETING;BEMVINDO10;258.6;25.86;0.0;232.74;Pago
100788;2026-04-08 23:38:00;Carolina.Silva2005@Icloud.Com;site;ig;cpc;Meta_Prospeccao_Blends ;BEMVINDO10;54.9;5.49;27.9;77.31;Pago
100789;2026-04-09 07:34:28;Eduardo.Oliveira1993@Gmail.Com;site;instagram;cpc;META_REMARKETING;CAFE20 ;114.7;22.94;14.9;106.66;Pago
100790;2026-04-09 12:15:50;Aline.Santos2006@Hotmail.Com;site;email;newsletter;news_apr;;159.9;0.0;0.0;159.9;Pago
100791;2026-04-09 15:23:24;Gabriela.Mercon2006@Gmail.Com;site;instagram;social;bio_link;;49.9;0.0;14.9;64.8;Pago
100792;2026-04-09 15:47:29;Aline.Dallabernardina1997@Hotmail.Com;site;google;cpc;GOOGLE_SEARCH_MARCA;;68.8;0.0;14.9;83.7;Pago
100793;2026-04-09 16:40:30;Eduardo.Loureiro2001@Gmail.Com;site;facebook;cpc;META_PROSPECCAO_BLENDS;CAFE20;89.8;17.96;14.9;86.74;Pago
100794;2026-04-09 17:05:41;Larissa.Costa25@Gmail.Com;site;google;cpc;GOOGLE_SEARCH_MARCA;;49.9;0.0;14.9;64.8;Pago
100795;2026-04-09 19:11:37;Leticia.Mercon72@Hotmail.Com;site;instagram;cpc;META_PROSPECCAO_BLENDS;CAFE20;89.9;17.98;14.9;86.82;Pago
100796;2026-04-09 19:47:31;Thais.Pereira70@Gmail.Com;site;;;;;158.7;0.0;0.0;158.7;Cancelado
100797;2026-04-09 22:47:10;Maria.Nascimento1996@Gmail.Com;site;;;;;209.7;0.0;0.0;209.7;Pago
100798;2026-04-09 22:56:40;Carlos.Silva7@Outlook.Com;site;instagram;cpc;META_PROSPECCAO_BLENDS;BEMVINDO10;24.9;2.49;14.9;37.31;Pago
100798;2026-04-09 22:56:40;Carlos.Silva7@Outlook.Com;site;instagram;cpc;META_PROSPECCAO_BLENDS;BEMVINDO10;24.9;2.49;14.9;37.31;Pago
100799;2026-04-10 10:31:03;Diego.Dallabernardina1989@Gmail.Com;assinatura;;;;;69.9;6.99;0.0;62.91;Pago
100800;2026-04-10 10:33:17;Bruna.Simoes@Gmail.Com;site;instagram;influencer;INFLU_CAFE_COM_BIA;BIA10;143.7;14.37;14.9;144.23;Pago
100801;2026-04-10 13:08:32;Thiago.Costa@Yahoo.Com.Br;site;google;cpc;GOOGLE_SEARCH_MARCA;;234.5;0.0;0.0;234.5;Reembolsado
100802;2026-04-10 13:26:02;Bruna.Souza81@Hotmail.Com;site;;;;;194.7;0.0;0.0;194.7;Pago
100803;2026-04-10 13:38:57;Gustavo.Martins@Icloud.Com;site;google;cpc;GOOGLE_SEARCH_MARCA;;279.8;0.0;0.0;279.8;Pago
100804;2026-04-10 15:42:33;Caio.Carvalho60@Gmail.Com;site;;;;DUDA15;184.6;27.69;0.0;156.91;Pago
100805;2026-04-10 16:31:40;Priscila.Mercon@Gmail.Com;site;instagram;cpc;META_PROSPECCAO_BLENDS;CAFE20;429.6;85.92;0.0;343.68;Pago
100806;2026-04-10 16:43:52;Diego.Pimentel2006@Hotmail.Com;site;fb;paid;meta_prospeccao_blends;PRIMEIRACOMPRA;49.9;7.48;14.9;57.32;Pago
100807;2026-04-10 19:15:29;Renata.Simoes10@Gmail.Com;site;instagram;social;bio_link;;18.9;0.0;31.5;50.4;Pago
100808;2026-04-10 19:41:21;Renata.Almeida1982@Gmail.Com;site;;;;;24.9;0.0;14.9;39.8;Pago
100809;2026-04-10 19:48:55;Larissa.Simoes@Gmail.Com;site;ig;cpc;Meta_Prospeccao_Blends ;PRIMEIRACOMPRA;309.7;46.45;0.0;263.25;Pago
100810;2026-04-10 19:51:13;Renata.Nascimento79@Yahoo.Com.Br;site;google;shopping;GOOGLE_SHOPPING;;113.6;0.0;14.9;128.5;Pago
100811;2026-04-11 06:06:23;Renata.Pimentel2006@Gmail.Com;assinatura;;;;;69.9;6.99;0.0;62.91;Pago
100812;2026-04-11 08:24:54;Carlos.Pimentel790@Yahoo.Com.Br;site;;;;;409.6;0.0;0.0;409.6;Pago
100813;2026-04-11 08:38:34;Andre.Moreira1980@Hotmail.Com;site;google;cpc;GOOGLE_SEARCH_MARCA;;69.9;0.0;14.9;84.8;Pago
100814;2026-04-11 09:27:54;Maria.Gomes1998@Gmail.Com;site;google;organic;;;264.7;0.0;0.0;264.7;Cancelado
100815;2026-04-11 10:22:56;Debora.Ferreira32@Hotmail.Com;site;google;cpc;GOOGLE_SEARCH_MARCA;;69.9;0.0;14.9;84.8;Pago
100816;2026-04-11 12:11:08;Leticia.Dallabernardina47@Gmail.Com;site;;;;;69.9;0.0;14.9;84.8;Pago
100817;2026-04-11 12:38:56;Thais.Martins1996@Gmail.Com;site;google;cpc;GOOGLE_SEARCH_MARCA;;49.9;0.0;14.9;64.8;Pago
100818;2026-04-11 12:53:21;Thais.Santos87@Hotmail.Com;assinatura;;;;;69.9;6.99;0.0;62.91;Pago
100819;2026-04-11 14:19:08;Camila.Ferreira1981@Gmail.Com;site;google;shopping;GOOGLE_SHOPPING;;49.9;0.0;14.9;64.8;Pago
100820;2026-04-11 19:05:43;Gabriela.Ribeiro@Gmail.Com;site;;;;;159.9;0.0;0.0;159.9;Cancelado
100821;2026-04-11 21:15:27;Rodrigo.Loureiro82@Gmail.Com;assinatura;;;;;69.9;6.99;0.0;62.91;Pago
100822;2026-04-11 21:42:47;Carolina.Gomes@Icloud.Com;site;instagram;influencer;INFLU_DUDA_BARISTA;BIA10;159.9;15.99;14.9;158.81;Pago
100823;2026-04-11 23:00:41;Julia.Souza2004@Outlook.Com;site;google;organic;;;184.7;0.0;0.0;184.7;Pago
100824;2026-04-11 23:27:52;Joao.Carvalho@Icloud.Com;site;instagram;cpc;META_PROSPECCAO_BLENDS;PRIMEIRACOMPRA;159.9;23.98;22.9;158.82;Pago
100825;2026-04-11 23:41:27;Debora.Lima1987@Gmail.Com;site;google;cpc;GOOGLE_SEARCH_MARCA;;164.7;0.0;0.0;164.7;Pago
100826;2026-04-12 06:55:53;Priscila.Moreira4@Hotmail.Com;site;;;;;99.8;0.0;14.9;114.7;Pago
100827;2026-04-12 09:10:49;Renata.Simoes16@Hotmail.Com;site;google;shopping;GOOGLE_SHOPPING;PRIMEIRACOMPRA;49.8;7.47;14.9;57.23;Pago
100828;2026-04-12 09:14:02;Julia.Loureiro87@Gmail.Com;site;instagram;influencer;INFLU_CAFE_COM_BIA;DUDA15;249.8;37.47;0.0;212.33;Pago
100829;2026-04-12 09:57:53;Gabriel.Lima@Gmail.Com;site;email;newsletter;news_apr;;123.7;0.0;14.9;138.6;Pago
100830;2026-04-12 12:31:46;Bruna.Pereira2006@Gmail.Com;site;facebook;cpc;META_PROSPECCAO_BLENDS;PRIMEIRACOMPRA;329.4;49.41;0.0;279.99;Pago
100831;2026-04-12 13:07:11;Patricia.Gomes@Hotmail.Com;site;google;cpc;GOOGLE_SHOPPING;;99.8;0.0;14.9;114.7;Pago
100832;2026-04-12 13:34:36;Gabriela.Almeida2002@Icloud.Com;site;;;;;49.9;0.0;14.9;64.8;Pago
100833;2026-04-12 13:41:50;Priscila.Ferreira83@Gmail.Com;site;google;organic;;;419.7;0.0;0.0;419.7;Pago
100834;2026-04-12 15:17:59;Rafael.Barbosa1988@Icloud.Com;site;;;;;269.6;0.0;0.0;269.6;Pago
100835;2026-04-12 18:30:46;Eduardo.Rocha@Yahoo.Com.Br;site;;;;BIA10;234.7;23.47;0.0;211.23;Aguardando pagamento
100836;2026-04-12 19:53:12;Camila.Pimentel32@Yahoo.Com.Br;site;instagram;cpc;META_REMARKETING;;18.9;0.0;14.9;33.8;Pago
100837;2026-04-12 20:33:49;Diego.Nascimento25@Gmail.Com;site;instagram;influencer;INFLU_CAFE_COM_BIA;DUDA15;109.8;16.47;14.9;108.23;Pago
100838;2026-04-12 20:49:45;Aline.Oliveira@Hotmail.Com;site;google;cpc;GOOGLE_SEARCH_MARCA;;219.7;0.0;0.0;219.7;Pago
100839;2026-04-12 21:33:31;Vinicius.Mercon1987@Hotmail.Com;site;instagram;social;bio_link;;37.8;0.0;27.9;65.7;Pago
100840;2026-04-12 23:47:54;Luiza.Pimentel1990@Gmail.Com;site;instagram;influencer;INFLU_DUDA_BARISTA;DUDA15;424.4;63.66;0.0;360.74;Aguardando pagamento
100841;2026-04-12 23:52:21;Larissa.Barbosa@Gmail.Com;site;facebook;cpc;META_REMARKETING;;159.8;0.0;0.0;159.8;Pago
100842;2026-04-13 06:50:11;Vinicius.Oliveira1984@Gmail.Com;site;;;;CAFE20;139.9;27.98;31.5;143.42;Pago
100843;2026-04-13 07:05:45;Maria.Ferreira1988@Outlook.Com;site;;;;;159.9;0.0;0.0;159.9;Pago
100844;2026-04-13 07:29:10;Gabriela.Oliveira@Gmail.Com;site;instagram;social;bio_link;;79.9;0.0;14.9;94.8;Pago
100845;2026-04-13 08:13:19;Luiza.Araujo581@Gmail.Com;site;google;cpc;GOOGLE_SEARCH_MARCA;;109.8;0.0;14.9;124.7;Pago
100846;2026-04-13 08:59:08;Camila.Gomes33@Hotmail.Com;site;fb;paid;meta_prospeccao_blends;CAFE20;119.9;23.98;14.9;110.82;Pago
100847;2026-04-13 10:32:50;Fabio.Mercon13@Outlook.Com;site;google;cpc;GOOGLE_SEARCH_MARCA;;304.5;0.0;0.0;304.5;Pago
100848;2026-04-13 12:17:06;Mariana.Rodrigues@Gmail.Com;site;google;cpc;GOOGLE_SEARCH_GENERICO;BEMVINDO10;274.7;27.47;0.0;247.23;Cancelado
100849;2026-04-13 12:58:11;Larissa.Martins2@Hotmail.Com;site;instagram;social;bio_link;;198.6;0.0;0.0;198.6;Pago
100850;2026-04-13 14:37:23;Marcelo.Costa46@Gmail.Com;site;ig;cpc;Meta_Prospeccao_Blends ;primeiracompra;54.9;8.23;14.9;61.57;Pago
100851;2026-04-13 15:34:47;Renata.Ferreira1998@Icloud.Com;site;instagram;influencer;INFLU_DUDA_BARISTA;BIA10;139.9;13.99;14.9;140.81;Aguardando pagamento
100852;2026-04-13 15:41:57;Julia.Pimentel1999@Gmail.Com;site;google;cpc;GOOGLE_SEARCH_GENERICO;;278.6;0.0;0.0;278.6;Pago
100853;2026-04-13 16:06:21;Pedro.Nascimento1989@Outlook.Com;site;fb;paid;meta_prospeccao_blends;BEMVINDO10;89.9;8.99;14.9;95.81;Pago
100854;2026-04-13 16:43:17;Ana.Loureiro47@Yahoo.Com.Br;site;instagram;social;bio_link;;119.9;0.0;14.9;134.8;Cancelado
100855;2026-04-13 20:23:50;Camila.Araujo1989@Icloud.Com;site;facebook;cpc;META_REMARKETING;;18.9;0.0;14.9;33.8;Pago
100856;2026-04-13 20:25:04;Mariana.Lima93@Gmail.Com;site;instagram;cpc;META_PROSPECCAO_BLENDS;;409.6;0.0;0.0;409.6;Pago
100857;2026-04-14 06:32:45;Marcelo.Oliveira1985@Gmail.Com;site;;;;;44.9;0.0;14.9;59.8;Pago
100858;2026-04-14 06:47:43;Julia.Barbosa28@Gmail.Com;site;;;;;394.5;0.0;0.0;394.5;Pago
100859;2026-04-14 08:05:18;Renata.Barbosa1999@Gmail.Com;site;facebook;cpc;META_PROSPECCAO_BLENDS;CAFE20;479.7;95.94;0.0;383.76;Pago
100860;2026-04-14 08:41:56;Gabriela.Barbosa2001@Outlook.Com;site;google;cpc;GOOGLE_SEARCH_MARCA;;164.7;0.0;0.0;164.7;Pago
100861;2026-04-14 10:16:49;Mariana.Araujo28@Hotmail.Com;site;fb;paid;meta_prospeccao_blends;CAFE20;299.8;59.96;0.0;239.84;Cancelado
100862;2026-04-14 10:42:06;Andre.Almeida@Gmail.Com;site;instagram;influencer;INFLU_DUDA_BARISTA;BIA10;169.8;16.98;0.0;152.82;Pago
100863;2026-04-14 10:49:00;Julia.Nascimento31@Hotmail.Com;site;instagram;social;bio_link;;49.9;0.0;31.5;81.4;Pago
100864;2026-04-14 11:08:14;Pedro.Almeida1981@Gmail.Com;site;instagram;social;bio_link;;18.9;0.0;22.9;41.8;Pago
100865;2026-04-14 13:04:53;Bruna.Simoes579@Gmail.Com;assinatura;;;;;69.9;6.99;0.0;62.91;Pago
100866;2026-04-14 13:51:18;Ana.Ferreira@Gmail.Com;site;;;;;239.8;0.0;0.0;239.8;Pago
100867;2026-04-14 14:56:17;Bruna.Oliveira1981@Gmail.Com;site;instagram;influencer;INFLU_CAFE_COM_BIA;;176.5;0.0;0.0;176.5;Pago
100868;2026-04-14 15:11:46;Ana.Moreira1980@Gmail.Com;assinatura;;;;;69.9;6.99;0.0;62.91;Pago
100869;2026-04-14 15:15:43;Debora.Almeida43@Gmail.Com;site;;;;;319.6;0.0;0.0;319.6;Pago
100870;2026-04-14 15:21:22;Leonardo.Silva22@Gmail.Com;site;google;cpc;google_search_generico;;104.8;0.0;31.5;136.3;Cancelado
100871;2026-04-14 16:43:28;Thais.Dallabernardina1990@Gmail.Com;site;instagram;social;bio_link;;49.8;0.0;31.5;81.3;Pago
100872;2026-04-14 17:37:18;Beatriz.Gomes@Gmail.Com;site;facebook;cpc;META_PROSPECCAO_BLENDS; BEMVINDO10;319.7;31.97;0.0;287.73;Pago
100873;2026-04-14 22:12:26;Bruna.Nascimento2001@Outlook.Com;site;ig;cpc;Meta_Prospeccao_Blends ;CAFE20;139.9;27.98;14.9;126.82;Pago
100874;2026-04-14 22:29:47;Leticia.Almeida48@Hotmail.Com;site;ig;cpc;Meta_Prospeccao_Blends ;;259.8;0.0;0.0;259.8;Pago
100875;2026-04-15 06:33:09;Andre.Zanotti@Hotmail.Com;site;google;cpc;google_search_generico;;44.9;0.0;27.9;72.8;Pago
100876;2026-04-15 06:57:10;Aline.Gomes@Yahoo.Com.Br;site;google;cpc;GOOGLE_SEARCH_MARCA;;79.9;0.0;27.9;107.8;Pago
100877;2026-04-15 07:25:23;Fabio.Carvalho18@Gmail.Com;site;;;;CAFE20;24.9;4.98;14.9;34.82;Pago
100878;2026-04-15 07:51:09;Gabriel.Ferreira1995@Hotmail.Com;site;;;;;809.4;0.0;0.0;809.4;Pago
100879;2026-04-15 11:43:20;Gabriela.Lima@Hotmail.Com;site;google;cpc;GOOGLE_SEARCH_GENERICO;CAFE20;149.7;29.94;27.9;147.66;Pago
100879;2026-04-15 11:43:20;Gabriela.Lima@Hotmail.Com;site;google;cpc;GOOGLE_SEARCH_GENERICO;CAFE20;149.7;29.94;27.9;147.66;Pago
100879;2026-04-15 11:43:20;Gabriela.Lima@Hotmail.Com;site;google;cpc;GOOGLE_SEARCH_GENERICO;CAFE20;149.7;29.94;27.9;147.66;Pago
100880;2026-04-15 13:42:54;Camila.Santos@Hotmail.Com;site;email;newsletter;news_apr;;49.9;0.0;14.9;64.8;Pago
100881;2026-04-15 15:31:06;Mariana.Martins299@Gmail.Com;site;instagram;cpc;META_PROSPECCAO_BLENDS;PRIMEIRACOMPRA;514.5;77.17;0.0;437.33;Pago
100882;2026-04-15 16:15:48;Fernanda.Ferreira2000@Gmail.Com;site;google;cpc;google_search_generico;;114.7;0.0;14.9;129.6;Pago
100883;2026-04-15 18:07:02;Gabriela.Pereira@Icloud.Com;site;google;organic;;;164.8;0.0;0.0;164.8;Pago
100884;2026-04-15 18:51:38;Aline.Ferreira82@Gmail.Com;site;;;;;189.7;0.0;0.0;189.7;Pago
100885;2026-04-15 19:36:37;Lucas.Barbosa50@Gmail.Com;site;whatsapp;referral;indique_ganhe;;54.9;0.0;14.9;69.8;Pago
100886;2026-04-15 19:47:38;Carolina.Rodrigues21@Gmail.Com;assinatura;;;;;69.9;6.99;0.0;62.91;Pago
100887;2026-04-15 20:59:24;Maria.Rocha2001@Hotmail.Com;site;;;;;298.7;0.0;0.0;298.7;Pago
100888;2026-04-15 21:05:00;Thais.Zanotti@Outlook.Com;site;;;;;106.6;0.0;31.5;138.1;Aguardando pagamento
100889;2026-04-15 23:57:32;Felipe.Simoes1989@Icloud.Com;site;;;;;144.7;0.0;14.9;159.6;Pago
100890;2026-04-16 06:42:29;Renata.Ferreira88@Gmail.Com;site;google;organic;;;54.9;0.0;27.9;82.8;Pago
100891;2026-04-16 15:08:24;Larissa.Souza@Gmail.Com;site;instagram;social;bio_link;;354.5;0.0;0.0;354.5;Pago
100892;2026-04-16 15:12:40;Renata.Pimentel@Hotmail.Com;site;fb;paid;meta_prospeccao_blends;;139.9;0.0;14.9;154.8;Pago
100893;2026-04-16 15:39:25;Debora.Souza89@Hotmail.Com;assinatura;;;;;69.9;6.99;0.0;62.91;Cancelado
100894;2026-04-16 16:17:40;Rodrigo.Ribeiro1993@Gmail.Com;site;facebook;cpc;META_PROSPECCAO_BLENDS;;209.8;0.0;0.0;209.8;Pago
100895;2026-04-16 17:56:26;Carlos.Ferreira@Icloud.Com;site;whatsapp;referral;indique_ganhe;;54.9;0.0;14.9;69.8;Pago
100896;2026-04-16 17:59:40;Rodrigo.Oliveira@Hotmail.Com;site;google;cpc;GOOGLE_SEARCH_MARCA;;407.5;0.0;0.0;407.5;Pago
100897;2026-04-16 19:21:03;Priscila.Costa@Gmail.Com;site;instagram;influencer;INFLU_DUDA_BARISTA;;229.7;0.0;0.0;229.7;Pago
100898;2026-04-16 20:09:03;Aline.Oliveira1988@Gmail.Com;site;email;newsletter;news_apr;;139.9;0.0;27.9;167.8;Pago
100899;2026-04-16 20:11:16;Debora.Araujo@Gmail.Com;assinatura;;;;;69.9;6.99;0.0;62.91;Pago
100900;2026-04-16 20:12:15;Fabio.Carvalho1988@Outlook.Com;site;instagram;influencer;INFLU_CAFE_COM_BIA;DUDA15;94.7;14.21;14.9;95.39;Pago
100901;2026-04-16 21:16:38;Camila.Rocha@Gmail.Com;site;instagram;influencer;INFLU_DUDA_BARISTA;DUDA15;288.6;43.29;0.0;245.31;Pago
100902;2026-04-16 22:44:39;Thais.Moreira1982@Gmail.Com;site;email;newsletter;news_apr;;73.8;0.0;14.9;88.7;Pago
100903;2026-04-17 08:36:19;Juliana.Ribeiro1982@Gmail.Com;site;google;cpc;GOOGLE_SHOPPING;;159.9;0.0;0.0;159.9;Pago
100904;2026-04-17 09:50:21;Debora.Souza34@Icloud.Com;site;fb;paid;meta_prospeccao_blends;PRIMEIRACOMPRA;99.8;14.97;14.9;99.73;Pago
100905;2026-04-17 14:30:32;Pedro.Ribeiro1988@Hotmail.Com;site;google;cpc;GOOGLE_SEARCH_GENERICO;;239.8;0.0;0.0;239.8;Cancelado
100906;2026-04-17 15:17:39;Bruna.Simoes@Outlook.Com;site;google;cpc;GOOGLE_SEARCH_MARCA;;49.9;0.0;14.9;64.8;Pago
100907;2026-04-17 15:47:47;Rafael.Martins204@Outlook.Com;site;email;newsletter;news_apr;;18.9;0.0;14.9;33.8;Pago
100908;2026-04-17 16:36:50;Debora.Costa@Gmail.Com;site;ig;cpc;Meta_Prospeccao_Blends ;;364.6;0.0;0.0;364.6;Pago
100909;2026-04-17 16:39:23;Bruna.Rocha93@Gmail.Com;site;google;cpc;GOOGLE_SEARCH_GENERICO;;89.8;0.0;14.9;104.7;Cancelado
100910;2026-04-17 17:25:53;Patricia.Dallabernardina1988@Outlook.Com;assinatura;;;;;69.9;6.99;0.0;62.91;Pago
100911;2026-04-17 21:39:55;Larissa.Nascimento1990@Gmail.Com;site;google;cpc;GOOGLE_SEARCH_GENERICO;;89.9;0.0;14.9;104.8;Pago
100912;2026-04-17 22:47:05;Renata.Gomes@Hotmail.Com;site;fb;paid;meta_prospeccao_blends;;18.9;0.0;14.9;33.8;Pago
100913;2026-04-17 23:58:44;Juliana.Rocha1991@Outlook.Com;site;google;cpc;GOOGLE_SEARCH_GENERICO;BEMVINDO10;229.7;22.97;0.0;206.73;Pago
100914;2026-04-18 06:10:02;Maria.Nascimento@Gmail.Com;site;instagram;social;bio_link;;54.9;0.0;14.9;69.8;Pago
100915;2026-04-18 06:31:03;Camila.Rocha@Hotmail.Com;site;email;newsletter;news_apr;;819.2;0.0;0.0;819.2;Pago
100916;2026-04-18 07:25:09;Felipe.Silva72@Gmail.Com;assinatura;;;;;69.9;6.99;0.0;62.91;Reembolsado
100917;2026-04-18 09:05:48;Felipe.Zanotti@Outlook.Com;site;instagram;cpc;META_PROSPECCAO_BLENDS;PRIMEIRACOMPRA;54.9;8.23;14.9;61.57;Pago
100918;2026-04-18 09:06:33;Priscila.Pereira35@Gmail.Com;assinatura;;;;;69.9;6.99;0.0;62.91;Pago
100919;2026-04-18 09:11:52;Joao.Zanotti@Outlook.Com;assinatura;;;;;69.9;6.99;0.0;62.91;Pago
100920;2026-04-18 09:33:34;Rodrigo.Barbosa1990@Gmail.Com;site;facebook;cpc;META_PROSPECCAO_BLENDS;BEMVINDO10;44.9;4.49;14.9;55.31;Pago
100921;2026-04-18 12:38:59;Thais.Pereira99@Gmail.Com;site;;;;;304.7;0.0;0.0;304.7;Pago
100922;2026-04-18 13:04:13;Thais.Dallabernardina289@Hotmail.Com;site;google;cpc;GOOGLE_SEARCH_MARCA;;239.6;0.0;0.0;239.6;Aguardando pagamento
100923;2026-04-18 13:59:08;Vinicius.Ribeiro6@Outlook.Com;site;instagram;influencer;INFLU_DUDA_BARISTA;BIA10;24.9;2.49;22.9;45.31;Pago
100924;2026-04-18 14:44:12;Fabio.Silva48@Gmail.Com;site;facebook;cpc;META_PROSPECCAO_BLENDS;BEMVINDO10;379.4;37.94;0.0;341.46;Pago
100925;2026-04-18 15:08:59;Thais.Santos2002@Gmail.Com;assinatura;;;;;69.9;6.99;0.0;62.91;Pago
100926;2026-04-18 18:54:41;Felipe.Nascimento44@Hotmail.Com;assinatura;;;;;69.9;6.99;0.0;62.91;Cancelado
100927;2026-04-18 20:18:21;Leticia.Oliveira60@Gmail.Com;site;google;cpc;GOOGLE_SEARCH_MARCA;;319.8;0.0;0.0;319.8;Reembolsado
100928;2026-04-18 22:12:09;Patricia.Oliveira59@Icloud.Com;site;email;newsletter;news_apr;;134.7;0.0;14.9;149.6;Pago
100929;2026-04-18 22:20:31;Beatriz.Nascimento47@Gmail.Com;site;fb;paid;meta_prospeccao_blends;CAFE20;414.6;82.92;0.0;331.68;Cancelado
100930;2026-04-18 23:55:48;Carlos.Moreira628@Icloud.Com;site;fb;paid;meta_prospeccao_blends;;144.8;0.0;31.5;176.3;Pago
100931;2026-04-19 06:38:42;Thiago.Dallabernardina94@Icloud.Com;site;;;;;89.9;0.0;14.9;104.8;Pago
100932;2026-04-19 06:47:57;Patricia.Mercon691@Gmail.Com;site;google;cpc;GOOGLE_SHOPPING;BEMVINDO10;93.7;9.37;14.9;99.23;Pago
100933;2026-04-19 07:37:33;Debora.Nascimento67@Hotmail.Com;site;;;;;139.7;0.0;14.9;154.6;Pago
100934;2026-04-19 09:38:24;Beatriz.Barbosa2002@Icloud.Com;site;ig;cpc;Meta_Prospeccao_Blends ;CAFE20;44.9;8.98;14.9;50.82;Pago
100935;2026-04-19 16:01:59;Debora.Mercon34@Yahoo.Com.Br;site;facebook;cpc;META_REMARKETING;;49.9;0.0;31.5;81.4;Pago
100936;2026-04-19 16:54:41;Lucas.Rodrigues2002@Gmail.Com;site;ig;cpc;Meta_Prospeccao_Blends ; BEMVINDO10;308.5;30.85;0.0;277.65;Pago
100937;2026-04-19 18:14:59;Debora.Ribeiro379@Gmail.Com;site;instagram;cpc;META_REMARKETING;;419.7;0.0;0.0;419.7;Reembolsado
100938;2026-04-19 19:55:32;Rafael.Pereira93@Gmail.Com;site;;;;;649.2;0.0;0.0;649.2;Reembolsado
100939;2026-04-19 19:55:44;Patricia.Simoes1991@Hotmail.Com;site;google;cpc;GOOGLE_SEARCH_MARCA;;239.7;0.0;0.0;239.7;Pago
100940;2026-04-20 06:25:35;Thais.Carvalho@Gmail.Com;site;google;organic;;;334.6;0.0;0.0;334.6;Pago
100941;2026-04-20 07:05:48;Thiago.Mercon1984@Icloud.Com;site;facebook;cpc;META_REMARKETING;;89.9;0.0;27.9;117.8;Pago
100942;2026-04-20 07:42:49;Mariana.Lima88@Gmail.Com;site;instagram;cpc;META_PROSPECCAO_BLENDS;PRIMEIRACOMPRA;54.9;8.23;14.9;61.57;Cancelado
100943;2026-04-20 10:22:49;Bruna.Moreira2003@Hotmail.Com;site;facebook;cpc;META_PROSPECCAO_BLENDS;;209.7;0.0;0.0;209.7;Pago
100944;2026-04-20 11:45:12;Renata.Souza@Gmail.Com;site;;;;;519.6;0.0;0.0;519.6;Pago
100945;2026-04-20 12:06:39;Mariana.Carvalho@Outlook.Com;site;instagram;cpc;META_REMARKETING;CAFE20;179.7;35.94;22.9;166.66;Pago
100946;2026-04-20 12:59:14;Eduardo.Carvalho@Icloud.Com;site;facebook;cpc;META_PROSPECCAO_BLENDS;BEMVINDO10;184.8;18.48;0.0;166.32;Pago
100947;2026-04-20 14:10:36;Thais.Ferreira2003@Outlook.Com;site;instagram;influencer;INFLU_CAFE_COM_BIA;bia10;233.7;23.37;0.0;210.33;Pago
100948;2026-04-20 15:34:40;Maria.Pimentel49@Hotmail.Com;site;instagram;cpc;META_PROSPECCAO_BLENDS;PRIMEIRACOMPRA ;18.9;2.83;14.9;30.97;Aguardando pagamento
100949;2026-04-20 15:42:05;Leonardo.Ribeiro@Hotmail.Com;site;fb;paid;meta_prospeccao_blends;BEMVINDO10;139.9;13.99;14.9;140.81;Pago
100950;2026-04-20 16:40:43;Bruna.Moreira@Hotmail.Com;site;instagram;cpc;META_PROSPECCAO_BLENDS;;164.8;0.0;0.0;164.8;Pago
100951;2026-04-20 18:07:29;Felipe.Zanotti51@Gmail.Com;site;;;;;24.9;0.0;14.9;39.8;Pago
100952;2026-04-20 18:34:28;Leticia.Almeida96@Gmail.Com;site;ig;cpc;Meta_Prospeccao_Blends ;;319.8;0.0;0.0;319.8;Pago
100953;2026-04-20 22:33:12;Thiago.Rodrigues@Yahoo.Com.Br;site;fb;paid;meta_prospeccao_blends;;579.4;0.0;0.0;579.4;Pago
100954;2026-04-20 22:51:39;Fabio.Almeida2002@Gmail.Com;site;email;newsletter;news_apr;;54.9;0.0;14.9;69.8;Pago
100955;2026-04-21 06:16:29;Maria.Araujo1989@Outlook.Com;site;ig;cpc;Meta_Prospeccao_Blends ;CAFE20;219.7;43.94;0.0;175.76;Pago
100956;2026-04-21 06:22:47;Leticia.Moreira1984@Yahoo.Com.Br;site;ig;cpc;Meta_Prospeccao_Blends ;BEMVINDO10;124.8;12.48;14.9;127.22;Pago
100957;2026-04-21 06:30:14;Diego.Rocha@Hotmail.Com;site;;;;;88.8;0.0;22.9;111.7;Pago
100958;2026-04-21 06:49:37;Debora.Rocha1985@Gmail.Com;site;;;;;124.8;0.0;22.9;147.7;Pago
100959;2026-04-21 07:45:21;Mariana.Gomes33@Hotmail.Com;assinatura;;;;;69.9;6.99;0.0;62.91;Pago
100960;2026-04-21 08:27:42;Felipe.Almeida1985@Gmail.Com;site;;;;DUDA15;89.9;13.49;14.9;91.31;Pago
100961;2026-04-21 10:07:44;Carlos.Costa64@Gmail.Com;site;instagram;cpc;META_REMARKETING;BEMVINDO10;18.9;1.89;14.9;31.91;Pago
100962;2026-04-21 10:15:44;Felipe.Dallabernardina71@Hotmail.Com;site;instagram;social;bio_link;;99.8;0.0;27.9;127.7;Pago
100963;2026-04-21 11:24:40;Diego.Mercon@Hotmail.Com;site;;;;;299.6;0.0;0.0;299.6;Pago
100964;2026-04-21 12:26:38;Fernanda.Lima2003@Outlook.Com;site;;;;cafe20;49.8;9.96;14.9;54.74;Pago
100965;2026-04-21 12:45:54;Beatriz.Souza2006@Gmail.Com;site;facebook;cpc;META_PROSPECCAO_BLENDS;PRIMEIRACOMPRA;119.9;17.98;14.9;116.82;Pago
100966;2026-04-21 12:54:44;Mariana.Silva1980@Gmail.Com;site;instagram;cpc;META_REMARKETING;PRIMEIRACOMPRA;289.6;43.44;0.0;246.16;Pago
100967;2026-04-21 13:55:35;Bruna.Ribeiro@Gmail.Com;assinatura;;;;;69.9;6.99;0.0;62.91;Pago
100968;2026-04-21 16:10:48;Aline.Ferreira57@Gmail.Com;site;whatsapp;referral;indique_ganhe;;203.7;0.0;0.0;203.7;Pago
100969;2026-04-21 17:25:00;Juliana.Silva@Gmail.Com;assinatura;;;;;69.9;6.99;0.0;62.91;Pago
100970;2026-04-21 18:29:45;Debora.Pimentel90@Gmail.Com;site;whatsapp;referral;indique_ganhe;;269.6;0.0;0.0;269.6;Pago
100971;2026-04-21 18:33:59;Gabriel.Carvalho56@Icloud.Com;site;google;cpc;GOOGLE_SEARCH_MARCA;PRIMEIRACOMPRA;79.9;11.99;31.5;99.41;Pago
100972;2026-04-21 20:13:21;Camila.Mercon28@Gmail.Com;site;whatsapp;referral;indique_ganhe;INDIQUE15;239.8;35.97;0.0;203.83;Pago
100973;2026-04-21 20:40:08;Fernanda.Ribeiro@Gmail.Com;site;instagram;social;bio_link;;119.8;0.0;14.9;134.7;Pago
100974;2026-04-21 22:04:18;Aline.Mercon2006@Icloud.Com;site;facebook;cpc;META_PROSPECCAO_BLENDS;CAFE20;69.8;13.96;14.9;70.74;Pago
100975;2026-04-21 23:25:15;Joao.Costa@Gmail.Com;site;;;;;469.6;0.0;0.0;469.6;Pago
100976;2026-04-22 07:14:35;Thais.Martins2002@Yahoo.Com.Br;site;instagram;cpc;META_PROSPECCAO_BLENDS;;18.9;0.0;14.9;33.8;Pago
100977;2026-04-22 08:39:43;Debora.Rocha@Gmail.Com;site;email;newsletter;news_apr;;219.7;0.0;0.0;219.7;Pago
100978;2026-04-22 10:09:57;Aline.Dallabernardina@Icloud.Com;site;google;cpc;GOOGLE_SHOPPING;;264.7;0.0;0.0;264.7;Pago
100979;2026-04-22 11:02:56;Fabio.Dallabernardina1981@Gmail.Com;site;instagram;cpc;META_PROSPECCAO_BLENDS;CAFE20;529.5;105.9;0.0;423.6;Pago
100980;2026-04-22 13:05:13;Rodrigo.Nascimento1984@Icloud.Com;site;ig;cpc;Meta_Prospeccao_Blends ;;164.8;0.0;0.0;164.8;Pago
100981;2026-04-22 15:50:18;Juliana.Simoes1983@Hotmail.Com;site;email;newsletter;news_apr;;149.8;0.0;14.9;164.7;Pago
100982;2026-04-22 18:35:38;Thiago.Simoes@Gmail.Com;site;;;;;24.9;0.0;14.9;39.8;Pago
100983;2026-04-22 20:23:04;Priscila.Silva8@Hotmail.Com;site;facebook;cpc;META_PROSPECCAO_BLENDS;PRIMEIRACOMPRA;159.9;23.98;14.9;150.82;Pago
100984;2026-04-22 21:02:57;Camila.Lima1998@Gmail.Com;site;email;newsletter;news_apr;;159.9;0.0;0.0;159.9;Pago
100985;2026-04-22 22:17:18;Fabio.Moreira@Icloud.Com;site;;;;FRETEGRATIS;269.7;0.0;0.0;269.7;Pago
100986;2026-04-22 23:20:00;Rafael.Martins1989@Gmail.Com;site;google;cpc;GOOGLE_SEARCH_MARCA;;239.8;0.0;0.0;239.8;Pago
100987;2026-04-23 06:11:35;Caio.Barbosa@Gmail.Com;site;google;cpc;GOOGLE_SEARCH_MARCA;;169.7;0.0;0.0;169.7;Cancelado
100988;2026-04-23 06:19:45;Fernanda.Nascimento53@Gmail.Com;site;;;;;119.8;0.0;14.9;134.7;Pago
100989;2026-04-23 07:36:18;Leticia.Ferreira@Hotmail.Com;site;google;cpc;GOOGLE_SEARCH_GENERICO;;119.9;0.0;14.9;134.8;Pago
100990;2026-04-23 10:38:32;Larissa.Simoes1982@Gmail.Com;site;instagram;social;bio_link;;44.9;0.0;31.5;76.4;Reembolsado
100991;2026-04-23 11:48:07;Andre.Zanotti@Hotmail.Com;assinatura;;;;;69.9;6.99;0.0;62.91;Pago
100992;2026-04-23 14:50:59;Juliana.Silva16@Gmail.Com;site;instagram;social;bio_link;;44.9;0.0;14.9;59.8;Pago
100993;2026-04-23 15:18:37;Pedro.Carvalho36@Hotmail.Com;site;;;;;69.9;0.0;14.9;84.8;Pago
100994;2026-04-23 16:48:50;Gabriela.Rodrigues90@Gmail.Com;site;fb;paid;meta_prospeccao_blends;BEMVINDO10;164.8;16.48;14.9;163.22;Pago
100995;2026-04-23 21:12:32;Juliana.Simoes68@Gmail.Com;assinatura;;;;;69.9;6.99;0.0;62.91;Pago
100996;2026-04-23 22:24:51;Luiza.Martins73@Gmail.Com;assinatura;;;;;69.9;6.99;0.0;62.91;Reembolsado
100997;2026-04-23 22:45:43;Vinicius.Mercon71@Gmail.Com;site;google;shopping;GOOGLE_SHOPPING;;239.8;0.0;0.0;239.8;Pago
100998;2026-04-23 23:01:56;Bruno.Gomes1983@Outlook.Com;site;instagram;social;bio_link;;199.6;0.0;0.0;199.6;Cancelado
100999;2026-04-23 23:16:30;Gustavo.Ferreira@Hotmail.Com;assinatura;;;;;69.9;6.99;0.0;62.91;Pago
101000;2026-04-24 06:52:30;Julia.Silva27@Gmail.Com;site;ig;cpc;Meta_Prospeccao_Blends ;CAFE20;94.8;18.96;14.9;90.74;Pago
101001;2026-04-24 07:05:19;Andre.Loureiro90@Gmail.Com;site;instagram;social;bio_link;;404.5;0.0;0.0;404.5;Pago
101002;2026-04-24 07:15:58;Bruno.Nascimento1991@Outlook.Com;site;google;cpc;GOOGLE_SEARCH_MARCA;BEMVINDO10;169.8;16.98;0.0;152.82;Pago
101003;2026-04-24 08:34:45;Bruna.Barbosa16@Hotmail.Com;assinatura;;;;;69.9;6.99;0.0;62.91;Pago
101004;2026-04-24 11:59:55;Bruna.Gomes2001@Outlook.Com;site;google;cpc;google_search_generico;BEMVINDO10;79.9;7.99;14.9;86.81;Pago
101005;2026-04-24 12:49:51;Eduardo.Almeida1994@Gmail.Com;site;instagram;social;bio_link;;209.7;0.0;0.0;209.7;Pago
101006;2026-04-24 14:52:37;Debora.Simoes@Yahoo.Com.Br;site;instagram;cpc;META_PROSPECCAO_BLENDS;CAFE20;119.9;23.98;14.9;110.82;Pago
101007;2026-04-24 15:49:06;Luiza.Lima@Hotmail.Com;site;google;cpc;GOOGLE_SEARCH_MARCA;;299.6;0.0;0.0;299.6;Pago
101008;2026-04-24 16:40:00;Lucas.Zanotti@Yahoo.Com.Br;site;;;;INDIQUE15;284.5;42.67;0.0;241.83;Pago
101009;2026-04-24 16:51:16;Marcelo.Pimentel1995@Gmail.Com;assinatura;;;;;69.9;6.99;0.0;62.91;Pago
101010;2026-04-24 17:47:18;Larissa.Nascimento1990@Gmail.Com;assinatura;;;;;69.9;6.99;0.0;62.91;Pago
101011;2026-04-24 18:08:46;Priscila.Ferreira93@Gmail.Com;site;fb;paid;meta_prospeccao_blends;PRIMEIRACOMPRA ;159.8;23.97;22.9;158.73;Reembolsado
101012;2026-04-24 18:47:04;Luiza.Rodrigues979@Gmail.Com;site;google;cpc;GOOGLE_SEARCH_MARCA;;89.9;0.0;14.9;104.8;Pago
101013;2026-04-25 08:57:20;Aline.Almeida245@Yahoo.Com.Br;site;google;cpc;GOOGLE_SEARCH_GENERICO;;379.6;0.0;0.0;379.6;Pago
101014;2026-04-25 09:08:43;Juliana.Nascimento31@Gmail.Com;site;google;cpc;GOOGLE_SEARCH_MARCA;FRETEGRATIS;324.7;0.0;0.0;324.7;Pago
101015;2026-04-25 11:05:54;Camila.Gomes1999@Gmail.Com;site;instagram;influencer;INFLU_DUDA_BARISTA;DUDA15;168.7;25.3;14.9;158.3;Pago
101016;2026-04-25 13:23:23;Bruno.Moreira1985@Gmail.Com;site;fb;paid;meta_prospeccao_blends;PRIMEIRACOMPRA;119.8;17.97;14.9;116.73;Pago
101017;2026-04-25 13:44:08;Julia.Souza61@Outlook.Com;site;facebook;cpc;META_REMARKETING;;24.9;0.0;14.9;39.8;Pago
101018;2026-04-25 18:15:17;Mateus.Oliveira@Gmail.Com;site;;;;BIA10;239.6;23.96;0.0;215.64;Pago
101019;2026-04-25 18:29:23;Priscila.Almeida15@Outlook.Com;site;google;cpc;GOOGLE_SEARCH_GENERICO;;149.8;0.0;22.9;172.7;Pago
101020;2026-04-25 18:32:02;Renata.Simoes12@Hotmail.Com;site;google;organic;;;294.5;0.0;0.0;294.5;Pago
101021;2026-04-25 19:11:51;Carlos.Rocha2002@Yahoo.Com.Br;site;;;;DUDA15;119.9;17.98;14.9;116.82;Pago
101022;2026-04-25 19:48:52;Priscila.Carvalho16@Yahoo.Com.Br;site;google;cpc;GOOGLE_SEARCH_MARCA;;54.9;0.0;22.9;77.8;Pago
101023;2026-04-25 21:25:29;Larissa.Gomes@Outlook.Com;site;;;;;18.9;0.0;14.9;33.8;Pago
101024;2026-04-25 21:34:30;Pedro.Araujo@Hotmail.Com;site;facebook;cpc;META_PROSPECCAO_BLENDS;;388.6;0.0;0.0;388.6;Pago
101025;2026-04-25 23:36:35;Debora.Gomes16@Gmail.Com;site;facebook;cpc;META_PROSPECCAO_BLENDS;BEMVINDO10;159.9;15.99;27.9;171.81;Pago
101026;2026-04-25 23:39:43;Gabriela.Loureiro@Icloud.Com;site;google;organic;;;99.8;0.0;14.9;114.7;Pago
101027;2026-04-26 06:19:11;Fernanda.Almeida2006@Icloud.Com;site;google;cpc;GOOGLE_SEARCH_MARCA;BEMVINDO10;49.9;4.99;14.9;59.81;Pago
101028;2026-04-26 06:43:28;Aline.Araujo@Gmail.Com;site;ig;cpc;Meta_Prospeccao_Blends ;;18.9;0.0;14.9;33.8;Pago
101029;2026-04-26 08:18:03;Fernanda.Moreira82@Gmail.Com;assinatura;;;;;69.9;6.99;0.0;62.91;Pago
101030;2026-04-26 10:25:04;Larissa.Mercon1992@Outlook.Com;site;instagram;influencer;INFLU_DUDA_BARISTA;BIA10;264.5;26.45;0.0;238.05;Pago
101031;2026-04-26 12:05:42;Diego.Almeida2006@Yahoo.Com.Br;site;google;cpc;GOOGLE_SEARCH_GENERICO;;49.9;0.0;14.9;64.8;Pago
101032;2026-04-26 12:09:20;Larissa.Rocha@Hotmail.Com;site;google;cpc;GOOGLE_SEARCH_MARCA;;49.9;0.0;14.9;64.8;Pago
101033;2026-04-26 12:29:11;Juliana.Martins22@Yahoo.Com.Br;site;;;;;54.9;0.0;14.9;69.8;Pago
101034;2026-04-26 13:03:41;Larissa.Souza89@Outlook.Com;site;;;;;44.9;0.0;14.9;59.8;Pago
101035;2026-04-26 13:57:31;Bruno.Ferreira1994@Gmail.Com;site;instagram;cpc;META_PROSPECCAO_BLENDS;BEMVINDO10;219.7;21.97;0.0;197.73;Pago
101036;2026-04-26 14:57:37;Maria.Ferreira@Gmail.Com;site;facebook;cpc;META_PROSPECCAO_BLENDS;PRIMEIRACOMPRA;159.9;23.98;14.9;150.82;Pago
101037;2026-04-26 15:21:51;Julia.Dallabernardina78@Gmail.Com;site;instagram;influencer;INFLU_DUDA_BARISTA;BIA10;149.8;14.98;22.9;157.72;Pago
101038;2026-04-26 16:00:58;Rodrigo.Ribeiro11@Yahoo.Com.Br;site;facebook;cpc;META_REMARKETING;PRIMEIRACOMPRA;69.9;10.49;22.9;82.31;Pago
101039;2026-04-26 16:01:42;Renata.Santos@Gmail.Com;site;;;;;129.8;0.0;14.9;144.7;Pago
101040;2026-04-26 17:59:04;Gabriel.Oliveira78@Icloud.Com;site;email;newsletter;news_apr;;139.8;0.0;22.9;162.7;Pago
101041;2026-04-26 18:27:18;Carolina.Moreira70@Gmail.Com;site;google;cpc;GOOGLE_SEARCH_MARCA;;63.8;0.0;22.9;86.7;Pago
101042;2026-04-26 18:55:27;Carlos.Pereira65@Hotmail.Com;site;instagram;influencer;INFLU_CAFE_COM_BIA;BIA10;49.8;4.98;14.9;59.72;Pago
101043;2026-04-26 21:01:31;Thiago.Costa1982@Hotmail.Com;site;google;cpc;GOOGLE_SEARCH_GENERICO;BEMVINDO10;189.8;18.98;0.0;170.82;Pago
101044;2026-04-26 21:30:58;Andre.Rodrigues@Gmail.Com;site;google;cpc;GOOGLE_SEARCH_GENERICO;;49.9;0.0;31.5;81.4;Reembolsado
101045;2026-04-27 08:07:35;Leonardo.Almeida47@Gmail.Com;site;google;cpc;GOOGLE_SEARCH_GENERICO;;134.7;0.0;14.9;149.6;Pago
101046;2026-04-27 09:21:43;Mariana.Nascimento2001@Gmail.Com;site;facebook;cpc;META_REMARKETING;CAFE20;408.6;81.72;0.0;326.88;Pago
101047;2026-04-27 14:10:01;Renata.Dallabernardina93@Gmail.Com;site;;;;CAFE20;319.5;63.9;0.0;255.6;Pago
101048;2026-04-27 15:22:57;Bruno.Moreira1998@Outlook.Com;site;;;;;49.9;0.0;27.9;77.8;Pago
101049;2026-04-27 15:42:50;Pedro.Dallabernardina1982@Outlook.Com;site;;;;;104.8;0.0;14.9;119.7;Pago
101050;2026-04-27 17:30:57;Maria.Dallabernardina1996@Gmail.Com;site;;;;;54.9;0.0;14.9;69.8;Pago
101051;2026-04-27 17:55:03;Camila.Barbosa151@Outlook.Com;assinatura;;;;;69.9;6.99;0.0;62.91;Pago
101052;2026-04-27 18:01:50;Aline.Araujo1986@Gmail.Com;site;;;;;69.9;0.0;14.9;84.8;Pago
101053;2026-04-27 18:24:38;Caio.Ribeiro1981@Gmail.Com;assinatura;;;;;69.9;6.99;0.0;62.91;Pago
101054;2026-04-27 18:30:48;Diego.Ferreira1988@Gmail.Com;site;instagram;influencer;INFLU_CAFE_COM_BIA;BIA10;209.8;20.98;0.0;188.82;Pago
101055;2026-04-27 18:48:47;Rodrigo.Nascimento@Icloud.Com;site;google;cpc;google_search_generico;;449.6;0.0;0.0;449.6;Pago
101056;2026-04-27 19:23:32;Julia.Santos38@Gmail.Com;site;;;;BIA10;254.7;25.47;0.0;229.23;Pago
101057;2026-04-27 21:30:12;Camila.Rodrigues12@Gmail.Com;site;instagram;cpc;META_REMARKETING;CAFE20;119.9;23.98;22.9;118.82;Pago
101058;2026-04-27 22:52:51;Gabriela.Pereira1994@Yahoo.Com.Br;assinatura;;;;;69.9;6.99;0.0;62.91;Pago
101059;2026-04-28 06:11:17;Mariana.Oliveira1984@Gmail.Com;site;instagram;cpc;META_REMARKETING;;159.9;0.0;0.0;159.9;Pago
101060;2026-04-28 07:37:23;Ana.Oliveira@Gmail.Com;site;ig;cpc;Meta_Prospeccao_Blends ;BEMVINDO10 ;89.9;8.99;14.9;95.81;Pago
101061;2026-04-28 08:05:01;Rafael.Santos@Gmail.Com;site;google;cpc;GOOGLE_SEARCH_MARCA;;69.9;0.0;14.9;84.8;Pago
101062;2026-04-28 09:02:06;Maria.Almeida46@Gmail.Com;site;google;cpc;GOOGLE_SEARCH_MARCA;;189.8;0.0;0.0;189.8;Pago
101063;2026-04-28 10:39:06;Fernanda.Dallabernardina1996@Yahoo.Com.Br;site;google;cpc;GOOGLE_SEARCH_MARCA;;329.6;0.0;0.0;329.6;Pago
101064;2026-04-28 12:12:59;Maria.Costa13@Gmail.Com;site;;;;;959.2;0.0;0.0;959.2;Pago
101065;2026-04-28 13:55:29;Luiza.Barbosa4@Gmail.Com;assinatura;;;;;69.9;6.99;0.0;62.91;Pago
101066;2026-04-28 14:42:07;Fernanda.Silva1993@Gmail.Com;site;google;cpc;GOOGLE_SEARCH_GENERICO;;216.6;0.0;0.0;216.6;Pago
101067;2026-04-28 19:51:08;Aline.Lima1986@Gmail.Com;site;google;cpc;google_search_generico;BEMVINDO10;89.9;8.99;14.9;95.81;Pago
101068;2026-04-28 22:34:00;Camila.Simoes@Icloud.Com;site;instagram;influencer;INFLU_CAFE_COM_BIA;DUDA15;139.9;20.98;14.9;133.82;Reembolsado
101069;2026-04-28 23:32:25;Gustavo.Zanotti@Gmail.Com;site;instagram;social;bio_link;;119.9;0.0;14.9;134.8;Pago
101070;2026-04-29 12:50:37;Gabriel.Souza71@Gmail.Com;site;instagram;cpc;META_PROSPECCAO_BLENDS;CAFE20;143.7;28.74;14.9;129.86;Pago
101071;2026-04-29 13:30:24;Maria.Pereira@Gmail.Com;site;google;cpc;GOOGLE_SHOPPING;;349.7;0.0;0.0;349.7;Reembolsado
101072;2026-04-29 13:46:40;Juliana.Moreira14@Gmail.Com;site;;;;BIA10;238.5;23.85;0.0;214.65;Aguardando pagamento
101073;2026-04-29 15:31:20;Fabio.Souza1994@Gmail.Com;site;;;;FRETEGRATIS;24.9;0.0;0.0;24.9;Cancelado
101074;2026-04-29 15:42:43;Diego.Simoes@Gmail.Com;site;instagram;cpc;META_PROSPECCAO_BLENDS;PRIMEIRACOMPRA;284.7;42.7;0.0;242.0;Pago
101075;2026-04-29 16:51:17;Rafael.Loureiro46@Hotmail.Com;site;google;cpc;GOOGLE_SEARCH_MARCA;;89.9;0.0;14.9;104.8;Pago
101076;2026-04-29 17:36:29;Leonardo.Almeida1992@Outlook.Com;site;instagram;social;bio_link;;328.6;0.0;0.0;328.6;Pago
101077;2026-04-29 18:56:07;Carolina.Ferreira@Outlook.Com;site;google;shopping;GOOGLE_SHOPPING;;164.8;0.0;0.0;164.8;Pago
101078;2026-04-30 06:21:15;Felipe.Dallabernardina1995@Outlook.Com;site;email;newsletter;news_apr;;209.7;0.0;0.0;209.7;Pago
101079;2026-04-30 08:48:36;Maria.Lima@Yahoo.Com.Br;site;fb;paid;meta_prospeccao_blends;CAFE20;119.9;23.98;14.9;110.82;Cancelado
101080;2026-04-30 12:49:48;Patricia.Silva@Gmail.Com;site;;;;;99.8;0.0;14.9;114.7;Pago
101081;2026-04-30 14:25:20;Fernanda.Lima@Icloud.Com;site;google;cpc;GOOGLE_SEARCH_MARCA;;134.8;0.0;14.9;149.7;Pago
101082;2026-04-30 15:35:27;Bruno.Dallabernardina@Icloud.Com;site;google;cpc;GOOGLE_SEARCH_MARCA;CAFE20;139.9;27.98;22.9;134.82;Pago
101083;2026-04-30 15:43:49;Gabriela.Simoes1998@Gmail.Com;site;;;;DUDA15;188.6;28.29;0.0;160.31;Pago
101084;2026-04-30 17:01:59;Luiza.Martins30@Gmail.Com;site;;;;BIA10;79.9;7.99;14.9;86.81;Pago
101085;2026-04-30 20:03:57;Fabio.Dallabernardina@Icloud.Com;site;instagram;social;bio_link;CAFE20;159.9;31.98;14.9;142.82;Pago
101086;2026-04-30 21:10:26;Leticia.Rocha787@Outlook.Com;site;;;;;49.9;0.0;31.5;81.4;Pago
101087;2026-05-01 08:01:43;Aline.Pimentel2005@Gmail.Com;site;instagram;cpc;META_PROSPECCAO_BLENDS;;349.6;0.0;0.0;349.6;Pago
101088;2026-05-01 08:21:57;Priscila.Loureiro97@Gmail.Com;site;instagram;influencer;INFLU_CAFE_COM_BIA;BIA10;18.9;1.89;14.9;31.91;Aguardando pagamento
101089;2026-05-01 09:17:43;Gustavo.Gomes@Outlook.Com;site;google;organic;;;24.9;0.0;22.9;47.8;Pago
101090;2026-05-01 14:34:20;Caio.Santos2000@Gmail.Com;site;google;cpc;GOOGLE_SEARCH_GENERICO;PRIMEIRACOMPRA;69.8;10.47;14.9;74.23;Pago
101091;2026-05-01 17:26:35;Carolina.Martins8@Icloud.Com;site;google;cpc;GOOGLE_SEARCH_GENERICO;;49.9;0.0;14.9;64.8;Pago
101092;2026-05-01 17:28:28;Luiza.Zanotti72@Gmail.Com;site;instagram;cpc;META_PROSPECCAO_BLENDS;BEMVINDO10;139.8;13.98;27.9;153.72;Pago
101093;2026-05-01 18:46:42;Fernanda.Silva47@Gmail.Com;site;instagram;influencer;INFLU_CAFE_COM_BIA;DUDA15;99.8;14.97;14.9;99.73;Pago
101094;2026-05-01 18:56:12;Eduardo.Pereira1989@Hotmail.Com;site;;;;;519.5;0.0;0.0;519.5;Pago
101095;2026-05-01 19:25:22;Thais.Carvalho46@Hotmail.Com;site;instagram;social;bio_link;;444.6;0.0;0.0;444.6;Pago
101096;2026-05-01 19:39:18;Mariana.Simoes@Hotmail.Com;site;google;shopping;GOOGLE_SHOPPING;;119.9;0.0;14.9;134.8;Pago
101097;2026-05-01 19:47:38;Marcelo.Silva@Hotmail.Com;site;email;newsletter;news_may;;419.5;0.0;0.0;419.5;Pago
101098;2026-05-01 19:58:03;Rafael.Zanotti34@Gmail.Com;site;;;;;279.8;0.0;0.0;279.8;Pago
101099;2026-05-02 06:52:59;Gustavo.Silva51@Gmail.Com;site;google;cpc;google_search_generico;;44.9;0.0;31.5;76.4;Pago
101100;2026-05-02 07:44:42;Larissa.Rodrigues@Icloud.Com;site;instagram;cpc;META_PROSPECCAO_BLENDS;BEMVINDO10;358.4;35.84;0.0;322.56;Pago
101101;2026-05-02 10:45:56;Lucas.Silva1980@Gmail.Com;site;fb;paid;meta_prospeccao_blends; BEMVINDO10;88.7;8.87;14.9;94.73;Pago
101102;2026-05-02 11:00:53;Eduardo.Ferreira1982@Gmail.Com;site;instagram;social;bio_link;;18.9;0.0;22.9;41.8;Pago
101103;2026-05-02 13:01:06;Rafael.Simoes64@Yahoo.Com.Br;site;google;cpc;GOOGLE_SEARCH_MARCA;;134.8;0.0;22.9;157.7;Pago
101104;2026-05-02 13:17:09;Debora.Zanotti1991@Hotmail.Com;site;;;;;189.7;0.0;0.0;189.7;Pago
101105;2026-05-02 14:36:14;Luiza.Zanotti2002@Icloud.Com;site;instagram;influencer;INFLU_DUDA_BARISTA;DUDA15;89.9;13.49;14.9;91.31;Pago
101106;2026-05-02 15:41:15;Bruno.Martins@Gmail.Com;site;;;;BIA10;119.8;11.98;14.9;122.72;Pago
101107;2026-05-02 16:35:03;Bruno.Costa@Gmail.Com;site;facebook;cpc;META_PROSPECCAO_BLENDS;PRIMEIRACOMPRA;89.8;13.47;14.9;91.23;Pago
101108;2026-05-02 18:52:05;Bruna.Moreira@Outlook.Com;assinatura;;;;;69.9;6.99;0.0;62.91;Pago
101109;2026-05-03 08:15:50;Mariana.Lima@Yahoo.Com.Br;assinatura;;;;;69.9;6.99;0.0;62.91;Cancelado
101110;2026-05-03 12:59:13;Ana.Gomes@Hotmail.Com;site;;;;;18.9;0.0;14.9;33.8;Pago
101111;2026-05-03 14:20:49;Eduardo.Oliveira2002@Hotmail.Com;site;instagram;social;bio_link;;89.9;0.0;14.9;104.8;Pago
101112;2026-05-03 14:38:00;Leticia.Silva85@Hotmail.Com;site;google;cpc;GOOGLE_SHOPPING;;54.9;0.0;31.5;86.4;Pago
101113;2026-05-03 15:09:54;Debora.Lima1987@Gmail.Com;assinatura;;;;;69.9;6.99;0.0;62.91;Pago
101114;2026-05-03 16:10:32;Gabriel.Souza2005@Gmail.Com;assinatura;;;;;69.9;6.99;0.0;62.91;Pago
101115;2026-05-03 16:18:37;Fernanda.Loureiro96@Yahoo.Com.Br;assinatura;;;;;69.9;6.99;0.0;62.91;Pago
101116;2026-05-03 18:58:23;Andre.Barbosa2@Gmail.Com;site;instagram;cpc;META_PROSPECCAO_BLENDS;;219.7;0.0;0.0;219.7;Pago
101117;2026-05-03 20:35:44;Joao.Santos2005@Gmail.Com;site;instagram;cpc;META_REMARKETING;;18.9;0.0;14.9;33.8;Aguardando pagamento
101118;2026-05-03 21:03:46;Beatriz.Carvalho@Gmail.Com;site;instagram;social;bio_link;;139.9;0.0;27.9;167.8;Pago
101119;2026-05-03 21:36:51;Rafael.Araujo1991@Outlook.Com;site;ig;cpc;Meta_Prospeccao_Blends ;CAFE20;159.9;31.98;14.9;142.82;Pago
101120;2026-05-03 22:10:37;Thiago.Ribeiro70@Gmail.Com;site;google;cpc;google_search_generico;;18.9;0.0;14.9;33.8;Pago
101121;2026-05-03 22:35:08;Maria.Moreira6@Icloud.Com;site;instagram;social;bio_link;;139.9;0.0;14.9;154.8;Pago
101122;2026-05-03 22:35:18;Beatriz.Ferreira2000@Gmail.Com;site;instagram;influencer;INFLU_DUDA_BARISTA;BIA10;89.9;8.99;14.9;95.81;Pago
101123;2026-05-03 23:16:02;Diego.Costa@Gmail.Com;site;google;cpc;GOOGLE_SEARCH_MARCA;;89.8;0.0;31.5;121.3;Pago
101124;2026-05-04 06:13:24;Priscila.Rodrigues17@Yahoo.Com.Br;site;email;newsletter;news_may;;479.7;0.0;0.0;479.7;Pago
101125;2026-05-04 07:51:17;Caio.Araujo1990@Gmail.Com;site;google;cpc;google_search_generico;;44.9;0.0;27.9;72.8;Pago
101126;2026-05-04 08:14:22;Gustavo.Rocha41@Hotmail.Com;assinatura;;;;;69.9;6.99;0.0;62.91;Pago
101127;2026-05-04 09:11:29;Beatriz.Souza1996@Gmail.Com;site;instagram;cpc;META_PROSPECCAO_BLENDS; BEMVINDO10;194.8;19.48;0.0;175.32;Pago
101128;2026-05-04 11:21:20;Ana.Ribeiro4@Gmail.Com;site;facebook;cpc;META_REMARKETING;;139.9;0.0;27.9;167.8;Pago
101129;2026-05-04 12:35:43;Andre.Dallabernardina@Gmail.Com;site;google;cpc;GOOGLE_SEARCH_GENERICO;;108.8;0.0;22.9;131.7;Cancelado
101130;2026-05-04 13:13:33;Gabriel.Martins1990@Gmail.Com;site;instagram;social;bio_link;;99.8;0.0;14.9;114.7;Pago
101131;2026-05-04 13:44:23;Gabriel.Nascimento1980@Gmail.Com;site;instagram;social;bio_link;;469.6;0.0;0.0;469.6;Pago
101132;2026-05-04 14:11:58;Beatriz.Nascimento91@Gmail.Com;site;;;;;204.8;0.0;0.0;204.8;Pago
101133;2026-05-04 16:06:00;Marcelo.Rodrigues@Gmail.Com;site;;;;DUDA15;68.8;10.32;31.5;89.98;Pago
101134;2026-05-04 16:08:17;Diego.Pereira@Gmail.Com;site;google;cpc;google_search_generico;;89.9;0.0;14.9;104.8;Pago
101135;2026-05-04 18:11:40;Thiago.Zanotti37@Gmail.Com;site;email;newsletter;news_may;;24.9;0.0;27.9;52.8;Pago
101136;2026-05-05 09:19:24;Julia.Araujo2000@Gmail.Com;site;instagram;cpc;META_PROSPECCAO_BLENDS;PRIMEIRACOMPRA;139.7;20.95;14.9;133.65;Pago
101137;2026-05-05 09:32:32;Julia.Lima1992@Icloud.Com;site;google;cpc;GOOGLE_SEARCH_MARCA;;464.6;0.0;0.0;464.6;Pago
101138;2026-05-05 11:47:03;Vinicius.Santos41@Hotmail.Com;site;google;cpc;google_search_generico;;54.9;0.0;14.9;69.8;Pago
101139;2026-05-05 12:02:17;Julia.Zanotti@Hotmail.Com;site;google;shopping;GOOGLE_SHOPPING;;44.9;0.0;14.9;59.8;Pago
101140;2026-05-05 12:48:23;Fabio.Ribeiro@Gmail.Com;assinatura;;;;;69.9;6.99;0.0;62.91;Pago
101141;2026-05-05 14:45:17;Marcelo.Pereira70@Hotmail.Com;site;google;organic;;;174.6;0.0;0.0;174.6;Pago
101142;2026-05-05 14:59:47;Gabriela.Araujo1997@Gmail.Com;site;google;cpc;GOOGLE_SEARCH_MARCA;;24.9;0.0;14.9;39.8;Pago
101143;2026-05-05 15:08:21;Larissa.Araujo1999@Gmail.Com;site;;;;;209.8;0.0;0.0;209.8;Pago
101144;2026-05-05 16:56:14;Larissa.Rodrigues28@Icloud.Com;site;instagram;social;bio_link;;159.9;0.0;0.0;159.9;Pago
101145;2026-05-05 19:05:13;Carolina.Barbosa60@Gmail.Com;site;instagram;social;bio_link;;168.6;0.0;0.0;168.6;Pago
101146;2026-05-05 19:49:58;Felipe.Costa85@Hotmail.Com;site;fb;paid;meta_prospeccao_blends;PRIMEIRACOMPRA;159.9;23.98;14.9;150.82;Pago
101147;2026-05-05 21:32:53;Eduardo.Rodrigues@Icloud.Com;site;instagram;influencer;INFLU_DUDA_BARISTA;DUDA15;149.7;22.45;14.9;142.15;Pago
101148;2026-05-05 21:44:20;Beatriz.Zanotti2000@Hotmail.Com;site;google;cpc;GOOGLE_SEARCH_MARCA;PRIMEIRACOMPRA;423.4;63.51;0.0;359.89;Pago
101149;2026-05-06 06:50:02;Ana.Pereira@Icloud.Com;site;instagram;cpc;META_REMARKETING;;139.9;0.0;14.9;154.8;Pago
101150;2026-05-06 07:25:28;Fernanda.Loureiro1989@Gmail.Com;site;instagram;social;bio_link;;209.8;0.0;0.0;209.8;Pago
101151;2026-05-06 07:33:14;Julia.Souza@Outlook.Com;site;instagram;influencer;INFLU_DUDA_BARISTA;BIA10;159.9;15.99;14.9;158.81;Pago
101152;2026-05-06 09:00:10;Gustavo.Lima5@Outlook.Com;assinatura;;;;;69.9;6.99;0.0;62.91;Pago
101153;2026-05-06 11:51:04;Lucas.Gomes@Hotmail.Com;site;whatsapp;referral;indique_ganhe;;409.7;0.0;0.0;409.7;Pago
101154;2026-05-06 13:36:16;Fernanda.Moreira@Gmail.Com;site;;;;;139.8;0.0;14.9;154.7;Pago
101155;2026-05-06 16:10:11;Leonardo.Rocha48@Gmail.Com;assinatura;;;;;69.9;6.99;0.0;62.91;Cancelado
101156;2026-05-06 17:26:27;Caio.Moreira25@Gmail.Com;site;whatsapp;referral;indique_ganhe;;54.9;0.0;14.9;69.8;Pago
101157;2026-05-06 17:48:06;Camila.Santos1999@Gmail.Com;site;google;cpc;GOOGLE_SEARCH_MARCA;;89.8;0.0;14.9;104.7;Pago
101158;2026-05-06 17:59:48;Priscila.Costa61@Gmail.Com;site;fb;paid;meta_prospeccao_blends;CAFE20;169.8;33.96;22.9;158.74;Pago
101159;2026-05-06 18:34:25;Larissa.Loureiro1985@Yahoo.Com.Br;assinatura;;;;;69.9;6.99;0.0;62.91;Pago
101160;2026-05-06 20:08:17;Leticia.Costa2005@Gmail.Com;site;instagram;cpc;META_REMARKETING;BEMVINDO10;89.9;8.99;14.9;95.81;Pago
101161;2026-05-06 20:41:44;Carolina.Rocha@Outlook.Com;site;google;cpc;GOOGLE_SEARCH_MARCA;;54.9;0.0;14.9;69.8;Pago
101162;2026-05-06 21:50:15;Beatriz.Silva22@Hotmail.Com;site;email;newsletter;news_may;;264.6;0.0;0.0;264.6;Pago
101163;2026-05-06 22:33:35;Vinicius.Pimentel1994@Yahoo.Com.Br;site;;;;INDIQUE15;329.6;49.44;0.0;280.16;Pago
101164;2026-05-07 06:19:28;Carolina.Moreira@Yahoo.Com.Br;site;instagram;influencer;INFLU_CAFE_COM_BIA;BIA10;44.9;4.49;14.9;55.31;Pago
101165;2026-05-07 06:34:40;Gustavo.Pereira48@Icloud.Com;site;;;;;44.9;0.0;14.9;59.8;Pago
101166;2026-05-07 08:36:41;Luiza.Ribeiro93@Gmail.Com;site;google;cpc;GOOGLE_SEARCH_MARCA;;94.8;0.0;14.9;109.7;Pago
101167;2026-05-07 09:27:43;Priscila.Dallabernardina68@Gmail.Com;site;facebook;cpc;META_REMARKETING;BEMVINDO10;269.7;26.97;0.0;242.73;Pago
101168;2026-05-07 11:51:27;Patricia.Barbosa@Gmail.Com;site;google;cpc;GOOGLE_SEARCH_MARCA;;284.7;0.0;0.0;284.7;Pago
101169;2026-05-07 13:23:07;Aline.Oliveira1988@Gmail.Com;site;;;;;49.9;0.0;27.9;77.8;Pago
101170;2026-05-07 14:35:13;Renata.Almeida1982@Gmail.Com;site;;;;;318.7;0.0;0.0;318.7;Pago
101171;2026-05-07 15:44:11;Lucas.Barbosa50@Gmail.Com;site;google;cpc;GOOGLE_SEARCH_MARCA;;274.7;0.0;0.0;274.7;Pago
101172;2026-05-07 16:22:30;Gabriela.Costa@Gmail.Com;site;google;cpc;google_search_generico;PRIMEIRACOMPRA;54.9;8.23;14.9;61.57;Pago
101173;2026-05-07 16:41:50;Luiza.Ferreira89@Outlook.Com;site;instagram;social;bio_link;;214.8;0.0;0.0;214.8;Pago
101174;2026-05-07 17:15:55;Leticia.Mercon70@Outlook.Com;assinatura;;;;;69.9;6.99;0.0;62.91;Pago
101175;2026-05-07 18:56:53;Juliana.Silva65@Gmail.Com;site;google;cpc;GOOGLE_SEARCH_GENERICO;CAFE20;69.9;13.98;14.9;70.82;Pago
101176;2026-05-07 20:07:51;Fabio.Martins1996@Yahoo.Com.Br;site;;;;;43.8;0.0;27.9;71.7;Pago
101176;2026-05-07 20:07:51;Fabio.Martins1996@Yahoo.Com.Br;site;;;;;43.8;0.0;27.9;71.7;Pago
101177;2026-05-07 21:12:19;Leonardo.Santos@Gmail.Com;site;instagram;influencer;INFLU_CAFE_COM_BIA;DUDA15;139.9;20.98;14.9;133.82;Aguardando pagamento
101178;2026-05-08 06:55:06;Fernanda.Silva1993@Gmail.Com;assinatura;;;;;69.9;6.99;0.0;62.91;Pago
101179;2026-05-08 06:58:42;Thais.Zanotti@Yahoo.Com.Br;site;instagram;social;bio_link;;184.7;0.0;0.0;184.7;Pago
101180;2026-05-08 07:25:07;Carolina.Silva58@Yahoo.Com.Br;site;facebook;cpc;META_REMARKETING;;139.8;0.0;14.9;154.7;Pago
101181;2026-05-08 07:58:35;Rodrigo.Ribeiro36@Yahoo.Com.Br;site;email;newsletter;news_may;;69.9;0.0;14.9;84.8;Pago
101182;2026-05-08 09:11:53;Caio.Rodrigues@Icloud.Com;assinatura;;;;;69.9;6.99;0.0;62.91;Pago
101183;2026-05-08 09:37:33;Aline.Zanotti@Gmail.Com;site;instagram;social;bio_link;;259.8;0.0;0.0;259.8;Pago
101184;2026-05-08 10:14:28;Rafael.Pimentel1995@Gmail.Com;site;facebook;cpc;META_REMARKETING;;214.8;0.0;0.0;214.8;Pago
101185;2026-05-08 10:39:20;Ana.Araujo55@Outlook.Com;site;;;;;149.7;0.0;22.9;172.6;Pago
101186;2026-05-08 11:11:03;Bruno.Costa1984@Yahoo.Com.Br;site;instagram;social;bio_link;;119.9;0.0;14.9;134.8;Pago
101187;2026-05-08 11:39:08;Thais.Nascimento1999@Outlook.Com;site;google;cpc;GOOGLE_SEARCH_MARCA;;309.7;0.0;0.0;309.7;Pago
101188;2026-05-08 15:09:21;Thais.Mercon6@Gmail.Com;site;instagram;influencer;INFLU_CAFE_COM_BIA;DUDA15;283.5;42.52;0.0;240.98;Pago
101189;2026-05-08 15:32:23;Aline.Almeida17@Outlook.Com;site;google;cpc;GOOGLE_SHOPPING;;49.9;0.0;14.9;64.8;Pago
101190;2026-05-08 16:27:16;Julia.Simoes1990@Gmail.Com;site;instagram;influencer;INFLU_CAFE_COM_BIA;BIA10;49.9;4.99;14.9;59.81;Pago
101191;2026-05-08 16:39:28;Renata.Lima912@Outlook.Com;site;instagram;social;bio_link;;37.8;0.0;27.9;65.7;Pago
101192;2026-05-08 19:03:05;Mateus.Rodrigues1996@Outlook.Com;site;ig;cpc;Meta_Prospeccao_Blends ;CAFE20;37.8;7.56;27.9;58.14;Pago
101193;2026-05-08 20:08:40;Andre.Mercon@Gmail.Com;site;;;;;69.9;0.0;14.9;84.8;Pago
101194;2026-05-08 20:23:24;Gabriela.Ribeiro@Icloud.Com;site;google;cpc;GOOGLE_SEARCH_MARCA;FRETEGRATIS;139.9;0.0;0.0;139.9;Pago
101195;2026-05-08 20:30:18;Andre.Nascimento@Yahoo.Com.Br;site;fb;paid;meta_prospeccao_blends;primeiracompra;44.9;6.73;14.9;53.07;Reembolsado
101196;2026-05-08 22:34:09;Eduardo.Mercon1993@Gmail.Com;site;ig;cpc;Meta_Prospeccao_Blends ;CAFE20;169.8;33.96;14.9;150.74;Pago
101197;2026-05-08 23:00:27;Luiza.Martins1994@Gmail.Com;site;google;cpc;GOOGLE_SHOPPING;CAFE20;268.5;53.7;0.0;214.8;Pago
101198;2026-05-08 23:05:51;Marcelo.Simoes1981@Hotmail.Com;site;instagram;influencer;INFLU_CAFE_COM_BIA;BIA10;139.9;13.99;14.9;140.81;Pago
101199;2026-05-09 06:37:41;Leonardo.Almeida47@Gmail.Com;assinatura;;;;;69.9;6.99;0.0;62.91;Pago
101200;2026-05-09 07:54:54;Fernanda.Nascimento636@Hotmail.Com;site;google;cpc;google_search_generico;;54.9;0.0;14.9;69.8;Pago
101201;2026-05-09 10:15:02;Thais.Pimentel74@Outlook.Com;site;ig;cpc;Meta_Prospeccao_Blends ;PRIMEIRACOMPRA ;229.7;34.45;0.0;195.25;Pago
101202;2026-05-09 12:45:14;Gabriela.Araujo49@Outlook.Com;site;facebook;cpc;META_PROSPECCAO_BLENDS;;143.7;0.0;14.9;158.6;Pago
101203;2026-05-09 13:26:47;Fabio.Oliveira1995@Hotmail.Com;site;instagram;social;bio_link;;279.8;0.0;0.0;279.8;Pago
101204;2026-05-09 13:38:22;Gabriel.Simoes@Hotmail.Com;site;;;;;239.8;0.0;0.0;239.8;Pago
101205;2026-05-09 14:47:21;Joao.Martins2000@Gmail.Com;site;instagram;influencer;INFLU_DUDA_BARISTA;BIA10;49.9;4.99;14.9;59.81;Pago
101206;2026-05-09 16:05:42;Gabriela.Nascimento1994@Yahoo.Com.Br;site;facebook;cpc;META_PROSPECCAO_BLENDS;BEMVINDO10;213.6;21.36;0.0;192.24;Pago
101207;2026-05-09 16:15:06;Mateus.Pereira82@Hotmail.Com;site;;;;;299.7;0.0;0.0;299.7;Pago
101208;2026-05-09 16:27:41;Diego.Carvalho1993@Hotmail.Com;site;instagram;influencer;INFLU_DUDA_BARISTA;BIA10;169.8;16.98;0.0;152.82;Pago
101209;2026-05-09 17:20:51;Thais.Martins1996@Gmail.Com;site;;;;;119.9;0.0;14.9;134.8;Pago
101210;2026-05-09 20:26:01;Maria.Carvalho2002@Gmail.Com;site;google;organic;;;178.8;0.0;0.0;178.8;Pago
101211;2026-05-09 21:40:43;Luiza.Ferreira67@Gmail.Com;site;instagram;social;bio_link;;89.9;0.0;27.9;117.8;Cancelado
101212;2026-05-10 09:34:05;Eduardo.Pereira@Yahoo.Com.Br;site;facebook;cpc;META_PROSPECCAO_BLENDS;;214.8;0.0;0.0;214.8;Pago
101213;2026-05-10 13:20:40;Aline.Rocha@Gmail.Com;site;;;;;159.9;0.0;0.0;159.9;Pago
101214;2026-05-10 14:00:51;Julia.Loureiro87@Gmail.Com;assinatura;;;;;69.9;6.99;0.0;62.91;Pago
101215;2026-05-10 14:22:02;Gabriela.Simoes@Gmail.Com;site;instagram;cpc;META_PROSPECCAO_BLENDS;BEMVINDO10;174.8;17.48;0.0;157.32;Pago
101216;2026-05-10 20:54:07;Patricia.Araujo@Gmail.Com;site;;;;;69.8;0.0;14.9;84.7;Pago
101217;2026-05-10 21:32:14;Camila.Simoes1981@Hotmail.Com;site;google;cpc;GOOGLE_SHOPPING;;309.6;0.0;0.0;309.6;Pago
101218;2026-05-10 21:32:54;Thais.Santos51@Icloud.Com;site;instagram;cpc;META_REMARKETING;BEMVINDO10;89.9;8.99;14.9;95.81;Pago
101219;2026-05-10 23:40:40;Rodrigo.Souza9@Gmail.Com;site;;;;;259.6;0.0;0.0;259.6;Pago
101220;2026-05-10 23:56:26;Leticia.Oliveira1981@Hotmail.Com;site;instagram;social;bio_link;;49.9;0.0;27.9;77.8;Pago
101221;2026-05-11 11:31:16;Fabio.Mercon@Hotmail.Com;site;google;organic;;;79.8;0.0;14.9;94.7;Pago
101222;2026-05-11 11:36:26;Lucas.Rocha1994@Gmail.Com;site;google;cpc;GOOGLE_SEARCH_MARCA;;209.8;0.0;0.0;209.8;Pago
101223;2026-05-11 11:41:37;Felipe.Simoes1989@Icloud.Com;site;instagram;social;bio_link;;79.9;0.0;14.9;94.8;Pago
101224;2026-05-11 11:42:14;Gabriela.Lima@Gmail.Com;site;instagram;cpc;META_PROSPECCAO_BLENDS;;379.6;0.0;0.0;379.6;Pago
101225;2026-05-11 12:58:33;Juliana.Araujo@Hotmail.Com;site;google;shopping;GOOGLE_SHOPPING;;49.9;0.0;22.9;72.8;Pago
101226;2026-05-11 16:56:52;Lucas.Silva13@Gmail.Com;site;google;shopping;GOOGLE_SHOPPING;;89.9;0.0;14.9;104.8;Pago
101227;2026-05-11 17:10:08;Julia.Souza2004@Outlook.Com;site;instagram;social;bio_link;;604.4;0.0;0.0;604.4;Pago
101228;2026-05-11 17:10:58;Rodrigo.Loureiro82@Gmail.Com;assinatura;;;;;69.9;6.99;0.0;62.91;Pago
101229;2026-05-11 17:25:15;Gustavo.Pimentel73@Yahoo.Com.Br;site;google;cpc;GOOGLE_SEARCH_GENERICO;CAFE20;109.8;21.96;14.9;102.74;Pago
101230;2026-05-11 20:33:20;Leonardo.Silva22@Gmail.Com;site;;;;;49.9;0.0;22.9;72.8;Pago
101231;2026-05-11 20:36:19;Renata.Gomes1980@Gmail.Com;site;ig;cpc;Meta_Prospeccao_Blends ;PRIMEIRACOMPRA;49.9;7.48;14.9;57.32;Pago
101232;2026-05-11 20:49:49;Felipe.Almeida1985@Gmail.Com;site;email;newsletter;news_may;;73.8;0.0;14.9;88.7;Pago
101233;2026-05-11 21:42:08;Renata.Pimentel2006@Gmail.Com;assinatura;;;;;69.9;6.99;0.0;62.91;Aguardando pagamento
101234;2026-05-12 06:43:29;Camila.Martins392@Outlook.Com;site;;;;FRETEGRATIS;154.7;0.0;0.0;154.7;Pago
101235;2026-05-12 06:59:51;Vinicius.Nascimento@Gmail.Com;site;;;;;304.6;0.0;0.0;304.6;Pago
101236;2026-05-12 09:07:51;Beatriz.Gomes96@Gmail.Com;site;instagram;cpc;META_PROSPECCAO_BLENDS;PRIMEIRACOMPRA;123.7;18.55;14.9;120.05;Pago
101237;2026-05-12 09:31:30;Gabriela.Pimentel83@Hotmail.Com;site;;;;;79.9;0.0;14.9;94.8;Pago
101238;2026-05-12 14:56:42;Maria.Gomes@Icloud.Com;site;google;cpc;google_search_generico;;118.7;0.0;14.9;133.6;Pago
101239;2026-05-12 15:57:27;Gabriela.Zanotti47@Yahoo.Com.Br;site;google;cpc;GOOGLE_SEARCH_MARCA;;109.8;0.0;14.9;124.7;Cancelado
101240;2026-05-12 19:58:23;Patricia.Araujo1987@Hotmail.Com;site;google;cpc;GOOGLE_SEARCH_MARCA;;274.6;0.0;0.0;274.6;Pago
101241;2026-05-12 21:17:05;Carlos.Barbosa66@Gmail.Com;site;instagram;social;bio_link;;189.7;0.0;0.0;189.7;Pago
101242;2026-05-12 22:18:48;Carlos.Mercon@Gmail.Com;assinatura;;;;;69.9;6.99;0.0;62.91;Pago
101243;2026-05-13 06:38:53;Lucas.Moreira55@Hotmail.Com;site;instagram;influencer;INFLU_CAFE_COM_BIA; DUDA15;179.8;26.97;0.0;152.83;Pago
101244;2026-05-13 07:00:17;Pedro.Almeida1981@Gmail.Com;site;email;newsletter;news_may;;359.7;0.0;0.0;359.7;Pago
101245;2026-05-13 09:25:36;Bruna.Rodrigues1993@Gmail.Com;site;email;newsletter;news_may;;79.9;0.0;14.9;94.8;Pago
101246;2026-05-13 09:45:33;Rafael.Dallabernardina31@Gmail.Com;site;google;cpc;GOOGLE_SEARCH_MARCA;;87.7;0.0;14.9;102.6;Pago
101247;2026-05-13 12:35:35;Bruna.Souza81@Hotmail.Com;assinatura;;;;;69.9;6.99;0.0;62.91;Cancelado
101248;2026-05-13 12:43:57;Aline.Zanotti1998@Gmail.Com;site;google;cpc;GOOGLE_SEARCH_MARCA;;99.8;0.0;14.9;114.7;Pago
101249;2026-05-13 14:57:09;Gabriela.Loureiro2006@Gmail.Com;site;instagram;influencer;INFLU_CAFE_COM_BIA;BIA10;279.8;27.98;0.0;251.82;Pago
101250;2026-05-13 15:12:09;Maria.Almeida@Hotmail.Com;site;ig;cpc;Meta_Prospeccao_Blends ;;24.9;0.0;14.9;39.8;Pago
101251;2026-05-13 16:29:32;Fabio.Araujo1999@Hotmail.Com;site;google;shopping;GOOGLE_SHOPPING;;158.8;0.0;0.0;158.8;Pago
101252;2026-05-13 16:39:56;Maria.Loureiro2001@Gmail.Com;site;fb;paid;meta_prospeccao_blends;CAFE20;164.8;32.96;14.9;146.74;Pago
101253;2026-05-13 20:33:30;Debora.Oliveira49@Gmail.Com;site;ig;cpc;Meta_Prospeccao_Blends ;PRIMEIRACOMPRA;294.6;44.19;0.0;250.41;Pago
101254;2026-05-13 22:59:25;Thiago.Carvalho59@Gmail.Com;site;whatsapp;referral;indique_ganhe;;129.8;0.0;27.9;157.7;Pago
101255;2026-05-14 07:38:21;Gabriela.Gomes1994@Icloud.Com;site;facebook;cpc;META_REMARKETING;PRIMEIRACOMPRA;209.8;31.47;0.0;178.33;Pago
101256;2026-05-14 08:12:05;Fernanda.Barbosa1990@Outlook.Com;site;google;cpc;GOOGLE_SEARCH_MARCA;;44.9;0.0;14.9;59.8;Pago
101257;2026-05-14 10:09:28;Gabriela.Almeida45@Hotmail.Com;site;;;;;159.7;0.0;0.0;159.7;Cancelado
101258;2026-05-14 10:39:09;Bruna.Pereira2006@Gmail.Com;site;email;newsletter;news_may;FRETEGRATIS;234.7;0.0;0.0;234.7;Pago
101259;2026-05-14 10:56:01;Ana.Costa52@Outlook.Com;site;ig;cpc;Meta_Prospeccao_Blends ;CAFE20;194.8;38.96;0.0;155.84;Pago
101260;2026-05-14 11:01:48;Camila.Ferreira2000@Yahoo.Com.Br;site;;;;CAFE20;44.9;8.98;14.9;50.82;Pago
101261;2026-05-14 11:10:26;Joao.Pereira95@Icloud.Com;site;instagram;social;bio_link;CAFE20;329.7;65.94;0.0;263.76;Pago
101262;2026-05-14 11:28:46;Debora.Martins84@Gmail.Com;site;email;newsletter;news_may;;319.8;0.0;0.0;319.8;Pago
101263;2026-05-14 11:39:23;Bruna.Simoes579@Gmail.Com;assinatura;;;;;69.9;6.99;0.0;62.91;Pago
101264;2026-05-14 12:17:48;Caio.Rocha1992@Gmail.Com;site;instagram;cpc;META_PROSPECCAO_BLENDS;;264.6;0.0;0.0;264.6;Pago
101265;2026-05-14 12:27:01;Juliana.Martins@Hotmail.Com;site;email;newsletter;news_may;;49.8;0.0;22.9;72.7;Pago
101266;2026-05-14 13:27:46;Gustavo.Araujo1981@Yahoo.Com.Br;site;;;;;189.6;0.0;0.0;189.6;Pago
101267;2026-05-14 13:55:01;Pedro.Oliveira16@Gmail.Com;site;ig;cpc;Meta_Prospeccao_Blends ;PRIMEIRACOMPRA;244.6;36.69;0.0;207.91;Reembolsado
101268;2026-05-14 13:56:05;Eduardo.Almeida1994@Gmail.Com;site;instagram;social;bio_link;;234.7;0.0;0.0;234.7;Pago
101269;2026-05-14 18:13:45;Rodrigo.Pimentel81@Gmail.Com;site;instagram;social;bio_link;;209.8;0.0;0.0;209.8;Pago
101270;2026-05-14 22:25:21;Aline.Almeida@Gmail.Com;site;ig;cpc;Meta_Prospeccao_Blends ;;214.7;0.0;0.0;214.7;Cancelado
101271;2026-05-14 22:50:47;Camila.Pimentel32@Yahoo.Com.Br;site;google;cpc;GOOGLE_SEARCH_MARCA;;234.6;0.0;0.0;234.6;Pago
101272;2026-05-15 06:47:23;Leonardo.Rodrigues@Gmail.Com;site;google;cpc;GOOGLE_SEARCH_MARCA;;118.7;0.0;14.9;133.6;Pago
101273;2026-05-15 09:56:59;Debora.Ferreira1988@Gmail.Com;site;google;organic;;;18.9;0.0;22.9;41.8;Pago
101274;2026-05-15 10:08:46;Aline.Costa2000@Gmail.Com;site;email;newsletter;news_may;;74.7;0.0;14.9;89.6;Pago
101275;2026-05-15 10:13:28;Gabriela.Simoes@Yahoo.Com.Br;site;fb;paid;meta_prospeccao_blends;PRIMEIRACOMPRA;139.9;20.98;31.5;150.42;Pago
101276;2026-05-15 13:06:08;Gabriela.Pimentel1994@Gmail.Com;site;google;cpc;GOOGLE_SEARCH_MARCA;FRETEGRATIS;74.7;0.0;0.0;74.7;Pago
101277;2026-05-15 14:59:22;Debora.Ribeiro@Hotmail.Com;site;google;cpc;GOOGLE_SEARCH_GENERICO;;279.6;0.0;0.0;279.6;Pago
101278;2026-05-15 15:19:55;Debora.Rocha@Gmail.Com;site;;;;;68.8;0.0;14.9;83.7;Reembolsado
101279;2026-05-15 17:14:05;Renata.Nascimento58@Yahoo.Com.Br;site;instagram;influencer;INFLU_CAFE_COM_BIA;DUDA15;239.8;35.97;0.0;203.83;Pago
101280;2026-05-15 17:23:06;Carolina.Rodrigues21@Gmail.Com;assinatura;;;;;69.9;6.99;0.0;62.91;Pago
101281;2026-05-15 20:09:22;Juliana.Rocha1991@Outlook.Com;site;instagram;social;bio_link;;649.5;0.0;0.0;649.5;Pago
101282;2026-05-15 21:15:18;Rafael.Lima78@Gmail.Com;site;;;;;279.8;0.0;0.0;279.8;Pago
101283;2026-05-15 21:29:41;Patricia.Gomes@Hotmail.Com;site;google;cpc;GOOGLE_SEARCH_MARCA;;189.8;0.0;0.0;189.8;Pago
101284;2026-05-15 23:37:40;Debora.Simoes@Gmail.Com;site;instagram;influencer;INFLU_DUDA_BARISTA;BIA10;178.8;17.88;0.0;160.92;Cancelado
101285;2026-05-15 23:39:29;Priscila.Mercon1982@Yahoo.Com.Br;site;fb;paid;meta_prospeccao_blends;;264.7;0.0;0.0;264.7;Pago
101286;2026-05-16 06:52:50;Ana.Santos1984@Gmail.Com;site;ig;cpc;Meta_Prospeccao_Blends ;;44.9;0.0;14.9;59.8;Pago
101287;2026-05-16 07:24:37;Juliana.Silva16@Gmail.Com;site;email;newsletter;news_may;;188.6;0.0;0.0;188.6;Pago
101287;2026-05-16 07:24:37;Juliana.Silva16@Gmail.Com;site;email;newsletter;news_may;;188.6;0.0;0.0;188.6;Pago
101288;2026-05-16 08:00:37;Vinicius.Silva1994@Gmail.Com;site;google;cpc;GOOGLE_SEARCH_GENERICO;;164.8;0.0;0.0;164.8;Pago
101289;2026-05-16 08:42:05;Debora.Souza89@Hotmail.Com;assinatura;;;;;69.9;6.99;0.0;62.91;Pago
101290;2026-05-16 08:42:12;Leticia.Santos14@Gmail.Com;site;fb;paid;meta_prospeccao_blends;CAFE20;344.6;68.92;0.0;275.68;Pago
101291;2026-05-16 09:18:49;Fabio.Martins49@Gmail.Com;site;instagram;cpc;META_PROSPECCAO_BLENDS;;169.7;0.0;0.0;169.7;Pago
101292;2026-05-16 10:23:07;Rodrigo.Oliveira@Gmail.Com;site;facebook;cpc;META_REMARKETING;;144.8;0.0;14.9;159.7;Pago
101293;2026-05-16 10:55:40;Gabriel.Silva92@Hotmail.Com;site;;;;FRETEGRATIS;579.5;0.0;0.0;579.5;Pago
101294;2026-05-16 12:36:07;Leticia.Souza81@Yahoo.Com.Br;site;instagram;social;bio_link;;138.8;0.0;14.9;153.7;Cancelado
101295;2026-05-16 13:04:16;Rafael.Martins1989@Gmail.Com;site;google;cpc;GOOGLE_SEARCH_MARCA;;419.6;0.0;0.0;419.6;Pago
101296;2026-05-16 13:07:05;Beatriz.Barbosa8@Icloud.Com;site;google;organic;;;89.9;0.0;27.9;117.8;Pago
101297;2026-05-16 13:48:04;Beatriz.Zanotti2000@Hotmail.Com;assinatura;;;;;69.9;6.99;0.0;62.91;Pago
101298;2026-05-16 14:44:21;Fabio.Moreira@Icloud.Com;site;instagram;social;bio_link;;104.7;0.0;14.9;119.6;Pago
101299;2026-05-16 15:56:21;Fabio.Carvalho44@Gmail.Com;site;google;cpc;GOOGLE_SEARCH_MARCA;;24.9;0.0;14.9;39.8;Pago
101300;2026-05-16 19:22:59;Ana.Pimentel1987@Hotmail.Com;site;email;newsletter;news_may;;269.7;0.0;0.0;269.7;Pago
101301;2026-05-17 06:10:22;Maria.Pimentel1993@Yahoo.Com.Br;site;whatsapp;referral;indique_ganhe;;159.8;0.0;0.0;159.8;Pago
101302;2026-05-17 06:44:53;Carolina.Silva2005@Icloud.Com;assinatura;;;;;69.9;6.99;0.0;62.91;Pago
101303;2026-05-17 07:33:13;Fabio.Lima2005@Hotmail.Com;site;instagram;cpc;META_PROSPECCAO_BLENDS;CAFE20;154.7;30.94;14.9;138.66;Pago
101304;2026-05-17 07:59:31;Aline.Rocha24@Hotmail.Com;site;instagram;social;bio_link;;194.8;0.0;0.0;194.8;Pago
101305;2026-05-17 09:17:34;Fabio.Ribeiro@Hotmail.Com;site;whatsapp;referral;indique_ganhe;;164.8;0.0;0.0;164.8;Pago
101306;2026-05-17 12:19:21;Thais.Zanotti96@Outlook.Com;site;instagram;social;bio_link;;164.8;0.0;0.0;164.8;Pago
101307;2026-05-17 14:28:09;Caio.Moreira67@Gmail.Com;site;email;newsletter;news_may;;24.9;0.0;14.9;39.8;Pago
101308;2026-05-17 15:06:54;Marcelo.Simoes13@Gmail.Com;site;fb;paid;meta_prospeccao_blends;PRIMEIRACOMPRA;99.8;14.97;14.9;99.73;Pago
101309;2026-05-17 17:30:22;Gabriel.Lima@Gmail.Com;site;google;cpc;GOOGLE_SEARCH_MARCA;;139.9;0.0;14.9;154.8;Pago
101310;2026-05-17 18:46:15;Renata.Martins83@Yahoo.Com.Br;site;email;newsletter;news_may;;547.3;0.0;0.0;547.3;Pago
101311;2026-05-17 22:31:12;Beatriz.Barbosa@Gmail.Com;site;instagram;cpc;META_REMARKETING;BEMVINDO10;228.6;22.86;0.0;205.74;Pago
101312;2026-05-17 22:59:46;Leticia.Mercon@Gmail.Com;site;;;;;99.8;0.0;14.9;114.7;Pago
101313;2026-05-18 07:16:44;Lucas.Carvalho@Hotmail.Com;site;;;;INDIQUE15;177.6;26.64;0.0;150.96;Pago
101314;2026-05-18 07:40:24;Priscila.Carvalho16@Yahoo.Com.Br;site;email;newsletter;news_may;;379.5;0.0;0.0;379.5;Pago
101315;2026-05-18 09:05:57;Thais.Santos2002@Gmail.Com;assinatura;;;;;69.9;6.99;0.0;62.91;Pago
101316;2026-05-18 09:11:13;Rafael.Ferreira64@Outlook.Com;site;;;;;313.5;0.0;0.0;313.5;Pago
101317;2026-05-18 10:42:44;Bruna.Lima1987@Hotmail.Com;site;facebook;cpc;META_PROSPECCAO_BLENDS;CAFE20;169.7;33.94;14.9;150.66;Pago
101318;2026-05-18 10:45:25;Leticia.Silva@Hotmail.Com;site;google;cpc;GOOGLE_SEARCH_GENERICO;CAFE20;129.7;25.94;22.9;126.66;Pago
101319;2026-05-18 11:37:18;Gustavo.Zanotti@Hotmail.Com;site;;;;;118.7;0.0;14.9;133.6;Pago
101320;2026-05-18 12:25:16;Felipe.Nascimento44@Hotmail.Com;assinatura;;;;;69.9;6.99;0.0;62.91;Pago
101321;2026-05-18 13:06:47;Joao.Zanotti@Outlook.Com;assinatura;;;;;69.9;6.99;0.0;62.91;Pago
101322;2026-05-18 13:26:57;Renata.Pereira21@Gmail.Com;site;;;;DUDA15;354.6;53.19;0.0;301.41;Pago
101323;2026-05-18 13:32:01;Rodrigo.Santos@Gmail.Com;site;google;cpc;GOOGLE_SHOPPING;;18.9;0.0;27.9;46.8;Pago
101324;2026-05-18 14:35:37;Patricia.Carvalho85@Gmail.Com;site;google;cpc;GOOGLE_SEARCH_MARCA;;244.6;0.0;0.0;244.6;Pago
101325;2026-05-18 16:08:04;Diego.Mercon24@Icloud.Com;site;google;cpc;GOOGLE_SEARCH_MARCA;;169.8;0.0;0.0;169.8;Pago
101325;2026-05-18 16:08:04;Diego.Mercon24@Icloud.Com;site;google;cpc;GOOGLE_SEARCH_MARCA;;169.8;0.0;0.0;169.8;Pago
101326;2026-05-18 16:53:52;Thiago.Loureiro75@Icloud.Com;site;instagram;cpc;META_REMARKETING;;89.9;0.0;31.5;121.4;Pago
101327;2026-05-18 18:30:06;Juliana.Simoes@Gmail.Com;site;;;;;99.8;0.0;22.9;122.7;Aguardando pagamento
101328;2026-05-18 21:14:33;Marcelo.Araujo1998@Gmail.Com;site;instagram;cpc;META_PROSPECCAO_BLENDS;CAFE20;469.5;93.9;0.0;375.6;Pago
101329;2026-05-18 22:17:03;Thais.Pimentel1989@Gmail.Com;site;instagram;influencer;INFLU_DUDA_BARISTA;BIA10;339.6;33.96;0.0;305.64;Pago
101330;2026-05-18 22:29:31;Maria.Nascimento2002@Gmail.Com;site;;;;INDIQUE15;119.9;17.98;22.9;124.82;Pago
101331;2026-05-18 23:21:52;Felipe.Silva72@Gmail.Com;assinatura;;;;;69.9;6.99;0.0;62.91;Pago
101332;2026-05-18 23:40:35;Juliana.Barbosa2006@Hotmail.Com;site;google;cpc;GOOGLE_SEARCH_GENERICO;;461.3;0.0;0.0;461.3;Pago
101333;2026-05-19 07:29:56;Gabriela.Barbosa2001@Outlook.Com;site;google;organic;;FRETEGRATIS;54.9;0.0;0.0;54.9;Cancelado
101334;2026-05-19 07:45:33;Priscila.Rocha14@Hotmail.Com;site;google;cpc;GOOGLE_SEARCH_GENERICO;;79.9;0.0;22.9;102.8;Pago
101335;2026-05-19 07:56:41;Andre.Loureiro90@Gmail.Com;site;instagram;social;bio_link;;199.8;0.0;0.0;199.8;Pago
101336;2026-05-19 09:00:54;Fernanda.Pimentel@Gmail.Com;site;google;cpc;GOOGLE_SEARCH_MARCA;;69.9;0.0;14.9;84.8;Pago
101337;2026-05-19 15:15:50;Diego.Araujo@Gmail.Com;site;;;;;79.9;0.0;14.9;94.8;Aguardando pagamento
101338;2026-05-19 16:40:30;Beatriz.Lima33@Gmail.Com;site;whatsapp;referral;indique_ganhe;;79.8;0.0;14.9;94.7;Pago
101339;2026-05-19 16:43:31;Gabriel.Nascimento77@Yahoo.Com.Br;site;ig;cpc;Meta_Prospeccao_Blends ;BEMVINDO10;239.8;23.98;0.0;215.82;Pago
101340;2026-05-19 20:41:50;Camila.Souza2004@Hotmail.Com;site;google;cpc;GOOGLE_SEARCH_GENERICO;;54.9;0.0;14.9;69.8;Pago
101341;2026-05-19 22:54:20;Julia.Lima1992@Icloud.Com;assinatura;;;;;69.9;6.99;0.0;62.91;Pago
101342;2026-05-19 23:10:34;Fernanda.Mercon@Hotmail.Com;site;google;cpc;GOOGLE_SEARCH_MARCA;;239.8;0.0;0.0;239.8;Pago
101343;2026-05-20 08:15:39;Gabriel.Araujo75@Yahoo.Com.Br;site;;;;;139.9;0.0;22.9;162.8;Pago
101344;2026-05-20 08:34:03;Leticia.Souza1999@Outlook.Com;site;google;cpc;GOOGLE_SHOPPING;BEMVINDO10;49.9;4.99;14.9;59.81;Pago
101345;2026-05-20 08:44:13;Andre.Nascimento@Gmail.Com;site;fb;paid;meta_prospeccao_blends;;118.6;0.0;14.9;133.5;Pago
101346;2026-05-20 09:26:13;Patricia.Martins@Hotmail.Com;site;email;newsletter;news_may;;279.8;0.0;0.0;279.8;Pago
101347;2026-05-20 11:16:08;Vinicius.Gomes@Gmail.Com;site;facebook;cpc;META_PROSPECCAO_BLENDS;BEMVINDO10;264.5;26.45;0.0;238.05;Pago
101348;2026-05-20 12:17:50;Thais.Pereira70@Gmail.Com;site;facebook;cpc;META_PROSPECCAO_BLENDS;;414.6;0.0;0.0;414.6;Cancelado
101349;2026-05-20 13:03:35;Julia.Dallabernardina78@Gmail.Com;site;instagram;social;bio_link;FRETEGRATIS;209.8;0.0;0.0;209.8;Pago
101350;2026-05-20 15:35:53;Gabriel.Oliveira78@Icloud.Com;site;instagram;social;bio_link;;44.9;0.0;31.5;76.4;Pago
101351;2026-05-20 15:53:06;Debora.Nascimento67@Hotmail.Com;site;;;;;94.8;0.0;14.9;109.7;Pago
101352;2026-05-20 17:13:55;Maria.Oliveira1999@Hotmail.Com;site;google;shopping;GOOGLE_SHOPPING;;254.6;0.0;0.0;254.6;Pago
101353;2026-05-20 18:31:46;Julia.Moreira1992@Gmail.Com;site;instagram;cpc;META_REMARKETING;;24.9;0.0;14.9;39.8;Pago
101354;2026-05-20 18:44:49;Leticia.Ferreira@Hotmail.Com;assinatura;;;;;69.9;6.99;0.0;62.91;Pago
101355;2026-05-20 22:42:17;Gabriel.Barbosa@Gmail.Com;site;instagram;social;bio_link;;149.7;0.0;14.9;164.6;Pago
101356;2026-05-20 23:35:06;Rafael.Martins204@Outlook.Com;site;email;newsletter;news_may;;319.6;0.0;0.0;319.6;Pago
101357;2026-05-21 06:45:19;Beatriz.Gomes54@Gmail.Com;site;instagram;cpc;META_REMARKETING;CAFE20;364.6;72.92;0.0;291.68;Pago
101358;2026-05-21 07:51:14;Priscila.Mercon@Gmail.Com;site;instagram;social;bio_link;;99.8;0.0;31.5;131.3;Pago
101359;2026-05-21 08:50:31;Ana.Gomes2001@Gmail.Com;site;facebook;cpc;META_PROSPECCAO_BLENDS;;169.6;0.0;0.0;169.6;Pago
101360;2026-05-21 09:08:53;Juliana.Silva@Gmail.Com;assinatura;;;;;69.9;6.99;0.0;62.91;Pago
101361;2026-05-21 11:07:27;Mariana.Rodrigues@Gmail.Com;site;email;newsletter;news_may;;359.6;0.0;0.0;359.6;Pago
101362;2026-05-21 14:36:26;Debora.Almeida43@Gmail.Com;site;;;;;124.8;0.0;14.9;139.7;Pago
101363;2026-05-21 21:13:42;Bruna.Ribeiro@Gmail.Com;assinatura;;;;;69.9;6.99;0.0;62.91;Pago
101364;2026-05-21 22:26:40;Rodrigo.Costa@Gmail.Com;site;google;shopping;GOOGLE_SHOPPING;;139.9;0.0;14.9;154.8;Pago
101365;2026-05-21 23:02:47;Julia.Pimentel1999@Gmail.Com;assinatura;;;;;69.9;6.99;0.0;62.91;Pago
101366;2026-05-21 23:12:38;Debora.Rodrigues1987@Gmail.Com;site;google;cpc;google_search_generico;PRIMEIRACOMPRA ;249.8;37.47;0.0;212.33;Pago
101367;2026-05-22 06:36:39;Bruna.Carvalho@Hotmail.Com;site;;;;DUDA15;149.8;22.47;14.9;142.23;Pago
101368;2026-05-22 07:56:01;Bruna.Araujo1984@Gmail.Com;site;;;;;384.6;0.0;0.0;384.6;Pago
101369;2026-05-22 08:48:44;Maria.Moreira67@Yahoo.Com.Br;site;;;;INDIQUE15;44.9;6.73;14.9;53.07;Pago
101370;2026-05-22 09:35:19;Marcelo.Almeida@Gmail.Com;site;ig;cpc;Meta_Prospeccao_Blends ;CAFE20;184.7;36.94;14.9;162.66;Pago
101371;2026-05-22 10:58:13;Debora.Costa1987@Hotmail.Com;site;;;;CAFE20;474.6;94.92;0.0;379.68;Cancelado
101372;2026-05-22 12:01:43;Caio.Simoes@Gmail.Com;site;facebook;cpc;META_REMARKETING;;144.7;0.0;31.5;176.2;Pago
101373;2026-05-22 13:01:09;Bruna.Oliveira1984@Yahoo.Com.Br;site;fb;paid;meta_prospeccao_blends;CAFE20;79.9;15.98;14.9;78.82;Pago
101374;2026-05-22 13:24:30;Thais.Zanotti92@Hotmail.Com;site;google;cpc;google_search_generico;;69.9;0.0;14.9;84.8;Pago
101375;2026-05-22 13:33:21;Leticia.Costa80@Gmail.Com;site;instagram;social;bio_link;;88.8;0.0;14.9;103.7;Pago
101376;2026-05-22 16:26:44;Larissa.Gomes2006@Gmail.Com;site;google;cpc;GOOGLE_SEARCH_GENERICO;;94.8;0.0;27.9;122.7;Pago
101377;2026-05-22 17:29:02;Bruna.Gomes2001@Outlook.Com;site;google;cpc;GOOGLE_SEARCH_MARCA;;49.8;0.0;14.9;64.7;Pago
101378;2026-05-22 17:31:29;Renata.Simoes10@Gmail.Com;site;;;;FRETEGRATIS;44.9;0.0;0.0;44.9;Pago
101379;2026-05-22 18:33:09;Rafael.Zanotti@Gmail.Com;site;;;;;54.9;0.0;31.5;86.4;Pago
101380;2026-05-22 19:22:54;Bruna.Lima74@Gmail.Com;site;google;cpc;GOOGLE_SEARCH_GENERICO;;54.9;0.0;14.9;69.8;Pago
101381;2026-05-22 19:31:38;Julia.Barbosa28@Gmail.Com;assinatura;;;;;69.9;6.99;0.0;62.91;Pago
101382;2026-05-22 20:48:19;Aline.Ferreira82@Gmail.Com;site;;;;;139.9;0.0;14.9;154.8;Pago
101383;2026-05-22 20:57:58;Fernanda.Nascimento53@Gmail.Com;site;email;newsletter;news_may;;18.9;0.0;14.9;33.8;Pago
101384;2026-05-22 21:23:38;Ana.Ribeiro53@Gmail.Com;site;ig;cpc;Meta_Prospeccao_Blends ;;99.8;0.0;22.9;122.7;Pago
101385;2026-05-23 06:37:45;Priscila.Oliveira1991@Yahoo.Com.Br;site;google;cpc;GOOGLE_SHOPPING;CAFE20;74.8;14.96;14.9;74.74;Pago
101386;2026-05-23 06:58:51;Leticia.Costa@Hotmail.Com;site;email;newsletter;news_may;;49.9;0.0;14.9;64.8;Pago
101387;2026-05-23 07:46:42;Renata.Silva1981@Hotmail.Com;site;email;newsletter;news_may;;124.7;0.0;14.9;139.6;Pago
101388;2026-05-23 09:26:32;Eduardo.Pereira1989@Hotmail.Com;site;instagram;influencer;INFLU_CAFE_COM_BIA;;114.8;0.0;22.9;137.7;Reembolsado
101389;2026-05-23 10:31:13;Felipe.Zanotti51@Gmail.Com;site;google;organic;;;159.8;0.0;0.0;159.8;Pago
101390;2026-05-23 12:06:29;Juliana.Simoes68@Gmail.Com;assinatura;;;;;69.9;6.99;0.0;62.91;Pago
101391;2026-05-23 13:55:57;Gustavo.Araujo1981@Yahoo.Com.Br;assinatura;;;;;69.9;6.99;0.0;62.91;Pago
101392;2026-05-23 14:00:43;Gustavo.Ferreira@Hotmail.Com;assinatura;;;;;69.9;6.99;0.0;62.91;Pago
101393;2026-05-23 16:21:31;Thais.Ribeiro@Hotmail.Com;site;;;;;273.6;0.0;0.0;273.6;Pago
101394;2026-05-23 16:36:26;Andre.Zanotti@Hotmail.Com;assinatura;;;;;69.9;6.99;0.0;62.91;Aguardando pagamento
101395;2026-05-23 17:06:25;Bruna.Ferreira1981@Hotmail.Com;site;facebook;cpc;META_PROSPECCAO_BLENDS;PRIMEIRACOMPRA;92.7;13.9;22.9;101.7;Aguardando pagamento
101396;2026-05-23 18:00:01;Eduardo.Oliveira1993@Gmail.Com;site;;;;;227.6;0.0;0.0;227.6;Pago
101397;2026-05-23 18:34:32;Patricia.Lima24@Gmail.Com;site;instagram;influencer;INFLU_CAFE_COM_BIA;BIA10;489.6;48.96;0.0;440.64;Pago
101398;2026-05-23 19:32:02;Luiza.Mercon@Outlook.Com;site;facebook;cpc;META_PROSPECCAO_BLENDS;CAFE20;69.9;13.98;14.9;70.82;Pago
101399;2026-05-23 20:05:41;Thais.Nascimento13@Gmail.Com;site;google;cpc;GOOGLE_SEARCH_MARCA;;138.7;0.0;14.9;153.6;Pago
101400;2026-05-23 20:19:56;Maria.Martins1994@Gmail.Com;site;;;;;109.8;0.0;14.9;124.7;Pago
101401;2026-05-23 20:47:55;Luiza.Martins73@Gmail.Com;assinatura;;;;;69.9;6.99;0.0;62.91;Pago
101402;2026-05-23 21:51:02;Debora.Mercon@Gmail.Com;site;instagram;social;bio_link;;174.6;0.0;0.0;174.6;Reembolsado
101403;2026-05-23 22:47:54;Rafael.Dallabernardina531@Gmail.Com;site;google;cpc;GOOGLE_SEARCH_GENERICO;;68.7;0.0;14.9;83.6;Pago
101404;2026-05-24 07:30:50;Bruna.Pereira@Outlook.Com;site;google;cpc;GOOGLE_SEARCH_MARCA;;49.9;0.0;27.9;77.8;Pago
101405;2026-05-24 08:46:11;Bruno.Souza85@Gmail.Com;site;google;shopping;GOOGLE_SHOPPING;;89.9;0.0;31.5;121.4;Pago
101406;2026-05-24 10:20:31;Maria.Nascimento1996@Gmail.Com;site;google;cpc;GOOGLE_SEARCH_GENERICO;;69.9;0.0;14.9;84.8;Pago
101407;2026-05-24 10:37:51;Marcelo.Pimentel1995@Gmail.Com;assinatura;;;;;69.9;6.99;0.0;62.91;Pago
101408;2026-05-24 11:05:50;Bruno.Carvalho1999@Icloud.Com;site;instagram;social;bio_link;;119.7;0.0;14.9;134.6;Cancelado
101409;2026-05-24 13:14:19;Fabio.Mercon1999@Gmail.Com;site;google;cpc;google_search_generico;;424.6;0.0;0.0;424.6;Pago
101410;2026-05-24 13:43:38;Larissa.Nascimento1990@Gmail.Com;assinatura;;;;;69.9;6.99;0.0;62.91;Cancelado
101411;2026-05-24 13:53:35;Bruna.Barbosa16@Hotmail.Com;assinatura;;;;;69.9;6.99;0.0;62.91;Pago
101412;2026-05-24 16:14:54;Marcelo.Moreira1986@Gmail.Com;site;google;shopping;GOOGLE_SHOPPING;;63.8;0.0;27.9;91.7;Pago
101413;2026-05-24 16:26:43;Vinicius.Ferreira@Gmail.Com;site;instagram;cpc;META_PROSPECCAO_BLENDS;PRIMEIRACOMPRA;279.8;41.97;0.0;237.83;Pago
101414;2026-05-24 16:48:40;Thais.Pereira99@Gmail.Com;site;;;;;354.6;0.0;0.0;354.6;Pago
101415;2026-05-24 16:57:07;Eduardo.Mercon@Gmail.Com;site;;;;DUDA15;18.9;2.83;14.9;30.97;Pago
101416;2026-05-24 17:28:15;Gustavo.Carvalho@Yahoo.Com.Br;site;instagram;cpc;META_REMARKETING;CAFE20;319.8;63.96;0.0;255.84;Pago
101417;2026-05-24 19:13:09;Camila.Ferreira1983@Hotmail.Com;site;google;cpc;GOOGLE_SHOPPING;;69.9;0.0;14.9;84.8;Cancelado
101418;2026-05-24 19:40:46;Fernanda.Gomes42@Gmail.Com;site;facebook;cpc;META_PROSPECCAO_BLENDS;BEMVINDO10;119.8;11.98;22.9;130.72;Pago
101419;2026-05-24 20:05:49;Mariana.Nascimento2001@Gmail.Com;site;google;cpc;GOOGLE_SEARCH_MARCA;;149.8;0.0;14.9;164.7;Pago
101420;2026-05-24 20:50:58;Gabriel.Carvalho56@Icloud.Com;assinatura;;;;;69.9;6.99;0.0;62.91;Pago
101421;2026-05-24 21:18:55;Larissa.Rocha46@Hotmail.Com;site;;;;;144.8;0.0;14.9;159.7;Pago
101422;2026-05-24 21:58:30;Priscila.Barbosa@Hotmail.Com;site;google;cpc;GOOGLE_SEARCH_GENERICO;;119.9;0.0;14.9;134.8;Pago
101423;2026-05-25 06:06:15;Carolina.Ribeiro1986@Gmail.Com;site;;;;;279.8;0.0;0.0;279.8;Pago
101424;2026-05-25 07:49:53;Juliana.Ribeiro@Gmail.Com;site;instagram;influencer;INFLU_CAFE_COM_BIA; DUDA15;89.9;13.49;14.9;91.31;Pago
101425;2026-05-25 08:40:36;Debora.Mercon1996@Hotmail.Com;site;google;cpc;GOOGLE_SEARCH_MARCA;;79.9;0.0;14.9;94.8;Cancelado
101426;2026-05-25 08:48:22;Priscila.Rodrigues17@Yahoo.Com.Br;site;email;newsletter;news_may;;49.9;0.0;14.9;64.8;Pago
101427;2026-05-25 08:55:42;Juliana.Souza1994@Gmail.Com;site;fb;paid;meta_prospeccao_blends;bemvindo10;424.4;42.44;0.0;381.96;Cancelado
101428;2026-05-25 09:16:13;Gustavo.Loureiro2000@Yahoo.Com.Br;site;google;cpc;GOOGLE_SEARCH_MARCA;CAFE20;79.9;15.98;14.9;78.82;Pago
101429;2026-05-25 09:47:49;Julia.Rocha@Gmail.Com;site;instagram;influencer;INFLU_DUDA_BARISTA;DUDA15;469.6;70.44;0.0;399.16;Pago
101430;2026-05-25 10:23:01;Aline.Rocha@Yahoo.Com.Br;site;fb;paid;meta_prospeccao_blends;BEMVINDO10;49.9;4.99;14.9;59.81;Pago
101431;2026-05-25 10:55:55;Beatriz.Oliveira@Gmail.Com;site;facebook;cpc;META_PROSPECCAO_BLENDS;PRIMEIRACOMPRA;438.4;65.76;0.0;372.64;Pago
101432;2026-05-25 13:09:59;Debora.Costa@Gmail.Com;assinatura;;;;;69.9;6.99;0.0;62.91;Pago
101433;2026-05-25 15:13:40;Thais.Dallabernardina@Gmail.Com;site;facebook;cpc;META_PROSPECCAO_BLENDS;;18.9;0.0;31.5;50.4;Pago
101434;2026-05-25 16:25:57;Leonardo.Souza1989@Icloud.Com;site;;;;;159.6;0.0;0.0;159.6;Pago
101435;2026-05-25 17:25:46;Mariana.Pereira@Gmail.Com;site;google;organic;;;278.7;0.0;0.0;278.7;Pago
101436;2026-05-25 17:38:28;Marcelo.Nascimento44@Gmail.Com;site;instagram;cpc;META_PROSPECCAO_BLENDS;BEMVINDO10;179.8;17.98;0.0;161.82;Cancelado
101437;2026-05-25 19:15:10;Pedro.Nascimento@Gmail.Com;site;google;cpc;GOOGLE_SEARCH_GENERICO;;49.9;0.0;27.9;77.8;Pago
101438;2026-05-25 19:20:56;Leticia.Silva1983@Gmail.Com;site;facebook;cpc;META_PROSPECCAO_BLENDS;CAFE20;249.6;49.92;0.0;199.68;Pago
101439;2026-05-25 19:31:02;Rafael.Moreira2000@Icloud.Com;site;email;newsletter;news_may;;139.8;0.0;14.9;154.7;Pago
101440;2026-05-25 19:53:53;Julia.Carvalho@Gmail.Com;site;;;;;299.8;0.0;0.0;299.8;Pago
101441;2026-05-25 20:56:05;Camila.Nascimento@Outlook.Com;site;google;cpc;GOOGLE_SEARCH_MARCA;;79.9;0.0;22.9;102.8;Pago
101442;2026-05-25 22:06:45;Patricia.Dallabernardina76@Gmail.Com;site;google;cpc;GOOGLE_SEARCH_GENERICO;;37.8;0.0;27.9;65.7;Reembolsado
101443;2026-05-25 22:09:42;Debora.Ribeiro@Outlook.Com;site;whatsapp;referral;indique_ganhe;;24.9;0.0;14.9;39.8;Pago
101444;2026-05-25 23:29:25;Ana.Araujo2001@Hotmail.Com;site;google;cpc;google_search_generico;BEMVINDO10;49.9;4.99;31.5;76.41;Pago
101445;2026-05-25 23:53:40;Fabio.Silva48@Gmail.Com;assinatura;;;;;69.9;6.99;0.0;62.91;Pago
101446;2026-05-26 06:21:14;Leticia.Silva@Gmail.Com;site;google;cpc;GOOGLE_SEARCH_GENERICO;BEMVINDO10;159.9;15.99;27.9;171.81;Pago
101447;2026-05-26 06:22:20;Luiza.Martins2005@Gmail.Com;site;;;;;199.8;0.0;0.0;199.8;Pago
101448;2026-05-26 06:39:58;Larissa.Rodrigues@Icloud.Com;site;email;newsletter;news_may;;369.6;0.0;0.0;369.6;Pago
101449;2026-05-26 07:53:05;Renata.Dallabernardina@Gmail.Com;site;;;;;24.9;0.0;14.9;39.8;Pago
101450;2026-05-26 08:20:44;Fernanda.Moreira82@Gmail.Com;assinatura;;;;;69.9;6.99;0.0;62.91;Pago
101451;2026-05-26 08:40:09;Beatriz.Santos1998@Hotmail.Com;site;instagram;cpc;META_PROSPECCAO_BLENDS; PRIMEIRACOMPRA;279.8;41.97;0.0;237.83;Pago
101452;2026-05-26 10:17:26;Luiza.Lima73@Icloud.Com;site;instagram;cpc;META_REMARKETING;PRIMEIRACOMPRA;99.8;14.97;22.9;107.73;Pago
101453;2026-05-26 10:22:49;Priscila.Ribeiro1996@Icloud.Com;site;instagram;influencer;INFLU_CAFE_COM_BIA;DUDA15;37.8;5.67;22.9;55.03;Reembolsado
101454;2026-05-26 11:47:23;Lucas.Costa1997@Gmail.Com;site;;;;fretegratis;264.7;0.0;0.0;264.7;Pago
101455;2026-05-26 11:51:48;Mariana.Mercon1997@Yahoo.Com.Br;site;instagram;influencer;INFLU_CAFE_COM_BIA;DUDA15;399.7;59.95;0.0;339.75;Pago
101456;2026-05-26 12:44:55;Rafael.Loureiro46@Hotmail.Com;assinatura;;;;;69.9;6.99;0.0;62.91;Pago
101457;2026-05-26 14:38:45;Mariana.Loureiro@Gmail.Com;site;facebook;cpc;META_PROSPECCAO_BLENDS;;178.8;0.0;0.0;178.8;Pago
101458;2026-05-26 15:42:42;Camila.Rocha@Hotmail.Com;site;;;;;89.9;0.0;27.9;117.8;Pago
101459;2026-05-26 16:46:15;Maria.Lima@Yahoo.Com.Br;assinatura;;;;;69.9;6.99;0.0;62.91;Pago
101460;2026-05-26 18:03:15;Vinicius.Mercon1987@Hotmail.Com;site;email;newsletter;news_may;;209.7;0.0;0.0;209.7;Pago
101461;2026-05-26 18:26:32;Felipe.Ribeiro@Gmail.Com;site;google;shopping;GOOGLE_SHOPPING;;139.9;0.0;14.9;154.8;Pago
101462;2026-05-26 21:03:15;Fernanda.Loureiro19@Gmail.Com;site;google;cpc;GOOGLE_SHOPPING;;139.9;0.0;14.9;154.8;Pago
101463;2026-05-26 21:18:27;Maria.Dallabernardina1997@Hotmail.Com;site;instagram;influencer;INFLU_CAFE_COM_BIA;DUDA15;154.7;23.2;14.9;146.4;Pago
101464;2026-05-26 22:02:47;Aline.Rodrigues1991@Icloud.Com;site;instagram;cpc;META_PROSPECCAO_BLENDS;PRIMEIRACOMPRA;164.8;24.72;14.9;154.98;Pago
101465;2026-05-27 07:13:07;Caio.Ribeiro1981@Gmail.Com;assinatura;;;;;69.9;6.99;0.0;62.91;Pago
101466;2026-05-27 07:40:49;Thiago.Simoes77@Gmail.Com;site;ig;cpc;Meta_Prospeccao_Blends ;primeiracompra;49.8;7.47;14.9;57.23;Pago
101467;2026-05-27 07:53:21;Camila.Ribeiro@Gmail.Com;site;google;cpc;GOOGLE_SEARCH_GENERICO;;169.7;0.0;0.0;169.7;Pago
101468;2026-05-27 09:12:31;Gabriela.Ribeiro@Gmail.Com;site;;;;;729.4;0.0;0.0;729.4;Pago
101469;2026-05-27 09:28:06;Gabriela.Loureiro2006@Gmail.Com;assinatura;;;;;69.9;6.99;0.0;62.91;Pago
101470;2026-05-27 10:05:13;Thiago.Dallabernardina94@Icloud.Com;site;instagram;social;bio_link;;79.9;0.0;14.9;94.8;Pago
101471;2026-05-27 10:59:52;Carolina.Pereira7@Gmail.Com;site;instagram;social;bio_link;;159.9;0.0;0.0;159.9;Pago
101472;2026-05-27 11:10:17;Leticia.Pimentel1998@Gmail.Com;site;;;;;318.5;0.0;0.0;318.5;Pago
101473;2026-05-27 11:21:04;Camila.Barbosa151@Outlook.Com;assinatura;;;;;69.9;6.99;0.0;62.91;Pago
101474;2026-05-27 14:04:55;Rafael.Zanotti34@Gmail.Com;site;;;;;69.9;0.0;14.9;84.8;Cancelado
101475;2026-05-27 14:32:16;Carolina.Almeida1981@Outlook.Com;site;;;;BIA10;179.8;17.98;0.0;161.82;Pago
101476;2026-05-27 15:52:13;Gabriela.Ferreira1992@Hotmail.Com;site;google;organic;;;179.7;0.0;0.0;179.7;Pago
101477;2026-05-27 16:32:40;Pedro.Ferreira@Gmail.Com;site;google;cpc;GOOGLE_SEARCH_MARCA;;254.7;0.0;0.0;254.7;Pago
101478;2026-05-27 17:24:39;Fabio.Dallabernardina@Icloud.Com;site;email;newsletter;news_may;;69.9;0.0;14.9;84.8;Pago
101479;2026-05-27 18:28:54;Lucas.Ribeiro2006@Gmail.Com;site;google;cpc;GOOGLE_SEARCH_MARCA;;119.9;0.0;14.9;134.8;Pago
101480;2026-05-27 19:53:10;Maria.Souza3@Hotmail.Com;site;instagram;influencer;INFLU_CAFE_COM_BIA;DUDA15;294.6;44.19;0.0;250.41;Cancelado
101481;2026-05-27 21:07:56;Rodrigo.Ribeiro11@Yahoo.Com.Br;assinatura;;;;;69.9;6.99;0.0;62.91;Pago
101482;2026-05-27 21:21:41;Bruna.Simoes273@Gmail.Com;site;instagram;cpc;META_REMARKETING;;164.7;0.0;0.0;164.7;Pago
101483;2026-05-27 23:24:45;Andre.Ferreira47@Gmail.Com;site;google;cpc;GOOGLE_SEARCH_MARCA;;69.9;0.0;22.9;92.8;Pago
101484;2026-05-27 23:31:05;Priscila.Dallabernardina@Icloud.Com;site;google;shopping;GOOGLE_SHOPPING;;239.7;0.0;0.0;239.7;Pago
101485;2026-05-27 23:36:32;Juliana.Souza2003@Gmail.Com;site;;;;;139.8;0.0;14.9;154.7;Pago
101486;2026-05-27 23:37:57;Carolina.Rocha@Outlook.Com;site;google;cpc;GOOGLE_SEARCH_MARCA;;364.5;0.0;0.0;364.5;Pago
101487;2026-05-28 06:04:08;Leticia.Rocha787@Outlook.Com;site;;;;;288.6;0.0;0.0;288.6;Pago
101488;2026-05-28 06:45:09;Rodrigo.Lima1983@Gmail.Com;site;facebook;cpc;META_REMARKETING;PRIMEIRACOMPRA;319.8;47.97;0.0;271.83;Pago
101489;2026-05-28 09:40:54;Gabriela.Oliveira38@Gmail.Com;site;google;shopping;GOOGLE_SHOPPING;;429.4;0.0;0.0;429.4;Pago
101490;2026-05-28 10:14:40;Renata.Zanotti39@Gmail.Com;site;instagram;influencer;INFLU_DUDA_BARISTA;DUDA15;144.8;21.72;14.9;137.98;Pago
101491;2026-05-28 12:04:41;Bruno.Dallabernardina652@Gmail.Com;site;google;cpc;GOOGLE_SHOPPING;;159.8;0.0;0.0;159.8;Pago
101492;2026-05-28 12:22:47;Gabriela.Rocha@Gmail.Com;site;google;cpc;GOOGLE_SEARCH_GENERICO;;179.8;0.0;0.0;179.8;Pago
101493;2026-05-28 16:00:58;Rodrigo.Carvalho1987@Gmail.Com;site;ig;cpc;Meta_Prospeccao_Blends ;PRIMEIRACOMPRA;169.7;25.45;14.9;159.15;Aguardando pagamento
101494;2026-05-28 16:48:30;Maria.Pereira@Gmail.Com;site;;;;;79.9;0.0;27.9;107.8;Pago
101495;2026-05-28 17:26:28;Gabriela.Araujo1997@Gmail.Com;site;google;cpc;GOOGLE_SEARCH_MARCA;;138.8;0.0;14.9;153.7;Pago
101496;2026-05-28 20:13:04;Carlos.Moreira628@Icloud.Com;site;;;;;24.9;0.0;22.9;47.8;Pago
101497;2026-05-28 22:55:23;Lucas.Carvalho57@Hotmail.Com;site;instagram;influencer;INFLU_CAFE_COM_BIA;BIA10 ;184.8;18.48;0.0;166.32;Pago
101498;2026-05-28 22:56:45;Diego.Costa@Gmail.Com;site;instagram;social;bio_link;;289.7;0.0;0.0;289.7;Cancelado
101499;2026-05-28 23:54:25;Leticia.Nascimento2002@Gmail.Com;site;instagram;social;bio_link;;299.7;0.0;0.0;299.7;Pago
101500;2026-05-29 06:47:37;Bruna.Loureiro1999@Gmail.Com;site;facebook;cpc;META_REMARKETING;PRIMEIRACOMPRA;68.8;10.32;14.9;73.38;Pago
101501;2026-05-29 09:34:36;Patricia.Araujo1987@Hotmail.Com;assinatura;;;;;69.9;6.99;0.0;62.91;Pago
101502;2026-05-29 09:56:17;Gabriel.Santos58@Icloud.Com;site;instagram;social;bio_link;;239.7;0.0;0.0;239.7;Pago
101503;2026-05-29 10:44:02;Camila.Santos1999@Gmail.Com;site;google;cpc;GOOGLE_SEARCH_MARCA;;159.9;0.0;0.0;159.9;Cancelado
101504;2026-05-29 13:13:16;Rafael.Zanotti1985@Outlook.Com;site;facebook;cpc;META_PROSPECCAO_BLENDS;PRIMEIRACOMPRA;219.7;32.95;0.0;186.75;Pago
101505;2026-05-29 15:42:36;Julia.Silva27@Gmail.Com;assinatura;;;;;69.9;6.99;0.0;62.91;Cancelado
101506;2026-05-29 15:46:03;Debora.Martins28@Gmail.Com;site;instagram;influencer;INFLU_CAFE_COM_BIA;BIA10;88.8;8.88;14.9;94.82;Pago
101507;2026-05-29 18:02:33;Priscila.Pereira@Gmail.Com;site;instagram;social;bio_link;;124.8;0.0;14.9;139.7;Pago
101508;2026-05-29 18:13:15;Julia.Mercon1987@Gmail.Com;site;google;cpc;GOOGLE_SEARCH_MARCA;;263.6;0.0;0.0;263.6;Aguardando pagamento
101509;2026-05-29 18:48:39;Debora.Pimentel68@Icloud.Com;site;instagram;cpc;META_PROSPECCAO_BLENDS; PRIMEIRACOMPRA;119.9;17.98;14.9;116.82;Pago
101510;2026-05-29 20:22:58;Patricia.Nascimento@Gmail.Com;site;google;cpc;GOOGLE_SEARCH_MARCA;;63.8;0.0;14.9;78.7;Pago
101511;2026-05-29 23:04:24;Felipe.Dallabernardina71@Hotmail.Com;site;email;newsletter;news_may;FRETEGRATIS ;49.9;0.0;0.0;49.9;Pago
101512;2026-05-30 06:33:07;Leonardo.Araujo2006@Gmail.Com;site;google;shopping;GOOGLE_SHOPPING;PRIMEIRACOMPRA;79.9;11.99;14.9;82.81;Pago
101513;2026-05-30 07:03:09;Carlos.Ferreira@Icloud.Com;site;;;;;209.7;0.0;0.0;209.7;Pago
101514;2026-05-30 09:07:41;Patricia.Araujo2003@Gmail.Com;site;google;cpc;GOOGLE_SEARCH_MARCA;;189.7;0.0;0.0;189.7;Pago
101515;2026-05-30 09:18:29;Julia.Almeida1996@Gmail.Com;site;google;cpc;GOOGLE_SHOPPING;;139.9;0.0;22.9;162.8;Pago
101516;2026-05-30 10:21:04;Caio.Silva@Gmail.Com;site;google;cpc;GOOGLE_SHOPPING;;429.6;0.0;0.0;429.6;Pago
101517;2026-05-30 10:49:48;Bruno.Moreira1998@Outlook.Com;site;;;;;79.9;0.0;27.9;107.8;Pago
101518;2026-05-30 13:35:26;Gabriela.Oliveira@Gmail.Com;site;google;organic;;;119.9;0.0;14.9;134.8;Cancelado
101519;2026-05-30 14:04:11;Fabio.Ribeiro1994@Gmail.Com;site;instagram;cpc;META_REMARKETING;BEMVINDO10;89.9;8.99;27.9;108.81;Pago
101520;2026-05-30 14:09:31;Vinicius.Pereira1986@Gmail.Com;site;fb;paid;meta_prospeccao_blends;PRIMEIRACOMPRA;239.8;35.97;0.0;203.83;Pago
101521;2026-05-30 14:33:50;Julia.Loureiro1988@Icloud.Com;site;google;shopping;GOOGLE_SHOPPING;;129.8;0.0;14.9;144.7;Pago
101522;2026-05-30 15:45:21;Marcelo.Dallabernardina@Hotmail.Com;site;google;cpc;GOOGLE_SEARCH_MARCA;;88.8;0.0;14.9;103.7;Pago
101523;2026-05-30 16:07:05;Beatriz.Souza@Gmail.Com;site;instagram;social;bio_link;;269.7;0.0;0.0;269.7;Pago
101524;2026-05-30 17:35:11;Vinicius.Oliveira1984@Gmail.Com;site;instagram;social;bio_link;;94.8;0.0;22.9;117.7;Pago
101525;2026-05-30 20:07:23;Felipe.Pimentel82@Gmail.Com;site;ig;cpc;Meta_Prospeccao_Blends ;CAFE20;144.7;28.94;14.9;130.66;Pago
101526;2026-05-30 22:08:17;Priscila.Lima@Yahoo.Com.Br;site;google;cpc;GOOGLE_SEARCH_MARCA;;89.9;0.0;14.9;104.8;Pago
101527;2026-05-31 07:07:06;Bruna.Santos760@Gmail.Com;site;instagram;social;bio_link;;159.9;0.0;0.0;159.9;Pago
101528;2026-05-31 07:40:43;Joao.Almeida@Gmail.Com;site;ig;cpc;Meta_Prospeccao_Blends ;;89.8;0.0;14.9;104.7;Pago
101529;2026-05-31 13:15:09;Thais.Souza@Outlook.Com;site;fb;paid;meta_prospeccao_blends;;304.6;0.0;0.0;304.6;Cancelado
101530;2026-05-31 13:57:16;Rafael.Pereira@Icloud.Com;site;;;;BIA10;94.8;9.48;14.9;100.22;Pago
101531;2026-05-31 14:41:54;Thais.Moreira1982@Gmail.Com;site;;;;;234.6;0.0;0.0;234.6;Pago
101532;2026-05-31 15:14:00;Carlos.Ferreira@Hotmail.Com;site;instagram;influencer;INFLU_DUDA_BARISTA;BIA10;24.9;2.49;14.9;37.31;Pago
101533;2026-05-31 18:23:28;Ana.Loureiro47@Yahoo.Com.Br;site;;;;;49.9;0.0;14.9;64.8;Pago
101534;2026-05-31 18:38:40;Maria.Loureiro2@Gmail.Com;site;google;cpc;GOOGLE_SEARCH_MARCA;BEMVINDO10;49.9;4.99;27.9;72.81;Pago
101535;2026-05-31 18:48:59;Caio.Carvalho1986@Gmail.Com;site;ig;cpc;Meta_Prospeccao_Blends ;PRIMEIRACOMPRA;457.5;68.62;0.0;388.88;Pago
101536;2026-05-31 21:17:24;Ana.Zanotti1992@Gmail.Com;site;ig;cpc;Meta_Prospeccao_Blends ;CAFE20;94.8;18.96;14.9;90.74;Pago
101537;2026-05-31 22:04:40;Mariana.Lima@Gmail.Com;site;google;cpc;google_search_generico;;159.9;0.0;0.0;159.9;Pago
101538;2026-05-31 22:12:26;Julia.Nascimento@Gmail.Com;site;instagram;cpc;META_PROSPECCAO_BLENDS;PRIMEIRACOMPRA;184.8;27.72;0.0;157.08;Pago
101539;2026-06-01 07:03:14;Renata.Ferreira@Gmail.Com;site;fb;paid;meta_prospeccao_blends;;49.9;0.0;27.9;77.8;Pago
101540;2026-06-01 07:41:31;Fernanda.Ribeiro1992@Gmail.Com;site;instagram;cpc;META_REMARKETING;CAFE20;24.9;4.98;14.9;34.82;Cancelado
101541;2026-06-01 08:38:21;Patricia.Silva@Gmail.Com;site;instagram;social;bio_link;;214.7;0.0;0.0;214.7;Pago
101542;2026-06-01 08:59:31;Rafael.Silva1994@Icloud.Com;site;email;newsletter;news_jun;;239.6;0.0;0.0;239.6;Pago
101543;2026-06-01 10:29:36;Debora.Almeida@Gmail.Com;site;google;cpc;google_search_generico;bemvindo10;229.7;22.97;0.0;206.73;Pago
101544;2026-06-01 10:34:14;Julia.Lima1993@Hotmail.Com;site;;;;;254.7;0.0;0.0;254.7;Pago
101545;2026-06-01 11:28:47;Mariana.Barbosa@Outlook.Com;site;email;newsletter;news_jun;;99.8;0.0;22.9;122.7;Pago
101546;2026-06-01 12:24:08;Fernanda.Mercon@Hotmail.Com;assinatura;;;;;69.9;6.99;0.0;62.91;Pago
101547;2026-06-01 14:10:15;Diego.Carvalho1980@Outlook.Com;site;instagram;cpc;META_PROSPECCAO_BLENDS;primeiracompra;349.5;52.42;0.0;297.08;Pago
101548;2026-06-01 14:16:49;Bruna.Moreira@Outlook.Com;assinatura;;;;;69.9;6.99;0.0;62.91;Pago
101549;2026-06-01 15:37:16;Renata.Zanotti@Gmail.Com;site;;;;;179.7;0.0;0.0;179.7;Pago
101550;2026-06-01 17:17:04;Leticia.Santos93@Gmail.Com;site;google;cpc;GOOGLE_SEARCH_MARCA;;159.7;0.0;0.0;159.7;Pago
101551;2026-06-01 18:05:12;Mariana.Ferreira@Hotmail.Com;site;google;shopping;GOOGLE_SHOPPING;;79.9;0.0;27.9;107.8;Pago
101552;2026-06-01 20:33:15;Carlos.Souza@Gmail.Com;site;;;;;49.9;0.0;27.9;77.8;Pago
101553;2026-06-01 20:48:23;Beatriz.Martins2001@Gmail.Com;site;email;newsletter;news_jun;;99.8;0.0;14.9;114.7;Pago
101554;2026-06-01 21:51:52;Marcelo.Silva@Hotmail.Com;site;email;newsletter;news_jun;;169.8;0.0;0.0;169.8;Pago
101555;2026-06-01 22:21:29;Ana.Simoes11@Gmail.Com;site;google;cpc;GOOGLE_SHOPPING;;474.3;0.0;0.0;474.3;Pago
101556;2026-06-01 23:37:27;Julia.Pimentel1991@Hotmail.Com;site;instagram;cpc;META_PROSPECCAO_BLENDS;CAFE20;69.9;13.98;14.9;70.82;Reembolsado
101557;2026-06-02 07:08:56;Diego.Pereira@Gmail.Com;site;;;;;79.9;0.0;14.9;94.8;Pago
101558;2026-06-02 07:28:25;Carolina.Lima@Gmail.Com;site;facebook;cpc;META_PROSPECCAO_BLENDS;bemvindo10;289.7;28.97;0.0;260.73;Pago
101559;2026-06-02 08:13:19;Thiago.Carvalho83@Icloud.Com;site;google;cpc;GOOGLE_SEARCH_MARCA;;169.8;0.0;0.0;169.8;Pago
101559;2026-06-02 08:13:19;Thiago.Carvalho83@Icloud.Com;site;google;cpc;GOOGLE_SEARCH_MARCA;;169.8;0.0;0.0;169.8;Pago
101560;2026-06-02 08:29:24;Caio.Martins2005@Outlook.Com;site;instagram;influencer;INFLU_DUDA_BARISTA;BIA10;54.9;5.49;14.9;64.31;Pago
101561;2026-06-02 08:50:09;Fabio.Pimentel3@Icloud.Com;site;instagram;influencer;INFLU_DUDA_BARISTA;DUDA15;299.8;44.97;0.0;254.83;Pago
101562;2026-06-02 08:50:21;Camila.Ferreira2000@Yahoo.Com.Br;assinatura;;;;;69.9;6.99;0.0;62.91;Pago
101563;2026-06-02 12:40:54;Larissa.Rocha@Hotmail.Com;site;instagram;social;bio_link;CAFE20;44.9;8.98;14.9;50.82;Pago
101564;2026-06-02 14:30:41;Debora.Souza34@Icloud.Com;site;google;cpc;GOOGLE_SEARCH_MARCA;;89.9;0.0;14.9;104.8;Pago
101565;2026-06-02 14:38:45;Debora.Lima1987@Gmail.Com;assinatura;;;;;69.9;6.99;0.0;62.91;Pago
101566;2026-06-02 15:47:46;Fabio.Martins1996@Yahoo.Com.Br;assinatura;;;;;69.9;6.99;0.0;62.91;Cancelado
101567;2026-06-02 16:51:08;Luiza.Gomes40@Gmail.Com;site;google;cpc;google_search_generico;;24.9;0.0;14.9;39.8;Pago
101568;2026-06-02 17:39:30;Mateus.Loureiro6@Gmail.Com;site;fb;paid;meta_prospeccao_blends;PRIMEIRACOMPRA;249.6;37.44;0.0;212.16;Pago
101569;2026-06-02 18:28:16;Gustavo.Oliveira@Gmail.Com;site;;;;BIA10;82.7;8.27;14.9;89.33;Pago
101570;2026-06-02 19:18:53;Maria.Simoes@Icloud.Com;site;google;cpc;google_search_generico;;69.9;0.0;14.9;84.8;Pago
101571;2026-06-02 19:31:32;Gabriel.Souza2005@Gmail.Com;assinatura;;;;;69.9;6.99;0.0;62.91;Pago
101572;2026-06-02 20:27:54;Bruna.Lima@Hotmail.Com;site;facebook;cpc;META_REMARKETING;;249.6;0.0;0.0;249.6;Cancelado
101573;2026-06-02 20:46:50;Carlos.Costa64@Gmail.Com;site;instagram;social;bio_link;;489.6;0.0;0.0;489.6;Aguardando pagamento
101574;2026-06-02 21:22:26;Felipe.Loureiro@Gmail.Com;site;instagram;cpc;META_REMARKETING;BEMVINDO10;109.8;10.98;22.9;121.72;Pago
101575;2026-06-02 22:04:31;Rodrigo.Oliveira95@Hotmail.Com;site;instagram;cpc;META_PROSPECCAO_BLENDS;BEMVINDO10;534.4;53.44;0.0;480.96;Pago
101576;2026-06-02 22:31:06;Thais.Dallabernardina59@Hotmail.Com;site;instagram;influencer;INFLU_DUDA_BARISTA;DUDA15;119.9;17.98;14.9;116.82;Pago
101577;2026-06-02 23:02:42;Debora.Barbosa96@Gmail.Com;site;facebook;cpc;META_REMARKETING;;389.4;0.0;0.0;389.4;Pago
101578;2026-06-02 23:19:00;Mariana.Lima@Yahoo.Com.Br;assinatura;;;;;69.9;6.99;0.0;62.91;Pago
101579;2026-06-02 23:53:13;Fernanda.Loureiro96@Yahoo.Com.Br;assinatura;;;;;69.9;6.99;0.0;62.91;Pago
101580;2026-06-02 23:55:24;Fabio.Araujo58@Yahoo.Com.Br;site;;;;;414.6;0.0;0.0;414.6;Pago
101581;2026-06-03 07:40:40;Bruna.Santos76@Gmail.Com;site;;;;INDIQUE15;174.8;26.22;27.9;176.48;Pago
101582;2026-06-03 07:59:46;Bruna.Pereira2006@Gmail.Com;site;facebook;cpc;META_PROSPECCAO_BLENDS;;279.8;0.0;0.0;279.8;Pago
101583;2026-06-03 08:30:41;Juliana.Pereira@Gmail.Com;site;google;shopping;GOOGLE_SHOPPING;bemvindo10;319.8;31.98;0.0;287.82;Pago
101584;2026-06-03 10:26:40;Gabriel.Lima@Outlook.Com;site;instagram;cpc;META_PROSPECCAO_BLENDS;;414.6;0.0;0.0;414.6;Pago
101585;2026-06-03 12:37:44;Eduardo.Ferreira1982@Gmail.Com;site;instagram;social;bio_link;;278.6;0.0;0.0;278.6;Pago
101586;2026-06-03 13:15:16;Debora.Rocha1995@Yahoo.Com.Br;site;ig;cpc;Meta_Prospeccao_Blends ;;229.8;0.0;0.0;229.8;Pago
101587;2026-06-03 20:35:42;Rodrigo.Souza84@Hotmail.Com;site;ig;cpc;Meta_Prospeccao_Blends ;CAFE20;79.9;15.98;14.9;78.82;Cancelado
101588;2026-06-03 21:18:43;Mariana.Carvalho@Outlook.Com;site;instagram;social;bio_link;;159.9;0.0;0.0;159.9;Pago
101589;2026-06-03 23:32:58;Carlos.Barbosa@Yahoo.Com.Br;site;instagram;cpc;META_REMARKETING;BEMVINDO10;138.8;13.88;14.9;139.82;Pago
101590;2026-06-03 23:59:27;Debora.Oliveira1994@Icloud.Com;site;google;cpc;GOOGLE_SEARCH_MARCA;;119.8;0.0;14.9;134.7;Pago
101591;2026-06-04 07:41:45;Patricia.Gomes213@Gmail.Com;site;instagram;influencer;INFLU_DUDA_BARISTA;BIA10;119.9;11.99;14.9;122.81;Pago
101592;2026-06-04 10:19:55;Eduardo.Lima1981@Gmail.Com;site;google;cpc;GOOGLE_SHOPPING;;164.7;0.0;0.0;164.7;Pago
101593;2026-06-04 11:02:30;Debora.Rodrigues8@Hotmail.Com;site;facebook;cpc;META_REMARKETING;PRIMEIRACOMPRA;149.7;22.45;31.5;158.75;Pago
101594;2026-06-04 11:23:46;Fabio.Ribeiro@Gmail.Com;assinatura;;;;;69.9;6.99;0.0;62.91;Pago
101595;2026-06-04 11:31:41;Patricia.Barbosa@Gmail.Com;site;instagram;social;bio_link;;87.7;0.0;27.9;115.6;Pago
101596;2026-06-04 12:01:59;Felipe.Lima@Yahoo.Com.Br;site;fb;paid;meta_prospeccao_blends;CAFE20;123.7;24.74;14.9;113.86;Pago
101597;2026-06-04 12:36:00;Lucas.Zanotti@Yahoo.Com.Br;site;email;newsletter;news_jun;;139.9;0.0;14.9;154.8;Pago
101598;2026-06-04 12:41:52;Bruna.Almeida1982@Gmail.Com;site;google;shopping;GOOGLE_SHOPPING;;254.6;0.0;0.0;254.6;Pago
101599;2026-06-04 13:40:22;Caio.Costa@Hotmail.Com;site;instagram;social;bio_link;FRETEGRATIS;229.8;0.0;0.0;229.8;Pago
101600;2026-06-04 15:53:24;Renata.Costa2000@Icloud.Com;site;;;;;314.6;0.0;0.0;314.6;Pago
101601;2026-06-04 15:53:53;Camila.Ribeiro1985@Hotmail.Com;site;facebook;cpc;META_REMARKETING;;18.9;0.0;14.9;33.8;Pago
101602;2026-06-04 16:15:09;Julia.Rocha2004@Gmail.Com;site;facebook;cpc;META_PROSPECCAO_BLENDS;;158.7;0.0;0.0;158.7;Pago
101603;2026-06-04 18:49:03;Debora.Ferreira1988@Gmail.Com;site;;;;;189.7;0.0;0.0;189.7;Pago
101604;2026-06-04 18:52:14;Joao.Costa@Gmail.Com;site;google;cpc;GOOGLE_SEARCH_MARCA;;24.9;0.0;14.9;39.8;Aguardando pagamento
101605;2026-06-04 22:20:03;Rafael.Martins@Gmail.Com;site;facebook;cpc;META_PROSPECCAO_BLENDS;PRIMEIRACOMPRA;159.9;23.98;14.9;150.82;Pago
101606;2026-06-04 23:37:35;Mariana.Costa1980@Gmail.Com;site;google;cpc;google_search_generico;;229.8;0.0;0.0;229.8;Pago
101607;2026-06-05 06:19:48;Luiza.Martins1999@Gmail.Com;site;facebook;cpc;META_REMARKETING;;79.9;0.0;27.9;107.8;Pago
101608;2026-06-05 06:48:30;Larissa.Loureiro1985@Yahoo.Com.Br;assinatura;;;;;69.9;6.99;0.0;62.91;Pago
101609;2026-06-05 06:59:39;Lucas.Loureiro62@Yahoo.Com.Br;site;;;;BIA10;49.9;4.99;27.9;72.81;Pago
101610;2026-06-05 10:15:37;Mariana.Souza72@Yahoo.Com.Br;site;ig;cpc;Meta_Prospeccao_Blends ;;109.8;0.0;14.9;124.7;Pago
101611;2026-06-05 12:47:56;Marcelo.Ribeiro@Outlook.Com;site;;;;INDIQUE15;119.9;17.98;14.9;116.82;Pago
101612;2026-06-05 14:00:20;Diego.Barbosa1990@Hotmail.Com;site;instagram;cpc;META_PROSPECCAO_BLENDS;PRIMEIRACOMPRA;279.8;41.97;0.0;237.83;Pago
101613;2026-06-05 14:39:33;Ana.Rodrigues2003@Outlook.Com;site;google;organic;;CAFE20;49.9;9.98;14.9;54.82;Pago
101614;2026-06-05 15:20:29;Thiago.Souza98@Gmail.Com;site;google;cpc;google_search_generico;;44.9;0.0;14.9;59.8;Pago
101615;2026-06-05 15:32:42;Leonardo.Rocha48@Gmail.Com;assinatura;;;;;69.9;6.99;0.0;62.91;Pago
101616;2026-06-05 16:15:03;Patricia.Zanotti79@Gmail.Com;site;fb;paid;meta_prospeccao_blends;CAFE20;18.9;3.78;22.9;38.02;Pago
101617;2026-06-05 16:52:31;Juliana.Almeida984@Gmail.Com;site;instagram;influencer;INFLU_DUDA_BARISTA;BIA10;224.6;22.46;0.0;202.14;Pago
101618;2026-06-05 16:55:16;Mateus.Carvalho@Yahoo.Com.Br;site;google;cpc;GOOGLE_SEARCH_MARCA;BEMVINDO10;104.8;10.48;14.9;109.22;Aguardando pagamento
101619;2026-06-05 18:12:07;Felipe.Moreira87@Gmail.Com;site;google;cpc;GOOGLE_SEARCH_MARCA;;69.9;0.0;14.9;84.8;Pago
101620;2026-06-05 18:17:30;Maria.Loureiro1987@Gmail.Com;site;google;organic;;;229.7;0.0;0.0;229.7;Cancelado
101621;2026-06-05 18:33:10;Debora.Oliveira49@Gmail.Com;site;;;;;159.9;0.0;0.0;159.9;Pago
101622;2026-06-05 19:32:01;Beatriz.Simoes@Yahoo.Com.Br;site;google;shopping;GOOGLE_SHOPPING;PRIMEIRACOMPRA;119.9;17.98;14.9;116.82;Pago
101623;2026-06-05 20:25:08;Debora.Nascimento9@Gmail.Com;site;ig;cpc;Meta_Prospeccao_Blends ;PRIMEIRACOMPRA;79.8;11.97;14.9;82.73;Pago
101624;2026-06-05 21:04:09;Gabriel.Silva92@Hotmail.Com;site;email;newsletter;news_jun;;319.6;0.0;0.0;319.6;Pago
101625;2026-06-05 21:47:53;Maria.Rocha2001@Hotmail.Com;site;;;;FRETEGRATIS;169.6;0.0;0.0;169.6;Pago
101626;2026-06-05 23:50:53;Beatriz.Ferreira@Gmail.Com;site;fb;paid;meta_prospeccao_blends;PRIMEIRACOMPRA ;249.7;37.45;0.0;212.25;Pago
101627;2026-06-06 08:02:53;Andre.Moreira1980@Hotmail.Com;site;google;cpc;GOOGLE_SEARCH_MARCA;;24.9;0.0;14.9;39.8;Pago
101628;2026-06-06 08:03:28;Julia.Souza94@Gmail.Com;site;google;cpc;GOOGLE_SEARCH_GENERICO;;89.8;0.0;14.9;104.7;Pago
101629;2026-06-06 08:12:06;Julia.Lima@Yahoo.Com.Br;site;google;cpc;GOOGLE_SEARCH_GENERICO;;119.9;0.0;14.9;134.8;Reembolsado
101630;2026-06-06 09:18:31;Renata.Souza46@Yahoo.Com.Br;site;;;;BIA10 ;63.8;6.38;14.9;72.32;Pago
101631;2026-06-06 10:28:28;Bruno.Nascimento1991@Outlook.Com;site;email;newsletter;news_jun;FRETEGRATIS;219.7;0.0;0.0;219.7;Pago
101632;2026-06-06 11:24:59;Aline.Zanotti70@Gmail.Com;site;instagram;influencer;INFLU_DUDA_BARISTA;BIA10;279.8;27.98;0.0;251.82;Pago
101633;2026-06-06 11:30:59;Larissa.Carvalho2005@Yahoo.Com.Br;site;facebook;cpc;META_REMARKETING;;489.6;0.0;0.0;489.6;Pago
101634;2026-06-06 11:43:03;Aline.Rodrigues@Gmail.Com;site;instagram;influencer;INFLU_DUDA_BARISTA;;284.7;0.0;0.0;284.7;Pago
101635;2026-06-06 12:50:00;Patricia.Pereira1992@Gmail.Com;site;;;;;69.9;0.0;14.9;84.8;Pago
101636;2026-06-06 13:48:31;Renata.Santos@Gmail.Com;site;;;;;139.9;0.0;14.9;154.8;Pago
101637;2026-06-06 14:11:00;Carlos.Carvalho2@Outlook.Com;site;google;cpc;GOOGLE_SEARCH_MARCA;;317.6;0.0;0.0;317.6;Pago
101638;2026-06-06 15:39:40;Bruna.Almeida1997@Gmail.Com;site;google;organic;;;159.9;0.0;0.0;159.9;Pago
101639;2026-06-06 16:33:52;Maria.Souza23@Gmail.Com;site;google;cpc;GOOGLE_SEARCH_MARCA;;69.9;0.0;22.9;92.8;Pago
101640;2026-06-06 16:45:57;Beatriz.Carvalho@Gmail.Com;site;;;;;119.9;0.0;27.9;147.8;Pago
101641;2026-06-06 18:59:12;Leticia.Moreira@Gmail.Com;site;facebook;cpc;META_REMARKETING;;169.8;0.0;0.0;169.8;Pago
101642;2026-06-06 21:47:00;Diego.Pereira1999@Gmail.Com;site;instagram;social;bio_link;;284.7;0.0;0.0;284.7;Pago
101643;2026-06-06 23:26:30;Bruno.Dallabernardina@Icloud.Com;site;;;;;119.9;0.0;27.9;147.8;Pago
101644;2026-06-06 23:44:22;Thais.Carvalho@Gmail.Com;site;;;;;54.9;0.0;14.9;69.8;Pago
101644;2026-06-06 23:44:22;Thais.Carvalho@Gmail.Com;site;;;;;54.9;0.0;14.9;69.8;Pago
101645;2026-06-07 06:20:44;Luiza.Ferreira89@Outlook.Com;site;instagram;social;bio_link;;219.8;0.0;0.0;219.8;Pago
101646;2026-06-07 07:47:15;Joao.Almeida@Gmail.Com;assinatura;;;;;69.9;6.99;0.0;62.91;Pago
101647;2026-06-07 08:48:26;Renata.Moreira80@Gmail.Com;site;google;cpc;GOOGLE_SEARCH_MARCA;CAFE20;214.6;42.92;0.0;171.68;Cancelado
101648;2026-06-07 09:54:05;Julia.Loureiro1990@Hotmail.Com;site;facebook;cpc;META_REMARKETING;;69.9;0.0;14.9;84.8;Pago
101649;2026-06-07 10:30:17;Carlos.Carvalho1987@Hotmail.Com;site;facebook;cpc;META_REMARKETING;;329.6;0.0;0.0;329.6;Pago
101650;2026-06-07 11:27:23;Gabriel.Dallabernardina87@Icloud.Com;site;instagram;social;bio_link;;49.9;0.0;14.9;64.8;Pago
101651;2026-06-07 11:33:40;Fernanda.Silva1993@Gmail.Com;assinatura;;;;;69.9;6.99;0.0;62.91;Pago
101652;2026-06-07 12:11:16;Caio.Rodrigues@Icloud.Com;assinatura;;;;;69.9;6.99;0.0;62.91;Pago
101653;2026-06-07 12:13:39;Julia.Araujo@Gmail.Com;site;google;cpc;GOOGLE_SEARCH_MARCA;BEMVINDO10;229.7;22.97;0.0;206.73;Pago
101654;2026-06-07 14:37:28;Bruna.Lima74@Gmail.Com;assinatura;;;;;69.9;6.99;0.0;62.91;Pago
101655;2026-06-07 16:40:30;Vinicius.Carvalho@Hotmail.Com;site;facebook;cpc;META_REMARKETING;;89.9;0.0;22.9;112.8;Pago
101656;2026-06-07 18:10:19;Aline.Simoes1@Gmail.Com;site;facebook;cpc;META_PROSPECCAO_BLENDS;CAFE20;229.7;45.94;0.0;183.76;Pago
101657;2026-06-07 18:17:14;Larissa.Zanotti55@Gmail.Com;site;ig;cpc;Meta_Prospeccao_Blends ;CAFE20;369.7;73.94;0.0;295.76;Pago
101658;2026-06-07 18:34:18;Gabriela.Mercon@Outlook.Com;site;google;cpc;GOOGLE_SHOPPING;;159.9;0.0;0.0;159.9;Pago
101659;2026-06-07 19:05:12;Mariana.Nascimento1987@Gmail.Com;site;;;;;229.8;0.0;0.0;229.8;Pago
101660;2026-06-08 07:29:43;Beatriz.Rodrigues91@Icloud.Com;site;instagram;influencer;INFLU_CAFE_COM_BIA;BIA10;89.9;8.99;22.9;103.81;Pago
101661;2026-06-08 10:45:34;Leticia.Mercon@Gmail.Com;site;email;newsletter;news_jun;CAFE20;119.9;23.98;14.9;110.82;Pago
101662;2026-06-08 11:02:09;Leticia.Santos14@Gmail.Com;site;google;cpc;GOOGLE_SEARCH_MARCA;;49.9;0.0;27.9;77.8;Pago
101663;2026-06-08 11:59:15;Bruna.Moreira@Yahoo.Com.Br;site;instagram;influencer;INFLU_CAFE_COM_BIA;DUDA15;189.8;28.47;0.0;161.33;Reembolsado
101664;2026-06-08 13:14:36;Debora.Pimentel90@Gmail.Com;site;;;;;304.4;0.0;0.0;304.4;Pago
101665;2026-06-08 16:59:51;Vinicius.Loureiro1987@Gmail.Com;site;instagram;cpc;META_REMARKETING;;104.8;0.0;14.9;119.7;Pago
101666;2026-06-08 19:14:33;Luiza.Araujo@Gmail.Com;site;google;cpc;GOOGLE_SEARCH_GENERICO;;334.6;0.0;0.0;334.6;Pago
101667;2026-06-08 19:32:32;Luiza.Ribeiro52@Hotmail.Com;site;google;organic;;;54.9;0.0;31.5;86.4;Pago
101668;2026-06-08 19:35:35;Fernanda.Lima69@Yahoo.Com.Br;site;fb;paid;meta_prospeccao_blends;PRIMEIRACOMPRA;56.7;8.51;14.9;63.09;Pago
101669;2026-06-08 21:42:46;Mateus.Silva1984@Outlook.Com;site;facebook;cpc;META_REMARKETING;PRIMEIRACOMPRA ;99.8;14.97;14.9;99.73;Pago
101670;2026-06-08 21:43:08;Larissa.Lima1988@Hotmail.Com;site;instagram;influencer;INFLU_DUDA_BARISTA;DUDA15;24.9;3.73;14.9;36.07;Pago
101671;2026-06-08 22:42:50;Fabio.Simoes2005@Hotmail.Com;site;google;cpc;GOOGLE_SEARCH_MARCA;;259.7;0.0;0.0;259.7;Pago
101672;2026-06-09 06:31:49;Aline.Oliveira@Hotmail.Com;site;;;;;69.9;0.0;14.9;84.8;Pago
101673;2026-06-09 07:42:55;Eduardo.Gomes76@Gmail.Com;site;facebook;cpc;META_REMARKETING;;89.9;0.0;14.9;104.8;Pago
101674;2026-06-09 08:33:26;Camila.Silva1993@Gmail.Com;site;google;cpc;google_search_generico;;54.9;0.0;14.9;69.8;Pago
101675;2026-06-09 08:38:24;Fabio.Loureiro14@Gmail.Com;site;facebook;cpc;META_PROSPECCAO_BLENDS;BEMVINDO10;179.8;17.98;0.0;161.82;Pago
101676;2026-06-09 10:24:53;Lucas.Nascimento44@Gmail.Com;site;google;cpc;GOOGLE_SEARCH_MARCA;;79.8;0.0;27.9;107.7;Pago
101677;2026-06-09 11:13:47;Patricia.Carvalho34@Hotmail.Com;site;fb;paid;meta_prospeccao_blends;;144.7;0.0;14.9;159.6;Pago
101678;2026-06-09 11:30:03;Felipe.Nascimento26@Gmail.Com;site;fb;paid;meta_prospeccao_blends;;119.9;0.0;14.9;134.8;Pago
101679;2026-06-09 12:01:57;Aline.Santos1999@Icloud.Com;site;google;cpc;GOOGLE_SEARCH_MARCA;;119.9;0.0;31.5;151.4;Pago
101680;2026-06-09 12:13:56;Mariana.Moreira1982@Hotmail.Com;site;instagram;social;bio_link;;144.8;0.0;27.9;172.7;Pago
101681;2026-06-09 13:22:11;Marcelo.Pereira2006@Gmail.Com;site;instagram;social;bio_link;;164.6;0.0;0.0;164.6;Pago
101682;2026-06-09 14:43:46;Rodrigo.Carvalho@Gmail.Com;site;facebook;cpc;META_REMARKETING;PRIMEIRACOMPRA;139.9;20.98;14.9;133.82;Pago
101683;2026-06-09 16:16:29;Juliana.Simoes1983@Hotmail.Com;site;;;;;79.9;0.0;14.9;94.8;Pago
101684;2026-06-09 16:51:54;Gabriela.Rocha84@Gmail.Com;site;email;newsletter;news_jun;;212.6;0.0;0.0;212.6;Pago
101685;2026-06-09 17:40:32;Thiago.Loureiro@Hotmail.Com;site;ig;cpc;Meta_Prospeccao_Blends ;;179.8;0.0;0.0;179.8;Pago
101686;2026-06-09 17:59:26;Julia.Zanotti@Hotmail.Com;site;instagram;social;bio_link;;159.9;0.0;0.0;159.9;Pago
101687;2026-06-09 20:18:59;Fernanda.Simoes2004@Icloud.Com;site;instagram;social;bio_link;;169.7;0.0;0.0;169.7;Pago
101688;2026-06-09 20:41:28;Leonardo.Ferreira71@Hotmail.Com;site;instagram;cpc;META_PROSPECCAO_BLENDS;BEMVINDO10;18.9;1.89;14.9;31.91;Pago
101689;2026-06-09 22:08:11;Julia.Loureiro87@Gmail.Com;assinatura;;;;;69.9;6.99;0.0;62.91;Pago
101690;2026-06-09 22:59:27;Renata.Simoes16@Hotmail.Com;site;instagram;social;bio_link;;49.8;0.0;14.9;64.7;Pago
101691;2026-06-09 23:34:25;Larissa.Carvalho2001@Yahoo.Com.Br;site;instagram;influencer;INFLU_DUDA_BARISTA;BIA10;149.7;14.97;14.9;149.63;Pago
101692;2026-06-10 06:08:02;Rafael.Moreira1992@Gmail.Com;site;instagram;influencer;INFLU_DUDA_BARISTA;BIA10;209.8;20.98;0.0;188.82;Pago
101693;2026-06-10 07:20:06;Leonardo.Pereira34@Gmail.Com;site;fb;paid;meta_prospeccao_blends;;89.9;0.0;14.9;104.8;Cancelado
101694;2026-06-10 07:21:59;Fabio.Carvalho@Hotmail.Com;site;ig;cpc;Meta_Prospeccao_Blends ;;599.4;0.0;0.0;599.4;Pago
101695;2026-06-10 12:04:16;Joao.Martins2002@Gmail.Com;site;instagram;influencer;INFLU_DUDA_BARISTA;DUDA15;79.9;11.99;14.9;82.81;Pago
101696;2026-06-10 12:22:17;Mateus.Loureiro1981@Outlook.Com;site;google;shopping;GOOGLE_SHOPPING;;159.7;0.0;0.0;159.7;Pago
101697;2026-06-10 13:17:19;Priscila.Ribeiro@Gmail.Com;site;facebook;cpc;META_PROSPECCAO_BLENDS;BEMVINDO10;79.9;7.99;14.9;86.81;Pago
101698;2026-06-10 18:54:30;Carlos.Pimentel790@Yahoo.Com.Br;site;google;cpc;GOOGLE_SEARCH_MARCA;;68.7;0.0;14.9;83.6;Pago
101699;2026-06-10 21:08:14;Felipe.Dallabernardina1995@Outlook.Com;site;instagram;social;bio_link;;79.9;0.0;14.9;94.8;Pago
101700;2026-06-10 23:09:35;Renata.Pimentel2006@Gmail.Com;assinatura;;;;;69.9;6.99;0.0;62.91;Pago
101701;2026-06-11 06:00:06;Debora.Pimentel2006@Gmail.Com;site;;;;;209.7;0.0;0.0;209.7;Pago
101702;2026-06-11 07:03:52;Camila.Rodrigues12@Gmail.Com;site;;;;;239.8;0.0;0.0;239.8;Pago
101703;2026-06-11 07:33:19;Fernanda.Nascimento@Gmail.Com;site;google;cpc;google_search_generico;CAFE20;69.9;13.98;31.5;87.42;Pago
101704;2026-06-11 07:43:44;Mariana.Simoes@Hotmail.Com;site;;;;;309.5;0.0;0.0;309.5;Pago
101705;2026-06-11 08:25:41;Aline.Almeida17@Outlook.Com;site;instagram;social;bio_link;;439.3;0.0;0.0;439.3;Pago
101706;2026-06-11 09:01:50;Carlos.Mercon@Gmail.Com;assinatura;;;;;69.9;6.99;0.0;62.91;Pago
101707;2026-06-11 10:36:10;Rafael.Pimentel1995@Gmail.Com;assinatura;;;;;69.9;6.99;0.0;62.91;Pago
101708;2026-06-11 10:51:57;Vinicius.Pimentel@Outlook.Com;site;instagram;cpc;META_REMARKETING;CAFE20;329.7;65.94;0.0;263.76;Pago
101709;2026-06-11 11:01:26;Patricia.Pereira69@Hotmail.Com;site;;;;;24.9;0.0;14.9;39.8;Pago
101710;2026-06-11 11:28:39;Renata.Zanotti40@Icloud.Com;site;google;cpc;GOOGLE_SHOPPING;BEMVINDO10;247.6;24.76;0.0;222.84;Pago
101711;2026-06-11 14:07:34;Diego.Silva@Outlook.Com;site;;;;;159.9;0.0;0.0;159.9;Pago
101712;2026-06-11 23:03:50;Joao.Martins168@Gmail.Com;site;ig;cpc;Meta_Prospeccao_Blends ;CAFE20;44.9;8.98;14.9;50.82;Pago
101713;2026-06-11 23:13:42;Luiza.Dallabernardina@Hotmail.Com;site;facebook;cpc;META_PROSPECCAO_BLENDS;BEMVINDO10;239.7;23.97;0.0;215.73;Pago
101714;2026-06-11 23:58:44;Julia.Nascimento23@Yahoo.Com.Br;site;google;cpc;google_search_generico;;154.7;0.0;0.0;154.7;Pago
101715;2026-06-12 06:57:50;Gabriela.Souza1991@Gmail.Com;site;google;shopping;GOOGLE_SHOPPING;;139.8;0.0;14.9;154.7;Pago
101716;2026-06-12 08:18:00;Priscila.Almeida1983@Outlook.Com;site;instagram;influencer;INFLU_CAFE_COM_BIA;DUDA15;54.9;8.23;14.9;61.57;Pago
101717;2026-06-12 08:41:40;Leonardo.Pimentel93@Outlook.Com;site;google;shopping;GOOGLE_SHOPPING;;37.8;0.0;14.9;52.7;Pago
101718;2026-06-12 10:16:35;Maria.Oliveira1999@Hotmail.Com;site;;;;;369.6;0.0;0.0;369.6;Pago
101719;2026-06-12 12:06:50;Bruna.Rocha93@Gmail.Com;site;email;newsletter;news_jun;;99.8;0.0;14.9;114.7;Pago
101720;2026-06-12 14:13:56;Beatriz.Lima2000@Gmail.Com;site;google;cpc;GOOGLE_SHOPPING;;349.6;0.0;0.0;349.6;Pago
101721;2026-06-12 15:05:44;Juliana.Nascimento31@Gmail.Com;site;google;cpc;GOOGLE_SEARCH_MARCA;;249.6;0.0;0.0;249.6;Pago
101722;2026-06-12 15:35:05;Bruna.Nascimento2001@Outlook.Com;site;facebook;cpc;META_PROSPECCAO_BLENDS;;108.7;0.0;14.9;123.6;Pago
101723;2026-06-12 17:02:14;Renata.Almeida1982@Gmail.Com;site;;;;;104.8;0.0;14.9;119.7;Pago
101724;2026-06-12 21:38:58;Bruna.Silva1987@Gmail.Com;site;facebook;cpc;META_REMARKETING;;24.9;0.0;14.9;39.8;Pago
101725;2026-06-12 22:24:39;Thiago.Zanotti@Gmail.Com;site;;;;CAFE20;159.9;31.98;14.9;142.82;Pago
101726;2026-06-13 06:45:10;Larissa.Rodrigues1991@Hotmail.Com;site;whatsapp;referral;indique_ganhe;;44.9;0.0;14.9;59.8;Pago
101727;2026-06-13 07:45:22;Maria.Moreira67@Yahoo.Com.Br;site;;;;;139.9;0.0;14.9;154.8;Pago
101727;2026-06-13 07:45:22;Maria.Moreira67@Yahoo.Com.Br;site;;;;;139.9;0.0;14.9;154.8;Pago
101728;2026-06-13 07:50:56;Carlos.Costa60@Gmail.Com;site;instagram;cpc;META_PROSPECCAO_BLENDS; BEMVINDO10;169.8;16.98;0.0;152.82;Pago
101729;2026-06-13 09:24:16;Larissa.Rodrigues2001@Gmail.Com;site;instagram;influencer;INFLU_DUDA_BARISTA;BIA10;174.7;17.47;0.0;157.23;Pago
101730;2026-06-13 11:31:20;Julia.Pereira1992@Gmail.Com;site;instagram;cpc;META_PROSPECCAO_BLENDS;CAFE20 ;269.7;53.94;0.0;215.76;Pago
101731;2026-06-13 12:21:03;Vinicius.Zanotti33@Gmail.Com;site;;;;INDIQUE15;284.5;42.67;0.0;241.83;Cancelado
101732;2026-06-13 12:47:55;Luiza.Pimentel1984@Yahoo.Com.Br;site;google;shopping;GOOGLE_SHOPPING;;509.6;0.0;0.0;509.6;Pago
101733;2026-06-13 14:13:55;Ana.Costa1988@Gmail.Com;site;instagram;influencer;INFLU_CAFE_COM_BIA;DUDA15;74.8;11.22;14.9;78.48;Pago
101734;2026-06-13 14:38:57;Gabriel.Silva@Gmail.Com;site;instagram;influencer;INFLU_DUDA_BARISTA;DUDA15;196.6;29.49;0.0;167.11;Pago
101735;2026-06-13 16:22:59;Gabriel.Santos1986@Gmail.Com;site;instagram;cpc;META_REMARKETING;BEMVINDO10;189.6;18.96;0.0;170.64;Pago
101736;2026-06-13 17:09:41;Maria.Gomes1998@Gmail.Com;site;instagram;social;bio_link;;318.7;0.0;0.0;318.7;Pago
101737;2026-06-13 18:46:01;Larissa.Araujo47@Icloud.Com;site;;;;;194.7;0.0;0.0;194.7;Pago
101738;2026-06-13 20:19:33;Carolina.Martins8@Icloud.Com;site;email;newsletter;news_jun;FRETEGRATIS;79.9;0.0;0.0;79.9;Pago
101739;2026-06-13 22:01:44;Vinicius.Lima@Hotmail.Com;site;google;shopping;GOOGLE_SHOPPING;;54.9;0.0;14.9;69.8;Pago
101740;2026-06-13 22:56:57;Larissa.Barbosa@Gmail.Com;site;email;newsletter;news_jun;;79.9;0.0;14.9;94.8;Pago
101741;2026-06-13 23:29:12;Aline.Mercon1992@Gmail.Com;site;instagram;cpc;META_PROSPECCAO_BLENDS;;44.9;0.0;14.9;59.8;Pago
101742;2026-06-14 06:20:14;Andre.Martins72@Gmail.Com;site;instagram;influencer;INFLU_CAFE_COM_BIA;DUDA15;154.7;23.2;14.9;146.4;Pago
101743;2026-06-14 08:14:21;Andre.Costa@Gmail.Com;site;;;;FRETEGRATIS;79.9;0.0;0.0;79.9;Pago
101744;2026-06-14 08:28:48;Gustavo.Martins@Icloud.Com;site;email;newsletter;news_jun;FRETEGRATIS;269.7;0.0;0.0;269.7;Pago
101745;2026-06-14 09:20:07;Maria.Martins3@Gmail.Com;site;ig;cpc;Meta_Prospeccao_Blends ;BEMVINDO10;54.9;5.49;14.9;64.31;Pago
101746;2026-06-14 11:18:54;Leonardo.Souza1989@Icloud.Com;site;google;cpc;GOOGLE_SEARCH_GENERICO;;199.6;0.0;0.0;199.6;Pago
101747;2026-06-14 11:56:31;Larissa.Souza1996@Icloud.Com;site;whatsapp;referral;indique_ganhe;;398.6;0.0;0.0;398.6;Pago
101748;2026-06-14 15:43:49;Camila.Ferreira1981@Gmail.Com;site;instagram;social;bio_link;;79.9;0.0;14.9;94.8;Pago
101749;2026-06-14 16:30:28;Renata.Rodrigues@Outlook.Com;site;fb;paid;meta_prospeccao_blends;BEMVINDO10;74.8;7.48;22.9;90.22;Pago
101750;2026-06-14 17:21:24;Rafael.Ferreira64@Outlook.Com;site;instagram;social;bio_link;;289.7;0.0;0.0;289.7;Pago
101751;2026-06-14 20:02:13;Renata.Ribeiro@Gmail.Com;site;facebook;cpc;META_PROSPECCAO_BLENDS;PRIMEIRACOMPRA;359.6;53.94;0.0;305.66;Pago
101752;2026-06-14 20:49:24;Julia.Nascimento31@Hotmail.Com;site;;;;;49.9;0.0;31.5;81.4;Pago
101753;2026-06-14 21:12:43;Julia.Rocha@Gmail.Com;site;;;;;224.6;0.0;0.0;224.6;Pago
101754;2026-06-14 23:16:09;Pedro.Araujo2000@Gmail.Com;site;google;shopping;GOOGLE_SHOPPING;;138.8;0.0;14.9;153.7;Pago
101755;2026-06-14 23:33:49;Carolina.Rodrigues21@Gmail.Com;assinatura;;;;;69.9;6.99;0.0;62.91;Pago
101756;2026-06-14 23:43:29;Bruno.Pereira2000@Gmail.Com;site;ig;cpc;Meta_Prospeccao_Blends ;cafe20;179.8;35.96;14.9;158.74;Pago
101757;2026-06-15 06:56:38;Leticia.Lima@Gmail.Com;site;;;;;109.8;0.0;14.9;124.7;Pago
101758;2026-06-15 13:51:20;Luiza.Rodrigues979@Gmail.Com;site;instagram;social;bio_link;;49.9;0.0;14.9;64.8;Pago
101759;2026-06-15 15:58:06;Fabio.Rodrigues8@Yahoo.Com.Br;site;google;shopping;GOOGLE_SHOPPING;PRIMEIRACOMPRA;49.9;7.48;14.9;57.32;Pago
101760;2026-06-15 16:52:13;Rafael.Simoes99@Gmail.Com;site;google;cpc;GOOGLE_SEARCH_GENERICO;CAFE20;89.9;17.98;14.9;86.82;Pago
101761;2026-06-15 17:47:42;Carlos.Lima57@Hotmail.Com;site;google;shopping;GOOGLE_SHOPPING;;164.8;0.0;0.0;164.8;Reembolsado
101762;2026-06-15 17:49:41;Beatriz.Zanotti2000@Hotmail.Com;assinatura;;;;;69.9;6.99;0.0;62.91;Pago
101763;2026-06-15 18:08:32;Caio.Simoes@Gmail.Com;site;email;newsletter;news_jun;;279.8;0.0;0.0;279.8;Pago
101764;2026-06-15 20:53:14;Debora.Souza89@Hotmail.Com;assinatura;;;;;69.9;6.99;0.0;62.91;Pago
101765;2026-06-15 21:59:24;Vinicius.Ferreira935@Outlook.Com;site;fb;paid;meta_prospeccao_blends;CAFE20;79.9;15.98;14.9;78.82;Pago
101766;2026-06-15 22:05:35;Gabriela.Nascimento1991@Gmail.Com;site;google;cpc;GOOGLE_SEARCH_MARCA;;49.8;0.0;14.9;64.7;Cancelado
101767;2026-06-15 22:39:11;Vinicius.Nascimento1991@Gmail.Com;site;instagram;social;bio_link;;158.8;0.0;0.0;158.8;Pago
101768;2026-06-15 23:36:08;Beatriz.Mercon30@Outlook.Com;site;google;cpc;GOOGLE_SEARCH_MARCA;;117.7;0.0;14.9;132.6;Pago
101769;2026-06-16 06:09:43;Beatriz.Rodrigues1995@Icloud.Com;site;facebook;cpc;META_PROSPECCAO_BLENDS;BEMVINDO10;54.9;5.49;14.9;64.31;Pago
101770;2026-06-16 08:47:52;Andre.Rodrigues@Hotmail.Com;site;google;cpc;GOOGLE_SEARCH_GENERICO; BEMVINDO10;179.6;17.96;0.0;161.64;Pago
101771;2026-06-16 10:20:06;Gustavo.Martins1998@Gmail.Com;site;instagram;influencer;INFLU_DUDA_BARISTA;BIA10;69.9;6.99;14.9;77.81;Pago
101772;2026-06-16 10:29:05;Beatriz.Nascimento@Hotmail.Com;site;;;;DUDA15;49.9;7.48;14.9;57.32;Pago
101773;2026-06-16 10:30:31;Bruno.Moreira70@Outlook.Com;site;;;;;274.6;0.0;0.0;274.6;Pago
101774;2026-06-16 10:39:21;Julia.Moreira1992@Gmail.Com;site;;;;FRETEGRATIS;279.8;0.0;0.0;279.8;Pago
101775;2026-06-16 11:36:15;Andre.Mercon@Gmail.Com;site;facebook;cpc;META_PROSPECCAO_BLENDS;;89.9;0.0;14.9;104.8;Pago
101776;2026-06-16 13:32:27;Rafael.Zanotti34@Gmail.Com;site;google;cpc;GOOGLE_SEARCH_MARCA;;79.9;0.0;14.9;94.8;Pago
101777;2026-06-16 13:49:29;Joao.Almeida@Outlook.Com;site;google;cpc;google_search_generico;;284.7;0.0;0.0;284.7;Aguardando pagamento
101778;2026-06-16 14:08:23;Aline.Araujo1986@Gmail.Com;site;instagram;social;bio_link;;189.8;0.0;0.0;189.8;Pago
101779;2026-06-16 17:13:07;Gustavo.Loureiro2000@Yahoo.Com.Br;site;google;cpc;GOOGLE_SEARCH_MARCA;;98.8;0.0;14.9;113.7;Cancelado
101780;2026-06-16 17:41:25;Carlos.Barbosa1999@Gmail.Com;site;instagram;social;bio_link;;159.8;0.0;0.0;159.8;Pago
101781;2026-06-16 18:09:52;Fabio.Araujo@Hotmail.Com;site;instagram;cpc;META_PROSPECCAO_BLENDS;CAFE20;234.7;46.94;0.0;187.76;Pago
101782;2026-06-16 23:54:49;Carolina.Silva2005@Icloud.Com;assinatura;;;;;69.9;6.99;0.0;62.91;Pago
101783;2026-06-17 06:09:55;Marcelo.Oliveira1985@Gmail.Com;site;instagram;social;bio_link;;168.6;0.0;0.0;168.6;Pago
101784;2026-06-17 06:13:31;Gustavo.Loureiro1988@Hotmail.Com;site;;;;DUDA15;244.5;36.67;0.0;207.83;Pago
101785;2026-06-17 07:30:16;Debora.Barbosa57@Yahoo.Com.Br;site;google;shopping;GOOGLE_SHOPPING;;89.8;0.0;14.9;104.7;Pago
101786;2026-06-17 08:57:26;Rodrigo.Rocha1992@Yahoo.Com.Br;site;facebook;cpc;META_REMARKETING;;879.3;0.0;0.0;879.3;Pago
101787;2026-06-17 10:11:15;Thiago.Ferreira1987@Gmail.Com;site;google;shopping;GOOGLE_SHOPPING;;99.7;0.0;14.9;114.6;Pago
101788;2026-06-17 13:37:10;Felipe.Silva72@Gmail.Com;assinatura;;;;;69.9;6.99;0.0;62.91;Pago
101789;2026-06-17 13:41:09;Ana.Lima@Gmail.Com;site;;;;BIA10;429.6;42.96;0.0;386.64;Pago
101790;2026-06-17 14:47:54;Gabriel.Rocha@Gmail.Com;site;google;cpc;GOOGLE_SHOPPING;;319.6;0.0;0.0;319.6;Pago
101791;2026-06-17 15:10:42;Thais.Santos2002@Gmail.Com;assinatura;;;;;69.9;6.99;0.0;62.91;Pago
101792;2026-06-17 15:19:19;Luiza.Ribeiro1997@Gmail.Com;site;whatsapp;referral;indique_ganhe;;139.9;0.0;31.5;171.4;Pago
101793;2026-06-17 15:24:06;Rodrigo.Almeida1990@Gmail.Com;site;google;organic;;;159.9;0.0;0.0;159.9;Pago
101794;2026-06-17 16:03:41;Bruna.Oliveira1984@Yahoo.Com.Br;site;;;;;24.9;0.0;14.9;39.8;Pago
101795;2026-06-17 16:24:38;Fernanda.Nascimento53@Gmail.Com;site;google;cpc;GOOGLE_SEARCH_MARCA;;358.5;0.0;0.0;358.5;Pago
101796;2026-06-17 16:49:32;Ana.Mercon2000@Gmail.Com;site;facebook;cpc;META_REMARKETING;PRIMEIRACOMPRA;159.9;23.98;14.9;150.82;Pago
101797;2026-06-17 17:55:39;Rodrigo.Costa@Gmail.Com;site;google;cpc;GOOGLE_SEARCH_MARCA;;159.9;0.0;0.0;159.9;Pago
101798;2026-06-17 19:37:05;Felipe.Nascimento44@Hotmail.Com;assinatura;;;;;69.9;6.99;0.0;62.91;Pago
101799;2026-06-17 19:44:10;Mateus.Araujo1997@Gmail.Com;site;facebook;cpc;META_PROSPECCAO_BLENDS;cafe20;99.8;19.96;14.9;94.74;Pago
101800;2026-06-17 19:55:24;Bruno.Gomes1983@Outlook.Com;site;instagram;social;bio_link;;24.9;0.0;14.9;39.8;Cancelado
101801;2026-06-17 21:21:49;Vinicius.Araujo@Outlook.Com;site;facebook;cpc;META_PROSPECCAO_BLENDS;CAFE20;119.9;23.98;14.9;110.82;Pago
101802;2026-06-17 21:50:17;Luiza.Araujo581@Gmail.Com;site;;;;;18.9;0.0;14.9;33.8;Pago
101803;2026-06-17 21:55:16;Ana.Moreira293@Icloud.Com;site;fb;paid;meta_prospeccao_blends;PRIMEIRACOMPRA;89.9;13.49;14.9;91.31;Pago
101804;2026-06-17 23:12:26;Joao.Zanotti@Outlook.Com;assinatura;;;;;69.9;6.99;0.0;62.91;Pago
101805;2026-06-17 23:44:05;Fernanda.Pimentel@Gmail.Com;site;;;;;399.7;0.0;0.0;399.7;Pago
101806;2026-06-18 06:28:49;Juliana.Barbosa2@Gmail.Com;site;google;cpc;google_search_generico;PRIMEIRACOMPRA;49.9;7.48;14.9;57.32;Pago
101807;2026-06-18 07:44:41;Aline.Ferreira57@Gmail.Com;site;google;cpc;GOOGLE_SEARCH_MARCA;;384.6;0.0;0.0;384.6;Cancelado
101808;2026-06-18 15:06:08;Thiago.Ferreira1988@Hotmail.Com;site;ig;cpc;Meta_Prospeccao_Blends ;;126.6;0.0;27.9;154.5;Pago
101809;2026-06-18 19:25:19;Bruna.Simoes@Outlook.Com;site;;;;;182.6;0.0;0.0;182.6;Pago
101810;2026-06-18 20:07:20;Patricia.Mercon2004@Gmail.Com;site;;;;;54.9;0.0;22.9;77.8;Pago
101811;2026-06-18 20:25:04;Patricia.Simoes1991@Hotmail.Com;site;google;shopping;GOOGLE_SHOPPING;CAFE20;89.9;17.98;22.9;94.82;Pago
101812;2026-06-18 20:44:50;Julia.Lima1992@Icloud.Com;assinatura;;;;;69.9;6.99;0.0;62.91;Pago
101813;2026-06-18 22:07:43;Gabriela.Oliveira38@Gmail.Com;site;google;cpc;GOOGLE_SEARCH_MARCA;CAFE20;134.7;26.94;14.9;122.66;Pago
101814;2026-06-18 22:27:39;Gabriela.Moreira@Gmail.Com;site;instagram;cpc;META_REMARKETING;;544.3;0.0;0.0;544.3;Pago
101815;2026-06-18 23:23:44;Leonardo.Almeida@Gmail.Com;site;google;cpc;GOOGLE_SEARCH_MARCA;PRIMEIRACOMPRA;119.9;17.98;14.9;116.82;Pago
101816;2026-06-18 23:35:00;Juliana.Loureiro1989@Gmail.Com;site;whatsapp;referral;indique_ganhe;;119.9;0.0;27.9;147.8;Pago
101817;2026-06-18 23:35:26;Ana.Ferreira@Gmail.Com;site;;;;;179.7;0.0;0.0;179.7;Pago
101818;2026-06-19 07:40:31;Beatriz.Lima33@Gmail.Com;site;;;;;349.5;0.0;0.0;349.5;Pago
101819;2026-06-19 07:55:54;Renata.Ribeiro296@Icloud.Com;site;;;;;279.8;0.0;0.0;279.8;Pago
101820;2026-06-19 08:31:32;Leticia.Rocha787@Outlook.Com;site;google;cpc;GOOGLE_SEARCH_MARCA;;294.7;0.0;0.0;294.7;Pago
101821;2026-06-19 09:04:44;Julia.Santos23@Outlook.Com;site;instagram;influencer;INFLU_CAFE_COM_BIA;DUDA15;239.7;35.95;0.0;203.75;Pago
101822;2026-06-19 09:06:03;Vinicius.Souza2@Gmail.Com;site;whatsapp;referral;indique_ganhe;INDIQUE15;129.7;19.45;14.9;125.15;Pago
101823;2026-06-19 12:44:22;Renata.Silva22@Yahoo.Com.Br;site;google;cpc;google_search_generico;;324.7;0.0;0.0;324.7;Pago
101824;2026-06-19 13:26:50;Leticia.Ferreira@Hotmail.Com;assinatura;;;;;69.9;6.99;0.0;62.91;Cancelado
101825;2026-06-19 14:33:14;Gabriela.Rodrigues50@Gmail.Com;site;facebook;cpc;META_PROSPECCAO_BLENDS;CAFE20;214.7;42.94;0.0;171.76;Pago
101826;2026-06-19 14:34:39;Mateus.Simoes1995@Gmail.Com;site;google;cpc;GOOGLE_SEARCH_MARCA;;158.8;0.0;0.0;158.8;Pago
101827;2026-06-19 15:31:49;Leticia.Dallabernardina47@Gmail.Com;site;email;newsletter;news_jun;;119.9;0.0;14.9;134.8;Pago
101828;2026-06-19 15:34:27;Carolina.Santos27@Hotmail.Com;site;instagram;influencer;INFLU_DUDA_BARISTA;DUDA15;18.9;2.83;22.9;38.97;Pago
101829;2026-06-19 20:10:56;Fernanda.Almeida2006@Icloud.Com;site;instagram;social;bio_link;;424.6;0.0;0.0;424.6;Pago
101830;2026-06-19 20:50:56;Felipe.Dallabernardina71@Hotmail.Com;site;email;newsletter;news_jun;;279.8;0.0;0.0;279.8;Pago
101831;2026-06-19 21:15:00;Gustavo.Silva51@Gmail.Com;site;instagram;social;bio_link;;269.6;0.0;0.0;269.6;Pago
101832;2026-06-19 22:12:57;Pedro.Dallabernardina61@Gmail.Com;site;ig;cpc;Meta_Prospeccao_Blends ;BEMVINDO10;419.7;41.97;0.0;377.73;Pago
101833;2026-06-20 07:09:15;Thiago.Costa1982@Hotmail.Com;site;google;cpc;GOOGLE_SEARCH_GENERICO;CAFE20;119.9;23.98;22.9;118.82;Pago
101834;2026-06-20 08:30:36;Thais.Ribeiro@Hotmail.Com;site;email;newsletter;news_jun;;159.9;0.0;0.0;159.9;Pago
101835;2026-06-20 08:51:40;Ana.Costa@Hotmail.Com;site;google;cpc;GOOGLE_SEARCH_MARCA;;49.9;0.0;14.9;64.8;Pago
101836;2026-06-20 08:57:30;Leticia.Santos12@Gmail.Com;site;google;cpc;GOOGLE_SEARCH_GENERICO;;89.9;0.0;14.9;104.8;Pago
101837;2026-06-20 12:16:32;Julia.Pimentel1999@Gmail.Com;assinatura;;;;;69.9;6.99;0.0;62.91;Pago
101838;2026-06-20 12:22:53;Larissa.Pimentel2003@Gmail.Com;site;google;shopping;GOOGLE_SHOPPING;;159.9;0.0;0.0;159.9;Cancelado
101839;2026-06-20 14:59:47;Pedro.Ferreira@Gmail.Com;site;google;cpc;GOOGLE_SEARCH_MARCA;;369.5;0.0;0.0;369.5;Pago
101840;2026-06-20 16:47:35;Beatriz.Santos1987@Yahoo.Com.Br;site;google;cpc;GOOGLE_SEARCH_MARCA;;54.9;0.0;14.9;69.8;Pago
101841;2026-06-20 17:14:49;Larissa.Gomes@Outlook.Com;site;;;;;118.7;0.0;14.9;133.6;Pago
101842;2026-06-20 18:29:10;Aline.Barbosa2006@Gmail.Com;site;;;;BIA10;624.4;62.44;0.0;561.96;Pago
101843;2026-06-20 19:15:31;Debora.Rodrigues1987@Gmail.Com;site;google;cpc;GOOGLE_SEARCH_MARCA;;24.9;0.0;14.9;39.8;Pago
101844;2026-06-20 22:13:00;Priscila.Almeida15@Outlook.Com;site;google;cpc;GOOGLE_SEARCH_MARCA;;629.3;0.0;0.0;629.3;Pago
101845;2026-06-20 22:38:44;Bruna.Ribeiro@Gmail.Com;assinatura;;;;;69.9;6.99;0.0;62.91;Pago
101846;2026-06-21 10:32:07;Thais.Nascimento1999@Outlook.Com;site;;;;;284.6;0.0;0.0;284.6;Pago
101847;2026-06-21 15:47:28;Gabriela.Costa1999@Hotmail.Com;site;instagram;social;bio_link;;288.6;0.0;0.0;288.6;Pago
101848;2026-06-21 16:52:30;Pedro.Souza69@Hotmail.Com;site;google;cpc;GOOGLE_SEARCH_MARCA;CAFE20;584.4;116.88;0.0;467.52;Pago
101849;2026-06-21 17:03:34;Juliana.Moreira14@Gmail.Com;site;email;newsletter;news_jun;;49.9;0.0;14.9;64.8;Pago
101850;2026-06-21 17:55:50;Rodrigo.Lima1983@Gmail.Com;site;facebook;cpc;META_REMARKETING;;104.8;0.0;14.9;119.7;Pago
101851;2026-06-21 18:31:39;Gabriel.Ferreira1995@Hotmail.Com;site;email;newsletter;news_jun;;89.9;0.0;14.9;104.8;Pago
101852;2026-06-21 18:44:50;Aline.Araujo846@Gmail.Com;site;google;cpc;GOOGLE_SEARCH_MARCA;;54.9;0.0;14.9;69.8;Pago
101853;2026-06-21 19:14:38;Leticia.Costa80@Gmail.Com;site;;;;;49.8;0.0;14.9;64.7;Pago
101854;2026-06-21 19:57:27;Bruno.Souza61@Gmail.Com;site;google;cpc;google_search_generico;;99.8;0.0;31.5;131.3;Pago
101855;2026-06-21 20:25:33;Juliana.Martins@Hotmail.Com;site;instagram;social;bio_link;;68.8;0.0;27.9;96.7;Pago
101856;2026-06-21 22:16:56;Caio.Araujo1990@Gmail.Com;site;google;cpc;GOOGLE_SEARCH_MARCA;;334.5;0.0;0.0;334.5;Pago
101857;2026-06-21 22:23:19;Thais.Gomes@Hotmail.Com;site;google;cpc;GOOGLE_SEARCH_MARCA;;49.9;0.0;14.9;64.8;Pago
101858;2026-06-22 06:07:04;Gustavo.Ferreira@Hotmail.Com;assinatura;;;;;69.9;6.99;0.0;62.91;Pago
101859;2026-06-22 06:51:03;Mariana.Pereira@Gmail.Com;site;;;;;274.5;0.0;0.0;274.5;Pago
101860;2026-06-22 06:51:13;Thiago.Rodrigues@Hotmail.Com;site;facebook;cpc;META_PROSPECCAO_BLENDS;PRIMEIRACOMPRA;99.8;14.97;14.9;99.73;Pago
101861;2026-06-22 06:56:11;Gabriel.Pereira@Hotmail.Com;site;google;cpc;GOOGLE_SEARCH_MARCA;;159.9;0.0;0.0;159.9;Pago
101862;2026-06-22 07:22:05;Mariana.Silva@Gmail.Com;site;google;cpc;GOOGLE_SEARCH_MARCA;;119.7;0.0;14.9;134.6;Pago
101863;2026-06-22 07:37:20;Luiza.Martins73@Gmail.Com;assinatura;;;;;69.9;6.99;0.0;62.91;Pago
101864;2026-06-22 12:48:46;Luiza.Loureiro9@Hotmail.Com;site;instagram;cpc;META_PROSPECCAO_BLENDS;bemvindo10;398.5;39.85;0.0;358.65;Pago
101865;2026-06-22 13:09:14;Mariana.Carvalho@Icloud.Com;site;instagram;influencer;INFLU_DUDA_BARISTA;DUDA15;49.9;7.48;14.9;57.32;Pago
101866;2026-06-22 16:30:23;Fabio.Simoes@Yahoo.Com.Br;site;ig;cpc;Meta_Prospeccao_Blends ;BEMVINDO10;108.8;10.88;14.9;112.82;Pago
101867;2026-06-22 18:02:50;Camila.Santos@Gmail.Com;site;fb;paid;meta_prospeccao_blends;PRIMEIRACOMPRA;99.8;14.97;31.5;116.33;Pago
101868;2026-06-22 19:31:18;Julia.Santos@Hotmail.Com;site;facebook;cpc;META_REMARKETING;PRIMEIRACOMPRA;214.8;32.22;0.0;182.58;Pago
101869;2026-06-22 19:47:14;Julia.Rodrigues2002@Gmail.Com;site;fb;paid;meta_prospeccao_blends;;184.7;0.0;0.0;184.7;Pago
101870;2026-06-22 21:18:34;Aline.Zanotti1998@Gmail.Com;site;email;newsletter;news_jun;;49.9;0.0;14.9;64.8;Pago
101871;2026-06-22 22:01:55;Gustavo.Araujo1981@Yahoo.Com.Br;assinatura;;;;;69.9;6.99;0.0;62.91;Pago
101872;2026-06-22 22:46:29;Andre.Zanotti@Hotmail.Com;assinatura;;;;;69.9;6.99;0.0;62.91;Pago
101873;2026-06-22 23:20:00;Juliana.Simoes68@Gmail.Com;assinatura;;;;;69.9;6.99;0.0;62.91;Pago
101874;2026-06-23 07:48:02;Debora.Nascimento67@Hotmail.Com;site;google;cpc;GOOGLE_SEARCH_MARCA;;319.8;0.0;0.0;319.8;Pago
101875;2026-06-23 10:31:43;Larissa.Pereira@Icloud.Com;site;ig;cpc;Meta_Prospeccao_Blends ;;54.9;0.0;14.9;69.8;Pago
101876;2026-06-23 14:34:50;Gabriela.Almeida45@Hotmail.Com;site;instagram;social;bio_link;;223.7;0.0;0.0;223.7;Pago
101877;2026-06-23 17:15:28;Renata.Lima63@Gmail.Com;site;;;;BIA10;259.7;25.97;0.0;233.73;Pago
101878;2026-06-23 17:26:43;Camila.Mercon28@Gmail.Com;site;instagram;social;bio_link;;269.7;0.0;0.0;269.7;Cancelado
101879;2026-06-23 18:45:24;Aline.Mercon1986@Outlook.Com;site;instagram;influencer;INFLU_CAFE_COM_BIA;bia10;174.7;17.47;0.0;157.23;Pago
101880;2026-06-23 21:42:19;Joao.Barbosa35@Gmail.Com;site;instagram;cpc;META_PROSPECCAO_BLENDS;;18.9;0.0;14.9;33.8;Reembolsado
101881;2026-06-23 21:44:06;Gabriel.Carvalho56@Icloud.Com;assinatura;;;;;69.9;6.99;0.0;62.91;Pago
101882;2026-06-23 21:53:14;Vinicius.Santos41@Hotmail.Com;site;google;cpc;GOOGLE_SEARCH_GENERICO;;69.9;0.0;14.9;84.8;Pago
101883;2026-06-23 22:21:55;Ana.Mercon2004@Gmail.Com;site;whatsapp;referral;indique_ganhe;;284.6;0.0;0.0;284.6;Pago
101884;2026-06-23 22:31:41;Marcelo.Pimentel1995@Gmail.Com;assinatura;;;;;69.9;6.99;0.0;62.91;Pago
101885;2026-06-23 23:54:16;Fabio.Carvalho44@Gmail.Com;site;instagram;social;bio_link;;279.8;0.0;0.0;279.8;Pago
101886;2026-06-24 06:00:22;Rodrigo.Oliveira@Hotmail.Com;site;google;cpc;GOOGLE_SEARCH_MARCA;;69.9;0.0;14.9;84.8;Pago
101887;2026-06-24 07:53:32;Renata.Araujo2000@Outlook.Com;site;instagram;social;bio_link;;159.9;0.0;0.0;159.9;Pago
101888;2026-06-24 09:42:55;Thais.Carvalho46@Hotmail.Com;site;;;;;359.7;0.0;0.0;359.7;Pago
101889;2026-06-24 10:19:44;Bruno.Barbosa99@Gmail.Com;site;;;;;79.9;0.0;14.9;94.8;Pago
101890;2026-06-24 11:15:42;Julia.Barbosa55@Hotmail.Com;site;instagram;influencer;INFLU_CAFE_COM_BIA;BIA10;239.5;23.95;0.0;215.55;Pago
101891;2026-06-24 11:25:41;Caio.Moreira25@Gmail.Com;site;;;;;129.8;0.0;14.9;144.7;Pago
101892;2026-06-24 11:30:44;Juliana.Santos1989@Hotmail.Com;site;facebook;cpc;META_PROSPECCAO_BLENDS;;159.7;0.0;0.0;159.7;Reembolsado
101893;2026-06-24 12:30:01;Fabio.Silva48@Gmail.Com;assinatura;;;;;69.9;6.99;0.0;62.91;Pago
101894;2026-06-24 12:41:17;Carlos.Rodrigues2000@Icloud.Com;site;fb;paid;meta_prospeccao_blends; PRIMEIRACOMPRA;24.9;3.73;14.9;36.07;Pago
101895;2026-06-24 13:52:40;Rafael.Oliveira1992@Icloud.Com;site;fb;paid;meta_prospeccao_blends;PRIMEIRACOMPRA;158.8;23.82;14.9;149.88;Pago
101896;2026-06-24 13:55:33;Patricia.Nascimento1991@Hotmail.Com;site;google;cpc;GOOGLE_SHOPPING;PRIMEIRACOMPRA;54.9;8.23;14.9;61.57;Pago
101897;2026-06-24 15:35:36;Rodrigo.Dallabernardina88@Gmail.Com;site;fb;paid;meta_prospeccao_blends; PRIMEIRACOMPRA;134.7;20.2;31.5;146.0;Pago
101898;2026-06-24 18:04:56;Maria.Loureiro41@Outlook.Com;site;google;cpc;GOOGLE_SEARCH_MARCA;;124.8;0.0;31.5;156.3;Pago
101899;2026-06-24 18:12:55;Debora.Costa@Gmail.Com;assinatura;;;;;69.9;6.99;0.0;62.91;Pago
101900;2026-06-24 19:12:08;Larissa.Lima@Gmail.Com;site;instagram;influencer;INFLU_CAFE_COM_BIA;DUDA15;239.7;35.95;0.0;203.75;Pago
101901;2026-06-24 19:32:02;Debora.Rodrigues68@Hotmail.Com;site;instagram;cpc;META_REMARKETING;;244.6;0.0;0.0;244.6;Reembolsado
101902;2026-06-24 19:42:26;Ana.Dallabernardina2001@Yahoo.Com.Br;site;facebook;cpc;META_PROSPECCAO_BLENDS;PRIMEIRACOMPRA;379.6;56.94;0.0;322.66;Pago
101903;2026-06-24 20:43:26;Marcelo.Rodrigues2006@Gmail.Com;site;google;cpc;GOOGLE_SEARCH_GENERICO;;303.6;0.0;0.0;303.6;Pago
101904;2026-06-24 20:48:20;Joao.Gomes1992@Gmail.Com;site;whatsapp;referral;indique_ganhe;;179.8;0.0;0.0;179.8;Pago
101905;2026-06-24 23:11:17;Camila.Lima1998@Gmail.Com;site;;;;;499.4;0.0;0.0;499.4;Pago
101906;2026-06-25 06:59:10;Camila.Martins@Yahoo.Com.Br;site;fb;paid;meta_prospeccao_blends;BEMVINDO10;98.8;9.88;14.9;103.82;Pago
101907;2026-06-25 09:39:17;Patricia.Rodrigues2003@Gmail.Com;site;instagram;cpc;META_PROSPECCAO_BLENDS;CAFE20;82.7;16.54;14.9;81.06;Pago
101908;2026-06-25 10:31:01;Leonardo.Rodrigues32@Gmail.Com;site;instagram;social;bio_link;;119.8;0.0;14.9;134.7;Pago
101909;2026-06-25 15:05:51;Patricia.Zanotti25@Icloud.Com;site;;;;DUDA15;119.9;17.98;14.9;116.82;Pago
101910;2026-06-25 16:48:19;Gustavo.Gomes@Outlook.Com;site;google;cpc;GOOGLE_SEARCH_MARCA;;219.8;0.0;0.0;219.8;Pago
101911;2026-06-25 16:55:48;Carlos.Souza@Gmail.Com;site;;;;;239.8;0.0;0.0;239.8;Pago
101911;2026-06-25 16:55:48;Carlos.Souza@Gmail.Com;site;;;;;239.8;0.0;0.0;239.8;Pago
101912;2026-06-25 17:27:31;Ana.Araujo2001@Hotmail.Com;site;;;;FRETEGRATIS;189.8;0.0;0.0;189.8;Pago
101913;2026-06-25 18:16:43;Rafael.Loureiro46@Hotmail.Com;assinatura;;;;;69.9;6.99;0.0;62.91;Pago
101914;2026-06-25 18:55:09;Camila.Santos@Hotmail.Com;site;;;;;234.7;0.0;0.0;234.7;Pago
101915;2026-06-25 19:47:02;Gabriela.Ribeiro1988@Yahoo.Com.Br;site;google;cpc;GOOGLE_SEARCH_MARCA;;99.8;0.0;14.9;114.7;Pago
101916;2026-06-25 19:59:37;Leticia.Rocha@Gmail.Com;site;google;cpc;GOOGLE_SHOPPING;;49.9;0.0;14.9;64.8;Pago
101917;2026-06-25 22:43:52;Thiago.Pereira1994@Hotmail.Com;site;instagram;cpc;META_PROSPECCAO_BLENDS;CAFE20;159.8;31.96;14.9;142.74;Pago
101918;2026-06-26 07:22:43;Bruna.Almeida1997@Gmail.Com;site;google;cpc;GOOGLE_SEARCH_MARCA;;18.9;0.0;31.5;50.4;Pago
101919;2026-06-26 07:27:30;Thiago.Dallabernardina94@Icloud.Com;site;email;newsletter;news_jun;;69.9;0.0;14.9;84.8;Pago
101920;2026-06-26 07:37:06;Carolina.Rodrigues34@Icloud.Com;site;ig;cpc;Meta_Prospeccao_Blends ;bemvindo10;599.4;59.94;0.0;539.46;Pago
101921;2026-06-26 08:51:24;Rodrigo.Ribeiro11@Yahoo.Com.Br;assinatura;;;;;69.9;6.99;0.0;62.91;Pago
101922;2026-06-26 09:53:35;Larissa.Souza@Gmail.Com;site;email;newsletter;news_jun;;203.6;0.0;0.0;203.6;Pago
101923;2026-06-26 10:27:56;Vinicius.Mercon1987@Gmail.Com;site;ig;cpc;Meta_Prospeccao_Blends ;;44.9;0.0;27.9;72.8;Pago
101924;2026-06-26 14:17:39;Diego.Barbosa1990@Hotmail.Com;site;google;cpc;GOOGLE_SEARCH_MARCA;;18.9;0.0;14.9;33.8;Pago
101925;2026-06-26 15:08:06;Vinicius.Mercon1993@Gmail.Com;site;google;organic;;;174.8;0.0;0.0;174.8;Pago
101926;2026-06-26 16:43:39;Julia.Souza61@Outlook.Com;site;google;cpc;GOOGLE_SEARCH_MARCA;;79.9;0.0;14.9;94.8;Pago
101927;2026-06-26 16:52:21;Gabriela.Loureiro2006@Gmail.Com;assinatura;;;;;69.9;6.99;0.0;62.91;Pago
101928;2026-06-26 17:00:11;Caio.Ribeiro1981@Gmail.Com;assinatura;;;;;69.9;6.99;0.0;62.91;Cancelado
101929;2026-06-26 18:15:52;Debora.Carvalho39@Hotmail.Com;site;google;shopping;GOOGLE_SHOPPING;;139.9;0.0;27.9;167.8;Pago
101930;2026-06-26 22:38:43;Camila.Barbosa151@Outlook.Com;assinatura;;;;;69.9;6.99;0.0;62.91;Pago
101931;2026-06-26 22:47:21;Leonardo.Nascimento1998@Outlook.Com;site;;;;BIA10;364.7;36.47;0.0;328.23;Reembolsado
101932;2026-06-26 22:59:01;Aline.Pimentel2006@Icloud.Com;site;instagram;influencer;INFLU_DUDA_BARISTA;DUDA15;114.8;17.22;14.9;112.48;Pago
101933;2026-06-27 06:47:47;Debora.Ribeiro@Outlook.Com;site;;;;;149.7;0.0;14.9;164.6;Pago
101934;2026-06-27 06:56:22;Thais.Moreira@Gmail.Com;site;google;organic;;;87.7;0.0;14.9;102.6;Pago
101935;2026-06-27 07:05:40;Gustavo.Souza2004@Gmail.Com;site;instagram;cpc;META_PROSPECCAO_BLENDS;BEMVINDO10;49.9;4.99;14.9;59.81;Pago
101936;2026-06-27 08:27:05;Thais.Pimentel1981@Gmail.Com;site;ig;cpc;Meta_Prospeccao_Blends ;;139.9;0.0;14.9;154.8;Pago
101937;2026-06-27 09:11:28;Marcelo.Pimentel99@Gmail.Com;site;fb;paid;meta_prospeccao_blends;PRIMEIRACOMPRA;219.7;32.95;0.0;186.75;Pago
101938;2026-06-27 09:26:56;Mariana.Martins@Gmail.Com;site;ig;cpc;Meta_Prospeccao_Blends ;PRIMEIRACOMPRA;169.8;25.47;14.9;159.23;Cancelado
101939;2026-06-27 10:17:32;Diego.Mercon@Hotmail.Com;site;instagram;social;bio_link;;209.8;0.0;0.0;209.8;Pago
101940;2026-06-27 11:47:17;Mariana.Silva1980@Gmail.Com;site;google;cpc;GOOGLE_SEARCH_MARCA;;189.8;0.0;0.0;189.8;Pago
101941;2026-06-27 12:02:07;Ana.Martins88@Icloud.Com;site;google;cpc;google_search_generico;PRIMEIRACOMPRA;234.6;35.19;0.0;199.41;Pago
101942;2026-06-27 12:02:10;Ana.Gomes@Hotmail.Com;site;instagram;social;bio_link;;49.9;0.0;14.9;64.8;Pago
101943;2026-06-27 13:28:35;Bruno.Loureiro2005@Outlook.Com;site;google;cpc;google_search_generico;;44.9;0.0;14.9;59.8;Pago
101944;2026-06-27 14:42:36;Diego.Costa63@Gmail.Com;site;instagram;cpc;META_PROSPECCAO_BLENDS;BEMVINDO10;159.9;15.99;14.9;158.81;Pago
101945;2026-06-27 18:20:47;Ana.Simoes1994@Icloud.Com;site;google;cpc;GOOGLE_SEARCH_MARCA;;479.4;0.0;0.0;479.4;Cancelado
101946;2026-06-27 19:18:48;Thiago.Souza98@Gmail.Com;site;instagram;social;bio_link;;169.8;0.0;0.0;169.8;Pago
101947;2026-06-27 20:59:52;Larissa.Pimentel@Hotmail.Com;site;google;cpc;google_search_generico;;139.9;0.0;27.9;167.8;Pago
101948;2026-06-27 21:39:50;Luiza.Araujo48@Gmail.Com;site;instagram;influencer;INFLU_DUDA_BARISTA;BIA10 ;299.8;29.98;0.0;269.82;Pago
101949;2026-06-27 22:11:00;Patricia.Martins@Hotmail.Com;site;;;;CAFE20;118.7;23.74;14.9;109.86;Pago
101950;2026-06-27 22:59:14;Fernanda.Lima@Icloud.Com;site;;;;;49.9;0.0;14.9;64.8;Pago
101951;2026-06-27 23:01:28;Leticia.Oliveira60@Gmail.Com;site;google;cpc;GOOGLE_SEARCH_MARCA;;49.9;0.0;14.9;64.8;Pago
101952;2026-06-27 23:34:39;Rodrigo.Souza9@Gmail.Com;site;instagram;social;bio_link;;149.7;0.0;14.9;164.6;Pago
101953;2026-06-27 23:41:18;Mateus.Costa1984@Gmail.Com;site;google;cpc;GOOGLE_SEARCH_MARCA;;159.8;0.0;0.0;159.8;Pago
101954;2026-06-28 06:40:41;Leonardo.Barbosa@Gmail.Com;site;instagram;cpc;META_PROSPECCAO_BLENDS;CAFE20;159.7;31.94;14.9;142.66;Pago
101955;2026-06-28 06:47:22;Carolina.Silva94@Gmail.Com;site;fb;paid;meta_prospeccao_blends;PRIMEIRACOMPRA;489.6;73.44;0.0;416.16;Pago
101956;2026-06-28 07:48:25;Carlos.Costa64@Gmail.Com;site;facebook;cpc;META_REMARKETING;;18.9;0.0;14.9;33.8;Pago
101957;2026-06-28 11:03:07;Gabriela.Lima@Hotmail.Com;site;email;newsletter;news_jun;;119.9;0.0;27.9;147.8;Pago
101958;2026-06-28 11:21:09;Julia.Mercon1987@Gmail.Com;assinatura;;;;;69.9;6.99;0.0;62.91;Pago
101959;2026-06-28 11:26:14;Pedro.Ferreira1982@Yahoo.Com.Br;site;google;cpc;GOOGLE_SEARCH_GENERICO;;419.4;0.0;0.0;419.4;Pago
101960;2026-06-28 13:42:37;Gabriela.Barbosa2001@Outlook.Com;site;;;;;79.8;0.0;14.9;94.7;Pago
101961;2026-06-28 13:57:38;Carlos.Barbosa66@Gmail.Com;site;google;cpc;GOOGLE_SEARCH_MARCA;;419.6;0.0;0.0;419.6;Pago
101962;2026-06-28 15:15:36;Carolina.Barbosa60@Gmail.Com;site;google;cpc;GOOGLE_SEARCH_MARCA;FRETEGRATIS;239.8;0.0;0.0;239.8;Pago
101963;2026-06-28 15:22:43;Thais.Zanotti@Yahoo.Com.Br;site;google;cpc;GOOGLE_SEARCH_MARCA;;99.8;0.0;14.9;114.7;Aguardando pagamento
101964;2026-06-28 15:54:54;Fabio.Silva66@Hotmail.Com;site;instagram;cpc;META_PROSPECCAO_BLENDS;PRIMEIRACOMPRA ;214.7;32.2;0.0;182.5;Pago
101965;2026-06-28 16:42:32;Patricia.Araujo1987@Hotmail.Com;assinatura;;;;;69.9;6.99;0.0;62.91;Pago
101966;2026-06-28 16:58:09;Eduardo.Oliveira1993@Gmail.Com;site;;;;;219.6;0.0;0.0;219.6;Pago
101967;2026-06-28 18:23:59;Mariana.Martins299@Gmail.Com;site;google;cpc;GOOGLE_SEARCH_MARCA;;159.9;0.0;0.0;159.9;Pago
101968;2026-06-28 19:45:26;Julia.Silva27@Gmail.Com;assinatura;;;;;69.9;6.99;0.0;62.91;Pago
101969;2026-06-28 19:56:15;Maria.Simoes2006@Gmail.Com;site;ig;cpc;Meta_Prospeccao_Blends ;BEMVINDO10;329.6;32.96;0.0;296.64;Cancelado
101970;2026-06-28 20:56:13;Gustavo.Zanotti@Gmail.Com;site;instagram;social;bio_link;;18.9;0.0;14.9;33.8;Pago
101971;2026-06-28 21:27:47;Leticia.Almeida1998@Outlook.Com;site;instagram;cpc;META_REMARKETING;CAFE20;109.8;21.96;14.9;102.74;Pago
101972;2026-06-28 22:21:12;Andre.Barbosa274@Gmail.Com;site;fb;paid;meta_prospeccao_blends;;89.8;0.0;31.5;121.3;Pago
101973;2026-06-28 23:15:13;Joao.Pereira95@Icloud.Com;site;;;;;178.6;0.0;0.0;178.6;Pago
101974;2026-06-29 06:40:38;Vinicius.Mercon1987@Hotmail.Com;site;;;;;259.7;0.0;0.0;259.7;Pago
101975;2026-06-29 09:55:19;Debora.Pereira1993@Gmail.Com;site;instagram;cpc;META_PROSPECCAO_BLENDS;BEMVINDO10;159.9;15.99;14.9;158.81;Pago
101976;2026-06-29 10:00:09;Debora.Gomes308@Gmail.Com;site;google;cpc;GOOGLE_SHOPPING;;159.9;0.0;0.0;159.9;Reembolsado
101977;2026-06-29 13:58:03;Diego.Almeida2006@Yahoo.Com.Br;site;google;cpc;GOOGLE_SEARCH_MARCA;;54.9;0.0;14.9;69.8;Pago
101978;2026-06-29 15:03:58;Gustavo.Carvalho@Yahoo.Com.Br;site;google;cpc;GOOGLE_SEARCH_MARCA;;89.9;0.0;14.9;104.8;Pago
101979;2026-06-29 15:08:53;Fabio.Carvalho18@Gmail.Com;site;;;;;89.9;0.0;14.9;104.8;Pago
101980;2026-06-29 20:42:35;Fernanda.Ribeiro@Gmail.Com;site;email;newsletter;news_jun;;209.6;0.0;0.0;209.6;Pago
101981;2026-06-29 22:28:05;Leonardo.Gomes46@Hotmail.Com;site;ig;cpc;Meta_Prospeccao_Blends ;;44.9;0.0;14.9;59.8;Pago
101982;2026-06-29 22:40:21;Patricia.Mercon691@Gmail.Com;site;google;cpc;GOOGLE_SEARCH_MARCA;;439.6;0.0;0.0;439.6;Pago
101983;2026-06-30 06:54:19;Eduardo.Martins49@Yahoo.Com.Br;site;instagram;cpc;META_PROSPECCAO_BLENDS;CAFE20;49.9;9.98;14.9;54.82;Pago
101984;2026-06-30 08:44:13;Joao.Martins2002@Gmail.Com;site;google;cpc;GOOGLE_SEARCH_MARCA;;139.9;0.0;14.9;154.8;Pago
101985;2026-06-30 09:04:06;Beatriz.Rocha83@Gmail.Com;site;instagram;influencer;INFLU_CAFE_COM_BIA;BIA10;238.6;23.86;0.0;214.74;Pago
101986;2026-06-30 09:08:51;Joao.Gomes1992@Gmail.Com;assinatura;;;;;69.9;6.99;0.0;62.91;Pago
101987;2026-06-30 15:29:46;Felipe.Dallabernardina1995@Outlook.Com;site;google;cpc;GOOGLE_SEARCH_MARCA;;369.7;0.0;0.0;369.7;Pago
101988;2026-06-30 18:20:49;Mateus.Dallabernardina@Outlook.Com;site;instagram;cpc;META_PROSPECCAO_BLENDS;PRIMEIRACOMPRA;54.9;8.23;14.9;61.57;Pago
101989;2026-06-30 20:26:18;Gabriela.Gomes@Gmail.Com;site;google;cpc;google_search_generico;;74.8;0.0;27.9;102.7;Pago
101990;2026-06-30 22:24:35;Juliana.Ribeiro1993@Gmail.Com;site;instagram;cpc;META_PROSPECCAO_BLENDS;;68.8;0.0;14.9;83.7;Pago
101991;2026-06-30 22:33:52;Luiza.Ferreira89@Outlook.Com;site;;;;;209.8;0.0;0.0;209.8;Pago
101992;2026-07-01 06:57:30;Thais.Martins1996@Gmail.Com;site;;;;;79.9;0.0;14.9;94.8;Pago
101993;2026-07-01 08:14:20;Priscila.Ferreira@Gmail.Com;site;google;organic;;;119.9;0.0;31.5;151.4;Pago
101994;2026-07-01 09:19:35;Juliana.Silva16@Gmail.Com;site;;;;;279.7;0.0;0.0;279.7;Pago
101995;2026-07-01 10:12:57;Luiza.Martins@Gmail.Com;site;instagram;influencer;INFLU_DUDA_BARISTA;BIA10 ;259.7;25.97;0.0;233.73;Pago
101996;2026-07-01 10:18:04;Joao.Carvalho@Gmail.Com;site;ig;cpc;Meta_Prospeccao_Blends ;PRIMEIRACOMPRA;169.8;25.47;14.9;159.23;Pago
101997;2026-07-01 10:38:57;Bruna.Moreira@Outlook.Com;assinatura;;;;;69.9;6.99;0.0;62.91;Pago
101998;2026-07-01 11:10:05;Priscila.Loureiro97@Gmail.Com;site;instagram;social;bio_link;;229.8;0.0;0.0;229.8;Pago
101999;2026-07-01 11:26:06;Larissa.Dallabernardina36@Gmail.Com;site;fb;paid;meta_prospeccao_blends;BEMVINDO10;579.2;57.92;0.0;521.28;Pago
102000;2026-07-01 11:43:30;Rafael.Pereira93@Gmail.Com;site;instagram;social;bio_link;;139.9;0.0;14.9;154.8;Pago
102001;2026-07-01 13:43:20;Luiza.Araujo@Gmail.Com;site;google;cpc;GOOGLE_SEARCH_GENERICO;;479.5;0.0;0.0;479.5;Pago
102002;2026-07-01 14:03:53;Gabriela.Ferreira@Gmail.Com;site;instagram;cpc;META_PROSPECCAO_BLENDS;CAFE20;24.9;4.98;14.9;34.82;Pago
102003;2026-07-01 14:14:40;Diego.Santos9@Gmail.Com;site;google;organic;;;24.9;0.0;31.5;56.4;Pago
102004;2026-07-01 14:25:41;Marcelo.Almeida1993@Gmail.Com;site;fb;paid;meta_prospeccao_blends;PRIMEIRACOMPRA;159.9;23.98;14.9;150.82;Pago
102005;2026-07-01 15:10:47;Thiago.Carvalho83@Icloud.Com;site;google;cpc;GOOGLE_SEARCH_MARCA;;54.9;0.0;31.5;86.4;Pago
102006;2026-07-01 15:41:11;Juliana.Souza2003@Gmail.Com;site;;;;;239.8;0.0;0.0;239.8;Pago
102007;2026-07-01 17:40:40;Mariana.Lima@Gmail.Com;site;;;;;119.9;0.0;14.9;134.8;Pago
102008;2026-07-01 17:49:30;Bruna.Ribeiro52@Gmail.Com;site;instagram;cpc;META_PROSPECCAO_BLENDS;cafe20;79.9;15.98;14.9;78.82;Pago
102009;2026-07-01 20:31:21;Bruna.Santos760@Gmail.Com;site;google;organic;;;69.9;0.0;14.9;84.8;Pago
102010;2026-07-01 20:52:16;Renata.Santos@Gmail.Com;site;google;shopping;GOOGLE_SHOPPING;;164.7;0.0;0.0;164.7;Pago
102011;2026-07-01 20:56:14;Fernanda.Mercon@Hotmail.Com;assinatura;;;;;69.9;6.99;0.0;62.91;Pago
102012;2026-07-01 21:11:11;Mariana.Simoes@Gmail.Com;site;instagram;influencer;INFLU_CAFE_COM_BIA;BIA10;24.9;2.49;14.9;37.31;Pago
102013;2026-07-01 21:42:59;Carlos.Rodrigues2000@Icloud.Com;assinatura;;;;;69.9;6.99;0.0;62.91;Pago
102014;2026-07-01 21:52:19;Bruna.Pereira771@Gmail.Com;site;instagram;cpc;META_PROSPECCAO_BLENDS;BEMVINDO10;128.7;12.87;14.9;130.73;Pago
102015;2026-07-01 22:02:00;Julia.Zanotti@Hotmail.Com;site;google;shopping;GOOGLE_SHOPPING;;37.8;0.0;14.9;52.7;Pago
102016;2026-07-01 23:34:07;Beatriz.Souza1996@Gmail.Com;site;email;newsletter;news_jul;;89.8;0.0;14.9;104.7;Reembolsado
102017;2026-07-02 06:00:11;Joao.Costa@Gmail.Com;site;;;;;69.9;0.0;14.9;84.8;Pago
102018;2026-07-02 08:00:36;Juliana.Pimentel26@Gmail.Com;site;google;cpc;GOOGLE_SHOPPING;;89.9;0.0;14.9;104.8;Reembolsado
102019;2026-07-02 09:30:13;Debora.Lima1987@Gmail.Com;assinatura;;;;;69.9;6.99;0.0;62.91;Pago
102020;2026-07-02 11:14:03;Camila.Ferreira2000@Yahoo.Com.Br;assinatura;;;;;69.9;6.99;0.0;62.91;Pago
102021;2026-07-02 12:52:43;Rodrigo.Silva724@Gmail.Com;site;fb;paid;meta_prospeccao_blends;;209.8;0.0;0.0;209.8;Pago
102022;2026-07-02 13:20:26;Juliana.Simoes1983@Hotmail.Com;site;google;cpc;GOOGLE_SEARCH_MARCA;;259.5;0.0;0.0;259.5;Pago
102023;2026-07-02 13:31:34;Priscila.Araujo@Gmail.Com;site;google;cpc;GOOGLE_SHOPPING;;139.9;0.0;14.9;154.8;Pago
102024;2026-07-02 13:33:52;Beatriz.Costa94@Hotmail.Com;site;facebook;cpc;META_PROSPECCAO_BLENDS;primeiracompra;18.9;2.83;14.9;30.97;Pago
102025;2026-07-02 14:46:19;Carlos.Martins60@Outlook.Com;site;fb;paid;meta_prospeccao_blends;CAFE20;469.6;93.92;0.0;375.68;Pago
102026;2026-07-02 14:49:40;Leticia.Moreira23@Icloud.Com;site;instagram;social;bio_link;;69.8;0.0;31.5;101.3;Pago
102027;2026-07-02 15:24:06;Fernanda.Loureiro96@Yahoo.Com.Br;assinatura;;;;;69.9;6.99;0.0;62.91;Pago
102028;2026-07-02 17:20:23;Mariana.Lima@Yahoo.Com.Br;assinatura;;;;;69.9;6.99;0.0;62.91;Reembolsado
102029;2026-07-02 21:08:33;Carlos.Carvalho2@Outlook.Com;assinatura;;;;;69.9;6.99;0.0;62.91;Cancelado
102030;2026-07-02 23:39:37;Fabio.Martins1996@Yahoo.Com.Br;assinatura;;;;;69.9;6.99;0.0;62.91;Pago
102031;2026-07-03 06:09:43;Luiza.Martins1999@Gmail.Com;site;facebook;cpc;META_REMARKETING;;79.9;0.0;31.5;111.4;Pago
102032;2026-07-03 06:26:40;Bruno.Ferreira1994@Gmail.Com;site;google;cpc;GOOGLE_SEARCH_MARCA;;414.5;0.0;0.0;414.5;Pago
102033;2026-07-03 07:15:12;Renata.Zanotti40@Icloud.Com;site;instagram;social;bio_link;;148.7;0.0;14.9;163.6;Pago
102034;2026-07-03 08:05:11;Rodrigo.Ribeiro36@Yahoo.Com.Br;site;;;;;179.8;0.0;0.0;179.8;Reembolsado
102035;2026-07-03 08:08:02;Lucas.Carvalho@Hotmail.Com;site;email;newsletter;news_jul;;279.8;0.0;0.0;279.8;Pago
102036;2026-07-03 08:51:33;Gabriela.Silva1993@Yahoo.Com.Br;site;ig;cpc;Meta_Prospeccao_Blends ;BEMVINDO10;124.7;12.47;14.9;127.13;Pago
102037;2026-07-03 10:03:11;Aline.Santos1999@Icloud.Com;site;email;newsletter;news_jul;;209.8;0.0;0.0;209.8;Pago
102038;2026-07-03 10:42:25;Vinicius.Pimentel1994@Yahoo.Com.Br;site;;;;;44.9;0.0;14.9;59.8;Pago
102039;2026-07-03 11:07:18;Rafael.Oliveira2002@Hotmail.Com;site;google;cpc;GOOGLE_SEARCH_GENERICO;;98.8;0.0;14.9;113.7;Pago
102040;2026-07-03 11:07:43;Julia.Pimentel9@Gmail.Com;site;instagram;influencer;INFLU_CAFE_COM_BIA;BIA10;114.8;11.48;27.9;131.22;Pago
102041;2026-07-03 11:59:23;Thais.Zanotti96@Outlook.Com;site;;;;;179.7;0.0;0.0;179.7;Pago
102042;2026-07-03 13:16:17;Renata.Dallabernardina90@Gmail.Com;site;google;cpc;GOOGLE_SEARCH_GENERICO;primeiracompra;94.8;14.22;14.9;95.48;Pago
102043;2026-07-03 15:31:26;Beatriz.Barbosa2004@Gmail.Com;site;;;;;63.8;0.0;27.9;91.7;Pago
102044;2026-07-03 17:08:38;Rodrigo.Barbosa2005@Yahoo.Com.Br;site;instagram;influencer;INFLU_CAFE_COM_BIA;BIA10;89.8;8.98;14.9;95.72;Pago
102045;2026-07-03 19:08:15;Fabio.Araujo58@Yahoo.Com.Br;site;;;;;159.7;0.0;0.0;159.7;Pago
102046;2026-07-03 19:20:19;Bruna.Rodrigues1993@Gmail.Com;site;email;newsletter;news_jul;;169.8;0.0;0.0;169.8;Pago
102047;2026-07-03 19:32:01;Larissa.Rocha46@Hotmail.Com;site;google;cpc;GOOGLE_SEARCH_MARCA;;74.8;0.0;14.9;89.7;Pago
102048;2026-07-03 19:38:32;Debora.Barbosa96@Gmail.Com;site;;;;;24.9;0.0;14.9;39.8;Pago
102049;2026-07-04 07:03:46;Andre.Loureiro90@Gmail.Com;site;facebook;cpc;META_REMARKETING;;179.8;0.0;0.0;179.8;Pago
102050;2026-07-04 07:05:00;Thiago.Carvalho60@Icloud.Com;site;google;cpc;GOOGLE_SEARCH_MARCA;;304.7;0.0;0.0;304.7;Pago
102051;2026-07-04 08:04:49;Debora.Mercon@Hotmail.Com;site;facebook;cpc;META_PROSPECCAO_BLENDS;PRIMEIRACOMPRA;304.7;45.7;0.0;259.0;Pago
102052;2026-07-04 08:23:06;Gustavo.Almeida@Gmail.Com;site;facebook;cpc;META_REMARKETING;;54.9;0.0;14.9;69.8;Pago
102053;2026-07-04 08:50:19;Eduardo.Gomes76@Gmail.Com;site;;;;;239.8;0.0;0.0;239.8;Pago
102054;2026-07-04 08:50:42;Ana.Costa@Gmail.Com;site;google;cpc;GOOGLE_SHOPPING;;69.9;0.0;14.9;84.8;Pago
102055;2026-07-04 10:08:04;Felipe.Gomes40@Gmail.Com;site;ig;cpc;Meta_Prospeccao_Blends ;BEMVINDO10;329.6;32.96;0.0;296.64;Pago
102056;2026-07-04 11:44:53;Diego.Mercon24@Icloud.Com;site;instagram;social;bio_link;;249.6;0.0;0.0;249.6;Pago
102057;2026-07-04 12:41:40;Diego.Carvalho1980@Outlook.Com;assinatura;;;;;69.9;6.99;0.0;62.91;Cancelado
102058;2026-07-04 13:12:22;Fabio.Ribeiro@Gmail.Com;assinatura;;;;;69.9;6.99;0.0;62.91;Pago
102059;2026-07-04 15:17:47;Renata.Pimentel@Gmail.Com;site;ig;cpc;Meta_Prospeccao_Blends ;;489.5;0.0;0.0;489.5;Pago
102060;2026-07-04 15:41:08;Aline.Araujo@Hotmail.Com;site;;;;;279.7;0.0;0.0;279.7;Pago
102061;2026-07-04 16:18:09;Carlos.Oliveira@Hotmail.Com;site;instagram;cpc;META_PROSPECCAO_BLENDS;BEMVINDO10 ;334.7;33.47;0.0;301.23;Pago
102062;2026-07-04 18:00:06;Debora.Mercon1996@Hotmail.Com;site;instagram;social;bio_link;;69.9;0.0;14.9;84.8;Pago
102063;2026-07-04 20:19:06;Carlos.Carvalho1987@Hotmail.Com;site;;;;;564.4;0.0;0.0;564.4;Pago
102064;2026-07-04 21:08:19;Fernanda.Barbosa1990@Outlook.Com;site;google;cpc;GOOGLE_SEARCH_MARCA;;212.5;0.0;0.0;212.5;Reembolsado
102065;2026-07-04 22:09:57;Leticia.Costa2005@Gmail.Com;site;facebook;cpc;META_REMARKETING;;49.9;0.0;14.9;64.8;Pago
102066;2026-07-05 06:28:27;Bruna.Ferreira@Gmail.Com;site;ig;cpc;Meta_Prospeccao_Blends ;BEMVINDO10;44.9;4.49;14.9;55.31;Pago
102067;2026-07-05 11:47:54;Julia.Araujo@Gmail.Com;site;;;;;389.6;0.0;0.0;389.6;Pago
102068;2026-07-05 14:27:58;Patricia.Araujo2003@Gmail.Com;site;;;;;49.9;0.0;14.9;64.8;Cancelado
102069;2026-07-05 14:38:54;Leonardo.Rocha48@Gmail.Com;assinatura;;;;;69.9;6.99;0.0;62.91;Pago
102070;2026-07-05 15:06:07;Joao.Zanotti1991@Yahoo.Com.Br;site;instagram;influencer;INFLU_CAFE_COM_BIA;BIA10;189.8;18.98;0.0;170.82;Pago
102071;2026-07-05 16:29:32;Thiago.Simoes@Gmail.Com;site;google;cpc;GOOGLE_SEARCH_MARCA;;279.8;0.0;0.0;279.8;Pago
102072;2026-07-05 18:47:23;Thiago.Santos5@Gmail.Com;site;;;;;339.6;0.0;0.0;339.6;Pago
102073;2026-07-05 18:49:55;Caio.Simoes9@Gmail.Com;site;google;cpc;GOOGLE_SEARCH_GENERICO;;284.7;0.0;0.0;284.7;Cancelado
102074;2026-07-05 19:46:37;Maria.Simoes69@Gmail.Com;site;instagram;cpc;META_PROSPECCAO_BLENDS;CAFE20;404.4;80.88;0.0;323.52;Pago
102075;2026-07-05 19:53:31;Debora.Barbosa2005@Outlook.Com;site;google;cpc;google_search_generico;;189.7;0.0;0.0;189.7;Pago
102076;2026-07-05 20:16:40;Ana.Moreira@Gmail.Com;site;fb;paid;meta_prospeccao_blends;PRIMEIRACOMPRA;54.9;8.23;14.9;61.57;Pago
102077;2026-07-05 20:53:22;Juliana.Loureiro1989@Gmail.Com;assinatura;;;;;69.9;6.99;0.0;62.91;Pago
102078;2026-07-05 21:58:22;Pedro.Martins@Gmail.Com;site;google;cpc;GOOGLE_SEARCH_GENERICO;;49.9;0.0;14.9;64.8;Pago
102079;2026-07-05 22:48:15;Bruna.Loureiro2004@Yahoo.Com.Br;site;ig;cpc;Meta_Prospeccao_Blends ;BEMVINDO10;289.6;28.96;0.0;260.64;Pago
102080;2026-07-06 06:07:54;Beatriz.Carvalho@Gmail.Com;site;google;cpc;GOOGLE_SEARCH_MARCA;;74.7;0.0;31.5;106.2;Pago
102081;2026-07-06 07:29:13;Lucas.Zanotti@Yahoo.Com.Br;site;instagram;social;bio_link;;44.9;0.0;14.9;59.8;Pago
102082;2026-07-06 08:06:37;Gabriel.Souza@Gmail.Com;site;;;;DUDA15;18.9;2.83;14.9;30.97;Pago
102083;2026-07-06 08:12:14;Maria.Almeida46@Gmail.Com;site;instagram;social;bio_link;;89.9;0.0;14.9;104.8;Pago
102084;2026-07-06 08:35:26;Bruno.Carvalho@Hotmail.Com;site;fb;paid;meta_prospeccao_blends;;89.9;0.0;14.9;104.8;Pago
102085;2026-07-06 11:16:17;Ana.Mercon2000@Gmail.Com;assinatura;;;;;69.9;6.99;0.0;62.91;Pago
102086;2026-07-06 14:07:45;Gabriela.Ribeiro@Gmail.Com;site;google;cpc;GOOGLE_SEARCH_MARCA;;104.8;0.0;27.9;132.7;Pago
102087;2026-07-06 14:12:22;Leticia.Mercon@Hotmail.Com;site;google;cpc;google_search_generico;CAFE20 ;49.8;9.96;14.9;54.74;Pago
102088;2026-07-06 16:59:23;Renata.Pimentel66@Gmail.Com;site;fb;paid;meta_prospeccao_blends;PRIMEIRACOMPRA;184.8;27.72;0.0;157.08;Aguardando pagamento
102089;2026-07-06 17:23:58;Juliana.Martins22@Yahoo.Com.Br;site;google;cpc;GOOGLE_SEARCH_MARCA;;209.7;0.0;0.0;209.7;Pago
102090;2026-07-06 18:57:55;Vinicius.Santos2004@Hotmail.Com;site;facebook;cpc;META_REMARKETING;;303.6;0.0;0.0;303.6;Pago
102091;2026-07-06 20:14:51;Vinicius.Silva1994@Gmail.Com;site;email;newsletter;news_jul;;219.7;0.0;0.0;219.7;Pago
102092;2026-07-06 20:50:37;Debora.Zanotti1991@Hotmail.Com;site;;;;;359.5;0.0;0.0;359.5;Pago
102093;2026-07-06 21:19:57;Debora.Mercon@Gmail.Com;site;;;;;209.8;0.0;0.0;209.8;Pago
102094;2026-07-06 21:54:34;Maria.Gomes1998@Gmail.Com;site;;;;;354.5;0.0;0.0;354.5;Pago
102095;2026-07-07 07:11:20;Vinicius.Silva1996@Gmail.Com;site;ig;cpc;Meta_Prospeccao_Blends ;PRIMEIRACOMPRA;329.6;49.44;0.0;280.16;Pago
102096;2026-07-07 07:11:39;Gabriela.Costa@Gmail.Com;site;;;;FRETEGRATIS;18.9;0.0;0.0;18.9;Pago
102097;2026-07-07 08:52:03;Maria.Loureiro2@Gmail.Com;assinatura;;;;;69.9;6.99;0.0;62.91;Pago
102098;2026-07-07 10:31:21;Lucas.Santos22@Gmail.Com;site;google;shopping;GOOGLE_SHOPPING;;264.5;0.0;0.0;264.5;Pago
102099;2026-07-07 11:19:38;Bruna.Lima74@Gmail.Com;assinatura;;;;;69.9;6.99;0.0;62.91;Pago
102100;2026-07-07 12:27:31;Bruno.Simoes@Gmail.Com;site;;;;;92.7;0.0;14.9;107.6;Pago
102101;2026-07-07 12:49:07;Priscila.Zanotti1997@Gmail.Com;site;google;shopping;GOOGLE_SHOPPING;CAFE20;234.7;46.94;0.0;187.76;Cancelado
102102;2026-07-07 13:54:50;Eduardo.Dallabernardina1986@Outlook.Com;site;ig;cpc;Meta_Prospeccao_Blends ;;139.9;0.0;14.9;154.8;Pago
102103;2026-07-07 14:34:31;Larissa.Lima1988@Hotmail.Com;assinatura;;;;;69.9;6.99;0.0;62.91;Pago
102104;2026-07-07 15:15:29;Priscila.Ferreira93@Gmail.Com;site;;;;CAFE20;49.9;9.98;27.9;67.82;Pago
102105;2026-07-07 15:57:04;Vinicius.Zanotti33@Gmail.Com;site;google;cpc;GOOGLE_SEARCH_MARCA;;79.9;0.0;14.9;94.8;Pago
102106;2026-07-07 16:21:28;Fernanda.Silva1993@Gmail.Com;assinatura;;;;;69.9;6.99;0.0;62.91;Pago
102107;2026-07-07 21:13:49;Mariana.Nascimento1987@Gmail.Com;site;google;cpc;GOOGLE_SEARCH_MARCA;;49.9;0.0;14.9;64.8;Pago
102108;2026-07-07 21:58:09;Bruno.Nascimento1982@Outlook.Com;site;google;organic;;;69.9;0.0;27.9;97.8;Pago
102109;2026-07-07 22:13:12;Mariana.Oliveira2@Gmail.Com;site;fb;paid;meta_prospeccao_blends;BEMVINDO10;249.7;24.97;0.0;224.73;Pago
102110;2026-07-07 22:36:37;Joao.Almeida@Gmail.Com;assinatura;;;;;69.9;6.99;0.0;62.91;Pago
102111;2026-07-07 23:22:54;Patricia.Barbosa1983@Gmail.Com;site;google;cpc;GOOGLE_SHOPPING;;69.9;0.0;14.9;84.8;Pago
102112;2026-07-07 23:56:29;Debora.Pereira@Icloud.Com;site;instagram;influencer;INFLU_CAFE_COM_BIA;DUDA15;119.9;17.98;14.9;116.82;Pago
102113;2026-07-08 10:55:26;Gustavo.Martins@Icloud.Com;site;instagram;social;bio_link;;69.9;0.0;27.9;97.8;Aguardando pagamento
102114;2026-07-08 11:32:41;Ana.Souza@Hotmail.Com;site;instagram;influencer;INFLU_CAFE_COM_BIA;DUDA15;189.7;28.45;0.0;161.25;Aguardando pagamento
102115;2026-07-08 13:11:46;Debora.Pimentel68@Icloud.Com;assinatura;;;;;69.9;6.99;0.0;62.91;Pago
102116;2026-07-08 13:45:27;Andre.Rodrigues@Gmail.Com;site;google;cpc;GOOGLE_SEARCH_GENERICO;;279.7;0.0;0.0;279.7;Reembolsado
102117;2026-07-08 16:11:55;Debora.Moreira@Hotmail.Com;site;instagram;social;bio_link;;379.6;0.0;0.0;379.6;Pago
102118;2026-07-08 19:29:19;Larissa.Ribeiro@Outlook.Com;site;instagram;cpc;META_PROSPECCAO_BLENDS;CAFE20;244.7;48.94;0.0;195.76;Pago
102119;2026-07-08 20:48:42;Camila.Lima@Gmail.Com;site;fb;paid;meta_prospeccao_blends;;49.9;0.0;14.9;64.8;Pago
102120;2026-07-08 21:26:39;Bruno.Souza85@Gmail.Com;site;;;;;156.5;0.0;0.0;156.5;Pago
102121;2026-07-08 22:04:17;Carlos.Rodrigues@Hotmail.Com;site;google;cpc;GOOGLE_SEARCH_MARCA;BEMVINDO10;44.9;4.49;14.9;55.31;Pago
102122;2026-07-09 08:08:18;Thiago.Zanotti@Outlook.Com;site;google;shopping;GOOGLE_SHOPPING;;174.8;0.0;0.0;174.8;Pago
102123;2026-07-09 08:33:58;Rafael.Almeida@Gmail.Com;site;google;organic;;;93.7;0.0;14.9;108.6;Pago
102124;2026-07-09 11:48:20;Fernanda.Almeida2006@Icloud.Com;site;instagram;social;bio_link;;54.9;0.0;14.9;69.8;Pago
102125;2026-07-09 14:27:53;Felipe.Simoes1989@Icloud.Com;site;instagram;social;bio_link;;239.5;0.0;0.0;239.5;Pago
102126;2026-07-09 19:01:51;Gabriel.Pimentel@Gmail.Com;site;;;;INDIQUE15;99.8;14.97;14.9;99.73;Pago
102127;2026-07-09 19:51:03;Gabriela.Almeida1985@Icloud.Com;site;;;;BIA10;239.7;23.97;0.0;215.73;Pago
102128;2026-07-09 22:27:09;Luiza.Ribeiro93@Gmail.Com;site;;;;;49.9;0.0;14.9;64.8;Pago
102129;2026-07-09 23:18:08;Lucas.Mercon39@Hotmail.Com;site;whatsapp;referral;indique_ganhe;;139.9;0.0;31.5;171.4;Pago
102130;2026-07-10 06:53:17;Renata.Pimentel2006@Gmail.Com;assinatura;;;;;69.9;6.99;0.0;62.91;Pago
102131;2026-07-10 09:13:56;Julia.Almeida1996@Gmail.Com;site;google;shopping;GOOGLE_SHOPPING;;69.8;0.0;22.9;92.7;Pago
102132;2026-07-10 09:23:55;Leticia.Rodrigues@Gmail.Com;site;fb;paid;meta_prospeccao_blends; BEMVINDO10;24.9;2.49;14.9;37.31;Pago
102133;2026-07-10 09:46:34;Julia.Moreira@Icloud.Com;site;google;cpc;GOOGLE_SEARCH_MARCA;;439.5;0.0;0.0;439.5;Pago
102134;2026-07-10 11:19:59;Gustavo.Loureiro2000@Yahoo.Com.Br;site;;;;CAFE20;44.9;8.98;14.9;50.82;Pago
102135;2026-07-10 11:43:57;Caio.Araujo@Gmail.Com;site;fb;paid;meta_prospeccao_blends;BEMVINDO10;129.7;12.97;14.9;131.63;Reembolsado
102136;2026-07-10 13:28:42;Fabio.Loureiro14@Gmail.Com;site;;;;;119.9;0.0;27.9;147.8;Pago
102137;2026-07-10 14:28:02;Felipe.Rodrigues@Gmail.Com;site;instagram;influencer;INFLU_DUDA_BARISTA;BIA10;69.9;6.99;14.9;77.81;Pago
102138;2026-07-10 16:53:17;Maria.Dallabernardina1996@Gmail.Com;site;instagram;social;bio_link;;37.8;0.0;14.9;52.7;Pago
102139;2026-07-10 17:17:43;Ana.Ribeiro4@Gmail.Com;site;;;;;44.9;0.0;27.9;72.8;Pago
102140;2026-07-10 20:15:49;Priscila.Costa61@Gmail.Com;site;google;cpc;GOOGLE_SEARCH_MARCA;FRETEGRATIS;194.6;0.0;0.0;194.6;Pago
102141;2026-07-10 20:47:14;Camila.Lima1996@Gmail.Com;site;google;cpc;GOOGLE_SHOPPING;;214.7;0.0;0.0;214.7;Pago
102142;2026-07-10 21:32:04;Fabio.Dallabernardina@Icloud.Com;site;google;organic;;;454.5;0.0;0.0;454.5;Pago
102143;2026-07-10 23:12:28;Larissa.Araujo47@Icloud.Com;site;google;organic;;;389.5;0.0;0.0;389.5;Pago
102144;2026-07-10 23:39:14;Debora.Pimentel90@Gmail.Com;site;;;;;172.6;0.0;0.0;172.6;Pago
102145;2026-07-11 06:47:46;Pedro.Costa1997@Gmail.Com;site;fb;paid;meta_prospeccao_blends;BEMVINDO10;153.7;15.37;14.9;153.23;Pago
102146;2026-07-11 07:13:41;Bruna.Rocha85@Gmail.Com;site;facebook;cpc;META_REMARKETING;;139.7;0.0;14.9;154.6;Pago
102147;2026-07-11 07:25:15;Pedro.Pereira@Icloud.Com;site;facebook;cpc;META_REMARKETING;PRIMEIRACOMPRA;369.6;55.44;0.0;314.16;Pago
102148;2026-07-11 07:38:35;Thiago.Moreira1997@Gmail.Com;site;google;cpc;GOOGLE_SHOPPING;BEMVINDO10;69.8;6.98;14.9;77.72;Pago
102149;2026-07-11 07:45:12;Debora.Nascimento1982@Gmail.Com;site;instagram;influencer;INFLU_DUDA_BARISTA;DUDA15;234.7;35.2;0.0;199.5;Pago
102150;2026-07-11 07:59:43;Renata.Simoes16@Hotmail.Com;site;email;newsletter;news_jul;;279.8;0.0;0.0;279.8;Pago
102151;2026-07-11 08:28:28;Carolina.Lima@Gmail.Com;site;instagram;social;bio_link;;139.9;0.0;14.9;154.8;Pago
102152;2026-07-11 09:27:28;Gustavo.Silva51@Gmail.Com;site;instagram;social;bio_link;;73.8;0.0;27.9;101.7;Pago
102153;2026-07-11 10:15:03;Bruno.Carvalho1999@Icloud.Com;site;instagram;social;bio_link;;194.8;0.0;0.0;194.8;Pago
102154;2026-07-11 12:51:16;Gabriel.Simoes@Hotmail.Com;site;instagram;social;bio_link;;44.9;0.0;14.9;59.8;Pago
102155;2026-07-11 13:01:56;Juliana.Oliveira1985@Hotmail.Com;site;google;cpc;GOOGLE_SEARCH_MARCA;;98.8;0.0;14.9;113.7;Pago
102156;2026-07-11 13:07:25;Carlos.Mercon@Gmail.Com;assinatura;;;;;69.9;6.99;0.0;62.91;Pago
102157;2026-07-11 13:55:28;Larissa.Souza26@Gmail.Com;site;fb;paid;meta_prospeccao_blends;;99.8;0.0;14.9;114.7;Pago
102158;2026-07-11 14:31:24;Rafael.Pimentel1995@Gmail.Com;assinatura;;;;;69.9;6.99;0.0;62.91;Pago
102159;2026-07-11 16:28:04;Julia.Santos1997@Gmail.Com;site;;;;;344.2;0.0;0.0;344.2;Pago
102160;2026-07-11 17:08:18;Thais.Ferreira96@Yahoo.Com.Br;site;instagram;influencer;INFLU_DUDA_BARISTA;DUDA15;279.5;41.92;0.0;237.58;Pago
102161;2026-07-11 21:07:44;Aline.Oliveira1988@Gmail.Com;site;email;newsletter;news_jul;;49.8;0.0;31.5;81.3;Pago
102162;2026-07-12 07:03:53;Lucas.Mercon2006@Hotmail.Com;site;google;shopping;GOOGLE_SHOPPING;;174.7;0.0;0.0;174.7;Pago
102163;2026-07-12 08:35:26;Maria.Costa13@Gmail.Com;site;google;cpc;GOOGLE_SEARCH_MARCA;;69.9;0.0;14.9;84.8;Pago
102164;2026-07-12 09:26:31;Thiago.Moreira@Gmail.Com;site;instagram;cpc;META_REMARKETING;cafe20;224.7;44.94;0.0;179.76;Pago
102165;2026-07-12 09:43:36;Carolina.Rocha@Outlook.Com;site;google;cpc;GOOGLE_SEARCH_MARCA;;349.5;0.0;0.0;349.5;Pago
102166;2026-07-12 10:56:18;Luiza.Rodrigues979@Gmail.Com;site;email;newsletter;news_jul;;119.9;0.0;14.9;134.8;Pago
102167;2026-07-12 12:30:59;Maria.Dallabernardina1997@Hotmail.Com;site;email;newsletter;news_jul;;73.8;0.0;14.9;88.7;Pago
102168;2026-07-12 13:00:46;Leonardo.Rodrigues@Gmail.Com;site;instagram;social;bio_link;;49.9;0.0;14.9;64.8;Pago
102169;2026-07-12 13:11:13;Maria.Souza23@Gmail.Com;assinatura;;;;;69.9;6.99;0.0;62.91;Pago
102170;2026-07-12 13:28:09;Leticia.Silva85@Hotmail.Com;site;;;;;303.4;0.0;0.0;303.4;Pago
102171;2026-07-12 14:04:00;Gabriela.Pimentel83@Hotmail.Com;site;google;cpc;GOOGLE_SEARCH_MARCA;;279.7;0.0;0.0;279.7;Pago
102172;2026-07-12 14:30:09;Maria.Santos1997@Gmail.Com;site;instagram;cpc;META_REMARKETING;;514.3;0.0;0.0;514.3;Pago
102173;2026-07-12 15:16:19;Fabio.Oliveira2005@Gmail.Com;site;google;cpc;GOOGLE_SEARCH_MARCA;;399.5;0.0;0.0;399.5;Pago
102174;2026-07-12 16:45:11;Pedro.Pereira1984@Hotmail.Com;site;google;cpc;google_search_generico;;179.8;0.0;0.0;179.8;Pago
102175;2026-07-12 17:13:08;Rafael.Araujo@Hotmail.Com;site;whatsapp;referral;indique_ganhe;;44.9;0.0;14.9;59.8;Pago
102176;2026-07-12 18:26:43;Patricia.Carvalho85@Gmail.Com;site;;;;;49.9;0.0;31.5;81.4;Pago
102177;2026-07-12 19:05:08;Aline.Zanotti@Gmail.Com;site;;;;;49.9;0.0;14.9;64.8;Cancelado
102178;2026-07-12 20:32:00;Lucas.Gomes@Hotmail.Com;site;;;;;44.9;0.0;14.9;59.8;Pago
102179;2026-07-12 21:39:39;Mariana.Moreira57@Hotmail.Com;site;google;cpc;GOOGLE_SEARCH_MARCA;;319.8;0.0;0.0;319.8;Pago
102180;2026-07-12 22:42:23;Priscila.Dallabernardina68@Gmail.Com;site;instagram;social;bio_link;;173.6;0.0;0.0;173.6;Pago
102181;2026-07-13 08:51:59;Leticia.Oliveira1981@Hotmail.Com;site;google;cpc;GOOGLE_SEARCH_MARCA;;49.9;0.0;22.9;72.8;Pago
102182;2026-07-13 10:29:52;Juliana.Rodrigues1989@Gmail.Com;site;fb;paid;meta_prospeccao_blends;BEMVINDO10;269.6;26.96;0.0;242.64;Pago
102183;2026-07-13 13:13:06;Ana.Rodrigues1984@Hotmail.Com;site;instagram;cpc;META_PROSPECCAO_BLENDS;PRIMEIRACOMPRA;164.8;24.72;31.5;171.58;Pago
102184;2026-07-13 14:50:24;Maria.Simoes@Icloud.Com;site;email;newsletter;news_jul;;44.9;0.0;14.9;59.8;Pago
102185;2026-07-13 15:24:09;Camila.Martins392@Outlook.Com;site;google;cpc;GOOGLE_SEARCH_MARCA;;44.9;0.0;14.9;59.8;Pago
102186;2026-07-13 17:52:25;Rafael.Araujo1984@Icloud.Com;site;facebook;cpc;META_PROSPECCAO_BLENDS;BEMVINDO10;279.8;27.98;0.0;251.82;Pago
102187;2026-07-13 18:13:38;Debora.Oliveira1994@Icloud.Com;site;;;;;319.6;0.0;0.0;319.6;Cancelado
102188;2026-07-13 19:43:17;Gabriel.Pimentel53@Gmail.Com;site;google;cpc;GOOGLE_SEARCH_GENERICO;;304.5;0.0;0.0;304.5;Reembolsado
102189;2026-07-13 20:51:07;Thiago.Carvalho59@Gmail.Com;site;;;;;89.9;0.0;22.9;112.8;Pago
102190;2026-07-13 21:25:18;Leticia.Mercon@Gmail.Com;site;email;newsletter;news_jul;;18.9;0.0;14.9;33.8;Pago
102191;2026-07-13 21:34:23;Rafael.Dallabernardina@Gmail.Com;site;instagram;influencer;INFLU_DUDA_BARISTA;DUDA15;49.9;7.48;14.9;57.32;Pago
102192;2026-07-14 06:59:38;Juliana.Barbosa2@Gmail.Com;site;google;cpc;GOOGLE_SEARCH_MARCA;;439.7;0.0;0.0;439.7;Pago
102193;2026-07-14 08:24:13;Gabriel.Lima@Gmail.Com;site;;;;;197.7;0.0;0.0;197.7;Cancelado
102194;2026-07-14 09:19:00;Fernanda.Lima69@Yahoo.Com.Br;site;;;;;49.9;0.0;14.9;64.8;Pago
102195;2026-07-14 09:32:49;Renata.Almeida76@Yahoo.Com.Br;site;instagram;influencer;INFLU_DUDA_BARISTA;DUDA15;159.9;23.98;14.9;150.82;Pago
102196;2026-07-14 10:23:47;Rafael.Moreira2000@Icloud.Com;site;google;cpc;GOOGLE_SEARCH_MARCA;;159.8;0.0;0.0;159.8;Cancelado
102197;2026-07-14 10:47:37;Caio.Simoes9@Gmail.Com;assinatura;;;;;69.9;6.99;0.0;62.91;Pago
102198;2026-07-14 13:06:07;Vinicius.Araujo@Outlook.Com;site;instagram;social;bio_link;;319.8;0.0;0.0;319.8;Pago
102199;2026-07-14 13:38:43;Leticia.Almeida@Gmail.Com;site;fb;paid;meta_prospeccao_blends;PRIMEIRACOMPRA;148.7;22.3;14.9;141.3;Pago
102200;2026-07-14 14:46:47;Aline.Almeida97@Outlook.Com;site;;;;;24.9;0.0;27.9;52.8;Pago
102201;2026-07-14 14:56:34;Debora.Nascimento67@Hotmail.Com;site;google;cpc;GOOGLE_SEARCH_MARCA;;139.9;0.0;14.9;154.8;Pago
102202;2026-07-14 15:25:48;Thais.Almeida@Gmail.Com;site;google;cpc;GOOGLE_SEARCH_MARCA;;168.6;0.0;0.0;168.6;Pago
102203;2026-07-14 16:15:44;Leticia.Zanotti49@Outlook.Com;site;;;;;209.7;0.0;0.0;209.7;Pago
102204;2026-07-14 19:06:06;Patricia.Lima1986@Gmail.Com;site;;;;DUDA15 ;134.8;20.22;22.9;137.48;Pago
102205;2026-07-14 19:59:14;Gabriel.Oliveira78@Icloud.Com;site;email;newsletter;news_jul;;159.9;0.0;0.0;159.9;Pago
102206;2026-07-14 20:11:50;Renata.Martins83@Yahoo.Com.Br;site;;;;;139.9;0.0;14.9;154.8;Pago
102207;2026-07-14 21:55:22;Carolina.Rodrigues21@Gmail.Com;assinatura;;;;;69.9;6.99;0.0;62.91;Pago
102208;2026-07-14 23:04:44;Maria.Martins1994@Gmail.Com;site;facebook;cpc;META_REMARKETING;;81.6;0.0;14.9;96.5;Pago
102209;2026-07-15 06:00:47;Mariana.Oliveira@Yahoo.Com.Br;site;instagram;social;bio_link;;69.9;0.0;31.5;101.4;Pago
102210;2026-07-15 08:51:41;Rafael.Simoes64@Yahoo.Com.Br;site;google;cpc;GOOGLE_SEARCH_MARCA;;624.3;0.0;0.0;624.3;Pago
102211;2026-07-15 09:58:52;Gabriela.Ribeiro1988@Yahoo.Com.Br;site;email;newsletter;news_jul;;99.8;0.0;14.9;114.7;Pago
102212;2026-07-15 10:02:41;Gabriela.Ferreira1992@Hotmail.Com;site;instagram;social;bio_link;;119.8;0.0;14.9;134.7;Pago
102213;2026-07-15 10:11:53;Aline.Barbosa@Hotmail.Com;site;;;;;54.9;0.0;14.9;69.8;Pago
102214;2026-07-15 10:54:11;Luiza.Almeida@Icloud.Com;site;instagram;cpc;META_PROSPECCAO_BLENDS;BEMVINDO10;99.8;9.98;14.9;104.72;Pago
102215;2026-07-15 11:28:43;Marcelo.Simoes15@Outlook.Com;site;instagram;influencer;INFLU_DUDA_BARISTA;BIA10;49.8;4.98;14.9;59.72;Pago
102216;2026-07-15 12:08:08;Carolina.Pereira7@Gmail.Com;site;;;;;259.7;0.0;0.0;259.7;Pago
102217;2026-07-15 13:21:02;Eduardo.Lima1981@Gmail.Com;site;;;;;269.6;0.0;0.0;269.6;Pago
102218;2026-07-15 14:20:48;Aline.Rocha@Gmail.Com;site;google;shopping;GOOGLE_SHOPPING;;159.9;0.0;0.0;159.9;Pago
102219;2026-07-15 14:36:11;Beatriz.Almeida1987@Gmail.Com;site;instagram;cpc;META_PROSPECCAO_BLENDS;BEMVINDO10;99.8;9.98;14.9;104.72;Pago
102220;2026-07-15 15:04:54;Rafael.Dallabernardina31@Gmail.Com;site;email;newsletter;news_jul;;209.7;0.0;0.0;209.7;Pago
102221;2026-07-15 16:00:28;Leticia.Souza81@Yahoo.Com.Br;site;instagram;social;bio_link;;249.7;0.0;0.0;249.7;Pago
102222;2026-07-15 19:22:13;Thais.Santos51@Icloud.Com;site;facebook;cpc;META_REMARKETING;;159.8;0.0;0.0;159.8;Pago
102223;2026-07-15 19:24:11;Rafael.Costa@Hotmail.Com;site;instagram;cpc;META_PROSPECCAO_BLENDS;BEMVINDO10;248.7;24.87;0.0;223.83;Pago
102224;2026-07-15 19:44:41;Camila.Barbosa@Gmail.Com;site;google;cpc;google_search_generico;CAFE20;44.9;8.98;27.9;63.82;Pago
102225;2026-07-15 20:43:59;Thais.Mercon1987@Icloud.Com;site;facebook;cpc;META_PROSPECCAO_BLENDS;CAFE20;89.9;17.98;14.9;86.82;Cancelado
102226;2026-07-15 21:29:31;Rafael.Dallabernardina531@Gmail.Com;site;instagram;social;bio_link;;294.7;0.0;0.0;294.7;Cancelado
102227;2026-07-15 22:40:53;Rafael.Silva1994@Icloud.Com;site;;;;;104.8;0.0;14.9;119.7;Pago
102228;2026-07-16 06:52:50;Maria.Barbosa@Gmail.Com;site;fb;paid;meta_prospeccao_blends;BEMVINDO10;114.8;11.48;14.9;118.22;Pago
102229;2026-07-16 08:10:08;Mateus.Rodrigues18@Hotmail.Com;site;instagram;influencer;INFLU_CAFE_COM_BIA;duda15;139.9;20.98;14.9;133.82;Pago
102230;2026-07-16 08:33:59;Juliana.Loureiro2002@Gmail.Com;site;google;cpc;google_search_generico;;279.8;0.0;0.0;279.8;Pago
102231;2026-07-16 09:34:49;Gabriel.Martins1990@Gmail.Com;site;;;;;149.7;0.0;14.9;164.6;Pago
102232;2026-07-16 11:04:39;Eduardo.Almeida1994@Gmail.Com;site;;;;;169.8;0.0;0.0;169.8;Aguardando pagamento
102233;2026-07-16 13:07:58;Priscila.Carvalho16@Yahoo.Com.Br;site;google;cpc;GOOGLE_SEARCH_MARCA;;239.8;0.0;0.0;239.8;Pago
102234;2026-07-16 18:55:03;Bruna.Santos76@Gmail.Com;site;;;;;124.8;0.0;22.9;147.7;Pago
102235;2026-07-16 19:26:19;Leticia.Nascimento1998@Yahoo.Com.Br;site;fb;paid;meta_prospeccao_blends;;139.8;0.0;14.9;154.7;Pago
102236;2026-07-16 20:48:18;Bruna.Loureiro1999@Gmail.Com;site;;;;;149.7;0.0;14.9;164.6;Pago
102237;2026-07-16 21:22:06;Juliana.Nascimento@Gmail.Com;site;google;cpc;google_search_generico;;99.8;0.0;27.9;127.7;Pago
102238;2026-07-16 22:13:30;Beatriz.Silva22@Hotmail.Com;site;google;cpc;GOOGLE_SEARCH_MARCA;;329.5;0.0;0.0;329.5;Pago
102239;2026-07-17 06:25:02;Larissa.Araujo1999@Gmail.Com;site;;;;;194.6;0.0;0.0;194.6;Pago
102240;2026-07-17 07:11:35;Fernanda.Moreira@Gmail.Com;site;facebook;cpc;META_REMARKETING;;549.5;0.0;0.0;549.5;Pago
102241;2026-07-17 07:46:43;Thais.Santos2002@Gmail.Com;assinatura;;;;;69.9;6.99;0.0;62.91;Pago
102242;2026-07-17 08:01:08;Fernanda.Silva2001@Yahoo.Com.Br;site;google;cpc;GOOGLE_SHOPPING;;159.8;0.0;0.0;159.8;Cancelado
102243;2026-07-17 10:18:00;Camila.Ribeiro1985@Hotmail.Com;site;facebook;cpc;META_REMARKETING;;199.7;0.0;0.0;199.7;Pago
102244;2026-07-17 11:24:51;Thais.Dallabernardina59@Hotmail.Com;site;;;;;37.8;0.0;14.9;52.7;Cancelado
102245;2026-07-17 11:48:29;Bruna.Mercon1993@Outlook.Com;site;google;cpc;GOOGLE_SEARCH_MARCA;;79.9;0.0;14.9;94.8;Pago
102246;2026-07-17 11:58:56;Felipe.Nascimento44@Hotmail.Com;assinatura;;;;;69.9;6.99;0.0;62.91;Pago
102247;2026-07-17 12:24:40;Ana.Simoes11@Gmail.Com;site;google;shopping;GOOGLE_SHOPPING;;119.7;0.0;14.9;134.6;Pago
102248;2026-07-17 13:40:42;Mateus.Silva1984@Outlook.Com;site;google;cpc;GOOGLE_SEARCH_MARCA;;18.9;0.0;14.9;33.8;Pago
102249;2026-07-17 15:59:13;Mariana.Souza1993@Hotmail.Com;site;google;cpc;GOOGLE_SEARCH_MARCA;CAFE20;204.8;40.96;0.0;163.84;Pago
102250;2026-07-17 16:42:18;Gustavo.Pimentel84@Yahoo.Com.Br;site;google;shopping;GOOGLE_SHOPPING;;319.8;0.0;0.0;319.8;Cancelado
102251;2026-07-17 16:48:44;Thiago.Dallabernardina94@Icloud.Com;site;;;;;159.9;0.0;0.0;159.9;Pago
102252;2026-07-17 17:11:05;Aline.Araujo1986@Gmail.Com;site;google;cpc;GOOGLE_SEARCH_MARCA;FRETEGRATIS;139.9;0.0;0.0;139.9;Pago
102253;2026-07-17 17:33:28;Felipe.Silva72@Gmail.Com;assinatura;;;;;69.9;6.99;0.0;62.91;Pago
102254;2026-07-17 17:54:27;Priscila.Pimentel1980@Gmail.Com;site;google;cpc;GOOGLE_SEARCH_GENERICO;;253.6;0.0;0.0;253.6;Pago
102255;2026-07-17 18:24:26;Bruna.Simoes@Outlook.Com;site;google;cpc;GOOGLE_SEARCH_MARCA;;159.6;0.0;0.0;159.6;Reembolsado
102256;2026-07-17 18:47:36;Luiza.Mercon1987@Gmail.Com;site;;;;BIA10;69.9;6.99;27.9;90.81;Pago
102257;2026-07-17 18:59:50;Gustavo.Silva9@Hotmail.Com;site;instagram;cpc;META_PROSPECCAO_BLENDS;;89.8;0.0;14.9;104.7;Pago
102258;2026-07-17 19:36:58;Renata.Ribeiro296@Icloud.Com;site;email;newsletter;news_jul;;584.4;0.0;0.0;584.4;Pago
102259;2026-07-17 19:58:11;Lucas.Barbosa50@Gmail.Com;site;;;;CAFE20;49.9;9.98;14.9;54.82;Pago
102260;2026-07-17 21:32:49;Renata.Araujo2000@Outlook.Com;assinatura;;;;;69.9;6.99;0.0;62.91;Pago
102261;2026-07-17 21:50:23;Bruna.Silva@Hotmail.Com;site;;;;;24.9;0.0;14.9;39.8;Reembolsado
102262;2026-07-17 22:58:23;Julia.Carvalho@Gmail.Com;site;email;newsletter;news_jul;;99.8;0.0;14.9;114.7;Pago
102263;2026-07-18 07:41:47;Gustavo.Souza2004@Gmail.Com;site;email;newsletter;news_jul;;209.8;0.0;0.0;209.8;Pago
102264;2026-07-18 09:01:43;Fernanda.Loureiro1989@Gmail.Com;site;;;;;18.9;0.0;14.9;33.8;Pago
102265;2026-07-18 10:27:35;Leticia.Moreira23@Icloud.Com;assinatura;;;;;69.9;6.99;0.0;62.91;Pago
102266;2026-07-18 11:55:08;Patricia.Nascimento@Outlook.Com;site;google;cpc;GOOGLE_SEARCH_MARCA;;89.9;0.0;14.9;104.8;Pago
102267;2026-07-18 12:55:35;Mariana.Almeida@Hotmail.Com;site;instagram;cpc;META_PROSPECCAO_BLENDS;BEMVINDO10;424.5;42.45;0.0;382.05;Pago
102268;2026-07-18 13:28:26;Mateus.Pereira82@Hotmail.Com;site;;;;;239.7;0.0;0.0;239.7;Pago
102269;2026-07-18 13:57:14;Patricia.Zanotti79@Gmail.Com;site;;;;CAFE20;18.9;3.78;22.9;38.02;Pago
102270;2026-07-18 14:21:32;Luiza.Oliveira67@Gmail.Com;site;instagram;influencer;INFLU_CAFE_COM_BIA;DUDA15;69.9;10.49;31.5;90.91;Pago
102271;2026-07-18 15:29:49;Larissa.Rocha@Hotmail.Com;site;email;newsletter;news_jul;;334.6;0.0;0.0;334.6;Pago
102272;2026-07-18 17:57:36;Debora.Ferreira1988@Gmail.Com;site;;;;;109.8;0.0;31.5;141.3;Pago
102273;2026-07-18 18:22:55;Caio.Costa1984@Gmail.Com;site;google;cpc;google_search_generico;PRIMEIRACOMPRA;79.9;11.99;14.9;82.81;Pago
102274;2026-07-18 18:28:58;Fabio.Moreira42@Gmail.Com;site;ig;cpc;Meta_Prospeccao_Blends ;BEMVINDO10;89.8;8.98;14.9;95.72;Pago
102275;2026-07-18 18:36:58;Joao.Martins84@Hotmail.Com;site;instagram;influencer;INFLU_CAFE_COM_BIA;bia10;49.9;4.99;22.9;67.81;Pago
102276;2026-07-18 19:11:11;Vinicius.Loureiro1987@Gmail.Com;site;facebook;cpc;META_REMARKETING;;18.9;0.0;14.9;33.8;Pago
102277;2026-07-18 19:49:51;Thiago.Dallabernardina@Gmail.Com;site;ig;cpc;Meta_Prospeccao_Blends ;CAFE20;139.9;27.98;14.9;126.82;Pago
102278;2026-07-18 20:04:15;Mateus.Carvalho95@Gmail.Com;site;;;;;99.8;0.0;14.9;114.7;Pago
102279;2026-07-18 21:19:53;Andre.Araujo1989@Gmail.Com;site;instagram;influencer;INFLU_CAFE_COM_BIA;DUDA15;509.5;76.42;0.0;433.08;Pago
102280;2026-07-18 21:45:55;Debora.Almeida43@Gmail.Com;site;;;;;364.5;0.0;0.0;364.5;Pago
102281;2026-07-18 23:19:11;Pedro.Nascimento1983@Gmail.Com;site;instagram;cpc;META_REMARKETING;;104.8;0.0;14.9;119.7;Pago
102282;2026-07-18 23:31:08;Mariana.Carvalho@Outlook.Com;site;instagram;social;bio_link;;149.8;0.0;31.5;181.3;Pago
102283;2026-07-19 07:58:06;Leticia.Ferreira@Hotmail.Com;assinatura;;;;;69.9;6.99;0.0;62.91;Pago
102284;2026-07-19 09:13:23;Bruno.Rodrigues1993@Gmail.Com;site;instagram;influencer;INFLU_DUDA_BARISTA;BIA10 ;184.7;18.47;0.0;166.23;Pago
102285;2026-07-19 10:32:31;Fabio.Ribeiro180@Hotmail.Com;site;fb;paid;meta_prospeccao_blends;BEMVINDO10;159.8;15.98;31.5;175.32;Pago
102286;2026-07-19 11:31:08;Bruno.Gomes1983@Outlook.Com;site;;;;;54.9;0.0;14.9;69.8;Pago
102287;2026-07-19 12:35:15;Gabriela.Araujo1997@Gmail.Com;site;email;newsletter;news_jul;;99.8;0.0;14.9;114.7;Pago
102288;2026-07-19 14:38:18;Renata.Almeida2002@Outlook.Com;site;ig;cpc;Meta_Prospeccao_Blends ;;37.8;0.0;27.9;65.7;Pago
102289;2026-07-19 14:56:26;Leticia.Silva@Gmail.Com;site;email;newsletter;news_jul;;159.9;0.0;0.0;159.9;Pago
102290;2026-07-19 15:02:22;Larissa.Ribeiro17@Gmail.Com;site;facebook;cpc;META_PROSPECCAO_BLENDS;BEMVINDO10;329.7;32.97;0.0;296.73;Pago
102291;2026-07-19 15:04:03;Lucas.Rocha1994@Gmail.Com;site;instagram;social;bio_link;;89.9;0.0;14.9;104.8;Pago
102292;2026-07-19 15:22:54;Julia.Moreira18@Hotmail.Com;site;google;cpc;GOOGLE_SHOPPING;;104.8;0.0;14.9;119.7;Pago
102293;2026-07-19 15:29:02;Debora.Almeida45@Yahoo.Com.Br;site;google;cpc;GOOGLE_SHOPPING;;159.8;0.0;0.0;159.8;Pago
102294;2026-07-19 16:42:04;Leticia.Costa87@Outlook.Com;site;google;organic;;;418.5;0.0;0.0;418.5;Pago
102295;2026-07-19 16:57:17;Marcelo.Dallabernardina@Hotmail.Com;site;;;;;644.3;0.0;0.0;644.3;Pago
102296;2026-07-19 17:19:07;Gabriela.Santos2000@Yahoo.Com.Br;site;ig;cpc;Meta_Prospeccao_Blends ;PRIMEIRACOMPRA;109.8;16.47;14.9;108.23;Pago
102297;2026-07-19 17:51:08;Gabriela.Lima@Hotmail.Com;site;instagram;social;bio_link;;254.6;0.0;0.0;254.6;Pago
102298;2026-07-19 18:07:38;Eduardo.Rodrigues56@Gmail.Com;site;google;cpc;google_search_generico;;284.5;0.0;0.0;284.5;Pago
102299;2026-07-19 18:10:32;Thiago.Santos1994@Hotmail.Com;site;instagram;influencer;INFLU_DUDA_BARISTA;DUDA15;159.9;23.98;14.9;150.82;Pago
102300;2026-07-19 19:15:42;Rodrigo.Barbosa@Gmail.Com;site;instagram;social;bio_link;;229.7;0.0;0.0;229.7;Pago
102301;2026-07-19 20:01:58;Vinicius.Mercon1987@Gmail.Com;site;instagram;social;bio_link;;79.9;0.0;27.9;107.8;Pago
102302;2026-07-19 20:08:38;Thais.Zanotti92@Hotmail.Com;site;email;newsletter;news_jul;;329.5;0.0;0.0;329.5;Pago
102303;2026-07-19 20:33:33;Rafael.Martins1989@Gmail.Com;site;;;;;264.7;0.0;0.0;264.7;Pago
102304;2026-07-19 21:06:57;Ana.Rodrigues2003@Outlook.Com;site;instagram;social;bio_link;;369.5;0.0;0.0;369.5;Pago
102305;2026-07-19 22:23:06;Beatriz.Mercon40@Gmail.Com;site;instagram;social;bio_link;;129.8;0.0;14.9;144.7;Pago
102306;2026-07-19 23:27:08;Beatriz.Nascimento1999@Gmail.Com;site;facebook;cpc;META_PROSPECCAO_BLENDS;;18.9;0.0;14.9;33.8;Pago
102307;2026-07-20 07:59:36;Marcelo.Carvalho64@Gmail.Com;site;instagram;cpc;META_PROSPECCAO_BLENDS;;194.8;0.0;0.0;194.8;Pago
102308;2026-07-20 08:49:23;Julia.Santos5@Hotmail.Com;site;instagram;cpc;META_REMARKETING;PRIMEIRACOMPRA;188.7;28.3;0.0;160.4;Pago
102309;2026-07-20 09:13:39;Gabriela.Almeida45@Hotmail.Com;site;;;;;219.8;0.0;0.0;219.8;Pago
102310;2026-07-20 09:19:35;Camila.Gomes@Hotmail.Com;site;google;cpc;GOOGLE_SHOPPING;;269.7;0.0;0.0;269.7;Pago
102311;2026-07-20 09:59:20;Diego.Ribeiro30@Gmail.Com;site;google;organic;;;249.7;0.0;0.0;249.7;Cancelado
102312;2026-07-20 12:01:11;Joao.Gomes2002@Outlook.Com;site;facebook;cpc;META_PROSPECCAO_BLENDS;;219.6;0.0;0.0;219.6;Pago
102313;2026-07-20 12:19:41;Juliana.Pereira25@Hotmail.Com;site;ig;cpc;Meta_Prospeccao_Blends ;primeiracompra;319.7;47.95;0.0;271.75;Pago
102314;2026-07-20 12:20:12;Julia.Pimentel1999@Gmail.Com;assinatura;;;;;69.9;6.99;0.0;62.91;Aguardando pagamento
102315;2026-07-20 12:35:40;Renata.Lima912@Outlook.Com;site;;;;;159.9;0.0;0.0;159.9;Pago
102316;2026-07-20 13:00:54;Lucas.Nascimento44@Gmail.Com;site;google;cpc;GOOGLE_SEARCH_MARCA;;49.9;0.0;31.5;81.4;Pago
102317;2026-07-20 13:26:42;Mariana.Martins1999@Gmail.Com;site;google;cpc;google_search_generico;;54.9;0.0;14.9;69.8;Pago
102318;2026-07-20 14:17:57;Camila.Silva71@Hotmail.Com;site;google;organic;;;54.9;0.0;27.9;82.8;Pago
102319;2026-07-20 16:04:22;Bruna.Ribeiro@Gmail.Com;assinatura;;;;;69.9;6.99;0.0;62.91;Pago
102320;2026-07-20 16:06:28;Priscila.Almeida1983@Outlook.Com;site;;;;;239.7;0.0;0.0;239.7;Pago
102321;2026-07-20 16:16:17;Diego.Almeida82@Icloud.Com;site;ig;cpc;Meta_Prospeccao_Blends ;;164.7;0.0;0.0;164.7;Pago
102322;2026-07-20 17:37:31;Juliana.Simoes82@Gmail.Com;site;ig;cpc;Meta_Prospeccao_Blends ;;119.9;0.0;14.9;134.8;Pago
102323;2026-07-20 19:56:55;Debora.Rocha@Gmail.Com;site;google;cpc;GOOGLE_SEARCH_MARCA;;139.9;0.0;14.9;154.8;Aguardando pagamento
102324;2026-07-20 21:34:47;Renata.Lima93@Icloud.Com;site;google;cpc;google_search_generico;;228.6;0.0;0.0;228.6;Pago
102325;2026-07-21 06:17:54;Beatriz.Barbosa8@Icloud.Com;site;email;newsletter;news_jul;;319.8;0.0;0.0;319.8;Pago
102326;2026-07-21 07:34:31;Patricia.Dallabernardina@Hotmail.Com;site;ig;cpc;Meta_Prospeccao_Blends ;;159.9;0.0;0.0;159.9;Pago
102327;2026-07-21 07:47:11;Bruna.Rocha93@Gmail.Com;site;;;;;209.8;0.0;0.0;209.8;Pago
102328;2026-07-21 07:58:31;Gabriela.Nascimento1991@Gmail.Com;assinatura;;;;;69.9;6.99;0.0;62.91;Pago
102329;2026-07-21 08:25:35;Maria.Nascimento2002@Gmail.Com;site;google;cpc;GOOGLE_SEARCH_MARCA;;224.7;0.0;0.0;224.7;Pago
102330;2026-07-21 08:48:05;Bruna.Martins@Gmail.Com;site;instagram;influencer;INFLU_CAFE_COM_BIA;DUDA15;209.8;31.47;0.0;178.33;Pago
102331;2026-07-21 09:35:29;Patricia.Araujo@Gmail.Com;site;instagram;social;bio_link;;18.9;0.0;14.9;33.8;Pago
102332;2026-07-21 09:39:16;Thiago.Carvalho83@Icloud.Com;site;email;newsletter;news_jul;;309.6;0.0;0.0;309.6;Pago
102333;2026-07-21 10:02:43;Gabriela.Loureiro@Hotmail.Com;site;facebook;cpc;META_PROSPECCAO_BLENDS;cafe20;88.8;17.76;14.9;85.94;Pago
102334;2026-07-21 10:50:13;Mariana.Costa1980@Gmail.Com;site;google;cpc;GOOGLE_SEARCH_MARCA;;159.8;0.0;0.0;159.8;Pago
102335;2026-07-21 10:52:15;Bruno.Moreira70@Outlook.Com;site;;;;;44.9;0.0;14.9;59.8;Pago
102336;2026-07-21 11:33:44;Beatriz.Moreira1995@Outlook.Com;site;ig;cpc;Meta_Prospeccao_Blends ;CAFE20;158.8;31.76;22.9;149.94;Pago
102337;2026-07-21 13:01:48;Mariana.Dallabernardina1994@Gmail.Com;site;facebook;cpc;META_PROSPECCAO_BLENDS;PRIMEIRACOMPRA;139.9;20.98;14.9;133.82;Pago
102338;2026-07-21 14:23:38;Fabio.Dallabernardina5@Icloud.Com;site;;;;BIA10;214.7;21.47;0.0;193.23;Pago
102339;2026-07-21 14:57:47;Bruna.Oliveira1984@Yahoo.Com.Br;site;email;newsletter;news_jul;;154.6;0.0;0.0;154.6;Pago
102340;2026-07-21 16:03:13;Gustavo.Lima1985@Outlook.Com;site;instagram;cpc;META_PROSPECCAO_BLENDS;PRIMEIRACOMPRA;69.9;10.49;22.9;82.31;Pago
102341;2026-07-21 18:44:38;Mariana.Silva97@Hotmail.Com;site;fb;paid;meta_prospeccao_blends;;159.8;0.0;0.0;159.8;Reembolsado
102342;2026-07-21 19:07:52;Rodrigo.Pimentel81@Gmail.Com;site;;;;;79.9;0.0;14.9;94.8;Pago
102343;2026-07-21 21:06:18;Carlos.Barbosa66@Gmail.Com;site;instagram;social;bio_link;;89.9;0.0;22.9;112.8;Pago
102344;2026-07-21 22:15:17;Thais.Zanotti98@Hotmail.Com;site;google;cpc;google_search_generico;;54.9;0.0;14.9;69.8;Pago
102345;2026-07-21 22:33:49;Thiago.Ferreira1987@Gmail.Com;assinatura;;;;;69.9;6.99;0.0;62.91;Pago
102346;2026-07-21 22:43:49;Bruna.Araujo488@Gmail.Com;site;ig;cpc;Meta_Prospeccao_Blends ;CAFE20;194.7;38.94;0.0;155.76;Reembolsado
102347;2026-07-21 22:46:09;Gabriela.Loureiro76@Gmail.Com;site;;;;;79.9;0.0;14.9;94.8;Pago
102348;2026-07-21 22:50:50;Mariana.Moreira1982@Hotmail.Com;site;;;;;179.7;0.0;0.0;179.7;Pago
102349;2026-07-21 23:02:11;Carlos.Souza@Gmail.Com;site;;;;;159.9;0.0;0.0;159.9;Pago
102350;2026-07-22 08:27:34;Fabio.Ribeiro17@Gmail.Com;site;facebook;cpc;META_PROSPECCAO_BLENDS;;344.5;0.0;0.0;344.5;Pago
102351;2026-07-22 08:47:25;Gustavo.Ferreira@Hotmail.Com;assinatura;;;;;69.9;6.99;0.0;62.91;Pago
102352;2026-07-22 09:27:04;Carlos.Pimentel790@Yahoo.Com.Br;site;google;cpc;GOOGLE_SEARCH_MARCA;;399.7;0.0;0.0;399.7;Cancelado
102353;2026-07-22 09:29:03;Leticia.Rocha@Gmail.Com;site;;;;FRETEGRATIS;44.9;0.0;0.0;44.9;Pago
102354;2026-07-22 10:12:22;Carolina.Santos27@Hotmail.Com;assinatura;;;;;69.9;6.99;0.0;62.91;Pago
102355;2026-07-22 12:03:28;Julia.Barbosa1990@Yahoo.Com.Br;site;facebook;cpc;META_PROSPECCAO_BLENDS;BEMVINDO10;359.7;35.97;0.0;323.73;Pago
102356;2026-07-22 12:16:12;Patricia.Ferreira2002@Gmail.Com;site;ig;cpc;Meta_Prospeccao_Blends ; BEMVINDO10;239.8;23.98;0.0;215.82;Pago
102357;2026-07-22 14:02:53;Maria.Souza56@Gmail.Com;site;ig;cpc;Meta_Prospeccao_Blends ;CAFE20;139.8;27.96;14.9;126.74;Pago
102358;2026-07-22 15:06:24;Thais.Araujo@Icloud.Com;site;whatsapp;referral;indique_ganhe;;109.8;0.0;14.9;124.7;Pago
102359;2026-07-22 15:15:15;Gustavo.Araujo1981@Yahoo.Com.Br;assinatura;;;;;69.9;6.99;0.0;62.91;Pago
102360;2026-07-22 15:32:55;Larissa.Gomes2006@Gmail.Com;site;google;cpc;GOOGLE_SEARCH_GENERICO;;119.9;0.0;31.5;151.4;Pago
102361;2026-07-22 16:05:13;Juliana.Simoes68@Gmail.Com;assinatura;;;;;69.9;6.99;0.0;62.91;Pago
102362;2026-07-22 18:06:49;Renata.Lima@Gmail.Com;site;google;cpc;GOOGLE_SHOPPING;;49.9;0.0;14.9;64.8;Pago
102363;2026-07-22 18:27:49;Larissa.Souza1996@Icloud.Com;site;;;;;107.7;0.0;14.9;122.6;Pago
102364;2026-07-22 18:32:15;Rodrigo.Ribeiro@Gmail.Com;site;facebook;cpc;META_PROSPECCAO_BLENDS;BEMVINDO10;89.9;8.99;14.9;95.81;Pago
102365;2026-07-22 22:25:25;Ana.Costa@Hotmail.Com;site;email;newsletter;news_jul;;159.8;0.0;0.0;159.8;Pago
102366;2026-07-22 23:10:20;Beatriz.Souza1987@Gmail.Com;site;instagram;cpc;META_PROSPECCAO_BLENDS;PRIMEIRACOMPRA;259.5;38.92;0.0;220.58;Pago
102367;2026-07-22 23:35:38;Joao.Martins@Gmail.Com;site;instagram;influencer;INFLU_CAFE_COM_BIA;BIA10;139.9;13.99;14.9;140.81;Aguardando pagamento
102368;2026-07-23 07:58:13;Ana.Simoes2005@Icloud.Com;site;google;cpc;GOOGLE_SEARCH_GENERICO;;349.7;0.0;0.0;349.7;Pago
102369;2026-07-23 08:04:30;Gabriel.Gomes1991@Gmail.Com;site;ig;cpc;Meta_Prospeccao_Blends ;;43.8;0.0;14.9;58.7;Pago
102370;2026-07-23 09:05:51;Carlos.Silva82@Hotmail.Com;site;instagram;cpc;META_REMARKETING;;309.6;0.0;0.0;309.6;Pago
102371;2026-07-23 10:10:59;Renata.Zanotti@Gmail.Com;site;;;;;44.9;0.0;22.9;67.8;Pago
102372;2026-07-23 11:25:27;Leonardo.Nascimento1998@Outlook.Com;site;instagram;influencer;INFLU_CAFE_COM_BIA;;509.6;0.0;0.0;509.6;Pago
102373;2026-07-23 12:18:26;Marcelo.Pimentel1995@Gmail.Com;assinatura;;;;;69.9;6.99;0.0;62.91;Pago
102374;2026-07-23 14:23:26;Rafael.Dallabernardina72@Gmail.Com;site;instagram;cpc;META_REMARKETING;;169.7;0.0;0.0;169.7;Pago
102375;2026-07-23 14:49:21;Rodrigo.Simoes49@Gmail.Com;site;ig;cpc;Meta_Prospeccao_Blends ;BEMVINDO10;159.8;15.98;22.9;166.72;Pago
102376;2026-07-23 15:20:08;Ana.Gomes2001@Gmail.Com;site;email;newsletter;news_jul;;654.3;0.0;0.0;654.3;Pago
102377;2026-07-23 15:23:55;Diego.Silva@Outlook.Com;site;email;newsletter;news_jul;;489.4;0.0;0.0;489.4;Pago
102377;2026-07-23 15:23:55;Diego.Silva@Outlook.Com;site;email;newsletter;news_jul;;489.4;0.0;0.0;489.4;Pago
102378;2026-07-23 16:24:22;Priscila.Santos10@Hotmail.Com;site;google;cpc;GOOGLE_SHOPPING;;139.9;0.0;14.9;154.8;Pago
102379;2026-07-23 16:26:55;Fabio.Ribeiro@Hotmail.Com;site;;;;FRETEGRATIS;249.5;0.0;0.0;249.5;Pago
102380;2026-07-23 16:41:06;Aline.Ribeiro24@Gmail.Com;site;facebook;cpc;META_PROSPECCAO_BLENDS;;289.7;0.0;0.0;289.7;Pago
102381;2026-07-23 19:07:05;Gabriel.Carvalho56@Icloud.Com;assinatura;;;;;69.9;6.99;0.0;62.91;Pago
102382;2026-07-23 23:07:48;Aline.Santos1999@Icloud.Com;site;;;;;49.9;0.0;27.9;77.8;Pago
102383;2026-07-23 23:11:14;Carlos.Gomes18@Hotmail.Com;site;google;cpc;GOOGLE_SEARCH_MARCA;;254.6;0.0;0.0;254.6;Pago
102384;2026-07-23 23:16:26;Ana.Rocha85@Outlook.Com;site;instagram;influencer;INFLU_DUDA_BARISTA;DUDA15;319.6;47.94;0.0;271.66;Pago
102385;2026-07-24 06:25:47;Gustavo.Santos@Gmail.Com;site;google;cpc;GOOGLE_SEARCH_MARCA;;54.9;0.0;14.9;69.8;Pago
102386;2026-07-24 07:07:45;Camila.Pimentel@Gmail.Com;site;google;cpc;GOOGLE_SHOPPING;BEMVINDO10;178.8;17.88;0.0;160.92;Pago
102387;2026-07-24 07:14:54;Larissa.Rocha@Gmail.Com;site;google;organic;;;269.6;0.0;0.0;269.6;Pago
102388;2026-07-24 08:36:14;Felipe.Moreira@Gmail.Com;site;instagram;influencer;INFLU_DUDA_BARISTA;BIA10;69.9;6.99;22.9;85.81;Pago
102389;2026-07-24 10:02:29;Rodrigo.Ribeiro36@Yahoo.Com.Br;site;google;cpc;GOOGLE_SEARCH_GENERICO;;339.6;0.0;0.0;339.6;Pago
102390;2026-07-24 11:26:53;Aline.Pimentel@Hotmail.Com;site;facebook;cpc;META_PROSPECCAO_BLENDS;PRIMEIRACOMPRA;227.5;34.12;0.0;193.38;Pago
102391;2026-07-24 12:58:36;Fernanda.Dallabernardina10@Hotmail.Com;site;facebook;cpc;META_PROSPECCAO_BLENDS;BEMVINDO10;333.5;33.35;0.0;300.15;Pago
102392;2026-07-24 14:54:55;Joao.Santos64@Hotmail.Com;site;;;; BIA10;249.7;24.97;0.0;224.73;Pago
102393;2026-07-24 15:37:02;Juliana.Simoes@Gmail.Com;site;google;cpc;GOOGLE_SEARCH_MARCA;;24.9;0.0;27.9;52.8;Pago
102394;2026-07-24 15:47:37;Bruno.Nascimento1991@Outlook.Com;site;google;cpc;GOOGLE_SEARCH_MARCA;;369.5;0.0;0.0;369.5;Pago
102395;2026-07-24 15:51:22;Debora.Mercon1996@Hotmail.Com;site;;;;;349.7;0.0;0.0;349.7;Pago
102396;2026-07-24 17:43:55;Fernanda.Rodrigues@Icloud.Com;site;;;;DUDA15;119.7;17.95;14.9;116.65;Pago
102397;2026-07-24 19:01:02;Beatriz.Lima33@Gmail.Com;site;google;cpc;GOOGLE_SEARCH_MARCA;FRETEGRATIS;174.7;0.0;0.0;174.7;Pago
102398;2026-07-24 19:28:49;Andre.Pereira1987@Hotmail.Com;site;google;cpc;google_search_generico;;37.8;0.0;27.9;65.7;Pago
102399;2026-07-24 21:42:37;Bruna.Gomes1987@Gmail.Com;site;instagram;cpc;META_PROSPECCAO_BLENDS;BEMVINDO10;119.9;11.99;14.9;122.81;Pago
102400;2026-07-24 22:53:44;Gustavo.Zanotti2003@Gmail.Com;site;google;organic;;;44.9;0.0;14.9;59.8;Pago
102401;2026-07-24 23:00:51;Renata.Pereira@Hotmail.Com;site;google;cpc;GOOGLE_SEARCH_GENERICO;;409.7;0.0;0.0;409.7;Pago
102402;2026-07-24 23:26:36;Fabio.Silva48@Gmail.Com;assinatura;;;;;69.9;6.99;0.0;62.91;Pago
102403;2026-07-25 07:05:22;Lucas.Mercon@Icloud.Com;site;instagram;cpc;META_REMARKETING;;49.9;0.0;14.9;64.8;Pago
102404;2026-07-25 08:07:02;Fabio.Simoes2005@Hotmail.Com;site;instagram;social;bio_link;;79.9;0.0;14.9;94.8;Pago
102405;2026-07-25 08:35:42;Fabio.Ribeiro1994@Gmail.Com;site;google;cpc;GOOGLE_SEARCH_MARCA;;69.9;0.0;27.9;97.8;Pago
102406;2026-07-25 09:59:38;Gabriela.Rocha@Gmail.Com;site;google;cpc;GOOGLE_SEARCH_GENERICO;;139.9;0.0;14.9;154.8;Pago
102407;2026-07-25 11:15:59;Eduardo.Gomes@Gmail.Com;site;;;;BIA10;239.8;23.98;0.0;215.82;Pago
102408;2026-07-25 12:13:23;Renata.Dallabernardina@Gmail.Com;site;instagram;social;bio_link;;139.9;0.0;14.9;154.8;Pago
102409;2026-07-25 12:35:40;Rafael.Loureiro46@Hotmail.Com;assinatura;;;;;69.9;6.99;0.0;62.91;Reembolsado
102410;2026-07-25 14:08:48;Carlos.Carvalho1987@Hotmail.Com;site;;;;;229.8;0.0;0.0;229.8;Pago
102411;2026-07-25 14:15:33;Joao.Araujo@Gmail.Com;site;facebook;cpc;META_PROSPECCAO_BLENDS;CAFE20;204.8;40.96;0.0;163.84;Pago
102412;2026-07-25 15:43:29;Diego.Pereira1999@Gmail.Com;site;instagram;social;bio_link;;259.8;0.0;0.0;259.8;Pago
102413;2026-07-25 18:24:50;Maria.Rocha1983@Icloud.Com;site;facebook;cpc;META_PROSPECCAO_BLENDS;CAFE20;189.7;37.94;0.0;151.76;Pago
102414;2026-07-25 18:50:47;Thiago.Pereira2001@Gmail.Com;site;google;cpc;GOOGLE_SEARCH_MARCA;;69.9;0.0;14.9;84.8;Pago
102415;2026-07-25 19:50:56;Mariana.Simoes@Hotmail.Com;site;email;newsletter;news_jul;;119.9;0.0;14.9;134.8;Pago
102416;2026-07-25 20:23:01;Thais.Almeida1993@Gmail.Com;site;fb;paid;meta_prospeccao_blends;primeiracompra;138.8;20.82;14.9;132.88;Pago
102417;2026-07-25 21:18:44;Eduardo.Pereira39@Gmail.Com;site;google;cpc;google_search_generico;;89.9;0.0;31.5;121.4;Pago
102418;2026-07-25 21:34:27;Fernanda.Pereira50@Gmail.Com;site;fb;paid;meta_prospeccao_blends;CAFE20;49.9;9.98;14.9;54.82;Pago
102419;2026-07-25 22:18:06;Mariana.Gomes46@Gmail.Com;site;instagram;influencer;INFLU_DUDA_BARISTA;BIA10;249.8;24.98;0.0;224.82;Pago
102420;2026-07-25 22:40:25;Larissa.Pimentel1999@Gmail.Com;site;facebook;cpc;META_REMARKETING;BEMVINDO10;159.8;15.98;14.9;158.72;Pago
102421;2026-07-26 08:27:58;Priscila.Almeida15@Outlook.Com;site;instagram;social;bio_link;;199.7;0.0;0.0;199.7;Pago
102422;2026-07-26 10:15:47;Maria.Pereira@Gmail.Com;site;instagram;social;bio_link;CAFE20;104.8;20.96;27.9;111.74;Pago
102423;2026-07-26 11:08:15;Carolina.Nascimento18@Icloud.Com;site;instagram;cpc;META_PROSPECCAO_BLENDS;;63.8;0.0;14.9;78.7;Pago
102424;2026-07-26 11:35:36;Aline.Oliveira@Hotmail.Com;site;email;newsletter;news_jul;;18.9;0.0;14.9;33.8;Pago
102425;2026-07-26 11:44:08;Patricia.Carvalho@Gmail.Com;site;fb;paid;meta_prospeccao_blends;;319.6;0.0;0.0;319.6;Pago
102426;2026-07-26 12:06:31;Maria.Martins2002@Gmail.Com;site;ig;cpc;Meta_Prospeccao_Blends ;;18.9;0.0;14.9;33.8;Pago
102427;2026-07-26 12:32:02;Gabriela.Costa1999@Hotmail.Com;site;google;cpc;GOOGLE_SEARCH_MARCA;;119.9;0.0;14.9;134.8;Pago
102428;2026-07-26 12:56:32;Gabriel.Araujo75@Yahoo.Com.Br;site;email;newsletter;news_jul;;313.5;0.0;0.0;313.5;Pago
102429;2026-07-26 13:13:23;Caio.Ribeiro1981@Gmail.Com;assinatura;;;;;69.9;6.99;0.0;62.91;Pago
102430;2026-07-26 13:16:55;Luiza.Araujo581@Gmail.Com;site;;;;;69.9;0.0;14.9;84.8;Cancelado
102431;2026-07-26 13:21:42;Camila.Santos@Hotmail.Com;site;google;cpc;GOOGLE_SEARCH_MARCA;;49.9;0.0;14.9;64.8;Pago
102432;2026-07-26 13:42:30;Patricia.Pimentel@Icloud.Com;site;whatsapp;referral;indique_ganhe;;79.9;0.0;14.9;94.8;Pago
102433;2026-07-26 14:03:42;Mariana.Almeida@Gmail.Com;site;instagram;cpc;META_REMARKETING;;139.9;0.0;14.9;154.8;Pago
102434;2026-07-26 14:21:07;Bruna.Rocha85@Gmail.Com;assinatura;;;;;69.9;6.99;0.0;62.91;Pago
102435;2026-07-26 14:46:31;Priscila.Pereira@Gmail.Com;site;instagram;social;bio_link;;224.7;0.0;0.0;224.7;Aguardando pagamento
102436;2026-07-26 18:36:08;Felipe.Dallabernardina1995@Outlook.Com;site;email;newsletter;news_jul;;239.7;0.0;0.0;239.7;Pago
102437;2026-07-26 19:23:29;Lucas.Moreira66@Gmail.Com;site;google;cpc;GOOGLE_SEARCH_MARCA;;138.7;0.0;14.9;153.6;Pago
102438;2026-07-26 20:35:21;Mateus.Martins12@Yahoo.Com.Br;site;google;cpc;GOOGLE_SHOPPING;;309.7;0.0;0.0;309.7;Pago
102439;2026-07-26 21:08:34;Rodrigo.Ribeiro11@Yahoo.Com.Br;assinatura;;;;;69.9;6.99;0.0;62.91;Pago
102440;2026-07-26 21:32:42;Fernanda.Nascimento@Gmail.Com;site;email;newsletter;news_jul;;219.8;0.0;0.0;219.8;Pago
102441;2026-07-26 22:03:30;Fabio.Martins49@Gmail.Com;site;facebook;cpc;META_PROSPECCAO_BLENDS;;18.9;0.0;14.9;33.8;Pago
102442;2026-07-26 22:24:31;Thiago.Loureiro75@Icloud.Com;site;email;newsletter;news_jul;;24.9;0.0;27.9;52.8;Pago
102443;2026-07-26 22:36:39;Renata.Silva1981@Hotmail.Com;site;;;;;119.9;0.0;14.9;134.8;Pago
102444;2026-07-26 23:24:16;Ana.Loureiro47@Yahoo.Com.Br;site;;;;;79.9;0.0;14.9;94.8;Pago
102445;2026-07-26 23:24:18;Rodrigo.Souza84@Hotmail.Com;site;;;;;44.9;0.0;14.9;59.8;Pago
102446;2026-07-27 13:29:37;Diego.Dallabernardina@Hotmail.Com;site;fb;paid;meta_prospeccao_blends;;99.8;0.0;14.9;114.7;Pago
102447;2026-07-27 13:37:28;Rafael.Zanotti44@Hotmail.Com;site;;;;DUDA15;429.6;64.44;0.0;365.16;Pago
102448;2026-07-27 23:42:33;Gabriel.Nascimento@Gmail.Com;site;google;cpc;GOOGLE_SEARCH_GENERICO;;314.7;0.0;0.0;314.7;Cancelado
102449;2026-07-28 06:29:23;Gustavo.Zanotti1987@Yahoo.Com.Br;site;instagram;influencer;INFLU_DUDA_BARISTA;BIA10;44.9;4.49;14.9;55.31;Pago
102450;2026-07-28 06:59:16;Leticia.Oliveira83@Gmail.Com;site;facebook;cpc;META_REMARKETING;BEMVINDO10;279.7;27.97;0.0;251.73;Pago
102451;2026-07-28 07:52:40;Priscila.Costa85@Gmail.Com;site;instagram;influencer;INFLU_CAFE_COM_BIA;;49.9;0.0;14.9;64.8;Pago
102452;2026-07-28 08:34:05;Bruna.Ribeiro41@Icloud.Com;site;instagram;social;bio_link;PRIMEIRACOMPRA ;142.6;21.39;14.9;136.11;Pago
102453;2026-07-28 08:53:47;Mariana.Silva@Gmail.Com;site;google;cpc;GOOGLE_SEARCH_MARCA;CAFE20;409.4;81.88;0.0;327.52;Pago
102454;2026-07-28 09:59:16;Bruno.Lima@Gmail.Com;site;google;shopping;GOOGLE_SHOPPING;;209.8;0.0;0.0;209.8;Pago
102455;2026-07-28 11:26:09;Bruno.Souza61@Gmail.Com;site;google;cpc;GOOGLE_SEARCH_GENERICO;;119.9;0.0;22.9;142.8;Pago
102456;2026-07-28 11:29:29;Patricia.Dallabernardina76@Gmail.Com;site;instagram;social;bio_link;;49.9;0.0;22.9;72.8;Pago
102457;2026-07-28 12:03:58;Gabriela.Rocha84@Gmail.Com;site;instagram;social;bio_link;FRETEGRATIS;109.8;0.0;0.0;109.8;Pago
102458;2026-07-28 12:04:25;Felipe.Ribeiro@Gmail.Com;site;email;newsletter;news_jul;;37.8;0.0;14.9;52.7;Pago
102459;2026-07-28 13:38:36;Renata.Pimentel209@Gmail.Com;site;instagram;influencer;INFLU_CAFE_COM_BIA; DUDA15;49.9;7.48;14.9;57.32;Cancelado
102460;2026-07-28 15:54:52;Leticia.Santos93@Gmail.Com;site;instagram;social;bio_link;;99.8;0.0;22.9;122.7;Pago
102461;2026-07-28 16:00:54;Rafael.Nascimento2000@Gmail.Com;site;google;cpc;google_search_generico;;179.8;0.0;0.0;179.8;Pago
102462;2026-07-28 17:54:55;Julia.Mercon1987@Gmail.Com;assinatura;;;;;69.9;6.99;0.0;62.91;Pago
102463;2026-07-28 18:30:08;Fabio.Carvalho18@Gmail.Com;site;email;newsletter;news_jul;;459.5;0.0;0.0;459.5;Pago
102464;2026-07-28 19:05:17;Lucas.Loureiro1982@Gmail.Com;site;;;;INDIQUE15;159.9;23.98;14.9;150.82;Pago
102465;2026-07-28 20:21:42;Caio.Araujo1990@Gmail.Com;site;;;;;164.6;0.0;0.0;164.6;Pago
102466;2026-07-28 22:35:02;Patricia.Araujo1987@Hotmail.Com;assinatura;;;;;69.9;6.99;0.0;62.91;Pago
102467;2026-07-29 06:00:38;Maria.Pimentel1993@Yahoo.Com.Br;site;;;;;174.8;0.0;0.0;174.8;Pago
102468;2026-07-29 08:14:19;Vinicius.Souza66@Gmail.Com;site;instagram;cpc;META_REMARKETING;BEMVINDO10;238.7;23.87;0.0;214.83;Reembolsado
102469;2026-07-29 09:26:37;Julia.Carvalho43@Gmail.Com;site;ig;cpc;Meta_Prospeccao_Blends ;BEMVINDO10;89.8;8.98;31.5;112.32;Pago
102470;2026-07-29 11:17:08;Rodrigo.Araujo10@Gmail.Com;site;google;cpc;GOOGLE_SHOPPING;;89.9;0.0;27.9;117.8;Pago
102471;2026-07-29 12:04:30;Leticia.Costa80@Gmail.Com;site;;;;;249.7;0.0;0.0;249.7;Pago
102472;2026-07-29 12:05:26;Rafael.Almeida@Gmail.Com;site;google;cpc;GOOGLE_SEARCH_MARCA;;309.7;0.0;0.0;309.7;Pago
102473;2026-07-29 13:38:29;Gabriela.Zanotti86@Hotmail.Com;site;;;;BIA10;104.8;10.48;14.9;109.22;Pago
102474;2026-07-29 13:43:47;Thais.Martins1996@Gmail.Com;site;instagram;social;bio_link;;199.7;0.0;0.0;199.7;Pago
102475;2026-07-29 14:50:53;Camila.Rocha@Hotmail.Com;site;google;cpc;GOOGLE_SEARCH_MARCA;CAFE20;119.9;23.98;22.9;118.82;Pago
102476;2026-07-29 14:57:17;Fernanda.Pimentel@Gmail.Com;site;;;;;119.9;0.0;14.9;134.8;Pago
102477;2026-07-29 17:04:16;Patricia.Silva@Gmail.Com;site;;;;;329.7;0.0;0.0;329.7;Aguardando pagamento
102478;2026-07-29 17:27:30;Andre.Almeida22@Hotmail.Com;site;facebook;cpc;META_PROSPECCAO_BLENDS;;79.9;0.0;14.9;94.8;Pago
102479;2026-07-29 21:07:43;Priscila.Dallabernardina@Icloud.Com;site;email;newsletter;news_jul;;37.8;0.0;27.9;65.7;Pago
102480;2026-07-29 21:52:43;Priscila.Lima@Yahoo.Com.Br;site;;;;;54.9;0.0;14.9;69.8;Pago
102481;2026-07-30 06:05:00;Maria.Lima744@Outlook.Com;site;google;shopping;GOOGLE_SHOPPING;PRIMEIRACOMPRA;119.9;17.98;14.9;116.82;Pago
102482;2026-07-30 06:31:16;Debora.Costa1991@Gmail.Com;site;facebook;cpc;META_REMARKETING;;209.8;0.0;0.0;209.8;Pago
102483;2026-07-30 08:00:38;Thais.Costa1998@Icloud.Com;site;facebook;cpc;META_REMARKETING;;179.8;0.0;0.0;179.8;Pago
102484;2026-07-30 10:18:41;Gabriela.Ferreira@Gmail.Com;site;email;newsletter;news_jul;;219.5;0.0;0.0;219.5;Pago
102485;2026-07-30 10:48:43;Camila.Costa1999@Gmail.Com;site;google;cpc;google_search_generico;;229.7;0.0;0.0;229.7;Pago
102486;2026-07-30 12:42:33;Mariana.Mercon65@Hotmail.Com;site;google;cpc;GOOGLE_SEARCH_GENERICO;;194.8;0.0;0.0;194.8;Pago
102487;2026-07-30 12:54:47;Renata.Simoes10@Gmail.Com;site;instagram;social;bio_link;;49.9;0.0;22.9;72.8;Pago
102488;2026-07-30 13:41:14;Eduardo.Rodrigues56@Gmail.Com;assinatura;;;;;69.9;6.99;0.0;62.91;Cancelado
102489;2026-07-30 14:09:14;Camila.Nascimento@Outlook.Com;site;email;newsletter;news_jul;;664.4;0.0;0.0;664.4;Pago
102490;2026-07-30 17:18:05;Leticia.Moreira59@Gmail.Com;site;facebook;cpc;META_REMARKETING;;159.9;0.0;0.0;159.9;Pago
102491;2026-07-30 18:02:03;Juliana.Pereira@Hotmail.Com;site;facebook;cpc;META_PROSPECCAO_BLENDS; PRIMEIRACOMPRA;209.8;31.47;0.0;178.33;Pago
102492;2026-07-30 19:41:15;Luiza.Martins2005@Gmail.Com;site;google;cpc;GOOGLE_SEARCH_MARCA;;179.7;0.0;0.0;179.7;Pago
102493;2026-07-30 20:13:06;Rodrigo.Santos@Gmail.Com;site;;;;CAFE20;243.6;48.72;0.0;194.88;Pago
102494;2026-07-30 20:34:49;Leticia.Silva@Hotmail.Com;site;;;;;69.9;0.0;27.9;97.8;Pago
102495;2026-07-30 20:52:31;Eduardo.Martins49@Yahoo.Com.Br;assinatura;;;;;69.9;6.99;0.0;62.91;Pago
102496;2026-07-30 21:08:56;Thais.Gomes@Hotmail.Com;assinatura;;;;;69.9;6.99;0.0;62.91;Cancelado
102497;2026-07-30 22:10:06;Juliana.Souza2003@Gmail.Com;site;instagram;social;bio_link;;124.8;0.0;14.9;139.7;Pago
102498;2026-07-31 08:53:33;Priscila.Silva2005@Yahoo.Com.Br;site;instagram;influencer;INFLU_DUDA_BARISTA;BIA10;419.7;41.97;0.0;377.73;Pago
102499;2026-07-31 09:53:14;Bruna.Moreira@Outlook.Com;assinatura;;;;;69.9;6.99;0.0;62.91;Pago
102500;2026-07-31 10:49:36;Mariana.Silva@Hotmail.Com;site;facebook;cpc;META_PROSPECCAO_BLENDS;PRIMEIRACOMPRA;99.8;14.97;14.9;99.73;Pago
102501;2026-07-31 13:23:20;Renata.Souza1993@Gmail.Com;site;instagram;social;bio_link;PRIMEIRACOMPRA;79.9;11.99;22.9;90.81;Aguardando pagamento
102502;2026-07-31 14:11:51;Joao.Simoes70@Gmail.Com;site;ig;cpc;Meta_Prospeccao_Blends ;BEMVINDO10;288.6;28.86;0.0;259.74;Cancelado
102503;2026-07-31 15:17:55;Juliana.Souza@Gmail.Com;site;facebook;cpc;META_PROSPECCAO_BLENDS;PRIMEIRACOMPRA;379.6;56.94;0.0;322.66;Pago
102504;2026-07-31 18:11:49;Larissa.Rodrigues2001@Gmail.Com;site;;;;;79.9;0.0;27.9;107.8;Pago
102505;2026-07-31 20:35:51;Beatriz.Barbosa@Gmail.Com;site;email;newsletter;news_jul;;479.7;0.0;0.0;479.7;Pago
102506;2026-07-31 21:02:29;Felipe.Simoes1989@Icloud.Com;site;;;;;18.9;0.0;14.9;33.8;Pago
102507;2026-07-31 21:45:31;Debora.Mercon@Gmail.Com;site;google;cpc;GOOGLE_SEARCH_MARCA;;88.8;0.0;14.9;103.7;Cancelado
102508;2026-07-31 22:55:56;Carlos.Rodrigues2000@Icloud.Com;assinatura;;;;;69.9;6.99;0.0;62.91;Pago
102509;2026-07-31 23:28:26;Patricia.Lima84@Hotmail.Com;site;google;cpc;google_search_generico;;74.7;0.0;14.9;89.6;Pago
102510;2026-07-31 23:53:01;Fernanda.Zanotti44@Gmail.Com;site;facebook;cpc;META_PROSPECCAO_BLENDS;PRIMEIRACOMPRA;99.8;14.97;14.9;99.73;Pago
102511;2026-08-01 06:01:37;Fernanda.Loureiro96@Yahoo.Com.Br;assinatura;;;;;69.9;6.99;0.0;62.91;Pago
102512;2026-08-01 06:25:50;Thais.Rodrigues@Hotmail.Com;site;instagram;social;bio_link;;18.9;0.0;27.9;46.8;Pago
102513;2026-08-01 07:27:36;Camila.Mercon28@Gmail.Com;site;;;;;18.9;0.0;14.9;33.8;Pago
102514;2026-08-01 09:55:33;Bruna.Rodrigues1993@Gmail.Com;site;instagram;social;bio_link;;49.9;0.0;14.9;64.8;Pago
102515;2026-08-01 11:30:54;Marcelo.Rodrigues19@Gmail.Com;site;facebook;cpc;META_REMARKETING;;174.8;0.0;0.0;174.8;Pago
102516;2026-08-01 12:50:28;Debora.Lima1987@Gmail.Com;assinatura;;;;;69.9;6.99;0.0;62.91;Pago
102517;2026-08-01 13:06:15;Bruno.Almeida43@Gmail.Com;site;google;organic;;;89.9;0.0;31.5;121.4;Pago
102518;2026-08-01 13:56:56;Diego.Oliveira@Gmail.Com;site;google;cpc;GOOGLE_SEARCH_GENERICO;;139.8;0.0;27.9;167.7;Pago
102519;2026-08-01 15:39:15;Carlos.Zanotti@Gmail.Com;site;google;cpc;GOOGLE_SEARCH_MARCA;;324.5;0.0;0.0;324.5;Pago
102520;2026-08-01 16:21:06;Pedro.Pimentel@Gmail.Com;site;instagram;cpc;META_REMARKETING;;279.8;0.0;0.0;279.8;Pago
102521;2026-08-01 18:17:32;Debora.Rodrigues68@Hotmail.Com;site;google;cpc;GOOGLE_SEARCH_MARCA;;69.9;0.0;14.9;84.8;Aguardando pagamento
102522;2026-08-01 18:51:09;Ana.Simoes1994@Icloud.Com;assinatura;;;;;69.9;6.99;0.0;62.91;Pago
102523;2026-08-01 19:06:14;Gabriela.Martins2001@Hotmail.Com;site;google;cpc;GOOGLE_SEARCH_MARCA;PRIMEIRACOMPRA;44.9;6.73;14.9;53.07;Pago
102524;2026-08-01 21:52:11;Camila.Ferreira2000@Yahoo.Com.Br;assinatura;;;;;69.9;6.99;0.0;62.91;Pago
102525;2026-08-01 23:31:03;Carlos.Carvalho2@Outlook.Com;assinatura;;;;;69.9;6.99;0.0;62.91;Pago
102526;2026-08-02 06:12:14;Eduardo.Rodrigues25@Outlook.Com;site;instagram;cpc;META_PROSPECCAO_BLENDS;BEMVINDO10;134.7;13.47;14.9;136.13;Pago
102527;2026-08-02 06:36:59;Maria.Ribeiro@Gmail.Com;site;google;cpc;google_search_generico;CAFE20;359.5;71.9;0.0;287.6;Pago
102528;2026-08-02 08:07:37;Aline.Costa1991@Icloud.Com;site;fb;paid;meta_prospeccao_blends;PRIMEIRACOMPRA;49.9;7.48;14.9;57.32;Pago
102529;2026-08-02 08:13:48;Gabriela.Loureiro294@Gmail.Com;site;instagram;influencer;INFLU_CAFE_COM_BIA;DUDA15;109.8;16.47;14.9;108.23;Pago
102530;2026-08-02 09:47:49;Lucas.Carvalho@Hotmail.Com;site;instagram;social;bio_link;;54.9;0.0;14.9;69.8;Pago
102531;2026-08-02 10:43:22;Maria.Pimentel2002@Gmail.Com;site;google;cpc;google_search_generico;;139.6;0.0;31.5;171.1;Aguardando pagamento
102532;2026-08-02 11:06:22;Bruna.Santos1991@Gmail.Com;site;google;cpc;google_search_generico;;174.8;0.0;0.0;174.8;Pago
102533;2026-08-02 14:06:59;Andre.Moreira1980@Hotmail.Com;site;google;cpc;GOOGLE_SEARCH_MARCA;;389.7;0.0;0.0;389.7;Pago
102534;2026-08-02 14:19:06;Fernanda.Nascimento1992@Gmail.Com;site;instagram;influencer;INFLU_DUDA_BARISTA;DUDA15;139.7;20.95;14.9;133.65;Pago
102535;2026-08-02 15:53:19;Gabriel.Lima@Outlook.Com;site;instagram;social;bio_link;;189.8;0.0;0.0;189.8;Pago
102536;2026-08-02 16:47:19;Vinicius.Pereira1986@Gmail.Com;site;instagram;social;bio_link;;294.6;0.0;0.0;294.6;Pago
102537;2026-08-02 16:54:07;Gabriela.Dallabernardina@Gmail.Com;site;instagram;influencer;INFLU_DUDA_BARISTA;BIA10;44.9;4.49;14.9;55.31;Pago
102538;2026-08-02 18:01:12;Aline.Araujo846@Gmail.Com;site;;;;;209.8;0.0;0.0;209.8;Pago
102539;2026-08-02 18:20:53;Rafael.Pereira93@Gmail.Com;site;google;cpc;GOOGLE_SEARCH_MARCA;;184.8;0.0;0.0;184.8;Pago
102540;2026-08-02 20:29:26;Priscila.Oliveira1991@Yahoo.Com.Br;site;;;;;68.8;0.0;14.9;83.7;Pago
102541;2026-08-02 23:30:30;Camila.Rodrigues12@Gmail.Com;site;;;;;24.9;0.0;22.9;47.8;Pago
102542;2026-08-03 07:02:37;Gabriela.Barbosa2001@Outlook.Com;site;google;organic;;;146.6;0.0;14.9;161.5;Pago
102543;2026-08-03 11:47:13;Patricia.Ribeiro36@Gmail.Com;site;fb;paid;meta_prospeccao_blends;BEMVINDO10;174.8;17.48;0.0;157.32;Pago
102544;2026-08-03 13:52:20;Maria.Lima@Gmail.Com;site;;;;;183.7;0.0;0.0;183.7;Pago
102545;2026-08-03 14:14:40;Gustavo.Barbosa@Gmail.Com;site;facebook;cpc;META_REMARKETING;CAFE20;159.9;31.98;14.9;142.82;Pago
102546;2026-08-03 15:42:24;Thiago.Nascimento97@Gmail.Com;site;instagram;influencer;INFLU_DUDA_BARISTA;duda15;69.9;10.49;14.9;74.31;Pago
102547;2026-08-03 15:47:33;Mateus.Loureiro1991@Gmail.Com;site;fb;paid;meta_prospeccao_blends;primeiracompra;124.8;18.72;14.9;120.98;Pago
102548;2026-08-03 18:35:22;Bruna.Pereira@Outlook.Com;site;;;;;144.8;0.0;31.5;176.3;Pago
102549;2026-08-03 18:58:30;Diego.Carvalho1980@Outlook.Com;assinatura;;;;;69.9;6.99;0.0;62.91;Pago
102550;2026-08-03 20:30:41;Debora.Lima2005@Gmail.Com;site;;;;duda15;359.6;53.94;0.0;305.66;Pago
102551;2026-08-03 21:51:20;Rodrigo.Almeida1986@Gmail.Com;site;instagram;cpc;META_PROSPECCAO_BLENDS; PRIMEIRACOMPRA;177.7;26.65;0.0;151.05;Pago
102552;2026-08-03 22:26:04;Fabio.Ribeiro@Gmail.Com;assinatura;;;;;69.9;6.99;0.0;62.91;Pago
102553;2026-08-03 23:23:04;Thiago.Santos1994@Hotmail.Com;assinatura;;;;;69.9;6.99;0.0;62.91;Pago
102554;2026-08-04 06:13:31;Julia.Santos@Hotmail.Com;site;;;;;409.6;0.0;0.0;409.6;Pago
102555;2026-08-04 06:18:50;Fabio.Araujo1989@Icloud.Com;site;google;cpc;GOOGLE_SEARCH_MARCA;;119.9;0.0;14.9;134.8;Pago
102556;2026-08-04 06:51:06;Fernanda.Loureiro1998@Gmail.Com;site;google;cpc;GOOGLE_SHOPPING;;79.9;0.0;14.9;94.8;Pago
102557;2026-08-04 07:44:07;Mateus.Simoes1999@Yahoo.Com.Br;site;ig;cpc;Meta_Prospeccao_Blends ;;139.9;0.0;14.9;154.8;Pago
102558;2026-08-04 08:04:32;Mariana.Mercon1997@Yahoo.Com.Br;site;email;newsletter;news_aug;FRETEGRATIS;159.8;0.0;0.0;159.8;Pago
102559;2026-08-04 10:01:58;Rafael.Oliveira2002@Hotmail.Com;site;;;;;379.6;0.0;0.0;379.6;Pago
102560;2026-08-04 10:02:16;Larissa.Araujo47@Icloud.Com;site;google;cpc;GOOGLE_SEARCH_MARCA;;319.7;0.0;0.0;319.7;Pago
102561;2026-08-04 11:38:41;Patricia.Rodrigues@Gmail.Com;site;;;;DUDA15;428.6;64.29;0.0;364.31;Pago
102562;2026-08-04 16:54:19;Marcelo.Rodrigues2006@Gmail.Com;site;instagram;social;bio_link;;159.9;0.0;0.0;159.9;Pago
102563;2026-08-04 17:05:37;Gabriela.Ferreira1992@Hotmail.Com;site;;;;;79.9;0.0;14.9;94.8;Pago
102564;2026-08-04 17:11:07;Leonardo.Rocha48@Gmail.Com;assinatura;;;;;69.9;6.99;0.0;62.91;Pago
102565;2026-08-04 18:11:47;Marcelo.Ribeiro@Outlook.Com;site;;;;;294.7;0.0;0.0;294.7;Cancelado
102566;2026-08-04 18:59:17;Felipe.Moreira87@Gmail.Com;site;instagram;social;bio_link;;318.6;0.0;0.0;318.6;Pago
102567;2026-08-04 19:48:09;Rafael.Ferreira64@Outlook.Com;site;;;;;89.9;0.0;14.9;104.8;Pago
102568;2026-08-04 21:22:43;Juliana.Loureiro1989@Gmail.Com;assinatura;;;;;69.9;6.99;0.0;62.91;Pago
102569;2026-08-04 21:39:20;Pedro.Pimentel552@Gmail.Com;site;;;;bia10;354.7;35.47;0.0;319.23;Pago
102570;2026-08-04 21:43:19;Maria.Costa13@Gmail.Com;site;;;;;44.9;0.0;14.9;59.8;Pago
102571;2026-08-04 22:04:29;Mariana.Ribeiro93@Gmail.Com;site;google;cpc;google_search_generico;;338.7;0.0;0.0;338.7;Pago
102572;2026-08-04 23:18:18;Maria.Moreira67@Yahoo.Com.Br;site;;;;;384.6;0.0;0.0;384.6;Pago
102573;2026-08-05 09:21:53;Joao.Zanotti1991@Yahoo.Com.Br;assinatura;;;;;69.9;6.99;0.0;62.91;Pago
102574;2026-08-05 10:00:45;Maria.Ribeiro1995@Gmail.Com;site;google;cpc;google_search_generico;;54.9;0.0;14.9;69.8;Cancelado
102575;2026-08-05 10:03:07;Bruna.Araujo1994@Gmail.Com;site;instagram;influencer;INFLU_DUDA_BARISTA;DUDA15;24.9;3.73;14.9;36.07;Pago
102576;2026-08-05 10:48:28;Renata.Araujo@Gmail.Com;site;;;;;178.6;0.0;0.0;178.6;Pago
102577;2026-08-05 12:05:53;Julia.Souza88@Gmail.Com;site;facebook;cpc;META_PROSPECCAO_BLENDS;BEMVINDO10;139.9;13.99;14.9;140.81;Reembolsado
102578;2026-08-05 13:18:31;Leticia.Rodrigues@Hotmail.Com;site;instagram;influencer;INFLU_CAFE_COM_BIA;DUDA15;178.7;26.8;0.0;151.9;Pago
102579;2026-08-05 13:31:58;Thais.Nascimento1999@Outlook.Com;site;;;;;149.8;0.0;14.9;164.7;Pago
102580;2026-08-05 15:36:44;Aline.Zanotti@Gmail.Com;site;email;newsletter;news_aug;;189.6;0.0;0.0;189.6;Pago
102581;2026-08-05 16:00:27;Diego.Santos9@Gmail.Com;site;;;;;159.9;0.0;0.0;159.9;Pago
102582;2026-08-05 16:23:44;Gabriela.Almeida1985@Icloud.Com;assinatura;;;;;69.9;6.99;0.0;62.91;Aguardando pagamento
102583;2026-08-05 17:04:26;Juliana.Nascimento@Gmail.Com;site;;;;;319.7;0.0;0.0;319.7;Pago
102584;2026-08-05 17:27:21;Rafael.Araujo1984@Icloud.Com;site;facebook;cpc;META_PROSPECCAO_BLENDS; FRETEGRATIS;49.8;0.0;0.0;49.8;Pago
102585;2026-08-05 20:52:04;Bruna.Santos@Hotmail.Com;site;fb;paid;meta_prospeccao_blends;BEMVINDO10;649.5;64.95;0.0;584.55;Pago
102586;2026-08-05 22:14:00;Thiago.Loureiro@Hotmail.Com;site;email;newsletter;news_aug;;374.6;0.0;0.0;374.6;Pago
102587;2026-08-05 23:04:13;Eduardo.Ferreira@Hotmail.Com;site;facebook;cpc;META_PROSPECCAO_BLENDS;PRIMEIRACOMPRA;69.9;10.49;14.9;74.31;Pago
102588;2026-08-05 23:45:41;Carolina.Dallabernardina1988@Yahoo.Com.Br;site;facebook;cpc;META_REMARKETING;;49.9;0.0;14.9;64.8;Pago
102589;2026-08-06 06:26:54;Larissa.Lima1988@Hotmail.Com;assinatura;;;;;69.9;6.99;0.0;62.91;Pago
102590;2026-08-06 08:03:55;Beatriz.Rodrigues1995@Icloud.Com;site;email;newsletter;news_aug;;119.9;0.0;14.9;134.8;Pago
102591;2026-08-06 08:53:01;Beatriz.Martins2001@Gmail.Com;site;;;;;249.7;0.0;0.0;249.7;Cancelado
102592;2026-08-06 09:12:27;Gabriel.Nascimento1987@Gmail.Com;site;google;cpc;google_search_generico;;239.7;0.0;0.0;239.7;Pago
102593;2026-08-06 10:38:36;Mariana.Almeida5@Gmail.Com;site;google;cpc;GOOGLE_SEARCH_GENERICO;;179.8;0.0;0.0;179.8;Pago
102594;2026-08-06 12:18:32;Vinicius.Souza2@Gmail.Com;site;email;newsletter;news_aug;;98.8;0.0;14.9;113.7;Pago
102595;2026-08-06 12:46:09;Diego.Pereira@Gmail.Com;site;email;newsletter;news_aug;;319.8;0.0;0.0;319.8;Pago
102596;2026-08-06 13:15:09;Gabriel.Silva92@Hotmail.Com;site;;;;;439.7;0.0;0.0;439.7;Pago
102597;2026-08-06 15:49:30;Mateus.Simoes1995@Gmail.Com;site;;;;;18.9;0.0;14.9;33.8;Pago
102598;2026-08-06 15:58:36;Maria.Loureiro2@Gmail.Com;assinatura;;;;;69.9;6.99;0.0;62.91;Pago
102599;2026-08-06 16:19:08;Beatriz.Loureiro@Gmail.Com;site;instagram;influencer;INFLU_CAFE_COM_BIA;BIA10;179.8;17.98;0.0;161.82;Pago
102600;2026-08-06 16:23:37;Rodrigo.Almeida1990@Gmail.Com;site;google;organic;;;298.6;0.0;0.0;298.6;Pago
102601;2026-08-06 16:28:56;Marcelo.Ribeiro22@Gmail.Com;site;facebook;cpc;META_REMARKETING;BEMVINDO10;194.7;19.47;0.0;175.23;Pago
102602;2026-08-06 17:06:17;Fabio.Dallabernardina@Icloud.Com;site;instagram;social;bio_link;;49.9;0.0;14.9;64.8;Pago
102603;2026-08-06 19:40:18;Maria.Dallabernardina1996@Gmail.Com;site;;;;;139.6;0.0;14.9;154.5;Pago
102604;2026-08-06 21:53:55;Bruna.Lima74@Gmail.Com;assinatura;;;;;69.9;6.99;0.0;62.91;Pago
102605;2026-08-06 23:32:42;Thiago.Costa1982@Hotmail.Com;site;email;newsletter;news_aug;;24.9;0.0;31.5;56.4;Pago
102606;2026-08-07 07:14:27;Juliana.Martins@Hotmail.Com;site;instagram;social;bio_link;;154.7;0.0;0.0;154.7;Pago
102607;2026-08-07 07:15:40;Beatriz.Souza@Gmail.Com;site;instagram;social;bio_link;CAFE20;143.7;28.74;27.9;142.86;Reembolsado
102608;2026-08-07 07:30:47;Julia.Carvalho45@Outlook.Com;site;google;cpc;google_search_generico;;94.8;0.0;14.9;109.7;Pago
102609;2026-08-07 10:17:55;Fernanda.Moreira@Gmail.Com;site;google;cpc;GOOGLE_SEARCH_MARCA;;159.8;0.0;0.0;159.8;Pago
102610;2026-08-07 10:35:11;Renata.Carvalho1981@Gmail.Com;site;instagram;cpc;META_REMARKETING;;94.8;0.0;14.9;109.7;Pago
102611;2026-08-07 11:31:54;Bruno.Nascimento1982@Outlook.Com;site;google;cpc;GOOGLE_SEARCH_MARCA;;49.9;0.0;31.5;81.4;Pago
102612;2026-08-07 13:54:45;Pedro.Pimentel405@Hotmail.Com;site;fb;paid;meta_prospeccao_blends;BEMVINDO10;154.7;15.47;14.9;154.13;Reembolsado
102613;2026-08-07 14:07:46;Priscila.Costa1991@Gmail.Com;site;ig;cpc;Meta_Prospeccao_Blends ;CAFE20;194.7;38.94;0.0;155.76;Pago
102614;2026-08-07 14:51:18;Lucas.Costa1997@Gmail.Com;site;google;cpc;GOOGLE_SEARCH_MARCA;;214.8;0.0;0.0;214.8;Pago
102615;2026-08-07 14:55:16;Aline.Rocha@Gmail.Com;site;instagram;social;bio_link;;244.7;0.0;0.0;244.7;Pago
102616;2026-08-07 15:17:49;Gabriela.Carvalho80@Gmail.Com;site;instagram;influencer;INFLU_DUDA_BARISTA; BIA10;18.9;1.89;14.9;31.91;Aguardando pagamento
102617;2026-08-07 15:20:06;Mateus.Costa1984@Gmail.Com;site;;;;;249.8;0.0;0.0;249.8;Pago
102618;2026-08-07 15:58:13;Renata.Costa2000@Icloud.Com;site;email;newsletter;news_aug;;56.7;0.0;27.9;84.6;Pago
102619;2026-08-07 18:59:34;Fernanda.Araujo23@Outlook.Com;site;instagram;influencer;INFLU_CAFE_COM_BIA;BIA10;299.6;29.96;0.0;269.64;Pago
102620;2026-08-07 20:45:27;Debora.Nascimento67@Hotmail.Com;site;;;;;69.9;0.0;14.9;84.8;Pago
102621;2026-08-07 20:46:48;Carolina.Oliveira@Gmail.Com;site;google;cpc;GOOGLE_SHOPPING;;404.6;0.0;0.0;404.6;Pago
102622;2026-08-07 22:33:00;Fabio.Oliveira@Outlook.Com;site;whatsapp;referral;indique_ganhe;;37.8;0.0;14.9;52.7;Pago
102623;2026-08-07 22:42:32;Mariana.Rodrigues19@Gmail.Com;site;instagram;cpc;META_REMARKETING;CAFE20;49.9;9.98;31.5;71.42;Pago
102624;2026-08-08 08:23:05;Andre.Ferreira47@Gmail.Com;site;google;cpc;GOOGLE_SEARCH_MARCA;;259.7;0.0;0.0;259.7;Reembolsado
102625;2026-08-08 10:14:00;Aline.Barbosa@Hotmail.Com;site;instagram;social;bio_link;;24.9;0.0;14.9;39.8;Pago
102626;2026-08-08 11:01:10;Mariana.Pereira@Gmail.Com;site;google;cpc;GOOGLE_SEARCH_MARCA;;79.9;0.0;14.9;94.8;Pago
102627;2026-08-08 11:07:01;Diego.Nascimento70@Gmail.Com;site;ig;cpc;Meta_Prospeccao_Blends ;BEMVINDO10;18.9;1.89;22.9;39.91;Pago
102628;2026-08-08 11:37:42;Gustavo.Zanotti@Gmail.Com;site;instagram;social;bio_link;;94.7;0.0;14.9;109.6;Aguardando pagamento
102629;2026-08-08 11:52:08;Julia.Nascimento31@Hotmail.Com;site;google;cpc;GOOGLE_SEARCH_MARCA;;99.8;0.0;27.9;127.7;Pago
102630;2026-08-08 12:09:54;Camila.Souza23@Gmail.Com;site;fb;paid;meta_prospeccao_blends;;189.8;0.0;0.0;189.8;Pago
102631;2026-08-08 12:30:44;Renata.Ribeiro296@Icloud.Com;site;instagram;social;bio_link;;99.8;0.0;14.9;114.7;Pago
102632;2026-08-08 12:49:03;Camila.Nascimento74@Gmail.Com;site;whatsapp;referral;indique_ganhe;;69.9;0.0;27.9;97.8;Pago
102633;2026-08-08 14:08:52;Marcelo.Pereira2006@Gmail.Com;site;google;cpc;GOOGLE_SEARCH_MARCA;;419.6;0.0;0.0;419.6;Pago
102634;2026-08-08 16:14:32;Patricia.Nascimento@Gmail.Com;site;email;newsletter;news_aug;;99.8;0.0;14.9;114.7;Pago
102635;2026-08-08 19:08:16;Caio.Gomes9@Yahoo.Com.Br;site;facebook;cpc;META_PROSPECCAO_BLENDS;;239.7;0.0;0.0;239.7;Cancelado
102636;2026-08-08 21:02:39;Diego.Costa@Gmail.Com;site;instagram;social;bio_link;;79.9;0.0;22.9;102.8;Pago
102637;2026-08-09 06:57:16;Patricia.Pereira1992@Gmail.Com;site;;;;;49.9;0.0;14.9;64.8;Pago
102638;2026-08-09 07:45:30;Pedro.Costa1997@Gmail.Com;site;google;cpc;GOOGLE_SEARCH_MARCA;;88.8;0.0;14.9;103.7;Pago
102639;2026-08-09 07:57:06;Priscila.Rocha@Gmail.Com;site;instagram;cpc;META_PROSPECCAO_BLENDS;PRIMEIRACOMPRA;202.6;30.39;0.0;172.21;Pago
102640;2026-08-09 08:25:40;Patricia.Santos1998@Yahoo.Com.Br;site;google;cpc;GOOGLE_SHOPPING;;274.7;0.0;0.0;274.7;Pago
102641;2026-08-09 08:58:50;Vinicius.Pimentel@Outlook.Com;site;google;cpc;GOOGLE_SEARCH_MARCA;;169.8;0.0;0.0;169.8;Pago
102642;2026-08-09 09:21:34;Renata.Pimentel2006@Gmail.Com;assinatura;;;;;69.9;6.99;0.0;62.91;Pago
102643;2026-08-09 09:25:39;Bruno.Ferreira1994@Gmail.Com;site;google;cpc;GOOGLE_SEARCH_MARCA;;124.8;0.0;14.9;139.7;Pago
102644;2026-08-09 09:35:18;Bruna.Oliveira63@Gmail.Com;site;ig;cpc;Meta_Prospeccao_Blends ;CAFE20;329.7;65.94;0.0;263.76;Pago
102645;2026-08-09 10:54:55;Caio.Pimentel2000@Gmail.Com;site;google;cpc;google_search_generico;;89.9;0.0;14.9;104.8;Pago
102646;2026-08-09 11:22:23;Debora.Dallabernardina36@Gmail.Com;site;google;cpc;GOOGLE_SEARCH_GENERICO;;259.7;0.0;0.0;259.7;Pago
102647;2026-08-09 13:55:59;Luiza.Dallabernardina2004@Gmail.Com;site;instagram;cpc;META_REMARKETING;BEMVINDO10;139.8;13.98;14.9;140.72;Pago
102648;2026-08-09 14:07:27;Bruna.Mercon1989@Yahoo.Com.Br;site;ig;cpc;Meta_Prospeccao_Blends ;;49.9;0.0;22.9;72.8;Pago
102649;2026-08-09 15:23:29;Carlos.Barbosa1999@Gmail.Com;site;email;newsletter;news_aug;CAFE20;477.5;95.5;0.0;382.0;Pago
102650;2026-08-09 19:29:54;Maria.Loureiro1987@Gmail.Com;site;email;newsletter;news_aug;;49.9;0.0;14.9;64.8;Pago
102651;2026-08-09 22:45:31;Marcelo.Simoes@Hotmail.Com;site;instagram;cpc;META_PROSPECCAO_BLENDS;PRIMEIRACOMPRA;49.8;7.47;14.9;57.23;Pago
102652;2026-08-10 06:02:18;Mateus.Carvalho95@Gmail.Com;assinatura;;;;;69.9;6.99;0.0;62.91;Pago
102653;2026-08-10 06:07:12;Bruno.Moreira1998@Outlook.Com;site;email;newsletter;news_aug;FRETEGRATIS;264.7;0.0;0.0;264.7;Pago
102654;2026-08-10 06:54:51;Joao.Martins168@Gmail.Com;site;google;cpc;GOOGLE_SEARCH_MARCA;;204.8;0.0;0.0;204.8;Pago
102655;2026-08-10 07:13:24;Rafael.Pimentel1995@Gmail.Com;assinatura;;;;;69.9;6.99;0.0;62.91;Pago
102656;2026-08-10 07:30:05;Aline.Ribeiro1981@Gmail.Com;site;google;cpc;GOOGLE_SEARCH_MARCA;;89.9;0.0;14.9;104.8;Pago
102657;2026-08-10 08:11:10;Ana.Ferreira@Gmail.Com;site;google;cpc;GOOGLE_SEARCH_MARCA;;119.9;0.0;14.9;134.8;Pago
102658;2026-08-10 08:45:01;Mariana.Martins299@Gmail.Com;site;google;cpc;GOOGLE_SEARCH_MARCA;CAFE20 ;49.9;9.98;14.9;54.82;Pago
102659;2026-08-10 10:32:56;Mateus.Souza2005@Icloud.Com;site;facebook;cpc;META_PROSPECCAO_BLENDS;BEMVINDO10;279.6;27.96;0.0;251.64;Pago
102660;2026-08-10 10:56:56;Aline.Araujo@Hotmail.Com;assinatura;;;;;69.9;6.99;0.0;62.91;Pago
102661;2026-08-10 11:45:30;Caio.Oliveira8@Hotmail.Com;site;instagram;cpc;META_REMARKETING;;139.9;0.0;14.9;154.8;Pago
102662;2026-08-10 12:11:19;Gabriel.Lima@Gmail.Com;site;google;cpc;GOOGLE_SEARCH_MARCA;;204.7;0.0;0.0;204.7;Pago
102663;2026-08-10 13:34:07;Gustavo.Almeida@Gmail.Com;site;facebook;cpc;META_REMARKETING;;229.8;0.0;0.0;229.8;Pago
102664;2026-08-10 15:18:47;Patricia.Ferreira2002@Icloud.Com;site;instagram;influencer;INFLU_DUDA_BARISTA;DUDA15;279.8;41.97;0.0;237.83;Pago
102665;2026-08-10 16:40:23;Carlos.Mercon@Gmail.Com;assinatura;;;;;69.9;6.99;0.0;62.91;Pago
102666;2026-08-10 17:41:49;Maria.Rocha2001@Hotmail.Com;site;;;;;149.7;0.0;14.9;164.6;Pago
102667;2026-08-10 19:46:11;Larissa.Souza@Gmail.Com;site;;;;;49.8;0.0;14.9;64.7;Pago
102668;2026-08-10 19:47:00;Julia.Lima2003@Gmail.Com;site;instagram;influencer;INFLU_CAFE_COM_BIA;BIA10;69.8;6.98;14.9;77.72;Pago
102669;2026-08-10 19:49:20;Leticia.Nascimento1998@Yahoo.Com.Br;site;;;;;49.9;0.0;14.9;64.8;Pago
102670;2026-08-10 20:00:50;Patricia.Barbosa@Gmail.Com;site;;;;;154.7;0.0;0.0;154.7;Pago
102671;2026-08-10 22:39:24;Gabriel.Simoes@Hotmail.Com;site;google;cpc;GOOGLE_SEARCH_MARCA;CAFE20;259.7;51.94;0.0;207.76;Pago
102672;2026-08-10 22:56:51;Andre.Costa@Gmail.Com;site;;;;;108.8;0.0;31.5;140.3;Pago
102673;2026-08-10 23:28:40;Aline.Santos90@Gmail.Com;site;instagram;influencer;INFLU_CAFE_COM_BIA;BIA10;304.6;30.46;0.0;274.14;Pago
102674;2026-08-10 23:43:42;Thais.Mercon1987@Icloud.Com;site;google;cpc;GOOGLE_SEARCH_MARCA;;18.9;0.0;14.9;33.8;Pago
102675;2026-08-10 23:55:10;Larissa.Pimentel@Hotmail.Com;site;google;cpc;GOOGLE_SEARCH_MARCA;;209.8;0.0;0.0;209.8;Pago
102676;2026-08-11 06:31:28;Rafael.Oliveira1992@Icloud.Com;site;instagram;social;bio_link;;139.7;0.0;14.9;154.6;Pago
102677;2026-08-11 07:13:27;Pedro.Souza1992@Icloud.Com;site;instagram;cpc;META_REMARKETING;;174.6;0.0;0.0;174.6;Pago
102678;2026-08-11 07:15:58;Thais.Mercon@Gmail.Com;site;fb;paid;meta_prospeccao_blends;;89.9;0.0;14.9;104.8;Reembolsado
102679;2026-08-11 12:13:40;Patricia.Barbosa@Icloud.Com;site;;;;;149.8;0.0;22.9;172.7;Pago
102680;2026-08-11 13:04:53;Luiza.Ribeiro1997@Gmail.Com;site;;;;;88.8;0.0;27.9;116.7;Pago
102681;2026-08-11 13:23:26;Carlos.Ferreira@Icloud.Com;site;;;;;199.8;0.0;0.0;199.8;Pago
102682;2026-08-11 13:30:49;Fabio.Rodrigues8@Yahoo.Com.Br;site;email;newsletter;news_aug;;74.8;0.0;14.9;89.7;Pago
102682;2026-08-11 13:30:49;Fabio.Rodrigues8@Yahoo.Com.Br;site;email;newsletter;news_aug;;74.8;0.0;14.9;89.7;Pago
102683;2026-08-11 15:56:44;Maria.Souza23@Gmail.Com;assinatura;;;;;69.9;6.99;0.0;62.91;Pago
102684;2026-08-11 16:12:20;Larissa.Barbosa1996@Gmail.Com;site;facebook;cpc;META_REMARKETING;;49.9;0.0;27.9;77.8;Pago
102685;2026-08-11 16:16:25;Gabriela.Carvalho66@Gmail.Com;site;instagram;social;bio_link;;358.5;0.0;0.0;358.5;Pago
102686;2026-08-11 17:55:25;Juliana.Nascimento31@Gmail.Com;site;;;;;204.8;0.0;0.0;204.8;Pago
102687;2026-08-11 22:19:26;Debora.Nascimento9@Gmail.Com;site;email;newsletter;news_aug;;49.9;0.0;14.9;64.8;Pago
102688;2026-08-12 06:57:48;Fernanda.Simoes2004@Icloud.Com;site;;;;;189.8;0.0;0.0;189.8;Pago
102689;2026-08-12 07:21:00;Caio.Moreira25@Gmail.Com;site;email;newsletter;news_aug;;257.6;0.0;0.0;257.6;Pago
102690;2026-08-12 09:16:51;Bruno.Santos32@Gmail.Com;site;instagram;cpc;META_REMARKETING;;99.8;0.0;14.9;114.7;Pago
102691;2026-08-12 10:54:05;Leonardo.Araujo44@Hotmail.Com;site;;;;DUDA15;248.6;37.29;0.0;211.31;Pago
102692;2026-08-12 14:33:11;Joao.Pereira95@Icloud.Com;site;instagram;social;bio_link;;139.9;0.0;27.9;167.8;Pago
102693;2026-08-12 15:23:28;Carlos.Gomes18@Hotmail.Com;assinatura;;;;;69.9;6.99;0.0;62.91;Pago
102694;2026-08-12 15:46:47;Luiza.Ribeiro52@Hotmail.Com;site;google;organic;;;259.6;0.0;0.0;259.6;Reembolsado
102695;2026-08-12 22:39:41;Debora.Zanotti1991@Hotmail.Com;site;google;cpc;GOOGLE_SEARCH_MARCA;;138.8;0.0;14.9;153.7;Pago
102696;2026-08-13 06:01:37;Gabriela.Souza1989@Icloud.Com;site;;;;DUDA15;69.9;10.49;14.9;74.31;Pago
102697;2026-08-13 06:33:01;Bruna.Mercon89@Gmail.Com;site;instagram;cpc;META_REMARKETING;;268.7;0.0;0.0;268.7;Pago
102698;2026-08-13 06:34:32;Juliana.Pimentel26@Gmail.Com;site;instagram;social;bio_link;;148.7;0.0;14.9;163.6;Pago
102699;2026-08-13 07:08:25;Marcelo.Rocha79@Gmail.Com;site;instagram;cpc;META_PROSPECCAO_BLENDS;;104.8;0.0;14.9;119.7;Pago
102700;2026-08-13 07:16:17;Juliana.Silva16@Gmail.Com;site;instagram;social;bio_link;;359.5;0.0;0.0;359.5;Pago
102701;2026-08-13 07:45:25;Carlos.Barbosa@Yahoo.Com.Br;site;google;cpc;GOOGLE_SEARCH_MARCA;;374.6;0.0;0.0;374.6;Pago
102702;2026-08-13 09:06:41;Beatriz.Souza1996@Gmail.Com;site;;;;;18.9;0.0;14.9;33.8;Pago
102703;2026-08-13 09:42:18;Joao.Mercon31@Hotmail.Com;site;google;cpc;google_search_generico;CAFE20;228.7;45.74;0.0;182.96;Pago
102704;2026-08-13 10:17:24;Bruna.Simoes@Outlook.Com;site;google;cpc;GOOGLE_SEARCH_MARCA;;44.9;0.0;14.9;59.8;Pago
102705;2026-08-13 11:02:35;Eduardo.Rocha1995@Gmail.Com;site;facebook;cpc;META_PROSPECCAO_BLENDS;PRIMEIRACOMPRA;99.8;14.97;27.9;112.73;Pago
102706;2026-08-13 11:52:46;Vinicius.Santos2004@Hotmail.Com;site;;;;;109.8;0.0;14.9;124.7;Pago
102707;2026-08-13 12:21:28;Bruno.Barbosa99@Gmail.Com;site;;;;;419.7;0.0;0.0;419.7;Pago
102708;2026-08-13 13:13:06;Luiza.Rodrigues605@Gmail.Com;site;instagram;cpc;META_REMARKETING;PRIMEIRACOMPRA;79.9;11.99;14.9;82.81;Pago
102709;2026-08-13 14:52:36;Larissa.Zanotti14@Gmail.Com;site;ig;cpc;Meta_Prospeccao_Blends ;PRIMEIRACOMPRA;49.9;7.48;14.9;57.32;Pago
102710;2026-08-13 15:57:26;Maria.Loureiro41@Outlook.Com;site;instagram;social;bio_link;;327.4;0.0;0.0;327.4;Pago
102711;2026-08-13 18:20:36;Aline.Zanotti1998@Gmail.Com;site;instagram;social;bio_link;;339.7;0.0;0.0;339.7;Pago
102712;2026-08-13 21:52:02;Patricia.Costa26@Hotmail.Com;site;google;cpc;GOOGLE_SHOPPING;;119.9;0.0;14.9;134.8;Pago
102713;2026-08-13 22:13:19;Luiza.Pereira@Gmail.Com;site;google;shopping;GOOGLE_SHOPPING;;18.9;0.0;14.9;33.8;Cancelado
102714;2026-08-13 23:16:33;Thais.Carvalho@Gmail.Com;site;;;;;329.7;0.0;0.0;329.7;Pago
102715;2026-08-14 06:34:32;Mariana.Barbosa@Outlook.Com;site;google;cpc;GOOGLE_SEARCH_MARCA;;119.9;0.0;22.9;142.8;Pago
102716;2026-08-14 07:05:09;Andre.Loureiro1984@Gmail.Com;site;google;cpc;GOOGLE_SEARCH_MARCA;;159.9;0.0;0.0;159.9;Pago
102717;2026-08-14 08:42:45;Mariana.Ferreira@Hotmail.Com;site;;;;;54.9;0.0;27.9;82.8;Pago
102718;2026-08-14 11:30:04;Mariana.Pimentel1989@Gmail.Com;site;facebook;cpc;META_PROSPECCAO_BLENDS;;24.9;0.0;14.9;39.8;Pago
102719;2026-08-14 11:45:18;Leonardo.Gomes1984@Gmail.Com;site;;;; BIA10;159.9;15.99;14.9;158.81;Pago
102720;2026-08-14 12:06:36;Camila.Silva71@Hotmail.Com;assinatura;;;;;69.9;6.99;0.0;62.91;Pago
102721;2026-08-14 13:22:09;Juliana.Moreira3@Yahoo.Com.Br;site;google;cpc;google_search_generico;CAFE20;49.9;9.98;14.9;54.82;Cancelado
102722;2026-08-14 14:58:39;Thais.Gomes@Gmail.Com;site;instagram;cpc;META_PROSPECCAO_BLENDS;CAFE20;279.8;55.96;0.0;223.84;Pago
102723;2026-08-14 15:09:28;Mariana.Almeida5@Gmail.Com;assinatura;;;;;69.9;6.99;0.0;62.91;Pago
102724;2026-08-14 15:32:36;Vinicius.Zanotti33@Gmail.Com;site;google;cpc;GOOGLE_SEARCH_MARCA;;254.7;0.0;0.0;254.7;Pago
102725;2026-08-14 17:03:11;Fabio.Rocha1992@Hotmail.Com;site;google;shopping;GOOGLE_SHOPPING;CAFE20;379.7;75.94;0.0;303.76;Pago
102726;2026-08-14 17:48:31;Julia.Santos1997@Gmail.Com;site;;;;;109.8;0.0;14.9;124.7;Pago
102727;2026-08-14 18:51:16;Gustavo.Pimentel84@Yahoo.Com.Br;site;google;cpc;GOOGLE_SEARCH_MARCA;;134.7;0.0;14.9;149.6;Pago
102728;2026-08-14 19:46:45;Patricia.Zanotti79@Gmail.Com;site;;;;;44.9;0.0;31.5;76.4;Pago
102729;2026-08-14 20:06:21;Larissa.Ribeiro89@Outlook.Com;site;facebook;cpc;META_PROSPECCAO_BLENDS;PRIMEIRACOMPRA;289.7;43.45;0.0;246.25;Pago
102730;2026-08-14 20:53:22;Mateus.Ribeiro64@Outlook.Com;site;instagram;influencer;INFLU_CAFE_COM_BIA;DUDA15;44.9;6.73;14.9;53.07;Pago
102731;2026-08-14 22:10:18;Bruna.Barbosa1987@Outlook.Com;site;fb;paid;meta_prospeccao_blends;;239.7;0.0;0.0;239.7;Pago
102732;2026-08-14 23:14:55;Rafael.Nascimento@Gmail.Com;site;instagram;social;bio_link;;54.9;0.0;14.9;69.8;Pago
102733;2026-08-14 23:28:03;Caio.Souza@Gmail.Com;site;;;;;44.9;0.0;14.9;59.8;Pago
102734;2026-08-15 06:25:20;Aline.Araujo1983@Outlook.Com;site;whatsapp;referral;indique_ganhe;INDIQUE15 ;239.8;35.97;0.0;203.83;Pago
102735;2026-08-15 07:46:50;Maria.Costa@Outlook.Com;site;google;cpc;GOOGLE_SEARCH_MARCA;;24.9;0.0;22.9;47.8;Pago
102736;2026-08-15 07:47:59;Thiago.Loureiro75@Icloud.Com;site;;;;;189.7;0.0;0.0;189.7;Pago
102737;2026-08-15 07:58:05;Thiago.Souza98@Gmail.Com;site;google;cpc;GOOGLE_SEARCH_GENERICO;;49.9;0.0;14.9;64.8;Pago
102738;2026-08-15 08:16:08;Beatriz.Barbosa96@Gmail.Com;site;ig;cpc;Meta_Prospeccao_Blends ;PRIMEIRACOMPRA ;209.8;31.47;0.0;178.33;Pago
102739;2026-08-15 09:21:04;Thais.Silva32@Yahoo.Com.Br;site;google;cpc;GOOGLE_SEARCH_MARCA;;239.8;0.0;0.0;239.8;Pago
102740;2026-08-15 12:40:08;Carlos.Barbosa66@Gmail.Com;site;instagram;social;bio_link;;189.7;0.0;0.0;189.7;Cancelado
102741;2026-08-15 12:42:06;Carlos.Rodrigues@Hotmail.Com;site;google;cpc;GOOGLE_SEARCH_MARCA;;169.7;0.0;0.0;169.7;Pago
102742;2026-08-15 14:06:35;Camila.Silva1993@Gmail.Com;site;email;newsletter;news_aug;;159.9;0.0;0.0;159.9;Pago
102743;2026-08-15 16:52:20;Eduardo.Ferreira1982@Gmail.Com;site;instagram;social;bio_link;;49.8;0.0;31.5;81.3;Pago
102744;2026-08-15 17:27:00;Debora.Almeida1981@Outlook.Com;site;google;cpc;GOOGLE_SHOPPING;;614.2;0.0;0.0;614.2;Pago
102745;2026-08-15 17:29:03;Lucas.Gomes@Hotmail.Com;site;instagram;social;bio_link;;69.9;0.0;14.9;84.8;Pago
102746;2026-08-15 22:25:15;Maria.Almeida2006@Gmail.Com;site;instagram;influencer;INFLU_DUDA_BARISTA; DUDA15;159.9;23.98;14.9;150.82;Pago
102747;2026-08-15 22:38:48;Rodrigo.Souza9@Gmail.Com;site;instagram;social;bio_link;;49.9;0.0;14.9;64.8;Pago
102748;2026-08-15 23:05:43;Rafael.Dallabernardina531@Gmail.Com;site;instagram;social;bio_link;;54.9;0.0;14.9;69.8;Pago
102749;2026-08-15 23:38:46;Andre.Barbosa274@Gmail.Com;site;email;newsletter;news_aug;;119.9;0.0;31.5;151.4;Pago
102750;2026-08-15 23:59:12;Caio.Simoes@Gmail.Com;site;;;;;79.9;0.0;22.9;102.8;Pago
102751;2026-08-16 07:10:49;Maria.Carvalho1984@Hotmail.Com;site;;;;;138.8;0.0;14.9;153.7;Pago
102752;2026-08-16 07:33:04;Rafael.Costa@Hotmail.Com;site;google;cpc;GOOGLE_SEARCH_MARCA;;279.8;0.0;0.0;279.8;Pago
102753;2026-08-16 07:42:19;Joao.Almeida@Outlook.Com;site;google;cpc;GOOGLE_SEARCH_MARCA;;213.5;0.0;0.0;213.5;Pago
102754;2026-08-16 07:51:18;Renata.Araujo2000@Outlook.Com;assinatura;;;;;69.9;6.99;0.0;62.91;Pago
102755;2026-08-16 09:32:12;Rafael.Martins1989@Gmail.Com;site;google;cpc;GOOGLE_SEARCH_MARCA;;24.9;0.0;14.9;39.8;Pago
102756;2026-08-16 09:51:38;Pedro.Simoes@Icloud.Com;site;instagram;influencer;INFLU_DUDA_BARISTA; DUDA15;268.7;40.3;0.0;228.4;Pago
102757;2026-08-16 11:05:10;Maria.Barbosa16@Gmail.Com;site;;;;BIA10;339.6;33.96;0.0;305.64;Aguardando pagamento
102758;2026-08-16 11:13:38;Debora.Almeida43@Gmail.Com;site;google;cpc;GOOGLE_SEARCH_MARCA;;69.9;0.0;14.9;84.8;Cancelado
102759;2026-08-16 12:46:52;Vinicius.Ferreira935@Outlook.Com;site;email;newsletter;news_aug;;248.7;0.0;0.0;248.7;Pago
102760;2026-08-16 13:46:46;Patricia.Souza@Hotmail.Com;site;google;cpc;GOOGLE_SEARCH_GENERICO;BEMVINDO10;259.8;25.98;0.0;233.82;Pago
102761;2026-08-16 16:34:46;Carolina.Gomes1998@Gmail.Com;site;google;organic;;;149.7;0.0;27.9;177.6;Pago
102762;2026-08-16 16:36:03;Marcelo.Carvalho64@Gmail.Com;site;;;;;18.9;0.0;14.9;33.8;Pago
102763;2026-08-16 17:11:59;Aline.Ferreira57@Gmail.Com;site;google;cpc;GOOGLE_SEARCH_MARCA;;18.9;0.0;27.9;46.8;Pago
102764;2026-08-16 17:35:19;Rafael.Araujo@Hotmail.Com;site;;;;CAFE20;124.8;24.96;14.9;114.74;Pago
102765;2026-08-16 18:55:12;Vinicius.Carvalho1991@Outlook.Com;site;google;cpc;GOOGLE_SHOPPING;;184.8;0.0;0.0;184.8;Pago
102766;2026-08-16 18:57:45;Carlos.Moreira@Gmail.Com;site;instagram;cpc;META_PROSPECCAO_BLENDS;CAFE20;159.9;31.98;14.9;142.82;Pago
102767;2026-08-16 20:24:54;Thais.Santos2002@Gmail.Com;assinatura;;;;;69.9;6.99;0.0;62.91;Pago
102768;2026-08-16 22:53:02;Andre.Nascimento656@Gmail.Com;site;instagram;influencer;INFLU_DUDA_BARISTA; DUDA15;214.8;32.22;0.0;182.58;Pago
102769;2026-08-17 07:36:30;Gabriel.Dallabernardina87@Icloud.Com;site;google;cpc;GOOGLE_SEARCH_MARCA;;69.8;0.0;14.9;84.7;Pago
102770;2026-08-17 08:26:06;Rodrigo.Barbosa@Gmail.Com;site;email;newsletter;news_aug;;49.9;0.0;14.9;64.8;Pago
102771;2026-08-17 08:49:15;Priscila.Rodrigues@Gmail.Com;site;;;;DUDA15;209.8;31.47;0.0;178.33;Pago
102772;2026-08-17 10:01:25;Larissa.Araujo1999@Gmail.Com;site;instagram;social;bio_link;;264.6;0.0;0.0;264.6;Pago
102773;2026-08-17 10:41:53;Gabriela.Nascimento2002@Outlook.Com;site;fb;paid;meta_prospeccao_blends;BEMVINDO10;214.8;21.48;0.0;193.32;Pago
102774;2026-08-17 11:09:44;Camila.Lima1996@Gmail.Com;site;email;newsletter;news_aug;;232.5;0.0;0.0;232.5;Pago
102775;2026-08-17 11:47:17;Carlos.Dallabernardina@Outlook.Com;site;google;cpc;google_search_generico;;159.9;0.0;0.0;159.9;Pago
102776;2026-08-17 12:05:38;Bruna.Santos76@Gmail.Com;site;;;;;79.9;0.0;27.9;107.8;Pago
102777;2026-08-17 12:07:09;Ana.Moreira58@Gmail.Com;site;google;cpc;google_search_generico;;164.8;0.0;0.0;164.8;Pago
102778;2026-08-17 12:12:20;Patricia.Mercon691@Gmail.Com;site;email;newsletter;news_aug;;99.8;0.0;14.9;114.7;Pago
102779;2026-08-17 12:14:41;Renata.Gomes34@Yahoo.Com.Br;site;instagram;cpc;META_REMARKETING;;73.8;0.0;14.9;88.7;Pago
102780;2026-08-17 13:53:53;Rodrigo.Pereira@Gmail.Com;site;facebook;cpc;META_REMARKETING;;214.8;0.0;0.0;214.8;Pago
102781;2026-08-17 14:56:44;Patricia.Almeida2005@Gmail.Com;site;fb;paid;meta_prospeccao_blends;PRIMEIRACOMPRA ;268.6;40.29;0.0;228.31;Pago
102782;2026-08-17 15:07:12;Aline.Silva37@Gmail.Com;site;instagram;influencer;INFLU_CAFE_COM_BIA;DUDA15;164.7;24.7;14.9;154.9;Pago
102783;2026-08-17 15:11:16;Juliana.Zanotti@Outlook.Com;site;instagram;influencer;INFLU_CAFE_COM_BIA;DUDA15;44.9;6.73;14.9;53.07;Cancelado
102784;2026-08-17 15:30:14;Debora.Ribeiro@Outlook.Com;site;;;;;514.5;0.0;0.0;514.5;Pago
102785;2026-08-17 18:05:23;Beatriz.Lima33@Gmail.Com;site;instagram;social;bio_link;;209.7;0.0;0.0;209.7;Pago
102786;2026-08-17 18:58:03;Maria.Simoes@Icloud.Com;site;instagram;social;bio_link;;99.8;0.0;14.9;114.7;Pago
102787;2026-08-17 19:11:36;Rafael.Silva42@Gmail.Com;site;ig;cpc;Meta_Prospeccao_Blends ;BEMVINDO10;174.8;17.48;0.0;157.32;Pago
102788;2026-08-17 21:26:02;Leticia.Moreira23@Icloud.Com;assinatura;;;;;69.9;6.99;0.0;62.91;Pago
102789;2026-08-17 22:26:19;Rodrigo.Simoes@Gmail.Com;site;ig;cpc;Meta_Prospeccao_Blends ; BEMVINDO10;119.8;11.98;14.9;122.72;Pago
102790;2026-08-18 06:27:46;Eduardo.Ferreira1986@Gmail.Com;site;instagram;influencer;INFLU_CAFE_COM_BIA;BIA10;94.8;9.48;14.9;100.22;Pago
102791;2026-08-18 06:42:06;Rafael.Simoes64@Yahoo.Com.Br;site;google;cpc;GOOGLE_SEARCH_MARCA;CAFE20;324.7;64.94;0.0;259.76;Pago
102792;2026-08-18 07:23:01;Beatriz.Carvalho@Gmail.Com;site;;;;;119.8;0.0;27.9;147.7;Pago
102793;2026-08-18 08:35:41;Camila.Costa@Hotmail.Com;site;instagram;influencer;INFLU_CAFE_COM_BIA;BIA10;54.9;5.49;14.9;64.31;Pago
102794;2026-08-18 12:51:15;Diego.Ribeiro30@Gmail.Com;site;google;cpc;GOOGLE_SEARCH_MARCA;;149.7;0.0;14.9;164.6;Pago
102795;2026-08-18 13:11:31;Bruno.Souza85@Gmail.Com;site;;;;;164.6;0.0;0.0;164.6;Pago
102796;2026-08-18 13:28:15;Leticia.Oliveira60@Gmail.Com;site;;;;;49.9;0.0;14.9;64.8;Pago
102797;2026-08-18 14:15:19;Caio.Souza2000@Gmail.Com;site;google;cpc;GOOGLE_SEARCH_MARCA;;294.6;0.0;0.0;294.6;Aguardando pagamento
102798;2026-08-18 15:07:27;Fernanda.Costa2004@Gmail.Com;site;google;cpc;GOOGLE_SEARCH_MARCA;;424.5;0.0;0.0;424.5;Pago
102799;2026-08-18 16:14:32;Debora.Pimentel2006@Gmail.Com;site;instagram;social;bio_link;;139.7;0.0;14.9;154.6;Pago
102800;2026-08-18 17:21:13;Aline.Carvalho@Hotmail.Com;site;google;shopping;GOOGLE_SHOPPING;;89.9;0.0;14.9;104.8;Pago
102801;2026-08-18 17:38:45;Gabriel.Santos1986@Gmail.Com;site;email;newsletter;news_aug;;94.8;0.0;14.9;109.7;Pago
102802;2026-08-18 19:06:26;Fabio.Ribeiro@Hotmail.Com;site;;;;;159.8;0.0;0.0;159.8;Pago
102803;2026-08-18 19:13:47;Vinicius.Gomes1985@Hotmail.Com;site;facebook;cpc;META_PROSPECCAO_BLENDS;CAFE20;89.8;17.96;31.5;103.34;Pago
102804;2026-08-18 19:18:58;Leticia.Lima21@Gmail.Com;site;;;;BIA10;169.8;16.98;0.0;152.82;Pago
102805;2026-08-18 19:31:40;Mariana.Lima@Gmail.Com;site;instagram;social;bio_link;;319.8;0.0;0.0;319.8;Pago
102806;2026-08-18 19:58:56;Gabriela.Rodrigues@Yahoo.Com.Br;site;fb;paid;meta_prospeccao_blends;;158.8;0.0;0.0;158.8;Pago
102807;2026-08-18 20:43:33;Diego.Pimentel80@Gmail.Com;site;;;;BIA10;459.4;45.94;0.0;413.46;Pago
102808;2026-08-18 20:59:24;Gabriel.Oliveira1980@Outlook.Com;site;google;organic;;;317.6;0.0;0.0;317.6;Pago
102809;2026-08-18 22:40:47;Julia.Almeida1990@Gmail.Com;site;ig;cpc;Meta_Prospeccao_Blends ;;49.9;0.0;14.9;64.8;Pago
102810;2026-08-19 06:09:12;Felipe.Gomes40@Gmail.Com;site;;;;;138.8;0.0;14.9;153.7;Pago
102811;2026-08-19 07:02:16;Diego.Oliveira44@Gmail.Com;site;;;;BIA10;204.8;20.48;0.0;184.32;Pago
102812;2026-08-19 08:06:44;Maria.Oliveira1999@Hotmail.Com;site;instagram;social;bio_link;;109.8;0.0;31.5;141.3;Pago
102813;2026-08-19 11:27:04;Bruna.Costa@Gmail.Com;site;google;cpc;GOOGLE_SEARCH_MARCA;;118.7;0.0;14.9;133.6;Pago
102814;2026-08-19 13:12:41;Leticia.Mercon@Hotmail.Com;site;instagram;social;bio_link;;149.8;0.0;14.9;164.7;Pago
102815;2026-08-19 16:18:54;Rafael.Silva1994@Icloud.Com;site;email;newsletter;news_aug;;98.8;0.0;14.9;113.7;Pago
102816;2026-08-19 16:36:08;Thiago.Nascimento@Gmail.Com;site;instagram;influencer;INFLU_DUDA_BARISTA;DUDA15;159.9;23.98;22.9;158.82;Aguardando pagamento
102817;2026-08-19 16:50:42;Eduardo.Moreira88@Gmail.Com;site;facebook;cpc;META_PROSPECCAO_BLENDS;CAFE20;109.8;21.96;14.9;102.74;Pago
102818;2026-08-19 17:29:04;Luiza.Rocha@Outlook.Com;site;;;;BIA10;54.9;5.49;31.5;80.91;Pago
102819;2026-08-19 18:13:43;Luiza.Rodrigues@Outlook.Com;site;ig;cpc;Meta_Prospeccao_Blends ;CAFE20;264.6;52.92;0.0;211.68;Pago
102820;2026-08-19 18:39:06;Camila.Araujo1980@Gmail.Com;site;ig;cpc;Meta_Prospeccao_Blends ;CAFE20;18.9;3.78;27.9;43.02;Pago
102821;2026-08-19 19:48:23;Joao.Martins1998@Icloud.Com;site;google;cpc;GOOGLE_SEARCH_GENERICO;cafe20;159.9;31.98;14.9;142.82;Aguardando pagamento
102822;2026-08-19 21:20:04;Marcelo.Pereira34@Gmail.Com;site;whatsapp;referral;indique_ganhe;;69.9;0.0;14.9;84.8;Pago
102823;2026-08-19 23:11:27;Beatriz.Simoes55@Gmail.Com;site;google;cpc;GOOGLE_SEARCH_MARCA;BEMVINDO10;43.8;4.38;31.5;70.92;Pago
102824;2026-08-20 06:15:33;Patricia.Nascimento@Outlook.Com;site;google;cpc;GOOGLE_SEARCH_MARCA;;284.5;0.0;0.0;284.5;Pago
102825;2026-08-20 07:20:58;Beatriz.Santos1987@Yahoo.Com.Br;site;instagram;social;bio_link;;139.9;0.0;14.9;154.8;Pago
102826;2026-08-20 09:28:39;Julia.Almeida1990@Hotmail.Com;site;instagram;influencer;INFLU_DUDA_BARISTA;BIA10;89.9;8.99;31.5;112.41;Pago
102827;2026-08-20 09:30:40;Gabriela.Nascimento1991@Gmail.Com;assinatura;;;;;69.9;6.99;0.0;62.91;Aguardando pagamento
102828;2026-08-20 09:44:20;Priscila.Almeida1988@Gmail.Com;site;ig;cpc;Meta_Prospeccao_Blends ;BEMVINDO10;229.7;22.97;0.0;206.73;Pago
102829;2026-08-20 09:45:49;Vinicius.Carvalho@Yahoo.Com.Br;site;ig;cpc;Meta_Prospeccao_Blends ;PRIMEIRACOMPRA;79.9;11.99;14.9;82.81;Pago
102830;2026-08-20 10:13:19;Thiago.Ferreira1987@Gmail.Com;assinatura;;;;;69.9;6.99;0.0;62.91;Pago
102831;2026-08-20 10:19:53;Thiago.Pimentel@Gmail.Com;site;google;cpc;GOOGLE_SEARCH_MARCA;PRIMEIRACOMPRA;159.9;23.98;14.9;150.82;Pago
102832;2026-08-20 10:30:05;Fabio.Ribeiro1994@Gmail.Com;site;google;cpc;GOOGLE_SEARCH_MARCA;;159.9;0.0;0.0;159.9;Pago
102833;2026-08-20 11:53:26;Debora.Carvalho39@Hotmail.Com;site;instagram;social;bio_link;;494.6;0.0;0.0;494.6;Pago
102834;2026-08-20 11:59:56;Julia.Pimentel2003@Icloud.Com;site;whatsapp;referral;indique_ganhe;;49.9;0.0;14.9;64.8;Pago
102835;2026-08-20 12:24:11;Julia.Pereira1992@Gmail.Com;site;google;cpc;GOOGLE_SEARCH_MARCA;;269.5;0.0;0.0;269.5;Pago
102836;2026-08-20 14:04:26;Gustavo.Martins2006@Gmail.Com;site;google;cpc;google_search_generico;;239.8;0.0;0.0;239.8;Pago
102837;2026-08-20 14:40:03;Gabriel.Araujo75@Yahoo.Com.Br;site;;;;;239.7;0.0;0.0;239.7;Pago
102838;2026-08-20 15:01:51;Marcelo.Gomes1981@Icloud.Com;site;ig;cpc;Meta_Prospeccao_Blends ;BEMVINDO10;139.8;13.98;14.9;140.72;Pago
102839;2026-08-20 16:33:49;Felipe.Moreira1989@Outlook.Com;site;instagram;influencer;INFLU_CAFE_COM_BIA;BIA10;104.7;10.47;14.9;109.13;Pago
102840;2026-08-20 17:55:26;Carlos.Costa64@Gmail.Com;site;;;;;209.8;0.0;0.0;209.8;Pago
102841;2026-08-20 18:11:05;Mariana.Souza1993@Hotmail.Com;assinatura;;;;;69.9;6.99;0.0;62.91;Pago
102842;2026-08-20 18:14:43;Leticia.Costa80@Gmail.Com;site;;;;;104.8;0.0;14.9;119.7;Pago
102843;2026-08-20 18:47:51;Julia.Moreira18@Hotmail.Com;site;;;;;54.9;0.0;14.9;69.8;Pago
102844;2026-08-20 20:14:32;Renata.Pimentel161@Hotmail.Com;site;;;;;222.6;0.0;0.0;222.6;Pago
102845;2026-08-20 20:21:31;Gabriel.Ferreira1995@Hotmail.Com;site;instagram;social;bio_link;;179.7;0.0;0.0;179.7;Pago
102846;2026-08-20 20:58:00;Leticia.Rocha787@Outlook.Com;site;google;cpc;GOOGLE_SEARCH_MARCA;;79.9;0.0;27.9;107.8;Pago
102847;2026-08-21 06:04:28;Carolina.Santos27@Hotmail.Com;assinatura;;;;;69.9;6.99;0.0;62.91;Reembolsado
102848;2026-08-21 07:10:50;Priscila.Ferreira94@Gmail.Com;site;instagram;influencer;INFLU_CAFE_COM_BIA;BIA10;174.6;17.46;0.0;157.14;Pago
102849;2026-08-21 08:07:10;Patricia.Mercon2004@Gmail.Com;site;;;;;89.9;0.0;22.9;112.8;Pago
102850;2026-08-21 10:28:10;Bruna.Loureiro1999@Gmail.Com;site;facebook;cpc;META_REMARKETING;;94.8;0.0;14.9;109.7;Pago
102851;2026-08-21 12:07:23;Bruna.Rodrigues1993@Gmail.Com;site;google;cpc;GOOGLE_SEARCH_MARCA;;344.7;0.0;0.0;344.7;Pago
102852;2026-08-21 12:45:56;Juliana.Ferreira465@Gmail.Com;site;fb;paid;meta_prospeccao_blends;;69.9;0.0;14.9;84.8;Pago
102853;2026-08-21 14:45:52;Rodrigo.Almeida5@Gmail.Com;site;instagram;cpc;META_PROSPECCAO_BLENDS;CAFE20;134.8;26.96;31.5;139.34;Pago
102854;2026-08-21 15:10:29;Renata.Almeida6@Hotmail.Com;site;facebook;cpc;META_PROSPECCAO_BLENDS;PRIMEIRACOMPRA;37.8;5.67;14.9;47.03;Pago
102855;2026-08-21 17:31:52;Gustavo.Martins@Icloud.Com;site;;;;;54.9;0.0;31.5;86.4;Pago
102856;2026-08-21 18:26:42;Gustavo.Ferreira@Hotmail.Com;assinatura;;;;;69.9;6.99;0.0;62.91;Pago
102857;2026-08-21 19:55:21;Larissa.Pimentel2003@Gmail.Com;site;google;shopping;GOOGLE_SHOPPING;;69.9;0.0;14.9;84.8;Pago
102858;2026-08-21 20:53:19;Joao.Zanotti@Gmail.Com;site;;;;BEMVINDO10;69.9;6.99;14.9;77.81;Pago
102859;2026-08-21 21:04:34;Gustavo.Araujo1981@Yahoo.Com.Br;assinatura;;;;;69.9;6.99;0.0;62.91;Pago
102860;2026-08-21 21:56:43;Joao.Martins5@Yahoo.Com.Br;site;google;cpc;GOOGLE_SHOPPING;;89.8;0.0;14.9;104.7;Pago
102861;2026-08-21 22:19:18;Debora.Rodrigues1987@Gmail.Com;site;;;;;299.8;0.0;0.0;299.8;Pago
102862;2026-08-21 22:33:31;Carolina.Loureiro@Gmail.Com;site;google;shopping;GOOGLE_SHOPPING;;209.7;0.0;0.0;209.7;Pago
102863;2026-08-21 22:56:05;Bruna.Almeida1997@Gmail.Com;site;instagram;social;bio_link;;109.8;0.0;27.9;137.7;Pago
102864;2026-08-22 07:25:15;Lucas.Barbosa80@Hotmail.Com;site;ig;cpc;Meta_Prospeccao_Blends ;PRIMEIRACOMPRA ;219.7;32.95;0.0;186.75;Pago
102865;2026-08-22 07:59:03;Priscila.Gomes@Gmail.Com;site;google;shopping;GOOGLE_SHOPPING;;43.8;0.0;14.9;58.7;Pago
102866;2026-08-22 10:11:04;Aline.Costa1991@Icloud.Com;site;google;cpc;GOOGLE_SEARCH_MARCA;;18.9;0.0;14.9;33.8;Pago
102867;2026-08-22 10:38:50;Ana.Loureiro47@Yahoo.Com.Br;site;google;cpc;GOOGLE_SEARCH_MARCA;;279.8;0.0;0.0;279.8;Pago
102868;2026-08-22 12:08:47;Thais.Rodrigues@Gmail.Com;site;fb;paid;meta_prospeccao_blends;;89.9;0.0;22.9;112.8;Reembolsado
102869;2026-08-22 17:10:25;Juliana.Simoes@Gmail.Com;site;;;;;49.9;0.0;27.9;77.8;Pago
102870;2026-08-22 17:10:39;Rodrigo.Souza84@Hotmail.Com;site;email;newsletter;news_aug;;164.7;0.0;0.0;164.7;Pago
102871;2026-08-22 17:15:53;Mariana.Oliveira@Yahoo.Com.Br;site;;;;;139.9;0.0;27.9;167.8;Pago
102872;2026-08-22 18:08:45;Eduardo.Lima1981@Gmail.Com;site;;;;;279.8;0.0;0.0;279.8;Pago
102873;2026-08-22 18:21:30;Mariana.Gomes45@Gmail.Com;site;facebook;cpc;META_PROSPECCAO_BLENDS;BEMVINDO10 ;329.7;32.97;0.0;296.73;Pago
102874;2026-08-22 18:24:51;Mariana.Gomes26@Hotmail.Com;site;facebook;cpc;META_PROSPECCAO_BLENDS;CAFE20;159.7;31.94;14.9;142.66;Pago
102875;2026-08-22 19:35:00;Renata.Almeida1982@Gmail.Com;site;;;;;139.9;0.0;14.9;154.8;Pago
102876;2026-08-22 20:01:02;Luiza.Loureiro9@Hotmail.Com;site;facebook;cpc;META_PROSPECCAO_BLENDS;;219.8;0.0;0.0;219.8;Pago
102877;2026-08-22 20:21:12;Rafael.Pereira93@Gmail.Com;site;google;organic;;CAFE20;119.8;23.96;14.9;110.74;Pago
102878;2026-08-22 21:06:42;Diego.Pereira48@Outlook.Com;site;;;;BIA10 ;209.8;20.98;0.0;188.82;Pago
102879;2026-08-22 23:46:59;Camila.Silva1994@Icloud.Com;site;google;cpc;google_search_generico;;379.5;0.0;0.0;379.5;Pago
102880;2026-08-23 06:02:41;Rodrigo.Oliveira@Hotmail.Com;site;google;cpc;GOOGLE_SEARCH_MARCA;;44.9;0.0;14.9;59.8;Pago
102881;2026-08-23 06:16:55;Renata.Zanotti@Gmail.Com;site;;;;;119.9;0.0;31.5;151.4;Pago
102882;2026-08-23 09:59:03;Rafael.Silva1997@Gmail.Com;site;instagram;influencer;INFLU_CAFE_COM_BIA;BIA10;49.9;4.99;14.9;59.81;Pago
102883;2026-08-23 10:10:06;Julia.Ferreira83@Hotmail.Com;site;ig;cpc;Meta_Prospeccao_Blends ; CAFE20;324.6;64.92;0.0;259.68;Pago
102884;2026-08-23 11:55:00;Fabio.Ribeiro2000@Outlook.Com;site;instagram;cpc;META_PROSPECCAO_BLENDS;;514.3;0.0;0.0;514.3;Pago
102885;2026-08-23 13:15:52;Leticia.Zanotti49@Outlook.Com;site;instagram;social;bio_link;;274.7;0.0;0.0;274.7;Pago
102886;2026-08-23 13:23:28;Mateus.Loureiro1981@Outlook.Com;site;instagram;social;bio_link;;99.7;0.0;14.9;114.6;Reembolsado
102887;2026-08-23 14:54:07;Bruna.Santos760@Gmail.Com;site;;;;;94.8;0.0;14.9;109.7;Pago
102888;2026-08-23 15:39:16;Eduardo.Oliveira@Hotmail.Com;site;;;;DUDA15;544.3;81.64;0.0;462.66;Pago
102889;2026-08-23 16:38:36;Camila.Lima1998@Gmail.Com;site;google;cpc;GOOGLE_SEARCH_MARCA;;149.8;0.0;22.9;172.7;Pago
102890;2026-08-23 17:03:55;Gabriela.Ribeiro1988@Yahoo.Com.Br;site;email;newsletter;news_aug;;568.5;0.0;0.0;568.5;Pago
102891;2026-08-23 17:46:15;Rafael.Dallabernardina31@Gmail.Com;site;instagram;social;bio_link;;79.9;0.0;14.9;94.8;Pago
102892;2026-08-23 17:55:40;Bruno.Ferreira@Outlook.Com;site;ig;cpc;Meta_Prospeccao_Blends ; BEMVINDO10;89.9;8.99;14.9;95.81;Pago
102893;2026-08-23 19:28:53;Thais.Ribeiro@Hotmail.Com;site;google;organic;;;177.7;0.0;0.0;177.7;Pago
102894;2026-08-23 20:35:04;Fabio.Silva48@Gmail.Com;assinatura;;;;;69.9;6.99;0.0;62.91;Pago
102895;2026-08-23 21:29:50;Vinicius.Mercon1987@Hotmail.Com;site;instagram;social;bio_link;;99.8;0.0;31.5;131.3;Cancelado
102896;2026-08-23 22:42:05;Ana.Silva2000@Gmail.Com;site;ig;cpc;Meta_Prospeccao_Blends ;BEMVINDO10;159.9;15.99;14.9;158.81;Pago
102897;2026-08-23 23:27:00;Bruna.Silva@Hotmail.Com;site;;;;;208.5;0.0;0.0;208.5;Pago
102898;2026-08-24 06:12:04;Beatriz.Souza1988@Gmail.Com;site;google;cpc;GOOGLE_SHOPPING;;37.8;0.0;31.5;69.3;Reembolsado
102899;2026-08-24 06:29:27;Camila.Gomes59@Gmail.Com;site;google;shopping;GOOGLE_SHOPPING;;259.7;0.0;0.0;259.7;Pago
102900;2026-08-24 06:36:19;Ana.Rodrigues2003@Outlook.Com;site;email;newsletter;news_aug;;599.5;0.0;0.0;599.5;Cancelado
102901;2026-08-24 10:03:19;Rafael.Loureiro46@Hotmail.Com;assinatura;;;;;69.9;6.99;0.0;62.91;Pago
102902;2026-08-24 10:29:32;Leticia.Souza81@Yahoo.Com.Br;site;email;newsletter;news_aug;;18.9;0.0;14.9;33.8;Pago
102903;2026-08-24 10:44:18;Aline.Rocha93@Yahoo.Com.Br;site;ig;cpc;Meta_Prospeccao_Blends ;CAFE20;324.7;64.94;0.0;259.76;Pago
102904;2026-08-24 13:56:26;Rafael.Rodrigues1999@Icloud.Com;site;fb;paid;meta_prospeccao_blends;CAFE20;134.7;26.94;27.9;135.66;Pago
102905;2026-08-24 15:53:55;Joao.Santos44@Gmail.Com;site;whatsapp;referral;indique_ganhe;;49.9;0.0;14.9;64.8;Pago
102906;2026-08-24 21:06:03;Diego.Nascimento60@Gmail.Com;site;google;cpc;google_search_generico;;49.9;0.0;27.9;77.8;Pago
102907;2026-08-24 21:20:21;Leticia.Lima@Gmail.Com;site;;;;CAFE20;139.8;27.96;14.9;126.74;Pago
102908;2026-08-24 22:26:59;Larissa.Rodrigues@Gmail.Com;site;fb;paid;meta_prospeccao_blends;PRIMEIRACOMPRA;139.9;20.98;14.9;133.82;Pago
102909;2026-08-24 23:55:17;Vinicius.Pereira1996@Gmail.Com;site;google;shopping;GOOGLE_SHOPPING;;89.9;0.0;14.9;104.8;Pago
102910;2026-08-25 06:10:39;Beatriz.Barbosa8@Icloud.Com;site;;;;;139.9;0.0;22.9;162.8;Pago
102911;2026-08-25 06:44:38;Patricia.Mercon75@Gmail.Com;site;instagram;social;bio_link;bemvindo10;134.8;13.48;14.9;136.22;Pago
102912;2026-08-25 08:04:25;Aline.Oliveira@Hotmail.Com;site;google;cpc;GOOGLE_SEARCH_MARCA;;69.9;0.0;14.9;84.8;Aguardando pagamento
102913;2026-08-25 09:36:06;Ana.Zanotti422@Hotmail.Com;site;whatsapp;referral;indique_ganhe;INDIQUE15;69.9;10.49;22.9;82.31;Pago
102914;2026-08-25 10:20:36;Rodrigo.Ribeiro11@Yahoo.Com.Br;assinatura;;;;;69.9;6.99;0.0;62.91;Pago
102915;2026-08-25 10:53:34;Gabriela.Ferreira64@Gmail.Com;site;instagram;cpc;META_PROSPECCAO_BLENDS;CAFE20;49.9;9.98;14.9;54.82;Pago
102916;2026-08-25 11:19:57;Camila.Santos52@Yahoo.Com.Br;site;instagram;social;bio_link;;124.7;0.0;14.9;139.6;Pago
102917;2026-08-25 11:25:58;Rafael.Costa24@Gmail.Com;site;google;cpc;GOOGLE_SEARCH_MARCA;;329.6;0.0;0.0;329.6;Pago
102918;2026-08-25 12:03:02;Leticia.Moreira59@Gmail.Com;site;email;newsletter;news_aug;;49.9;0.0;14.9;64.8;Pago
102919;2026-08-25 15:10:20;Aline.Dallabernardina1984@Gmail.Com;site;google;cpc;GOOGLE_SEARCH_GENERICO;BEMVINDO10;137.6;13.76;14.9;138.74;Pago
102920;2026-08-25 15:41:06;Priscila.Oliveira95@Hotmail.Com;site;google;cpc;google_search_generico;;269.7;0.0;0.0;269.7;Pago
102921;2026-08-25 15:52:26;Fernanda.Ribeiro@Gmail.Com;site;email;newsletter;news_aug;;69.9;0.0;14.9;84.8;Pago
102922;2026-08-25 16:33:41;Rafael.Carvalho21@Gmail.Com;site;fb;paid;meta_prospeccao_blends;;249.6;0.0;0.0;249.6;Pago
102923;2026-08-25 16:38:08;Marcelo.Ribeiro@Outlook.Com;site;instagram;social;bio_link;;268.5;0.0;0.0;268.5;Cancelado
102924;2026-08-25 18:31:08;Lucas.Mercon2006@Hotmail.Com;site;google;shopping;GOOGLE_SHOPPING; CAFE20;54.9;10.98;14.9;58.82;Pago
102925;2026-08-25 19:30:09;Julia.Nascimento2005@Hotmail.Com;site;facebook;cpc;META_PROSPECCAO_BLENDS;BEMVINDO10;229.7;22.97;0.0;206.73;Pago
102926;2026-08-25 20:06:31;Felipe.Gomes2006@Gmail.Com;site;whatsapp;referral;indique_ganhe;INDIQUE15;74.8;11.22;22.9;86.48;Pago
102927;2026-08-25 20:26:06;Fabio.Araujo58@Yahoo.Com.Br;site;instagram;social;bio_link;;89.9;0.0;14.9;104.8;Pago
102928;2026-08-25 22:20:47;Thiago.Zanotti@Gmail.Com;site;instagram;social;bio_link;;299.7;0.0;0.0;299.7;Pago
102929;2026-08-25 23:46:21;Bruna.Rocha85@Gmail.Com;assinatura;;;;;69.9;6.99;0.0;62.91;Aguardando pagamento
102930;2026-08-26 06:49:02;Andre.Loureiro@Gmail.Com;site;google;shopping;GOOGLE_SHOPPING;BEMVINDO10;44.9;4.49;14.9;55.31;Pago
102931;2026-08-26 12:26:37;Leticia.Silva@Hotmail.Com;site;instagram;social;bio_link;;89.9;0.0;31.5;121.4;Pago
102932;2026-08-26 12:46:24;Marcelo.Ferreira1993@Outlook.Com;site;google;cpc;GOOGLE_SEARCH_MARCA;;68.8;0.0;14.9;83.7;Pago
102933;2026-08-26 13:45:07;Carolina.Ferreira40@Icloud.Com;site;google;cpc;google_search_generico;;44.9;0.0;14.9;59.8;Pago
102934;2026-08-26 14:42:47;Leticia.Silva@Gmail.Com;site;;;;FRETEGRATIS;249.8;0.0;0.0;249.8;Pago
102935;2026-08-26 16:08:23;Rafael.Moreira2000@Icloud.Com;site;email;newsletter;news_aug;;159.7;0.0;0.0;159.7;Pago
102936;2026-08-26 17:08:20;Larissa.Gomes@Gmail.Com;site;instagram;cpc;META_REMARKETING;;194.7;0.0;0.0;194.7;Pago
102937;2026-08-26 19:26:19;Vinicius.Santos41@Hotmail.Com;site;;;;;278.5;0.0;0.0;278.5;Pago
102937;2026-08-26 19:26:19;Vinicius.Santos41@Hotmail.Com;site;;;;;278.5;0.0;0.0;278.5;Pago
102938;2026-08-26 20:23:30;Patricia.Costa1986@Gmail.Com;site;instagram;cpc;META_REMARKETING;bemvindo10;429.5;42.95;0.0;386.55;Pago
102939;2026-08-26 21:13:40;Juliana.Martins22@Yahoo.Com.Br;site;google;cpc;GOOGLE_SEARCH_MARCA;;49.9;0.0;14.9;64.8;Reembolsado
102940;2026-08-26 22:55:57;Bruna.Gomes855@Hotmail.Com;site;google;cpc;GOOGLE_SEARCH_MARCA;;163.7;0.0;0.0;163.7;Pago
102941;2026-08-26 23:18:17;Beatriz.Gomes23@Gmail.Com;site;instagram;cpc;META_PROSPECCAO_BLENDS;CAFE20;184.7;36.94;14.9;162.66;Pago
102942;2026-08-27 06:29:39;Carolina.Martins8@Icloud.Com;site;email;newsletter;news_aug;;269.7;0.0;0.0;269.7;Cancelado
102943;2026-08-27 06:46:37;Renata.Lima63@Gmail.Com;site;google;cpc;GOOGLE_SEARCH_MARCA;;139.7;0.0;14.9;154.6;Pago
102944;2026-08-27 10:43:46;Renata.Simoes10@Gmail.Com;site;email;newsletter;news_aug;;139.9;0.0;27.9;167.8;Pago
102945;2026-08-27 11:38:11;Bruna.Mercon1993@Outlook.Com;site;google;cpc;GOOGLE_SEARCH_MARCA;;49.9;0.0;14.9;64.8;Cancelado
102946;2026-08-27 12:13:48;Ana.Ribeiro4@Gmail.Com;site;instagram;social;bio_link;;159.9;0.0;0.0;159.9;Pago
102947;2026-08-27 12:46:05;Carolina.Moreira1999@Gmail.Com;site;fb;paid;meta_prospeccao_blends;;129.7;0.0;14.9;144.6;Pago
102948;2026-08-27 14:46:47;Julia.Mercon1987@Gmail.Com;assinatura;;;;;69.9;6.99;0.0;62.91;Pago
102949;2026-08-27 14:48:15;Debora.Oliveira1994@Icloud.Com;site;email;newsletter;news_aug;FRETEGRATIS;184.7;0.0;0.0;184.7;Pago
102950;2026-08-27 16:28:59;Gustavo.Loureiro1988@Hotmail.Com;site;;;;;209.7;0.0;0.0;209.7;Pago
102951;2026-08-27 19:01:03;Thais.Martins1996@Gmail.Com;site;google;cpc;GOOGLE_SEARCH_MARCA;;569.6;0.0;0.0;569.6;Pago
102952;2026-08-27 19:33:55;Lucas.Zanotti34@Icloud.Com;site;whatsapp;referral;indique_ganhe;;49.9;0.0;14.9;64.8;Pago
102953;2026-08-27 20:10:32;Debora.Araujo1997@Hotmail.Com;site;fb;paid;meta_prospeccao_blends;PRIMEIRACOMPRA;209.8;31.47;0.0;178.33;Reembolsado
102954;2026-08-27 22:06:51;Thais.Almeida@Gmail.Com;site;email;newsletter;news_aug;;79.9;0.0;14.9;94.8;Pago
102955;2026-08-27 22:54:42;Patricia.Araujo1987@Hotmail.Com;assinatura;;;;;69.9;6.99;0.0;62.91;Cancelado
102956;2026-08-27 23:14:19;Thiago.Santos5@Gmail.Com;site;;;;;24.9;0.0;14.9;39.8;Cancelado
102957;2026-08-27 23:24:06;Rafael.Gomes1992@Gmail.Com;site;instagram;cpc;META_PROSPECCAO_BLENDS;PRIMEIRACOMPRA;189.6;28.44;0.0;161.16;Pago
102958;2026-08-27 23:38:44;Pedro.Pimentel405@Hotmail.Com;site;email;newsletter;news_aug;;179.8;0.0;0.0;179.8;Pago
102959;2026-08-27 23:38:57;Pedro.Souza69@Hotmail.Com;site;email;newsletter;news_aug;;369.7;0.0;0.0;369.7;Pago
102960;2026-08-28 07:44:09;Eduardo.Almeida1994@Gmail.Com;site;email;newsletter;news_aug;;189.8;0.0;0.0;189.8;Pago
102961;2026-08-28 08:44:53;Patricia.Oliveira2001@Hotmail.Com;site;;;;BIA10 ;199.8;19.98;0.0;179.82;Pago
102962;2026-08-28 09:15:25;Bruno.Carvalho1999@Icloud.Com;site;instagram;social;bio_link;;49.9;0.0;14.9;64.8;Pago
102963;2026-08-28 10:26:05;Luiza.Rodrigues@Gmail.Com;site;instagram;influencer;INFLU_DUDA_BARISTA; BIA10;514.5;51.45;0.0;463.05;Pago
102964;2026-08-28 12:35:41;Mariana.Rocha@Gmail.Com;site;instagram;cpc;META_PROSPECCAO_BLENDS;CAFE20;303.5;60.7;0.0;242.8;Pago
102965;2026-08-28 13:46:37;Mateus.Pereira82@Hotmail.Com;site;;;;;498.6;0.0;0.0;498.6;Pago
102966;2026-08-28 15:40:19;Carolina.Oliveira@Gmail.Com;site;email;newsletter;news_aug;;69.9;0.0;14.9;84.8;Pago
102967;2026-08-28 17:28:38;Gabriela.Oliveira38@Gmail.Com;site;;;;;279.7;0.0;0.0;279.7;Pago
102968;2026-08-28 17:33:56;Julia.Carvalho743@Gmail.Com;site;facebook;cpc;META_PROSPECCAO_BLENDS;;49.8;0.0;14.9;64.7;Reembolsado
102969;2026-08-28 18:15:31;Fabio.Oliveira@Outlook.Com;site;google;cpc;GOOGLE_SEARCH_MARCA;;94.8;0.0;14.9;109.7;Pago
102970;2026-08-28 23:00:31;Leonardo.Nascimento@Hotmail.Com;site;google;cpc;GOOGLE_SEARCH_GENERICO;;89.9;0.0;27.9;117.8;Pago
102971;2026-08-28 23:05:38;Fabio.Dallabernardina5@Icloud.Com;site;instagram;social;bio_link;FRETEGRATIS;54.9;0.0;0.0;54.9;Pago
102972;2026-08-28 23:43:25;Eduardo.Oliveira1993@Gmail.Com;site;google;cpc;GOOGLE_SEARCH_MARCA;;139.9;0.0;14.9;154.8;Pago
102973;2026-08-29 06:03:33;Larissa.Santos1999@Icloud.Com;site;instagram;cpc;META_PROSPECCAO_BLENDS;CAFE20;69.8;13.96;14.9;70.74;Pago
102974;2026-08-29 07:00:04;Eduardo.Gomes2006@Hotmail.Com;site;ig;cpc;Meta_Prospeccao_Blends ;CAFE20;37.8;7.56;14.9;45.14;Pago
102975;2026-08-29 10:09:43;Mateus.Silva1984@Outlook.Com;site;;;;;139.8;0.0;14.9;154.7;Pago
102976;2026-08-29 10:19:26;Leonardo.Almeida@Gmail.Com;site;instagram;social;bio_link;;169.7;0.0;0.0;169.7;Pago
102977;2026-08-29 11:18:33;Patricia.Moreira1990@Gmail.Com;site;google;shopping;GOOGLE_SHOPPING;;79.9;0.0;14.9;94.8;Pago
102978;2026-08-29 11:30:50;Thais.Gomes@Hotmail.Com;assinatura;;;;;69.9;6.99;0.0;62.91;Pago
102979;2026-08-29 12:00:22;Ana.Mercon2004@Gmail.Com;site;;;;;79.9;0.0;22.9;102.8;Pago
102980;2026-08-29 12:58:30;Beatriz.Rocha@Hotmail.Com;site;fb;paid;meta_prospeccao_blends;CAFE20 ;69.9;13.98;14.9;70.82;Pago
102981;2026-08-29 13:24:14;Carlos.Rocha@Gmail.Com;site;ig;cpc;Meta_Prospeccao_Blends ;PRIMEIRACOMPRA;129.7;19.45;14.9;125.15;Pago
102982;2026-08-29 14:22:42;Eduardo.Rodrigues56@Gmail.Com;assinatura;;;;;69.9;6.99;0.0;62.91;Pago
102983;2026-08-29 15:50:49;Gabriela.Ribeiro@Gmail.Com;site;;;;;18.9;0.0;22.9;41.8;Pago
102984;2026-08-29 16:19:02;Carlos.Barbosa2001@Icloud.Com;site;whatsapp;referral;indique_ganhe;;334.6;0.0;0.0;334.6;Pago
102985;2026-08-29 16:28:05;Pedro.Nascimento1983@Gmail.Com;site;email;newsletter;news_aug;;124.8;0.0;14.9;139.7;Pago
102986;2026-08-29 17:14:15;Renata.Dallabernardina@Gmail.Com;site;instagram;social;bio_link;;134.8;0.0;14.9;149.7;Pago
102987;2026-08-29 17:38:51;Vinicius.Pimentel1994@Yahoo.Com.Br;site;instagram;social;bio_link;;149.7;0.0;14.9;164.6;Pago
102988;2026-08-29 17:53:29;Pedro.Pimentel2003@Gmail.Com;site;facebook;cpc;META_PROSPECCAO_BLENDS;CAFE20;99.8;19.96;14.9;94.74;Pago
102989;2026-08-29 20:03:20;Juliana.Martins@Hotmail.Com;site;google;cpc;GOOGLE_SEARCH_MARCA;;279.8;0.0;0.0;279.8;Cancelado
102990;2026-08-29 20:49:20;Marcelo.Pereira72@Gmail.Com;site;facebook;cpc;META_PROSPECCAO_BLENDS;BEMVINDO10;159.9;15.99;14.9;158.81;Pago
102991;2026-08-29 20:58:14;Debora.Moreira1991@Gmail.Com;site;google;cpc;GOOGLE_SHOPPING;;89.9;0.0;31.5;121.4;Pago
102992;2026-08-29 21:56:12;Maria.Ribeiro@Gmail.Com;site;instagram;social;bio_link;FRETEGRATIS;349.6;0.0;0.0;349.6;Pago
102993;2026-08-29 22:02:49;Joao.Araujo@Gmail.Com;site;;;;;498.5;0.0;0.0;498.5;Pago
102994;2026-08-29 23:26:58;Marcelo.Santos55@Hotmail.Com;site;ig;cpc;Meta_Prospeccao_Blends ;BEMVINDO10;69.9;6.99;22.9;85.81;Pago
102995;2026-08-30 08:11:35;Renata.Oliveira@Icloud.Com;site;fb;paid;meta_prospeccao_blends;PRIMEIRACOMPRA;384.6;57.69;0.0;326.91;Cancelado
102996;2026-08-30 08:54:48;Carlos.Rodrigues2000@Icloud.Com;assinatura;;;;;69.9;6.99;0.0;62.91;Pago
102997;2026-08-30 09:55:02;Thais.Souza56@Hotmail.Com;site;instagram;cpc;META_PROSPECCAO_BLENDS;primeiracompra;209.7;31.45;0.0;178.25;Pago
102998;2026-08-30 10:17:45;Larissa.Rocha46@Hotmail.Com;site;google;organic;;;79.9;0.0;14.9;94.8;Pago
102999;2026-08-30 10:19:04;Mateus.Martins12@Yahoo.Com.Br;site;google;cpc;GOOGLE_SEARCH_MARCA;;139.8;0.0;14.9;154.7;Pago
103000;2026-08-30 13:22:16;Gabriela.Costa1999@Hotmail.Com;site;;;;;156.4;0.0;0.0;156.4;Pago
103001;2026-08-30 13:25:48;Fernanda.Barbosa1990@Outlook.Com;site;instagram;social;bio_link;;219.8;0.0;0.0;219.8;Pago
103002;2026-08-30 14:02:04;Pedro.Souza1992@Icloud.Com;assinatura;;;;;69.9;6.99;0.0;62.91;Pago
103003;2026-08-30 15:38:12;Mariana.Ribeiro93@Gmail.Com;site;;;;;479.5;0.0;0.0;479.5;Pago
103004;2026-08-30 17:01:22;Debora.Mercon1987@Hotmail.Com;site;google;cpc;GOOGLE_SEARCH_MARCA;;159.8;0.0;0.0;159.8;Aguardando pagamento
103005;2026-08-30 17:31:13;Rafael.Ferreira64@Outlook.Com;site;;;;;37.8;0.0;14.9;52.7;Pago
103006;2026-08-30 17:31:33;Rodrigo.Santos@Gmail.Com;site;google;cpc;GOOGLE_SEARCH_MARCA;;209.7;0.0;0.0;209.7;Cancelado
103007;2026-08-30 18:31:59;Patricia.Moreira1987@Gmail.Com;site;fb;paid;meta_prospeccao_blends;BEMVINDO10;49.8;4.98;14.9;59.72;Pago
103008;2026-08-30 20:51:19;Priscila.Pimentel1993@Icloud.Com;site;facebook;cpc;META_PROSPECCAO_BLENDS;CAFE20;209.8;41.96;0.0;167.84;Pago
103009;2026-08-30 22:19:15;Renata.Silva1997@Hotmail.Com;site;;;;BEMVINDO10;374.6;37.46;0.0;337.14;Pago
103010;2026-08-30 22:28:10;Thiago.Araujo2003@Outlook.Com;site;google;cpc;GOOGLE_SEARCH_MARCA;CAFE20;269.7;53.94;0.0;215.76;Pago
103011;2026-08-30 22:29:26;Gabriela.Pimentel83@Hotmail.Com;site;;;;;89.9;0.0;14.9;104.8;Pago
103012;2026-08-30 22:58:10;Larissa.Souza1996@Icloud.Com;site;;;;;44.9;0.0;14.9;59.8;Pago
103013;2026-08-30 23:47:13;Camila.Martins392@Outlook.Com;site;email;newsletter;news_aug;;49.9;0.0;14.9;64.8;Cancelado
103014;2026-08-31 06:31:44;Fernanda.Loureiro96@Yahoo.Com.Br;assinatura;;;;;69.9;6.99;0.0;62.91;Pago
103015;2026-08-31 07:26:07;Carolina.Pereira7@Gmail.Com;site;instagram;social;bio_link;;174.7;0.0;0.0;174.7;Pago
103016;2026-08-31 08:05:37;Felipe.Souza13@Gmail.Com;site;facebook;cpc;META_PROSPECCAO_BLENDS;PRIMEIRACOMPRA ;164.7;24.7;14.9;154.9;Pago
103017;2026-08-31 08:39:53;Leonardo.Loureiro1983@Hotmail.Com;site;ig;cpc;Meta_Prospeccao_Blends ;CAFE20;284.7;56.94;0.0;227.76;Pago
103018;2026-08-31 08:53:59;Rafael.Carvalho1987@Gmail.Com;site;google;cpc;google_search_generico;;399.7;0.0;0.0;399.7;Pago
103019;2026-08-31 08:57:11;Bruna.Martins1995@Gmail.Com;site;facebook;cpc;META_PROSPECCAO_BLENDS;;239.6;0.0;0.0;239.6;Pago
103020;2026-08-31 09:34:28;Rafael.Dallabernardina72@Gmail.Com;assinatura;;;;;69.9;6.99;0.0;62.91;Pago
103021;2026-08-31 11:54:09;Renata.Souza1993@Gmail.Com;site;;;;;98.8;0.0;27.9;126.7;Pago
103022;2026-08-31 12:25:09;Gabriela.Barbosa1986@Gmail.Com;site;instagram;social;bio_link;;44.9;0.0;14.9;59.8;Pago
103023;2026-08-31 12:34:02;Leticia.Dallabernardina99@Gmail.Com;site;google;cpc;GOOGLE_SEARCH_GENERICO;;18.9;0.0;14.9;33.8;Pago
103024;2026-08-31 12:53:28;Beatriz.Gomes@Icloud.Com;site;whatsapp;referral;indique_ganhe;INDIQUE15;88.8;13.32;14.9;90.38;Pago
103025;2026-08-31 13:07:27;Luiza.Ferreira@Icloud.Com;site;ig;cpc;Meta_Prospeccao_Blends ;CAFE20 ;156.4;31.28;14.9;140.02;Pago
103026;2026-08-31 13:29:23;Thiago.Pereira1994@Hotmail.Com;site;email;newsletter;news_aug;FRETEGRATIS;254.7;0.0;0.0;254.7;Pago
103027;2026-08-31 14:36:12;Andre.Costa@Gmail.Com;site;google;cpc;GOOGLE_SEARCH_MARCA;;189.8;0.0;0.0;189.8;Pago
103028;2026-08-31 14:58:19;Ana.Simoes1994@Icloud.Com;assinatura;;;;;69.9;6.99;0.0;62.91;Pago
103029;2026-08-31 15:19:09;Renata.Almeida@Gmail.Com;site;google;cpc;GOOGLE_SEARCH_MARCA;;79.9;0.0;14.9;94.8;Pago
103030;2026-08-31 15:27:35;Bruna.Santos1991@Gmail.Com;site;google;cpc;GOOGLE_SEARCH_MARCA;;419.5;0.0;0.0;419.5;Pago
103031;2026-08-31 15:46:43;Larissa.Mercon@Hotmail.Com;site;google;cpc;GOOGLE_SHOPPING;;119.9;0.0;14.9;134.8;Pago
103032;2026-08-31 16:05:16;Fernanda.Almeida@Icloud.Com;site;google;cpc;google_search_generico;;239.8;0.0;0.0;239.8;Pago
103033;2026-08-31 18:05:16;Rodrigo.Pereira@Hotmail.Com;site;google;cpc;GOOGLE_SEARCH_GENERICO;;499.4;0.0;0.0;499.4;Aguardando pagamento
103034;2026-08-31 18:18:17;Mariana.Martins1999@Gmail.Com;site;;;;;119.9;0.0;14.9;134.8;Pago
103035;2026-08-31 18:19:25;Maria.Lima@Gmail.Com;site;email;newsletter;news_aug;;24.9;0.0;14.9;39.8;Pago
103036;2026-08-31 19:52:25;Carlos.Carvalho2@Outlook.Com;assinatura;;;;;69.9;6.99;0.0;62.91;Pago
103037;2026-08-31 22:15:51;Renata.Carvalho804@Gmail.Com;site;instagram;influencer;INFLU_DUDA_BARISTA;DUDA15;179.8;26.97;0.0;152.83;Pago
103038;2026-09-01 07:39:24;Patricia.Pereira13@Gmail.Com;site;google;cpc;GOOGLE_SEARCH_MARCA;;258.7;0.0;0.0;258.7;Pago
103039;2026-09-01 11:44:12;Mariana.Loureiro2004@Hotmail.Com;site;;;; DUDA15;144.7;21.7;14.9;137.9;Pago
103040;2026-09-01 13:45:14;Beatriz.Mercon40@Gmail.Com;site;email;newsletter;news_sep;;123.7;0.0;14.9;138.6;Cancelado
103041;2026-09-01 13:55:38;Thiago.Carvalho60@Icloud.Com;site;instagram;social;bio_link;;139.9;0.0;14.9;154.8;Pago
103042;2026-09-01 14:04:43;Caio.Oliveira8@Hotmail.Com;site;;;;;164.7;0.0;0.0;164.7;Aguardando pagamento
103043;2026-09-01 16:34:57;Camila.Mercon44@Yahoo.Com.Br;site;fb;paid;meta_prospeccao_blends; BEMVINDO10;229.7;22.97;0.0;206.73;Pago
103044;2026-09-01 16:44:56;Eduardo.Rocha1985@Outlook.Com;site;google;shopping;GOOGLE_SHOPPING;;249.7;0.0;0.0;249.7;Pago
103045;2026-09-01 17:58:05;Larissa.Dallabernardina@Gmail.Com;site;whatsapp;referral;indique_ganhe;;18.9;0.0;31.5;50.4;Pago
103046;2026-09-01 19:40:07;Gustavo.Oliveira41@Hotmail.Com;site;fb;paid;meta_prospeccao_blends;BEMVINDO10;189.7;18.97;0.0;170.73;Pago
103047;2026-09-01 21:16:50;Fernanda.Mercon37@Icloud.Com;site;google;cpc;GOOGLE_SEARCH_MARCA;;199.7;0.0;0.0;199.7;Pago
103048;2026-09-01 21:22:36;Mariana.Mercon@Gmail.Com;site;ig;cpc;Meta_Prospeccao_Blends ;;169.7;0.0;0.0;169.7;Pago
103049;2026-09-01 21:51:48;Gabriel.Carvalho2003@Gmail.Com;site;google;shopping;GOOGLE_SHOPPING;CAFE20;54.9;10.98;14.9;58.82;Pago
103050;2026-09-01 23:22:51;Felipe.Dallabernardina71@Hotmail.Com;site;instagram;social;bio_link;;309.7;0.0;0.0;309.7;Cancelado
103051;2026-09-01 23:25:27;Aline.Almeida97@Outlook.Com;site;instagram;social;bio_link;;139.9;0.0;22.9;162.8;Cancelado
103052;2026-09-02 06:39:13;Thiago.Nascimento99@Gmail.Com;site;ig;cpc;Meta_Prospeccao_Blends ;CAFE20;159.6;31.92;14.9;142.58;Pago
103053;2026-09-02 06:55:12;Lucas.Carvalho@Hotmail.Com;site;instagram;social;bio_link;CAFE20 ;229.7;45.94;0.0;183.76;Pago
103054;2026-09-02 08:05:51;Thiago.Santos1994@Hotmail.Com;assinatura;;;;;69.9;6.99;0.0;62.91;Pago
103055;2026-09-02 08:40:41;Debora.Mercon613@Yahoo.Com.Br;site;;;;BIA10;69.9;6.99;22.9;85.81;Pago
103056;2026-09-02 10:04:02;Diego.Carvalho1980@Outlook.Com;assinatura;;;;;69.9;6.99;0.0;62.91;Pago
103057;2026-09-02 10:55:09;Bruno.Souza97@Gmail.Com;site;instagram;cpc;META_PROSPECCAO_BLENDS;PRIMEIRACOMPRA;44.9;6.73;14.9;53.07;Pago
103058;2026-09-02 13:25:19;Aline.Araujo70@Gmail.Com;site;facebook;cpc;META_PROSPECCAO_BLENDS;CAFE20;104.8;20.96;14.9;98.74;Pago
103059;2026-09-02 14:08:24;Caio.Pimentel2000@Gmail.Com;site;;;;;109.8;0.0;14.9;124.7;Pago
103060;2026-09-02 18:18:18;Larissa.Costa257@Hotmail.Com;site;facebook;cpc;META_PROSPECCAO_BLENDS;PRIMEIRACOMPRA;409.7;61.45;0.0;348.25;Pago
103061;2026-09-02 20:37:45;Leticia.Mercon@Gmail.Com;site;google;organic;;;44.9;0.0;14.9;59.8;Aguardando pagamento
103062;2026-09-02 21:41:28;Carlos.Ferreira@Icloud.Com;site;;;;;239.8;0.0;0.0;239.8;Pago
103063;2026-09-02 22:55:19;Aline.Araujo1986@Gmail.Com;site;;;;;389.7;0.0;0.0;389.7;Pago
103064;2026-09-02 23:49:05;Gabriela.Dallabernardina92@Icloud.Com;site;instagram;social;bio_link;;18.9;0.0;14.9;33.8;Pago
103065;2026-09-03 07:00:34;Carolina.Simoes2006@Gmail.Com;site;instagram;influencer;INFLU_CAFE_COM_BIA;BIA10;169.7;16.97;0.0;152.73;Pago
103066;2026-09-03 07:23:26;Renata.Pimentel161@Hotmail.Com;assinatura;;;;;69.9;6.99;0.0;62.91;Pago
103067;2026-09-03 08:09:12;Leonardo.Rocha48@Gmail.Com;assinatura;;;;;69.9;6.99;0.0;62.91;Pago
103068;2026-09-03 12:36:41;Juliana.Simoes1983@Hotmail.Com;site;;;;;239.8;0.0;0.0;239.8;Pago
103069;2026-09-03 14:52:10;Aline.Zanotti1998@Gmail.Com;site;;;;;94.8;0.0;14.9;109.7;Aguardando pagamento
103070;2026-09-03 19:21:15;Patricia.Martins@Hotmail.Com;site;;;;;119.9;0.0;14.9;134.8;Pago
103071;2026-09-03 19:49:32;Camila.Barbosa@Gmail.Com;site;;;;;164.7;0.0;0.0;164.7;Cancelado
103072;2026-09-03 20:13:19;Gabriela.Simoes1982@Gmail.Com;site;google;organic;;;184.8;0.0;0.0;184.8;Pago
103073;2026-09-03 22:06:40;Bruno.Moreira1998@Outlook.Com;site;instagram;social;bio_link;;379.5;0.0;0.0;379.5;Pago
103074;2026-09-03 22:21:13;Carlos.Moreira55@Icloud.Com;site;facebook;cpc;META_PROSPECCAO_BLENDS;primeiracompra;439.7;65.95;0.0;373.75;Pago
103075;2026-09-04 06:48:01;Mariana.Silva@Gmail.Com;site;email;newsletter;news_sep;;209.8;0.0;0.0;209.8;Pago
103076;2026-09-04 06:50:53;Julia.Santos1997@Gmail.Com;site;;;;;139.9;0.0;14.9;154.8;Pago
103077;2026-09-04 06:52:03;Caio.Simoes406@Outlook.Com;site;fb;paid;meta_prospeccao_blends;primeiracompra;179.7;26.95;0.0;152.75;Pago
103078;2026-09-04 08:01:46;Gabriela.Silva1993@Yahoo.Com.Br;site;;;;;279.8;0.0;0.0;279.8;Pago
103079;2026-09-04 10:41:59;Lucas.Mercon39@Hotmail.Com;site;google;cpc;GOOGLE_SEARCH_MARCA;;24.9;0.0;22.9;47.8;Pago
103080;2026-09-04 10:48:31;Mariana.Souza97@Hotmail.Com;site;google;cpc;google_search_generico;;149.7;0.0;14.9;164.6;Pago
103081;2026-09-04 12:56:50;Rafael.Souza35@Gmail.Com;site;google;organic;; BEMVINDO10;139.9;13.99;14.9;140.81;Pago
103082;2026-09-04 15:07:50;Felipe.Mercon2001@Gmail.Com;site;;;;BIA10;169.8;16.98;0.0;152.82;Pago
103083;2026-09-04 17:21:09;Gabriela.Almeida1985@Icloud.Com;assinatura;;;;;69.9;6.99;0.0;62.91;Aguardando pagamento
103084;2026-09-04 18:25:10;Patricia.Nascimento@Gmail.Com;site;google;cpc;GOOGLE_SEARCH_MARCA;;129.8;0.0;14.9;144.7;Pago
103085;2026-09-04 18:49:10;Marcelo.Pereira72@Gmail.Com;assinatura;;;;;69.9;6.99;0.0;62.91;Pago
103086;2026-09-04 19:03:41;Bruna.Ribeiro11@Yahoo.Com.Br;site;instagram;influencer;INFLU_DUDA_BARISTA;BIA10;119.7;11.97;14.9;122.63;Pago
103087;2026-09-04 19:38:58;Camila.Mercon28@Gmail.Com;site;instagram;social;bio_link;;24.9;0.0;14.9;39.8;Pago
103088;2026-09-04 21:14:00;Luiza.Martins1999@Gmail.Com;site;facebook;cpc;META_REMARKETING;FRETEGRATIS;159.9;0.0;0.0;159.9;Pago
103089;2026-09-04 21:38:15;Fabio.Martins49@Gmail.Com;site;instagram;social;bio_link;;138.8;0.0;14.9;153.7;Pago
103090;2026-09-04 23:04:22;Fabio.Zanotti2004@Gmail.Com;site;google;cpc;GOOGLE_SEARCH_GENERICO;PRIMEIRACOMPRA;249.7;37.45;0.0;212.25;Pago
103091;2026-09-04 23:59:03;Joao.Zanotti1991@Yahoo.Com.Br;assinatura;;;;;69.9;6.99;0.0;62.91;Pago
103092;2026-09-05 08:17:10;Debora.Mercon@Gmail.Com;site;email;newsletter;news_sep;;49.9;0.0;14.9;64.8;Pago
103092;2026-09-05 08:17:10;Debora.Mercon@Gmail.Com;site;email;newsletter;news_sep;;49.9;0.0;14.9;64.8;Pago
103093;2026-09-05 09:12:58;Debora.Mercon1996@Hotmail.Com;site;instagram;social;bio_link;;99.8;0.0;14.9;114.7;Pago
103094;2026-09-05 09:44:47;Gabriela.Moreira2004@Hotmail.Com;site;google;cpc;GOOGLE_SEARCH_GENERICO;;119.9;0.0;31.5;151.4;Reembolsado
103095;2026-09-05 10:59:49;Joao.Simoes@Gmail.Com;site;google;cpc;google_search_generico;BEMVINDO10;229.8;22.98;0.0;206.82;Pago
103096;2026-09-05 12:12:33;Juliana.Nascimento@Gmail.Com;site;email;newsletter;news_sep;;159.9;0.0;0.0;159.9;Pago
103097;2026-09-05 13:10:29;Juliana.Ribeiro1993@Gmail.Com;site;;;;;189.8;0.0;0.0;189.8;Reembolsado
103098;2026-09-05 13:42:31;Rodrigo.Ferreira21@Gmail.Com;site;facebook;cpc;META_PROSPECCAO_BLENDS;CAFE20;309.7;61.94;0.0;247.76;Pago
103099;2026-09-05 14:03:20;Juliana.Barbosa2@Gmail.Com;site;;;;;18.9;0.0;14.9;33.8;Pago
103100;2026-09-05 14:21:53;Priscila.Mercon70@Gmail.Com;site;google;cpc;GOOGLE_SEARCH_MARCA;PRIMEIRACOMPRA;56.7;8.51;14.9;63.09;Pago
103101;2026-09-05 15:03:56;Maria.Loureiro2@Gmail.Com;assinatura;;;;;69.9;6.99;0.0;62.91;Reembolsado
103102;2026-09-05 15:58:14;Debora.Dallabernardina@Hotmail.Com;site;;;;BIA10;239.8;23.98;0.0;215.82;Pago
103103;2026-09-05 15:59:57;Camila.Costa1999@Gmail.Com;site;instagram;social;bio_link;;159.9;0.0;0.0;159.9;Pago
103104;2026-09-05 16:42:05;Leticia.Nascimento1990@Outlook.Com;site;instagram;cpc;META_REMARKETING;;374.6;0.0;0.0;374.6;Pago
103105;2026-09-05 17:31:45;Pedro.Costa1981@Outlook.Com;site;fb;paid;meta_prospeccao_blends;BEMVINDO10;49.9;4.99;14.9;59.81;Reembolsado
103106;2026-09-05 17:47:51;Luiza.Rodrigues979@Gmail.Com;site;google;cpc;GOOGLE_SEARCH_MARCA;;119.9;0.0;14.9;134.8;Pago
103107;2026-09-05 18:33:37;Priscila.Rocha@Hotmail.Com;site;google;cpc;GOOGLE_SEARCH_GENERICO;;229.7;0.0;0.0;229.7;Pago
103108;2026-09-05 20:43:03;Eduardo.Rodrigues2003@Hotmail.Com;site;google;cpc;GOOGLE_SEARCH_MARCA;;119.9;0.0;14.9;134.8;Pago
103109;2026-09-05 20:51:15;Fernanda.Lima@Icloud.Com;site;;;;;104.8;0.0;14.9;119.7;Pago
103110;2026-09-05 21:33:49;Mateus.Zanotti1985@Gmail.Com;site;instagram;influencer;INFLU_CAFE_COM_BIA;BIA10;89.9;8.99;14.9;95.81;Pago
103111;2026-09-05 21:49:48;Marcelo.Santos1996@Gmail.Com;site;instagram;influencer;INFLU_DUDA_BARISTA;BIA10;194.6;19.46;0.0;175.14;Pago
103112;2026-09-05 21:53:32;Patricia.Carvalho1987@Hotmail.Com;site;facebook;cpc;META_PROSPECCAO_BLENDS;BEMVINDO10;479.7;47.97;0.0;431.73;Pago
103113;2026-09-05 21:55:19;Thais.Carvalho46@Hotmail.Com;site;google;cpc;GOOGLE_SEARCH_MARCA;;54.9;0.0;14.9;69.8;Pago
103114;2026-09-05 22:32:04;Gabriela.Araujo72@Gmail.Com;site;fb;paid;meta_prospeccao_blends;BEMVINDO10;74.7;7.47;14.9;82.13;Pago
103115;2026-09-05 23:41:50;Camila.Rodrigues12@Gmail.Com;site;email;newsletter;news_sep;;199.8;0.0;0.0;199.8;Pago
103116;2026-09-06 06:18:43;Priscila.Costa61@Gmail.Com;site;google;cpc;GOOGLE_SEARCH_MARCA;;54.9;0.0;22.9;77.8;Pago
103117;2026-09-06 07:21:04;Julia.Ferreira1994@Yahoo.Com.Br;site;;;;BIA10;119.9;11.99;14.9;122.81;Pago
103118;2026-09-06 07:21:24;Juliana.Santos23@Gmail.Com;site;ig;cpc;Meta_Prospeccao_Blends ; BEMVINDO10;54.9;5.49;14.9;64.31;Cancelado
103119;2026-09-06 08:07:45;Eduardo.Pereira2@Icloud.Com;site;;;;;174.7;0.0;0.0;174.7;Pago
103120;2026-09-06 09:38:24;Juliana.Souza@Outlook.Com;site;whatsapp;referral;indique_ganhe; INDIQUE15;74.8;11.22;14.9;78.48;Pago
103121;2026-09-06 10:17:29;Thais.Zanotti96@Outlook.Com;site;;;;;174.8;0.0;0.0;174.8;Pago
103122;2026-09-06 12:02:43;Lucas.Carvalho1991@Hotmail.Com;site;google;cpc;GOOGLE_SEARCH_MARCA;;119.9;0.0;14.9;134.8;Pago
103123;2026-09-06 14:01:07;Beatriz.Dallabernardina19@Gmail.Com;site;facebook;cpc;META_REMARKETING;BEMVINDO10;184.8;18.48;0.0;166.32;Pago
103124;2026-09-06 14:05:46;Maria.Almeida46@Gmail.Com;site;google;cpc;GOOGLE_SEARCH_MARCA;;169.7;0.0;0.0;169.7;Pago
103125;2026-09-06 14:53:48;Marcelo.Dallabernardina@Hotmail.Com;site;google;cpc;GOOGLE_SEARCH_MARCA;;279.8;0.0;0.0;279.8;Pago
103126;2026-09-06 15:29:16;Renata.Carvalho116@Gmail.Com;site;instagram;cpc;META_PROSPECCAO_BLENDS;PRIMEIRACOMPRA;169.8;25.47;14.9;159.23;Pago
103127;2026-09-06 18:13:15;Camila.Rocha@Hotmail.Com;site;google;cpc;GOOGLE_SEARCH_MARCA;;139.9;0.0;22.9;162.8;Cancelado
103128;2026-09-06 19:04:41;Camila.Almeida1989@Hotmail.Com;site;google;cpc;GOOGLE_SHOPPING; CAFE20;219.8;43.96;0.0;175.84;Pago
103129;2026-09-06 23:22:41;Carolina.Lima28@Gmail.Com;site;ig;cpc;Meta_Prospeccao_Blends ;;749.4;0.0;0.0;749.4;Pago
103130;2026-09-06 23:55:03;Leticia.Almeida1998@Outlook.Com;site;;;;;69.9;0.0;14.9;84.8;Pago
103131;2026-09-07 06:54:36;Fernanda.Almeida2006@Icloud.Com;site;;;;;49.9;0.0;14.9;64.8;Pago
103132;2026-09-07 07:30:51;Marcelo.Santos@Yahoo.Com.Br;site;google;cpc;GOOGLE_SEARCH_MARCA;;239.8;0.0;0.0;239.8;Pago
103133;2026-09-07 09:10:52;Leonardo.Rodrigues2@Outlook.Com;site;whatsapp;referral;indique_ganhe;;518.4;0.0;0.0;518.4;Pago
103134;2026-09-07 09:59:11;Rafael.Oliveira18@Hotmail.Com;site;ig;cpc;Meta_Prospeccao_Blends ;;504.6;0.0;0.0;504.6;Pago
103135;2026-09-07 12:39:15;Luiza.Dallabernardina2004@Gmail.Com;assinatura;;;;;69.9;6.99;0.0;62.91;Pago
103136;2026-09-07 17:29:45;Debora.Ferreira1988@Gmail.Com;site;;;;CAFE20;18.9;3.78;31.5;46.62;Pago
103137;2026-09-07 19:03:19;Maria.Pimentel1993@Yahoo.Com.Br;site;google;cpc;GOOGLE_SEARCH_MARCA;FRETEGRATIS;403.4;0.0;0.0;403.4;Pago
103138;2026-09-07 19:07:22;Aline.Mercon1987@Gmail.Com;site;fb;paid;meta_prospeccao_blends;CAFE20;119.9;23.98;14.9;110.82;Pago
103139;2026-09-07 19:07:41;Carolina.Souza1980@Outlook.Com;site;instagram;influencer;INFLU_CAFE_COM_BIA;BIA10;69.9;6.99;14.9;77.81;Pago
103140;2026-09-07 20:30:07;Gabriela.Oliveira409@Gmail.Com;site;google;cpc;GOOGLE_SHOPPING;;49.9;0.0;31.5;81.4;Cancelado
103141;2026-09-07 23:31:41;Leticia.Santos93@Gmail.Com;site;instagram;social;bio_link;;44.9;0.0;31.5;76.4;Pago
103141;2026-09-07 23:31:41;Leticia.Santos93@Gmail.Com;site;instagram;social;bio_link;;44.9;0.0;31.5;76.4;Pago
103142;2026-09-08 06:07:59;Ana.Almeida@Gmail.Com;site;ig;cpc;Meta_Prospeccao_Blends ;CAFE20;374.7;74.94;0.0;299.76;Pago
103143;2026-09-08 06:36:29;Julia.Santos@Hotmail.Com;site;facebook;cpc;META_REMARKETING;;314.6;0.0;0.0;314.6;Pago
103144;2026-09-08 07:14:23;Thiago.Lima2001@Gmail.Com;site;instagram;cpc;META_REMARKETING;PRIMEIRACOMPRA;189.8;28.47;0.0;161.33;Pago
103145;2026-09-08 08:03:32;Lucas.Nascimento44@Gmail.Com;site;google;cpc;GOOGLE_SEARCH_MARCA;;338.7;0.0;0.0;338.7;Cancelado
103146;2026-09-08 08:43:59;Mariana.Nascimento1987@Gmail.Com;site;;;;;18.9;0.0;14.9;33.8;Pago
103147;2026-09-08 13:51:20;Beatriz.Souza1996@Gmail.Com;site;email;newsletter;news_sep;FRETEGRATIS;94.8;0.0;0.0;94.8;Pago
103148;2026-09-08 17:51:56;Caio.Costa1984@Gmail.Com;site;google;cpc;GOOGLE_SEARCH_MARCA;;339.6;0.0;0.0;339.6;Pago
103149;2026-09-08 19:22:19;Patricia.Carvalho1981@Gmail.Com;site;google;cpc;GOOGLE_SEARCH_GENERICO;BEMVINDO10;289.7;28.97;0.0;260.73;Pago
103150;2026-09-08 20:09:16;Gustavo.Gomes@Outlook.Com;site;email;newsletter;news_sep;;139.9;0.0;31.5;171.4;Pago
103151;2026-09-08 20:17:19;Debora.Gomes308@Gmail.Com;site;google;shopping;GOOGLE_SHOPPING;;99.8;0.0;14.9;114.7;Pago
103152;2026-09-08 20:23:25;Leonardo.Ferreira@Yahoo.Com.Br;site;;;;;474.6;0.0;0.0;474.6;Pago
103153;2026-09-08 20:24:19;Mateus.Simoes1995@Gmail.Com;site;google;cpc;GOOGLE_SEARCH_MARCA;;18.9;0.0;14.9;33.8;Pago
103154;2026-09-08 20:27:22;Rodrigo.Gomes22@Gmail.Com;site;instagram;cpc;META_PROSPECCAO_BLENDS;CAFE20;369.7;73.94;0.0;295.76;Pago
103155;2026-09-08 21:32:31;Pedro.Pimentel552@Gmail.Com;site;;;;;139.9;0.0;14.9;154.8;Pago
103156;2026-09-08 21:59:18;Julia.Carvalho@Gmail.Com;site;;;;;194.6;0.0;0.0;194.6;Pago
103157;2026-09-08 23:38:21;Camila.Nascimento@Hotmail.Com;site;instagram;influencer;INFLU_DUDA_BARISTA;BIA10;209.8;20.98;0.0;188.82;Pago
103158;2026-09-09 06:50:06;Rafael.Mercon@Gmail.Com;site;instagram;cpc;META_REMARKETING;;279.8;0.0;0.0;279.8;Pago
103159;2026-09-09 07:18:05;Camila.Martins76@Gmail.Com;site;fb;paid;meta_prospeccao_blends;CAFE20;49.9;9.98;14.9;54.82;Pago
103160;2026-09-09 07:38:57;Beatriz.Loureiro1993@Gmail.Com;site;instagram;influencer;INFLU_CAFE_COM_BIA;DUDA15;419.5;62.92;0.0;356.58;Pago
103161;2026-09-09 08:22:58;Pedro.Martins@Gmail.Com;site;email;newsletter;news_sep;;139.8;0.0;14.9;154.7;Pago
103162;2026-09-09 08:24:31;Renata.Ribeiro12@Gmail.Com;site;google;cpc;GOOGLE_SEARCH_MARCA;;49.9;0.0;14.9;64.8;Pago
103163;2026-09-09 09:19:06;Maria.Nascimento2002@Gmail.Com;site;google;cpc;GOOGLE_SEARCH_MARCA;;109.8;0.0;31.5;141.3;Pago
103164;2026-09-09 12:28:10;Rafael.Pimentel1995@Gmail.Com;assinatura;;;;;69.9;6.99;0.0;62.91;Pago
103165;2026-09-09 13:02:10;Gustavo.Moreira28@Gmail.Com;site;;;;;239.8;0.0;0.0;239.8;Pago
103166;2026-09-09 13:13:47;Renata.Moreira32@Yahoo.Com.Br;site;;;;;169.8;0.0;0.0;169.8;Pago
103167;2026-09-09 13:13:54;Bruno.Santos32@Gmail.Com;site;;;;;139.9;0.0;14.9;154.8;Pago
103168;2026-09-09 13:37:13;Joao.Costa@Gmail.Com;site;;;;;149.7;0.0;14.9;164.6;Pago
103169;2026-09-09 13:45:19;Aline.Araujo@Hotmail.Com;assinatura;;;;;69.9;6.99;0.0;62.91;Pago
103170;2026-09-09 13:48:11;Eduardo.Silva1999@Hotmail.Com;site;google;cpc;GOOGLE_SEARCH_GENERICO;;79.8;0.0;14.9;94.7;Pago
103171;2026-09-09 14:52:35;Rodrigo.Carvalho53@Icloud.Com;site;google;shopping;GOOGLE_SHOPPING;;359.6;0.0;0.0;359.6;Pago
103172;2026-09-09 17:12:05;Julia.Simoes591@Hotmail.Com;site;google;cpc;google_search_generico;;49.9;0.0;14.9;64.8;Pago
103173;2026-09-09 17:15:54;Patricia.Ferreira2004@Gmail.Com;site;instagram;social;bio_link;CAFE20;239.6;47.92;0.0;191.68;Pago
103174;2026-09-09 17:20:40;Maria.Loureiro41@Outlook.Com;site;google;cpc;GOOGLE_SEARCH_MARCA;;44.9;0.0;27.9;72.8;Pago
103175;2026-09-09 17:36:30;Gustavo.Martins2006@Gmail.Com;site;google;cpc;GOOGLE_SEARCH_MARCA;;189.8;0.0;0.0;189.8;Pago
103176;2026-09-09 19:23:08;Julia.Moreira@Hotmail.Com;site;instagram;cpc;META_PROSPECCAO_BLENDS;;49.9;0.0;14.9;64.8;Pago
103177;2026-09-09 19:50:18;Mariana.Silva1980@Gmail.Com;site;email;newsletter;news_sep;;54.9;0.0;14.9;69.8;Pago
103178;2026-09-09 20:42:41;Carlos.Mercon@Gmail.Com;assinatura;;;;;69.9;6.99;0.0;62.91;Pago
103179;2026-09-09 21:15:15;Andre.Simoes78@Icloud.Com;site;fb;paid;meta_prospeccao_blends;BEMVINDO10;89.9;8.99;14.9;95.81;Pago
103180;2026-09-09 21:32:28;Patricia.Dallabernardina76@Gmail.Com;site;instagram;social;bio_link;FRETEGRATIS;87.7;0.0;0.0;87.7;Pago
103181;2026-09-09 21:36:23;Andre.Loureiro1984@Gmail.Com;site;email;newsletter;news_sep;;44.9;0.0;14.9;59.8;Pago
103182;2026-09-09 21:41:08;Aline.Araujo49@Hotmail.Com;site;ig;cpc;Meta_Prospeccao_Blends ;PRIMEIRACOMPRA;229.8;34.47;0.0;195.33;Pago
103183;2026-09-09 21:41:11;Priscila.Rodrigues@Gmail.Com;site;email;newsletter;news_sep;;123.7;0.0;22.9;146.6;Pago
103184;2026-09-09 22:18:35;Mateus.Carvalho95@Gmail.Com;assinatura;;;;;69.9;6.99;0.0;62.91;Pago
103185;2026-09-10 06:00:22;Julia.Mercon1982@Gmail.Com;site;;;;BIA10;554.3;55.43;0.0;498.87;Pago
103186;2026-09-10 07:23:13;Gabriela.Dallabernardina429@Yahoo.Com.Br;site;facebook;cpc;META_PROSPECCAO_BLENDS;;399.7;0.0;0.0;399.7;Pago
103187;2026-09-10 08:18:21;Aline.Barbosa@Hotmail.Com;site;;;;;18.9;0.0;14.9;33.8;Pago
103188;2026-09-10 09:01:38;Pedro.Pimentel@Gmail.Com;site;instagram;social;bio_link;;49.9;0.0;31.5;81.4;Cancelado
103189;2026-09-10 11:47:11;Rodrigo.Pimentel81@Gmail.Com;site;instagram;social;bio_link;;119.9;0.0;14.9;134.8;Pago
103190;2026-09-10 12:43:31;Priscila.Mercon1986@Icloud.Com;site;facebook;cpc;META_PROSPECCAO_BLENDS;CAFE20;56.7;11.34;14.9;60.26;Pago
103191;2026-09-10 13:47:46;Carlos.Rocha62@Icloud.Com;site;google;cpc;GOOGLE_SHOPPING;CAFE20;79.9;15.98;14.9;78.82;Pago
103192;2026-09-10 14:05:43;Mariana.Almeida91@Gmail.Com;site;instagram;cpc;META_PROSPECCAO_BLENDS;BEMVINDO10;129.7;12.97;14.9;131.63;Pago
103193;2026-09-10 14:35:46;Fernanda.Simoes1998@Icloud.Com;site;google;cpc;google_search_generico;PRIMEIRACOMPRA;214.6;32.19;0.0;182.41;Pago
103194;2026-09-10 15:22:53;Fernanda.Almeida@Icloud.Com;assinatura;;;;;69.9;6.99;0.0;62.91;Cancelado
103195;2026-09-10 16:00:40;Julia.Carvalho43@Gmail.Com;site;facebook;cpc;META_PROSPECCAO_BLENDS;;159.9;0.0;0.0;159.9;Pago
103196;2026-09-10 16:38:46;Maria.Souza23@Gmail.Com;assinatura;;;;;69.9;6.99;0.0;62.91;Pago
103197;2026-09-10 17:19:16;Lucas.Zanotti@Yahoo.Com.Br;site;;;;;159.9;0.0;0.0;159.9;Pago
103198;2026-09-10 17:30:50;Rafael.Silva@Gmail.Com;site;facebook;cpc;META_PROSPECCAO_BLENDS;;69.9;0.0;31.5;101.4;Pago
103199;2026-09-10 17:52:54;Ana.Gomes@Hotmail.Com;site;google;cpc;GOOGLE_SEARCH_GENERICO;;199.7;0.0;0.0;199.7;Pago
103200;2026-09-10 18:11:21;Camila.Martins@Gmail.Com;site;;;;;219.7;0.0;0.0;219.7;Pago
103201;2026-09-11 06:06:42;Gabriel.Pimentel@Gmail.Com;site;google;cpc;GOOGLE_SEARCH_MARCA;;139.8;0.0;14.9;154.7;Pago
103202;2026-09-11 06:21:46;Pedro.Loureiro1990@Outlook.Com;site;google;cpc;google_search_generico;;127.6;0.0;14.9;142.5;Pago
103203;2026-09-11 06:33:28;Gabriel.Ferreira1989@Hotmail.Com;site;instagram;cpc;META_REMARKETING;;118.7;0.0;31.5;150.2;Pago
103204;2026-09-11 06:36:46;Bruna.Mercon71@Gmail.Com;site;instagram;cpc;META_REMARKETING;CAFE20;229.7;45.94;0.0;183.76;Cancelado
103205;2026-09-11 06:57:01;Caio.Dallabernardina11@Hotmail.Com;site;google;cpc;GOOGLE_SHOPPING;;49.9;0.0;27.9;77.8;Cancelado
103206;2026-09-11 08:48:41;Carlos.Gomes18@Hotmail.Com;assinatura;;;;;69.9;6.99;0.0;62.91;Pago
103207;2026-09-11 11:39:03;Camila.Martins2003@Yahoo.Com.Br;site;instagram;influencer;INFLU_CAFE_COM_BIA;DUDA15;99.7;14.96;14.9;99.64;Pago
103208;2026-09-11 12:26:00;Felipe.Lima1988@Hotmail.Com;site;google;cpc;GOOGLE_SEARCH_MARCA;;159.9;0.0;0.0;159.9;Pago
103209;2026-09-11 14:16:46;Ana.Ferreira@Gmail.Com;site;google;cpc;GOOGLE_SEARCH_MARCA;;153.7;0.0;0.0;153.7;Pago
103210;2026-09-11 15:38:50;Bruno.Souza61@Gmail.Com;site;;;;;63.8;0.0;22.9;86.7;Pago
103211;2026-09-11 16:18:06;Gustavo.Silva51@Gmail.Com;site;google;cpc;GOOGLE_SEARCH_MARCA;;589.5;0.0;0.0;589.5;Pago
103212;2026-09-11 16:32:49;Thiago.Carvalho59@Gmail.Com;site;email;newsletter;news_sep;;219.7;0.0;0.0;219.7;Pago
103213;2026-09-11 17:51:54;Beatriz.Carvalho@Gmail.Com;site;google;cpc;GOOGLE_SEARCH_MARCA;;379.7;0.0;0.0;379.7;Pago
103214;2026-09-11 20:10:11;Bruno.Simoes@Gmail.Com;site;;;;;229.8;0.0;0.0;229.8;Pago
103215;2026-09-11 20:24:27;Camila.Pimentel80@Gmail.Com;site;google;cpc;GOOGLE_SEARCH_MARCA;;291.3;0.0;0.0;291.3;Pago
103216;2026-09-11 21:08:53;Ana.Oliveira38@Gmail.Com;site;google;shopping;GOOGLE_SHOPPING;;399.5;0.0;0.0;399.5;Pago
103217;2026-09-12 06:54:55;Maria.Dallabernardina1996@Gmail.Com;site;;;;;184.7;0.0;0.0;184.7;Pago
103218;2026-09-12 06:57:05;Diego.Silva@Gmail.Com;site;facebook;cpc;META_PROSPECCAO_BLENDS;CAFE20;69.9;13.98;14.9;70.82;Pago
103219;2026-09-12 07:20:26;Ana.Moreira89@Hotmail.Com;site;google;cpc;GOOGLE_SEARCH_MARCA;;379.3;0.0;0.0;379.3;Pago
103220;2026-09-12 09:42:47;Juliana.Almeida@Hotmail.Com;site;facebook;cpc;META_PROSPECCAO_BLENDS;BEMVINDO10;149.8;14.98;14.9;149.72;Cancelado
103221;2026-09-12 10:17:07;Felipe.Martins91@Gmail.Com;site;;;;BIA10;319.8;31.98;0.0;287.82;Cancelado
103222;2026-09-12 11:27:02;Priscila.Carvalho16@Yahoo.Com.Br;site;instagram;social;bio_link;;98.8;0.0;22.9;121.7;Cancelado
103223;2026-09-12 13:07:01;Diego.Oliveira@Gmail.Com;site;email;newsletter;news_sep;;44.9;0.0;22.9;67.8;Pago
103224;2026-09-12 13:43:37;Andre.Barbosa@Gmail.Com;site;fb;paid;meta_prospeccao_blends;;144.8;0.0;14.9;159.7;Reembolsado
103225;2026-09-12 14:56:05;Aline.Simoes80@Hotmail.Com;site;instagram;cpc;META_REMARKETING;;399.7;0.0;0.0;399.7;Pago
103226;2026-09-12 15:57:02;Renata.Almeida1982@Gmail.Com;site;instagram;social;bio_link;;254.7;0.0;0.0;254.7;Pago
103227;2026-09-12 18:17:57;Debora.Zanotti1991@Hotmail.Com;site;;;;;89.9;0.0;14.9;104.8;Pago
103228;2026-09-12 19:16:08;Gabriel.Oliveira78@Icloud.Com;site;;;;;112.5;0.0;27.9;140.4;Pago
103229;2026-09-12 20:02:40;Rafael.Dallabernardina31@Gmail.Com;site;email;newsletter;news_sep;CAFE20 ;199.8;39.96;0.0;159.84;Pago
103230;2026-09-12 23:04:12;Debora.Moreira@Hotmail.Com;site;;;;;479.7;0.0;0.0;479.7;Pago
103231;2026-09-13 07:17:46;Debora.Almeida43@Gmail.Com;site;google;cpc;GOOGLE_SEARCH_MARCA;;37.8;0.0;14.9;52.7;Pago
103232;2026-09-13 07:45:58;Mariana.Almeida5@Gmail.Com;assinatura;;;;;69.9;6.99;0.0;62.91;Pago
103233;2026-09-13 07:53:40;Thiago.Loureiro75@Icloud.Com;site;facebook;cpc;META_REMARKETING;;294.7;0.0;0.0;294.7;Cancelado
103234;2026-09-13 07:56:26;Luiza.Araujo581@Gmail.Com;site;;;;;164.8;0.0;0.0;164.8;Pago
103235;2026-09-13 09:13:58;Larissa.Araujo47@Icloud.Com;site;google;cpc;GOOGLE_SEARCH_MARCA;;18.9;0.0;14.9;33.8;Pago
103236;2026-09-13 11:42:22;Andre.Silva2004@Gmail.Com;site;google;cpc;GOOGLE_SEARCH_GENERICO;;54.9;0.0;14.9;69.8;Pago
103237;2026-09-13 13:11:57;Renata.Lima@Outlook.Com;site;fb;paid;meta_prospeccao_blends;BEMVINDO10;279.7;27.97;0.0;251.73;Cancelado
103238;2026-09-13 14:24:06;Camila.Santos@Hotmail.Com;site;email;newsletter;news_sep;;164.8;0.0;0.0;164.8;Pago
103239;2026-09-13 15:06:22;Rodrigo.Nascimento39@Gmail.Com;site;ig;cpc;Meta_Prospeccao_Blends ;CAFE20;89.9;17.98;14.9;86.82;Pago
103240;2026-09-13 15:18:17;Julia.Araujo@Gmail.Com;site;google;cpc;GOOGLE_SEARCH_MARCA;;143.7;0.0;14.9;158.6;Pago
103241;2026-09-13 16:43:12;Camila.Silva71@Hotmail.Com;assinatura;;;;;69.9;6.99;0.0;62.91;Pago
103242;2026-09-13 18:00:39;Gabriel.Lima@Gmail.Com;site;instagram;social;bio_link;;159.9;0.0;0.0;159.9;Pago
103243;2026-09-13 18:51:52;Bruna.Mercon89@Gmail.Com;site;instagram;social;bio_link;;94.8;0.0;14.9;109.7;Pago
103244;2026-09-13 18:55:21;Priscila.Pereira@Gmail.Com;site;;;;;79.8;0.0;14.9;94.7;Pago
103245;2026-09-13 19:28:42;Julia.Lima52@Outlook.Com;site;ig;cpc;Meta_Prospeccao_Blends ;;194.8;0.0;0.0;194.8;Pago
103246;2026-09-13 19:31:22;Pedro.Costa@Gmail.Com;site;google;shopping;GOOGLE_SHOPPING;;324.6;0.0;0.0;324.6;Pago
103247;2026-09-13 23:24:24;Beatriz.Lima1981@Gmail.Com;site;facebook;cpc;META_PROSPECCAO_BLENDS;;204.7;0.0;0.0;204.7;Pago
103248;2026-09-13 23:53:09;Camila.Martins86@Gmail.Com;site;google;shopping;GOOGLE_SHOPPING;;294.6;0.0;0.0;294.6;Pago
103249;2026-09-14 06:43:35;Lucas.Barbosa50@Gmail.Com;site;email;newsletter;news_sep;;79.9;0.0;14.9;94.8;Pago
103250;2026-09-14 06:59:59;Gustavo.Loureiro2000@Yahoo.Com.Br;site;;;;;99.7;0.0;14.9;114.6;Pago
103251;2026-09-14 07:55:40;Larissa.Nascimento2001@Outlook.Com;site;facebook;cpc;META_PROSPECCAO_BLENDS;CAFE20;254.6;50.92;0.0;203.68;Pago
103252;2026-09-14 08:57:06;Luiza.Zanotti70@Hotmail.Com;site;instagram;cpc;META_PROSPECCAO_BLENDS;BEMVINDO10;189.8;18.98;0.0;170.82;Pago
103253;2026-09-14 09:43:25;Gabriel.Simoes1988@Gmail.Com;site;whatsapp;referral;indique_ganhe;;119.9;0.0;14.9;134.8;Aguardando pagamento
103254;2026-09-14 10:15:18;Gabriela.Carvalho66@Gmail.Com;site;;;;;54.9;0.0;14.9;69.8;Pago
103255;2026-09-14 11:21:07;Fernanda.Loureiro1993@Gmail.Com;site;fb;paid;meta_prospeccao_blends;;334.5;0.0;0.0;334.5;Pago
103256;2026-09-14 12:00:03;Thais.Ribeiro@Hotmail.Com;site;;;;;679.4;0.0;0.0;679.4;Cancelado
103257;2026-09-14 13:13:48;Gustavo.Santos@Hotmail.Com;site;whatsapp;referral;indique_ganhe;;74.7;0.0;14.9;89.6;Pago
103258;2026-09-14 14:03:03;Julia.Carvalho1997@Gmail.Com;site;facebook;cpc;META_PROSPECCAO_BLENDS;BEMVINDO10;129.8;12.98;14.9;131.72;Pago
103259;2026-09-14 15:30:42;Maria.Gomes14@Gmail.Com;site;google;shopping;GOOGLE_SHOPPING;;119.9;0.0;14.9;134.8;Pago
103260;2026-09-14 16:02:28;Luiza.Carvalho@Outlook.Com;site;instagram;influencer;INFLU_CAFE_COM_BIA;BIA10;139.9;13.99;22.9;148.81;Pago
103261;2026-09-14 17:47:57;Diego.Gomes66@Icloud.Com;site;instagram;cpc;META_REMARKETING;CAFE20 ;119.9;23.98;14.9;110.82;Pago
103262;2026-09-14 18:42:17;Mariana.Carvalho@Outlook.Com;site;;;;;49.9;0.0;27.9;77.8;Pago
103263;2026-09-14 19:12:08;Mariana.Santos87@Hotmail.Com;site;instagram;influencer;INFLU_CAFE_COM_BIA;DUDA15;69.9;10.49;14.9;74.31;Pago
103264;2026-09-14 22:17:18;Juliana.Mercon41@Gmail.Com;site;google;cpc;GOOGLE_SEARCH_GENERICO;;18.9;0.0;14.9;33.8;Pago
103265;2026-09-14 22:25:02;Camila.Loureiro33@Gmail.Com;site;google;cpc;GOOGLE_SEARCH_MARCA;BEMVINDO10;129.8;12.98;31.5;148.32;Pago
103266;2026-09-14 23:02:11;Andre.Loureiro90@Gmail.Com;site;instagram;social;bio_link;;159.9;0.0;0.0;159.9;Cancelado
103267;2026-09-15 06:07:54;Leticia.Costa2005@Gmail.Com;site;;;;;139.8;0.0;14.9;154.7;Pago
103268;2026-09-15 06:23:58;Priscila.Costa1991@Gmail.Com;site;email;newsletter;news_sep;CAFE20;24.9;4.98;14.9;34.82;Pago
103269;2026-09-15 06:28:39;Thiago.Carvalho83@Icloud.Com;site;instagram;social;bio_link;;117.7;0.0;31.5;149.2;Pago
103270;2026-09-15 07:59:48;Juliana.Martins22@Yahoo.Com.Br;site;instagram;social;bio_link;;178.8;0.0;0.0;178.8;Pago
103271;2026-09-15 09:24:46;Leticia.Souza@Gmail.Com;site;instagram;influencer;INFLU_CAFE_COM_BIA;BIA10 ;243.5;24.35;0.0;219.15;Pago
103272;2026-09-15 11:32:18;Renata.Araujo2000@Outlook.Com;assinatura;;;;;69.9;6.99;0.0;62.91;Pago
103273;2026-09-15 13:17:51;Marcelo.Pereira34@Gmail.Com;assinatura;;;;;69.9;6.99;0.0;62.91;Pago
103273;2026-09-15 13:17:51;Marcelo.Pereira34@Gmail.Com;assinatura;;;;;69.9;6.99;0.0;62.91;Pago
103274;2026-09-15 14:05:05;Caio.Souza2000@Gmail.Com;site;google;cpc;GOOGLE_SEARCH_MARCA;;324.5;0.0;0.0;324.5;Pago
103275;2026-09-15 14:24:20;Caio.Costa1986@Hotmail.Com;site;facebook;cpc;META_PROSPECCAO_BLENDS;;54.9;0.0;14.9;69.8;Pago
103276;2026-09-15 15:16:23;Larissa.Gomes@Gmail.Com;site;;;;;119.9;0.0;14.9;134.8;Reembolsado
103277;2026-09-15 15:19:26;Rodrigo.Gomes82@Gmail.Com;site;instagram;cpc;META_PROSPECCAO_BLENDS;PRIMEIRACOMPRA;89.9;13.49;27.9;104.31;Pago
103278;2026-09-15 15:57:42;Gabriela.Costa@Gmail.Com;site;google;cpc;GOOGLE_SEARCH_MARCA;FRETEGRATIS;159.9;0.0;0.0;159.9;Pago
103279;2026-09-15 16:04:28;Lucas.Rocha1988@Hotmail.Com;site;google;cpc;GOOGLE_SEARCH_GENERICO;;44.9;0.0;14.9;59.8;Pago
103280;2026-09-15 16:57:53;Thais.Santos2002@Gmail.Com;assinatura;;;;;69.9;6.99;0.0;62.91;Pago
103281;2026-09-15 17:16:39;Patricia.Carvalho1981@Gmail.Com;assinatura;;;;;69.9;6.99;0.0;62.91;Pago
103282;2026-09-15 18:43:03;Rodrigo.Martins35@Icloud.Com;site;google;cpc;google_search_generico;;24.9;0.0;27.9;52.8;Cancelado
103283;2026-09-15 20:32:19;Renata.Pereira@Hotmail.Com;site;email;newsletter;news_sep;;69.9;0.0;14.9;84.8;Pago
103284;2026-09-15 21:53:35;Priscila.Oliveira1991@Yahoo.Com.Br;site;google;cpc;GOOGLE_SEARCH_MARCA;;54.9;0.0;14.9;69.8;Pago
103285;2026-09-15 21:59:28;Diego.Nascimento60@Gmail.Com;site;;;;;104.8;0.0;31.5;136.3;Pago
103286;2026-09-15 23:02:09;Gabriel.Simoes@Gmail.Com;site;;;;bia10;37.8;3.78;27.9;61.92;Pago
103287;2026-09-15 23:18:08;Priscila.Martins8@Hotmail.Com;site;google;cpc;GOOGLE_SHOPPING;PRIMEIRACOMPRA;44.9;6.73;14.9;53.07;Pago
103288;2026-09-16 07:23:11;Priscila.Costa2000@Outlook.Com;site;facebook;cpc;META_PROSPECCAO_BLENDS;CAFE20;159.9;31.98;14.9;142.82;Pago
103289;2026-09-16 08:44:51;Thais.Dallabernardina@Yahoo.Com.Br;site;instagram;cpc;META_PROSPECCAO_BLENDS;;159.9;0.0;0.0;159.9;Pago
103290;2026-09-16 11:50:07;Gabriel.Ribeiro60@Hotmail.Com;site;instagram;cpc;META_PROSPECCAO_BLENDS;PRIMEIRACOMPRA;124.7;18.7;14.9;120.9;Pago
103291;2026-09-16 12:50:22;Caio.Moreira@Gmail.Com;site;google;shopping;GOOGLE_SHOPPING;;169.8;0.0;0.0;169.8;Pago
103292;2026-09-16 13:00:45;Leticia.Pereira1990@Gmail.Com;site;facebook;cpc;META_REMARKETING; BEMVINDO10;174.7;17.47;0.0;157.23;Pago
103293;2026-09-16 17:08:52;Bruna.Carvalho1980@Hotmail.Com;site;fb;paid;meta_prospeccao_blends;;49.9;0.0;14.9;64.8;Pago
103294;2026-09-16 17:26:54;Julia.Ribeiro45@Gmail.Com;site;google;cpc;GOOGLE_SEARCH_MARCA; CAFE20;279.6;55.92;0.0;223.68;Pago
103295;2026-09-16 17:51:45;Patricia.Almeida2005@Gmail.Com;site;instagram;social;bio_link;;69.9;0.0;14.9;84.8;Pago
103296;2026-09-16 18:01:25;Fernanda.Moreira@Gmail.Com;site;;;;;309.7;0.0;0.0;309.7;Pago
103297;2026-09-16 18:16:34;Felipe.Gomes2006@Gmail.Com;site;email;newsletter;news_sep;;79.8;0.0;31.5;111.3;Pago
103298;2026-09-16 18:30:17;Maria.Oliveira1999@Hotmail.Com;site;google;cpc;GOOGLE_SEARCH_MARCA;fretegratis;49.9;0.0;0.0;49.9;Pago
103299;2026-09-16 19:28:33;Thiago.Pereira2001@Gmail.Com;site;;;;;139.9;0.0;14.9;154.8;Pago
103300;2026-09-16 20:49:41;Maria.Moreira83@Icloud.Com;site;ig;cpc;Meta_Prospeccao_Blends ;CAFE20;179.8;35.96;14.9;158.74;Pago
103301;2026-09-16 22:08:02;Maria.Loureiro@Gmail.Com;site;instagram;social;bio_link;BEMVINDO10;219.7;21.97;0.0;197.73;Cancelado
103302;2026-09-17 07:32:23;Fernanda.Lima69@Yahoo.Com.Br;site;;;;;49.9;0.0;14.9;64.8;Pago
103303;2026-09-17 08:07:48;Ana.Almeida1989@Yahoo.Com.Br;site;facebook;cpc;META_REMARKETING;CAFE20;134.8;26.96;31.5;139.34;Pago
103304;2026-09-17 12:15:36;Debora.Oliveira1994@Icloud.Com;site;;;;;69.8;0.0;14.9;84.7;Pago
103305;2026-09-17 12:28:57;Bruna.Araujo488@Gmail.Com;site;;;;;183.7;0.0;0.0;183.7;Pago
103306;2026-09-17 12:33:24;Camila.Nascimento1987@Gmail.Com;site;facebook;cpc;META_REMARKETING;;49.9;0.0;22.9;72.8;Pago
103307;2026-09-17 12:50:25;Ana.Lima1989@Gmail.Com;site;;;;;99.8;0.0;14.9;114.7;Pago
103308;2026-09-17 13:12:28;Juliana.Ferreira1991@Gmail.Com;site;facebook;cpc;META_REMARKETING;;159.9;0.0;0.0;159.9;Pago
103309;2026-09-17 14:17:47;Thiago.Barbosa67@Gmail.Com;site;instagram;cpc;META_PROSPECCAO_BLENDS;BEMVINDO10;189.7;18.97;0.0;170.73;Pago
103310;2026-09-17 14:29:19;Fernanda.Ribeiro@Gmail.Com;site;google;cpc;GOOGLE_SEARCH_MARCA;;89.9;0.0;14.9;104.8;Pago
103311;2026-09-17 15:15:19;Leticia.Almeida524@Gmail.Com;site;instagram;influencer;INFLU_DUDA_BARISTA;BIA10;278.6;27.86;0.0;250.74;Pago
103312;2026-09-17 16:17:54;Ana.Loureiro47@Yahoo.Com.Br;site;instagram;social;bio_link;;179.7;0.0;0.0;179.7;Pago
103313;2026-09-17 16:38:32;Renata.Lima912@Outlook.Com;site;google;cpc;GOOGLE_SEARCH_MARCA;;359.6;0.0;0.0;359.6;Pago
103314;2026-09-17 16:59:41;Ana.Santos@Icloud.Com;site;google;cpc;GOOGLE_SEARCH_MARCA;;139.8;0.0;14.9;154.7;Pago
103315;2026-09-17 18:43:45;Luiza.Barbosa95@Yahoo.Com.Br;site;google;cpc;GOOGLE_SHOPPING;BEMVINDO10;89.9;8.99;14.9;95.81;Aguardando pagamento
103316;2026-09-17 20:07:03;Maria.Pimentel2001@Hotmail.Com;site;facebook;cpc;META_PROSPECCAO_BLENDS;;89.9;0.0;27.9;117.8;Pago
103317;2026-09-17 21:30:13;Luiza.Lima17@Gmail.Com;site;facebook;cpc;META_REMARKETING;PRIMEIRACOMPRA;189.8;28.47;0.0;161.33;Pago
103318;2026-09-17 23:54:29;Eduardo.Gomes46@Hotmail.Com;site;google;cpc;GOOGLE_SHOPPING;;259.8;0.0;0.0;259.8;Pago
103319;2026-09-18 07:39:25;Priscila.Nascimento22@Icloud.Com;site;instagram;cpc;META_PROSPECCAO_BLENDS;PRIMEIRACOMPRA;234.7;35.2;0.0;199.5;Pago
103320;2026-09-18 07:45:18;Julia.Barbosa52@Outlook.Com;site;instagram;social;bio_link;;148.7;0.0;14.9;163.6;Pago
103321;2026-09-18 11:53:51;Thiago.Simoes@Gmail.Com;site;;;;;89.9;0.0;14.9;104.8;Pago
103322;2026-09-18 12:24:59;Maria.Santos1997@Gmail.Com;site;;;;;98.8;0.0;31.5;130.3;Pago
103323;2026-09-18 13:04:42;Bruna.Martins1998@Hotmail.Com;site;google;cpc;google_search_generico;;18.9;0.0;14.9;33.8;Pago
103324;2026-09-18 13:29:35;Carlos.Souza@Gmail.Com;site;;;;;79.9;0.0;31.5;111.4;Pago
103325;2026-09-18 17:22:47;Bruna.Araujo103@Gmail.Com;site;instagram;cpc;META_PROSPECCAO_BLENDS;PRIMEIRACOMPRA;129.8;19.47;14.9;125.23;Pago
103326;2026-09-18 17:59:33;Carolina.Zanotti1991@Hotmail.Com;site;;;;INDIQUE15;134.8;20.22;14.9;129.48;Pago
103327;2026-09-18 19:45:10;Thiago.Rodrigues2000@Hotmail.Com;site;google;cpc;GOOGLE_SEARCH_MARCA;;79.9;0.0;14.9;94.8;Pago
103328;2026-09-18 22:40:12;Mariana.Silva1988@Gmail.Com;site;google;organic;;;319.6;0.0;0.0;319.6;Pago
103329;2026-09-18 23:09:08;Debora.Nascimento67@Hotmail.Com;site;instagram;social;bio_link;;74.8;0.0;14.9;89.7;Pago
103330;2026-09-18 23:53:04;Fabio.Simoes2005@Hotmail.Com;site;google;cpc;GOOGLE_SEARCH_MARCA;;99.8;0.0;14.9;114.7;Pago
103331;2026-09-19 06:56:52;Gabriela.Nascimento1991@Gmail.Com;assinatura;;;;;69.9;6.99;0.0;62.91;Pago
103332;2026-09-19 07:29:59;Leticia.Oliveira@Gmail.Com;site;instagram;cpc;META_PROSPECCAO_BLENDS;;139.9;0.0;14.9;154.8;Pago
103333;2026-09-19 08:15:35;Ana.Gomes2001@Gmail.Com;site;;;;;159.9;0.0;0.0;159.9;Pago
103334;2026-09-19 09:58:43;Mariana.Souza1993@Hotmail.Com;assinatura;;;;;69.9;6.99;0.0;62.91;Pago
103335;2026-09-19 10:17:39;Leticia.Oliveira1981@Hotmail.Com;site;;;;;354.4;0.0;0.0;354.4;Pago
103336;2026-09-19 10:34:23;Debora.Dallabernardina36@Gmail.Com;site;email;newsletter;news_sep;;359.6;0.0;0.0;359.6;Pago
103337;2026-09-19 11:14:03;Gabriela.Loureiro76@Gmail.Com;site;email;newsletter;news_sep;;49.9;0.0;14.9;64.8;Pago
103338;2026-09-19 11:58:50;Beatriz.Gomes2003@Gmail.Com;site;google;cpc;GOOGLE_SEARCH_GENERICO;;209.8;0.0;0.0;209.8;Pago
103339;2026-09-19 12:18:26;Debora.Pimentel90@Gmail.Com;site;;;;;339.5;0.0;0.0;339.5;Pago
103340;2026-09-19 12:41:48;Patricia.Carvalho85@Gmail.Com;site;;;;;439.6;0.0;0.0;439.6;Pago
103341;2026-09-19 14:00:16;Carolina.Lima41@Hotmail.Com;site;google;cpc;GOOGLE_SEARCH_GENERICO;;189.6;0.0;0.0;189.6;Pago
103342;2026-09-19 15:28:39;Debora.Rocha@Hotmail.Com;site;facebook;cpc;META_PROSPECCAO_BLENDS;BEMVINDO10;79.9;7.99;14.9;86.81;Pago
103343;2026-09-19 15:40:16;Renata.Carvalho1981@Gmail.Com;site;email;newsletter;news_sep;CAFE20;44.9;8.98;14.9;50.82;Pago
103344;2026-09-19 16:32:01;Renata.Oliveira49@Hotmail.Com;site;instagram;cpc;META_REMARKETING;PRIMEIRACOMPRA;54.9;8.23;14.9;61.57;Reembolsado
103345;2026-09-19 17:54:02;Juliana.Silva16@Gmail.Com;site;google;organic;;;164.8;0.0;0.0;164.8;Pago
103346;2026-09-19 21:17:20;Gabriel.Oliveira1980@Outlook.Com;site;;;;;69.9;0.0;14.9;84.8;Pago
103347;2026-09-19 22:17:49;Thiago.Ferreira1987@Gmail.Com;assinatura;;;;;69.9;6.99;0.0;62.91;Pago
103348;2026-09-19 22:55:54;Vinicius.Carvalho1991@Outlook.Com;site;google;shopping;GOOGLE_SHOPPING;;119.9;0.0;14.9;134.8;Pago
103349;2026-09-20 07:22:33;Carolina.Santos27@Hotmail.Com;assinatura;;;;;69.9;6.99;0.0;62.91;Pago
103350;2026-09-20 09:54:56;Gabriela.Martins2001@Hotmail.Com;site;;;;;389.5;0.0;0.0;389.5;Cancelado
103351;2026-09-20 10:01:30;Pedro.Costa1997@Gmail.Com;site;instagram;social;bio_link;;44.9;0.0;14.9;59.8;Pago
103352;2026-09-20 11:38:55;Leticia.Costa87@Outlook.Com;site;;;;;79.9;0.0;14.9;94.8;Pago
103353;2026-09-20 11:52:20;Rafael.Araujo1987@Gmail.Com;site;google;cpc;GOOGLE_SEARCH_MARCA;;319.8;0.0;0.0;319.8;Pago
103354;2026-09-20 12:55:04;Gustavo.Araujo1981@Yahoo.Com.Br;assinatura;;;;;69.9;6.99;0.0;62.91;Pago
103355;2026-09-20 13:48:26;Vinicius.Almeida42@Gmail.Com;site;google;organic;;CAFE20;44.9;8.98;14.9;50.82;Pago
103356;2026-09-20 15:50:46;Camila.Pereira9@Icloud.Com;site;google;organic;;BEMVINDO10;399.6;39.96;0.0;359.64;Pago
103357;2026-09-20 19:19:39;Thais.Carvalho@Gmail.Com;site;email;newsletter;news_sep;;204.8;0.0;0.0;204.8;Pago
103358;2026-09-20 20:21:26;Gustavo.Ferreira@Hotmail.Com;assinatura;;;;;69.9;6.99;0.0;62.91;Pago
103359;2026-09-20 20:32:47;Marcelo.Moreira@Hotmail.Com;site;instagram;influencer;INFLU_DUDA_BARISTA;DUDA15;49.9;7.48;22.9;65.32;Pago
103360;2026-09-20 20:35:18;Eduardo.Almeida@Gmail.Com;site;google;cpc;google_search_generico;;92.7;0.0;14.9;107.6;Pago
103361;2026-09-20 21:59:20;Carlos.Lima1995@Yahoo.Com.Br;site;facebook;cpc;META_PROSPECCAO_BLENDS;primeiracompra;69.9;10.49;14.9;74.31;Pago
103362;2026-09-20 22:00:36;Camila.Costa78@Gmail.Com;site;;;;DUDA15;18.9;2.83;14.9;30.97;Pago
103363;2026-09-21 07:27:24;Fernanda.Silva95@Outlook.Com;site;instagram;influencer;INFLU_CAFE_COM_BIA;;649.4;0.0;0.0;649.4;Pago
103364;2026-09-21 09:35:20;Patricia.Pimentel@Icloud.Com;site;;;;CAFE20;49.9;9.98;14.9;54.82;Pago
103365;2026-09-21 10:00:12;Bruna.Simoes@Hotmail.Com;site;instagram;influencer;INFLU_CAFE_COM_BIA;DUDA15;89.9;13.49;14.9;91.31;Pago
103366;2026-09-21 10:05:29;Priscila.Dallabernardina68@Gmail.Com;site;;;;;279.5;0.0;0.0;279.5;Pago
103367;2026-09-21 11:55:58;Fernanda.Silva2001@Yahoo.Com.Br;site;email;newsletter;news_sep;;319.8;0.0;0.0;319.8;Pago
103368;2026-09-21 12:25:11;Beatriz.Simoes55@Gmail.Com;site;email;newsletter;news_sep;FRETEGRATIS;159.9;0.0;0.0;159.9;Pago
103369;2026-09-21 13:08:10;Felipe.Ferreira@Gmail.Com;site;facebook;cpc;META_PROSPECCAO_BLENDS;;123.7;0.0;31.5;155.2;Pago
103370;2026-09-21 13:43:07;Eduardo.Almeida1994@Gmail.Com;site;google;cpc;GOOGLE_SEARCH_MARCA;;298.7;0.0;0.0;298.7;Pago
103371;2026-09-21 13:54:23;Debora.Almeida45@Yahoo.Com.Br;site;;;;;159.9;0.0;0.0;159.9;Cancelado
103372;2026-09-21 14:13:37;Thais.Ferreira96@Yahoo.Com.Br;site;email;newsletter;news_sep;FRETEGRATIS;92.7;0.0;0.0;92.7;Pago
103373;2026-09-21 14:22:37;Priscila.Pereira2000@Outlook.Com;site;google;cpc;GOOGLE_SEARCH_MARCA;;279.8;0.0;0.0;279.8;Pago
103374;2026-09-21 15:42:08;Priscila.Pereira14@Gmail.Com;site;google;cpc;GOOGLE_SEARCH_MARCA;CAFE20;229.6;45.92;0.0;183.68;Pago
103375;2026-09-21 18:18:39;Fabio.Oliveira@Outlook.Com;site;instagram;social;bio_link;FRETEGRATIS;44.9;0.0;0.0;44.9;Pago
103376;2026-09-21 18:19:24;Fabio.Oliveira2005@Gmail.Com;site;email;newsletter;news_sep;;79.9;0.0;14.9;94.8;Pago
103377;2026-09-21 20:30:02;Vinicius.Santos2004@Hotmail.Com;site;facebook;cpc;META_REMARKETING;;24.9;0.0;14.9;39.8;Pago
103378;2026-09-21 23:51:30;Mateus.Pereira82@Hotmail.Com;site;google;cpc;GOOGLE_SEARCH_MARCA;;284.4;0.0;0.0;284.4;Pago
103379;2026-09-21 23:53:19;Bruno.Nascimento1991@Outlook.Com;site;;;;;89.9;0.0;14.9;104.8;Aguardando pagamento
103380;2026-09-21 23:55:23;Bruna.Araujo@Hotmail.Com;site;google;shopping;GOOGLE_SHOPPING;;179.8;0.0;0.0;179.8;Pago
103381;2026-09-21 23:58:53;Diego.Almeida82@Icloud.Com;site;facebook;cpc;META_PROSPECCAO_BLENDS;;393.6;0.0;0.0;393.6;Pago
103382;2026-09-22 06:30:49;Diego.Pereira1999@Gmail.Com;site;;;;;49.9;0.0;14.9;64.8;Pago
103383;2026-09-22 06:50:00;Luiza.Ribeiro93@Gmail.Com;site;google;cpc;GOOGLE_SEARCH_MARCA;;159.8;0.0;0.0;159.8;Pago
103384;2026-09-22 06:58:00;Aline.Oliveira1988@Gmail.Com;site;google;cpc;GOOGLE_SEARCH_MARCA;;304.5;0.0;0.0;304.5;Pago
103385;2026-09-22 08:09:24;Mateus.Costa1984@Gmail.Com;site;google;cpc;GOOGLE_SEARCH_MARCA;;274.5;0.0;0.0;274.5;Pago
103386;2026-09-22 14:06:21;Ana.Moreira58@Gmail.Com;site;;;;;49.9;0.0;14.9;64.8;Pago
103387;2026-09-22 14:37:19;Priscila.Oliveira95@Hotmail.Com;site;;;;;79.9;0.0;14.9;94.8;Pago
103388;2026-09-22 19:24:03;Renata.Silva89@Yahoo.Com.Br;site;google;shopping;GOOGLE_SHOPPING;;139.9;0.0;22.9;162.8;Pago
103389;2026-09-22 20:08:19;Fernanda.Loureiro1989@Gmail.Com;site;email;newsletter;news_sep;;69.9;0.0;14.9;84.8;Pago
103390;2026-09-22 20:08:40;Camila.Nascimento74@Gmail.Com;site;instagram;social;bio_link;;79.8;0.0;27.9;107.7;Pago
103391;2026-09-22 20:19:33;Renata.Barbosa57@Gmail.Com;site;whatsapp;referral;indique_ganhe;INDIQUE15;159.9;23.98;14.9;150.82;Pago
103392;2026-09-22 22:09:08;Larissa.Araujo1999@Gmail.Com;site;email;newsletter;news_sep;;154.7;0.0;0.0;154.7;Pago
103393;2026-09-22 22:49:44;Mariana.Ferreira@Gmail.Com;site;instagram;cpc;META_PROSPECCAO_BLENDS;PRIMEIRACOMPRA;159.8;23.97;14.9;150.73;Pago
103394;2026-09-23 06:42:17;Camila.Simoes50@Gmail.Com;site;fb;paid;meta_prospeccao_blends;PRIMEIRACOMPRA;68.7;10.3;31.5;89.9;Pago
103395;2026-09-23 07:35:29;Bruna.Gomes@Gmail.Com;site;google;cpc;GOOGLE_SEARCH_MARCA;;24.9;0.0;14.9;39.8;Pago
103396;2026-09-23 08:36:13;Bruna.Araujo1994@Gmail.Com;site;email;newsletter;news_sep;FRETEGRATIS;44.9;0.0;0.0;44.9;Pago
103397;2026-09-23 09:29:04;Camila.Martins392@Outlook.Com;site;google;cpc;GOOGLE_SEARCH_MARCA;;164.8;0.0;0.0;164.8;Pago
103398;2026-09-23 10:02:18;Thais.Costa1998@Icloud.Com;site;instagram;social;bio_link;;139.8;0.0;14.9;154.7;Pago
103399;2026-09-23 10:28:33;Thais.Araujo@Icloud.Com;site;instagram;social;bio_link;;69.9;0.0;14.9;84.8;Pago
103400;2026-09-23 11:06:40;Aline.Carvalho@Hotmail.Com;assinatura;;;;;69.9;6.99;0.0;62.91;Reembolsado
103401;2026-09-23 11:13:37;Priscila.Almeida15@Outlook.Com;site;instagram;social;bio_link;;139.9;0.0;31.5;171.4;Pago
103402;2026-09-23 11:20:21;Rafael.Mercon2001@Gmail.Com;site;google;cpc;google_search_generico;;124.7;0.0;14.9;139.6;Pago
103403;2026-09-23 12:11:46;Juliana.Souza2003@Gmail.Com;site;email;newsletter;news_sep;;54.9;0.0;14.9;69.8;Pago
103404;2026-09-23 12:58:10;Joao.Nascimento508@Gmail.Com;site;google;cpc;GOOGLE_SHOPPING;;239.7;0.0;0.0;239.7;Aguardando pagamento
103405;2026-09-23 13:29:48;Gabriel.Gomes1991@Gmail.Com;site;email;newsletter;news_sep;;24.9;0.0;14.9;39.8;Pago
103406;2026-09-23 15:17:55;Leticia.Souza81@Yahoo.Com.Br;site;;;;;172.6;0.0;0.0;172.6;Pago
103407;2026-09-23 16:32:42;Renata.Simoes10@Gmail.Com;site;instagram;social;bio_link;;244.5;0.0;0.0;244.5;Pago
103408;2026-09-23 20:25:08;Rafael.Loureiro46@Hotmail.Com;assinatura;;;;;69.9;6.99;0.0;62.91;Pago
103409;2026-09-24 06:07:19;Rodrigo.Pereira@Gmail.Com;site;google;cpc;GOOGLE_SEARCH_MARCA;;18.9;0.0;22.9;41.8;Pago
103410;2026-09-24 07:07:58;Caio.Mercon@Hotmail.Com;site;google;cpc;GOOGLE_SEARCH_GENERICO;;54.9;0.0;14.9;69.8;Pago
103411;2026-09-24 07:14:55;Beatriz.Rodrigues1995@Icloud.Com;site;email;newsletter;news_sep;;129.8;0.0;14.9;144.7;Pago
103412;2026-09-24 07:41:09;Bruna.Rocha85@Gmail.Com;assinatura;;;;;69.9;6.99;0.0;62.91;Cancelado
103413;2026-09-24 13:55:27;Marcelo.Simoes2004@Gmail.Com;site;ig;cpc;Meta_Prospeccao_Blends ;CAFE20;49.8;9.96;14.9;54.74;Pago
103414;2026-09-24 14:56:31;Patricia.Gomes@Gmail.Com;site;google;cpc;GOOGLE_SHOPPING;;139.8;0.0;14.9;154.7;Pago
103415;2026-09-24 17:07:51;Thiago.Costa1982@Hotmail.Com;site;;;;;24.9;0.0;31.5;56.4;Pago
103416;2026-09-24 17:47:33;Joao.Almeida2001@Gmail.Com;site;;;;;24.9;0.0;14.9;39.8;Pago
103417;2026-09-24 19:07:27;Marcelo.Ribeiro@Outlook.Com;site;;;;;302.5;0.0;0.0;302.5;Cancelado
103418;2026-09-24 19:46:28;Marcelo.Santos@Gmail.Com;site;instagram;influencer;INFLU_DUDA_BARISTA;BIA10;456.4;45.64;0.0;410.76;Pago
103419;2026-09-24 21:35:50;Thiago.Dallabernardina1998@Yahoo.Com.Br;site;instagram;influencer;INFLU_CAFE_COM_BIA;DUDA15;144.7;21.7;14.9;137.9;Pago
103420;2026-09-24 22:29:58;Mateus.Dallabernardina1999@Gmail.Com;site;instagram;influencer;INFLU_DUDA_BARISTA;BIA10;158.8;15.88;14.9;157.82;Pago
103421;2026-09-25 08:41:59;Gabriela.Ribeiro1988@Yahoo.Com.Br;site;instagram;social;bio_link;;119.9;0.0;14.9;134.8;Pago
103422;2026-09-25 09:45:17;Patricia.Mercon75@Gmail.Com;assinatura;;;;;69.9;6.99;0.0;62.91;Pago
103423;2026-09-25 11:27:53;Priscila.Lima@Gmail.Com;site;;;;BIA10;49.9;4.99;14.9;59.81;Pago
103424;2026-09-25 12:46:03;Larissa.Dallabernardina@Gmail.Com;site;;;;;24.9;0.0;22.9;47.8;Aguardando pagamento
103425;2026-09-25 14:35:31;Carolina.Oliveira@Gmail.Com;site;;;;;374.5;0.0;0.0;374.5;Cancelado
103426;2026-09-25 15:00:02;Debora.Rocha@Gmail.Com;site;instagram;social;bio_link;;379.6;0.0;0.0;379.6;Pago
103427;2026-09-25 15:21:36;Thiago.Santos5@Gmail.Com;site;instagram;social;bio_link;;138.8;0.0;14.9;153.7;Pago
103428;2026-09-25 16:21:47;Thais.Simoes1987@Gmail.Com;site;google;cpc;GOOGLE_SEARCH_MARCA;;49.9;0.0;14.9;64.8;Aguardando pagamento
103429;2026-09-25 17:43:43;Eduardo.Pimentel@Gmail.Com;site;google;shopping;GOOGLE_SHOPPING;;139.9;0.0;27.9;167.8;Pago
103430;2026-09-25 18:08:17;Aline.Rocha1981@Gmail.Com;site;facebook;cpc;META_PROSPECCAO_BLENDS;PRIMEIRACOMPRA;209.8;31.47;0.0;178.33;Pago
103431;2026-09-25 18:19:30;Debora.Rodrigues39@Gmail.Com;site;instagram;social;bio_link;;99.8;0.0;14.9;114.7;Pago
103432;2026-09-25 21:07:54;Bruna.Araujo1999@Hotmail.Com;site;instagram;cpc;META_PROSPECCAO_BLENDS;CAFE20;49.9;9.98;14.9;54.82;Pago
103433;2026-09-25 23:31:34;Julia.Pereira55@Gmail.Com;site;ig;cpc;Meta_Prospeccao_Blends ;;89.9;0.0;14.9;104.8;Pago
103434;2026-09-25 23:38:17;Rafael.Simoes64@Yahoo.Com.Br;site;google;cpc;GOOGLE_SEARCH_MARCA;;568.4;0.0;0.0;568.4;Pago
103435;2026-09-25 23:47:26;Marcelo.Martins27@Hotmail.Com;site;google;cpc;google_search_generico;;74.7;0.0;14.9;89.6;Pago
103436;2026-09-26 09:40:52;Fabio.Dallabernardina1995@Gmail.Com;site;fb;paid;meta_prospeccao_blends;CAFE20;384.6;76.92;0.0;307.68;Pago
103437;2026-09-26 10:17:01;Lucas.Zanotti34@Icloud.Com;site;email;newsletter;news_sep;;89.8;0.0;14.9;104.7;Pago
103438;2026-09-26 10:54:15;Pedro.Rocha14@Gmail.Com;site;google;cpc;GOOGLE_SEARCH_MARCA;;569.3;0.0;0.0;569.3;Aguardando pagamento
103439;2026-09-26 11:37:27;Larissa.Rocha@Gmail.Com;site;;;;;69.9;0.0;14.9;84.8;Pago
103440;2026-09-26 13:32:02;Lucas.Moreira66@Gmail.Com;site;google;cpc;GOOGLE_SEARCH_MARCA;;169.8;0.0;0.0;169.8;Pago
103441;2026-09-26 15:09:01;Fernanda.Simoes2004@Icloud.Com;site;instagram;social;bio_link;;24.9;0.0;14.9;39.8;Pago
103442;2026-09-26 15:33:58;Leticia.Carvalho92@Gmail.Com;site;facebook;cpc;META_REMARKETING;;89.9;0.0;14.9;104.8;Pago
103443;2026-09-26 16:06:16;Carolina.Dallabernardina1988@Yahoo.Com.Br;site;google;cpc;GOOGLE_SEARCH_MARCA;;54.9;0.0;14.9;69.8;Pago
103444;2026-09-26 16:24:33;Priscila.Nascimento@Gmail.Com;site;google;cpc;GOOGLE_SHOPPING;;54.9;0.0;14.9;69.8;Pago
103445;2026-09-26 17:19:59;Mariana.Moreira1982@Hotmail.Com;site;instagram;social;bio_link;;283.6;0.0;0.0;283.6;Pago
103446;2026-09-26 19:39:18;Gabriela.Costa1999@Hotmail.Com;site;;;;FRETEGRATIS;92.7;0.0;0.0;92.7;Pago
103447;2026-09-26 20:39:38;Carolina.Almeida@Gmail.Com;site;whatsapp;referral;indique_ganhe;INDIQUE15;244.6;36.69;0.0;207.91;Pago
103448;2026-09-26 21:06:53;Patricia.Araujo1987@Hotmail.Com;assinatura;;;;;69.9;6.99;0.0;62.91;Cancelado
103449;2026-09-26 21:10:42;Marcelo.Moreira@Icloud.Com;site;instagram;social;bio_link;;37.8;0.0;14.9;52.7;Pago
103450;2026-09-26 22:34:20;Maria.Costa@Outlook.Com;site;google;cpc;GOOGLE_SEARCH_MARCA;;239.7;0.0;0.0;239.7;Pago
103451;2026-09-26 22:55:43;Vinicius.Simoes1993@Hotmail.Com;site;whatsapp;referral;indique_ganhe;;159.8;0.0;0.0;159.8;Pago
103452;2026-09-27 06:01:23;Priscila.Silva2005@Gmail.Com;site;google;cpc;GOOGLE_SHOPPING;;129.8;0.0;14.9;144.7;Pago
103453;2026-09-27 06:05:01;Fabio.Moreira2004@Gmail.Com;site;google;organic;;;419.4;0.0;0.0;419.4;Pago
103454;2026-09-27 06:06:10;Leticia.Mercon@Gmail.Com;site;google;organic;;;54.9;0.0;14.9;69.8;Pago
103455;2026-09-27 08:26:19;Luiza.Araujo26@Yahoo.Com.Br;site;ig;cpc;Meta_Prospeccao_Blends ;;99.8;0.0;14.9;114.7;Aguardando pagamento
103456;2026-09-27 11:38:00;Lucas.Gomes@Hotmail.Com;site;instagram;social;bio_link;;54.9;0.0;14.9;69.8;Pago
103457;2026-09-27 15:34:35;Thais.Almeida18@Yahoo.Com.Br;site;google;cpc;GOOGLE_SHOPPING;;139.8;0.0;14.9;154.7;Pago
103458;2026-09-27 17:37:23;Priscila.Gomes@Gmail.Com;site;google;cpc;GOOGLE_SEARCH_MARCA;;209.8;0.0;0.0;209.8;Pago
103459;2026-09-27 18:41:10;Ana.Pimentel13@Gmail.Com;site;facebook;cpc;META_PROSPECCAO_BLENDS;PRIMEIRACOMPRA;44.9;6.73;14.9;53.07;Pago
103460;2026-09-27 19:10:53;Carlos.Barbosa@Yahoo.Com.Br;site;email;newsletter;news_sep;;226.3;0.0;0.0;226.3;Pago
103461;2026-09-27 20:21:58;Vinicius.Barbosa5@Outlook.Com;site;google;cpc;GOOGLE_SEARCH_GENERICO;;209.8;0.0;0.0;209.8;Pago
103462;2026-09-27 20:33:38;Bruna.Gomes855@Hotmail.Com;assinatura;;;;;69.9;6.99;0.0;62.91;Pago
103463;2026-09-27 21:03:52;Debora.Moreira@Gmail.Com;site;instagram;cpc;META_PROSPECCAO_BLENDS;PRIMEIRACOMPRA;54.9;8.23;31.5;78.17;Pago
103464;2026-09-27 21:09:12;Thais.Nascimento1999@Outlook.Com;site;;;;;344.6;0.0;0.0;344.6;Pago
103465;2026-09-27 21:30:16;Camila.Santos1986@Yahoo.Com.Br;site;instagram;cpc;META_REMARKETING;BEMVINDO10;239.8;23.98;0.0;215.82;Pago
103466;2026-09-27 21:37:46;Bruna.Ribeiro41@Icloud.Com;site;;;;;94.8;0.0;14.9;109.7;Pago
103467;2026-09-27 23:02:25;Fabio.Simoes@Gmail.Com;site;google;cpc;google_search_generico;;18.9;0.0;31.5;50.4;Pago
103468;2026-09-27 23:06:20;Thiago.Gomes1982@Yahoo.Com.Br;site;instagram;influencer;INFLU_DUDA_BARISTA;BIA10;89.9;8.99;14.9;95.81;Pago
103469;2026-09-27 23:36:27;Diego.Costa@Gmail.Com;site;google;cpc;GOOGLE_SEARCH_MARCA;;149.7;0.0;31.5;181.2;Pago
103470;2026-09-28 06:21:54;Diego.Zanotti@Hotmail.Com;site;;;;BIA10;132.6;13.26;14.9;134.24;Pago
103471;2026-09-28 07:09:18;Mariana.Mercon65@Hotmail.Com;site;instagram;social;bio_link;;189.8;0.0;0.0;189.8;Pago
103472;2026-09-28 08:26:34;Thiago.Araujo2003@Outlook.Com;assinatura;;;;;69.9;6.99;0.0;62.91;Pago
103473;2026-09-28 09:50:15;Debora.Martins78@Icloud.Com;site;facebook;cpc;META_PROSPECCAO_BLENDS;PRIMEIRACOMPRA;56.7;8.51;27.9;76.09;Pago
103474;2026-09-28 09:52:23;Julia.Pereira84@Icloud.Com;site;;;;;344.7;0.0;0.0;344.7;Pago
103475;2026-09-28 10:20:08;Thais.Gomes@Hotmail.Com;assinatura;;;;;69.9;6.99;0.0;62.91;Pago
103476;2026-09-28 10:24:14;Leticia.Nascimento1990@Outlook.Com;site;email;newsletter;news_sep;;109.8;0.0;14.9;124.7;Aguardando pagamento
103477;2026-09-28 11:32:30;Patricia.Ferreira2002@Icloud.Com;site;instagram;social;bio_link;;204.8;0.0;0.0;204.8;Pago
103478;2026-09-28 12:18:47;Renata.Dallabernardina@Gmail.Com;site;;;;;519.6;0.0;0.0;519.6;Pago
103479;2026-09-28 13:52:06;Rodrigo.Martins@Gmail.Com;site;ig;cpc;Meta_Prospeccao_Blends ;cafe20;209.8;41.96;0.0;167.84;Aguardando pagamento
103480;2026-09-28 14:15:52;Leonardo.Rocha96@Gmail.Com;site;;;;;158.8;0.0;0.0;158.8;Pago
103481;2026-09-28 15:50:33;Leonardo.Nascimento@Hotmail.Com;assinatura;;;;;69.9;6.99;0.0;62.91;Pago
103482;2026-09-28 16:05:04;Rafael.Martins1989@Gmail.Com;site;instagram;social;bio_link;;89.9;0.0;14.9;104.8;Pago
103483;2026-09-28 17:01:32;Joao.Pimentel1997@Gmail.Com;site;ig;cpc;Meta_Prospeccao_Blends ;BEMVINDO10;434.5;43.45;0.0;391.05;Aguardando pagamento
103484;2026-09-28 17:12:33;Pedro.Simoes@Icloud.Com;site;google;cpc;GOOGLE_SEARCH_MARCA;FRETEGRATIS;44.9;0.0;0.0;44.9;Pago
103485;2026-09-28 18:27:55;Rodrigo.Santos@Gmail.Com;site;;;;;139.8;0.0;27.9;167.7;Aguardando pagamento
103486;2026-09-28 18:52:09;Andre.Zanotti2002@Hotmail.Com;site;google;cpc;GOOGLE_SEARCH_MARCA;;82.7;0.0;14.9;97.6;Aguardando pagamento
103487;2026-09-28 19:39:33;Gabriela.Dallabernardina92@Gmail.Com;site;ig;cpc;Meta_Prospeccao_Blends ;;18.9;0.0;14.9;33.8;Pago
103488;2026-09-28 20:04:06;Joao.Simoes@Gmail.Com;site;google;cpc;GOOGLE_SEARCH_MARCA;;319.5;0.0;0.0;319.5;Pago
103489;2026-09-28 20:04:57;Luiza.Santos1996@Gmail.Com;site;ig;cpc;Meta_Prospeccao_Blends ;CAFE20;239.8;47.96;0.0;191.84;Pago
103490;2026-09-28 21:12:24;Vinicius.Pimentel1994@Yahoo.Com.Br;site;;;;;18.9;0.0;14.9;33.8;Pago
103491;2026-09-28 22:58:39;Eduardo.Rodrigues56@Gmail.Com;assinatura;;;;;69.9;6.99;0.0;62.91;Pago
103492;2026-09-29 06:17:48;Patricia.Nascimento@Outlook.Com;site;google;cpc;GOOGLE_SEARCH_MARCA;;289.7;0.0;0.0;289.7;Cancelado
103493;2026-09-29 06:18:11;Carlos.Rodrigues2000@Icloud.Com;assinatura;;;;;69.9;6.99;0.0;62.91;Aguardando pagamento
103494;2026-09-29 07:45:07;Caio.Carvalho1997@Gmail.Com;site;instagram;cpc;META_PROSPECCAO_BLENDS;BEMVINDO10;339.7;33.97;0.0;305.73;Cancelado
103495;2026-09-29 09:38:44;Camila.Simoes1989@Icloud.Com;site;google;shopping;GOOGLE_SHOPPING;;213.7;0.0;0.0;213.7;Aguardando pagamento
103496;2026-09-29 11:08:13;Debora.Mercon@Gmail.Com;site;email;newsletter;news_sep;;184.8;0.0;0.0;184.8;Aguardando pagamento
103497;2026-09-29 12:57:38;Caio.Martins1996@Hotmail.Com;site;google;organic;;;279.8;0.0;0.0;279.8;Aguardando pagamento
103498;2026-09-29 12:58:36;Larissa.Santos1999@Icloud.Com;site;;;;;109.8;0.0;14.9;124.7;Pago
103499;2026-09-29 13:00:20;Vinicius.Loureiro1987@Gmail.Com;site;google;cpc;GOOGLE_SEARCH_MARCA;;514.5;0.0;0.0;514.5;Pago
103500;2026-09-29 13:39:04;Diego.Silva@Outlook.Com;site;instagram;social;bio_link;;139.8;0.0;27.9;167.7;Pago
103501;2026-09-29 15:08:06;Patricia.Mercon1984@Hotmail.Com;site;fb;paid;meta_prospeccao_blends;BEMVINDO10;394.5;39.45;0.0;355.05;Pago
103502;2026-09-29 15:26:50;Juliana.Moreira@Gmail.Com;site;instagram;influencer;INFLU_CAFE_COM_BIA; BIA10;214.7;21.47;0.0;193.23;Pago
103503;2026-09-29 15:54:27;Patricia.Mercon@Gmail.Com;site;instagram;influencer;INFLU_DUDA_BARISTA; DUDA15;223.7;33.55;0.0;190.15;Reembolsado
103504;2026-09-29 16:17:27;Joao.Santos44@Gmail.Com;site;google;cpc;GOOGLE_SEARCH_MARCA;;69.9;0.0;14.9;84.8;Pago
103505;2026-09-29 19:40:20;Andre.Barbosa274@Gmail.Com;site;email;newsletter;news_sep;;98.8;0.0;31.5;130.3;Aguardando pagamento
103506;2026-09-29 22:03:34;Fabio.Dallabernardina@Icloud.Com;site;;;;CAFE20;69.9;13.98;14.9;70.82;Pago
103507;2026-09-30 06:41:30;Mariana.Lima55@Hotmail.Com;site;instagram;cpc;META_PROSPECCAO_BLENDS;CAFE20;24.9;4.98;14.9;34.82;Pago
103508;2026-09-30 07:26:25;Ana.Carvalho93@Hotmail.Com;site;;;;;79.9;0.0;31.5;111.4;Pago
103509;2026-09-30 07:30:21;Carolina.Souza@Gmail.Com;site;facebook;cpc;META_REMARKETING;;319.8;0.0;0.0;319.8;Aguardando pagamento
103510;2026-09-30 11:49:29;Carlos.Carvalho2@Outlook.Com;assinatura;;;;;69.9;6.99;0.0;62.91;Pago
103511;2026-09-30 12:00:17;Rafael.Dallabernardina72@Gmail.Com;assinatura;;;;;69.9;6.99;0.0;62.91;Aguardando pagamento
103512;2026-09-30 12:23:03;Carolina.Gomes44@Gmail.Com;site;fb;paid;meta_prospeccao_blends;PRIMEIRACOMPRA;98.8;14.82;22.9;106.88;Pago
103513;2026-09-30 13:49:47;Mariana.Araujo1998@Hotmail.Com;site;google;cpc;google_search_generico;;49.9;0.0;14.9;64.8;Pago
103514;2026-09-30 14:17:00;Caio.Simoes@Gmail.Com;site;;;;;239.8;0.0;0.0;239.8;Aguardando pagamento
103515;2026-09-30 14:26:48;Fernanda.Loureiro96@Yahoo.Com.Br;assinatura;;;;;69.9;6.99;0.0;62.91;Aguardando pagamento
103516;2026-09-30 14:36:02;Patricia.Souza@Hotmail.Com;site;instagram;social;bio_link;;414.4;0.0;0.0;414.4;Aguardando pagamento
103517;2026-09-30 15:00:18;Luiza.Martins1999@Gmail.Com;site;facebook;cpc;META_REMARKETING;;128.7;0.0;27.9;156.6;Pago
103518;2026-09-30 15:45:06;Bruna.Martins1984@Hotmail.Com;site;google;cpc;GOOGLE_SEARCH_MARCA;PRIMEIRACOMPRA;194.8;29.22;0.0;165.58;Aguardando pagamento
103519;2026-09-30 15:47:37;Ana.Simoes1994@Icloud.Com;assinatura;;;;;69.9;6.99;0.0;62.91;Cancelado
103520;2026-09-30 16:11:04;Camila.Santos@Outlook.Com;site;facebook;cpc;META_REMARKETING;PRIMEIRACOMPRA;124.8;18.72;14.9;120.98;Pago
103521;2026-09-30 18:31:40;Gustavo.Moreira40@Gmail.Com;site;google;cpc;google_search_generico;;184.6;0.0;0.0;184.6;Pago
103522;2026-09-30 18:52:09;Diego.Almeida58@Icloud.Com;site;google;cpc;GOOGLE_SEARCH_MARCA;;179.8;0.0;0.0;179.8;Aguardando pagamento
103523;2026-09-30 19:19:35;Mariana.Barbosa@Outlook.Com;site;;;;;144.8;0.0;31.5;176.3;Aguardando pagamento
103524;2026-09-30 19:22:07;Gabriel.Araujo75@Yahoo.Com.Br;site;;;;;49.9;0.0;22.9;72.8;Pago
103525;2026-09-30 22:15:44;Debora.Rocha477@Gmail.Com;site;instagram;social;bio_link;;304.7;0.0;0.0;304.7;Pago
103526;2026-09-30 22:46:18;Renata.Rocha@Icloud.Com;site;instagram;influencer;INFLU_CAFE_COM_BIA;DUDA15;44.9;6.73;14.9;53.07;Aguardando pagamento
103527;2026-09-30 22:49:35;Bruna.Martins76@Gmail.Com;site;instagram;influencer;INFLU_DUDA_BARISTA;BIA10;18.9;1.89;27.9;44.91;Pago
